set_label,set_number,set_stage,set_mutator,patch,trait_api_name,trait_name,breakpoints,desc_resolved,desc_raw,effects_json
Set 1,1,base,1,9.21,,Assassin,3|6|9,"Innate: At the start of combat, Assassins leap to the farthest enemy.Assassins gain bonus Critical Strike Damage and Chance.
(3) +@CritAmpPercent@% Critical Strike Damage & +@CritChanceAmpPercent@% Critical Strike Chance
(6) +@CritAmpPercent@% Critical Strike Damage & +@CritChanceAmpPercent@% Critical Strike Chance
(9) +@CritAmpPercent@% Critical Strike Damage & +@CritChanceAmpPercent@% Critical Strike Chance","Innate: At the start of combat, Assassins leap to the farthest enemy.<br><br>Assassins gain bonus Critical Strike Damage and Chance.<br><br><expandRow>(@MinUnits@) +@CritAmpPercent@% Critical Strike Damage & +@CritChanceAmpPercent@% Critical Strike Chance</expandRow><br>","[{""maxUnits"": 5, ""minUnits"": 3, ""variables"": {""{268f634e}"": 75.0, ""{9f2eb1e2}"": 5.0}}, {""maxUnits"": 8, ""minUnits"": 6, ""variables"": {""{268f634e}"": 150.0, ""{9f2eb1e2}"": 20.0}}, {""maxUnits"": 25000, ""minUnits"": 9, ""variables"": {""{268f634e}"": 225.0, ""{9f2eb1e2}"": 30.0}}]"
Set 1,1,base,1,9.21,,Blademaster,3|6|9,Blademaster Basic Attacks have a @ProcChance@% chance to trigger additional attacks against their target.These additional attacks deal damage like Basic Attacks and trigger on-hit effects.(@MinUnits@) One Additional Attack(@MinUnits@) Two Additional Attacks(@MinUnits@) Four Additional Attacks,Blademaster Basic Attacks have a @ProcChance@% chance to trigger additional attacks against their target.<br><br>These additional attacks deal damage like Basic Attacks and trigger on-hit effects.<br><br><row>(@MinUnits@) One Additional Attack</row><br><row>(@MinUnits@) Two Additional Attacks</row><br><row>(@MinUnits@) Four Additional Attacks</row>,"[{""maxUnits"": 5, ""minUnits"": 3, ""variables"": {""ExtraAttacks"": 1.0, ""{b4a90a5d}"": 45.0}}, {""maxUnits"": 8, ""minUnits"": 6, ""variables"": {""ExtraAttacks"": 2.0, ""{b4a90a5d}"": 45.0}}, {""maxUnits"": 25000, ""minUnits"": 9, ""variables"": {""ExtraAttacks"": 4.0, ""{b4a90a5d}"": 45.0}}]"
Set 1,1,base,1,9.21,,Brawler,2|4|6,"Brawlers gain bonus Maximum Health.
(2) 250 Bonus Health
(4) 500 Bonus Health
(6) 900 Bonus Health",Brawlers gain bonus Maximum Health.<br><br><expandRow>(@MinUnits@) @BonusHealth@ Bonus Health</expandRow><br>,"[{""maxUnits"": 3, ""minUnits"": 2, ""variables"": {""BonusHealth"": 250.0}}, {""maxUnits"": 5, ""minUnits"": 4, ""variables"": {""BonusHealth"": 500.0}}, {""maxUnits"": 25000, ""minUnits"": 6, ""variables"": {""BonusHealth"": 900.0}}]"
Set 1,1,base,1,9.21,,Demon,2|4|6,"Basic Attacks from Demons have a @ManaDrainProcChance@% chance to reduce their target's Mana by @ManaDrainBurn@ and restore Mana to the Demon.
(2) @ManaDrainDrain@ Mana restored
(4) @ManaDrainDrain@ Mana restored
(6) @ManaDrainDrain@ Mana restored",Basic Attacks from Demons have a @ManaDrainProcChance@% chance to reduce their target's Mana by @ManaDrainBurn@ and restore Mana to the Demon.<br><br><expandRow>(@MinUnits@) @ManaDrainDrain@ Mana restored</expandRow><br>,"[{""maxUnits"": 3, ""minUnits"": 2, ""variables"": {""{0ebb5365}"": 20.0, ""{1a14aa8a}"": 15.0, ""{35bb0e0c}"": 40.0}}, {""maxUnits"": 5, ""minUnits"": 4, ""variables"": {""{0ebb5365}"": 20.0, ""{1a14aa8a}"": 30.0, ""{35bb0e0c}"": 40.0}}, {""maxUnits"": 25000, ""minUnits"": 6, ""variables"": {""{0ebb5365}"": 20.0, ""{1a14aa8a}"": 45.0, ""{35bb0e0c}"": 40.0}}]"
Set 1,1,base,1,9.21,,Dragon,2,(@MinUnits@) Dragons gain @MagicReduction@% resistance to Magic Damage,<row>(@MinUnits@) Dragons gain @MagicReduction@% resistance to Magic Damage</row>,"[{""maxUnits"": 25000, ""minUnits"": 2, ""variables"": {""MagicReduction"": 75.0}}]"
Set 1,1,base,1,9.21,,Elementalist,3,"Innate: Elementalists gain double mana from Basic Attacks.(@MinUnits@) At the start of combat, summon a Golem with 2200 Health to fight alongside your allies","Innate: Elementalists gain double mana from Basic Attacks.<br><br><row>(@MinUnits@) At the start of combat, summon a Golem with 2200 Health to fight alongside your allies</row>","[{""maxUnits"": 25000, ""minUnits"": 3, ""variables"": {""HPMultiplier"": ""null"", ""SizeCoefficient"": ""null"", ""{558229df}"": ""null""}}]"
Set 1,1,base,1,9.21,,Exile,1,"(@MinUnits@) If an Exile has no adjacent allies at the start of combat, they gain a shield equal to @ShieldPercent@% of their maximum Health","<row>(@MinUnits@) If an Exile has no adjacent allies at the start of combat, they gain a shield equal to @ShieldPercent@% of their maximum Health</row>","[{""maxUnits"": 25000, ""minUnits"": 1, ""variables"": {""ShieldPercent"": 100.0}}]"
Set 1,1,base,1,9.21,,Glacial,2|4|6,"Basic Attacks from Glacials have a chance to stun their target for @StunDuration@ seconds.
(2) @ProcPercent@% Chance to Stun
(4) @ProcPercent@% Chance to Stun
(6) @ProcPercent@% Chance to Stun",Basic Attacks from Glacials have a chance to stun their target for @StunDuration@ seconds.<br><br><expandRow>(@MinUnits@) @ProcPercent@% Chance to Stun</expandRow><br>,"[{""maxUnits"": 3, ""minUnits"": 2, ""variables"": {""StunDuration"": 1.5, ""{6003afce}"": 20.0}}, {""maxUnits"": 5, ""minUnits"": 4, ""variables"": {""StunDuration"": 1.5, ""{6003afce}"": 33.0}}, {""maxUnits"": 25000, ""minUnits"": 6, ""variables"": {""StunDuration"": 1.5, ""{6003afce}"": 50.0}}]"
Set 1,1,base,1,9.21,,Guardian,2,"(@MinUnits@) At the start of combat, Guardians grant +@Armor@ Armor to adjacent allies (this bonus can stack any number of times)","<row>(@MinUnits@) At the start of combat, Guardians grant +@Armor@ Armor to adjacent allies (this bonus can stack any number of times)</row>","[{""maxUnits"": 25000, ""minUnits"": 2, ""variables"": {""Armor"": 40.0}}]"
Set 1,1,base,1,9.21,,Gunslinger,2|4|6,Gunslinger Basic Attacks have a @ProcPercent@% chance to fire additional bullets at other enemies within range.These bullets deal damage like Basic Attacks and apply on-hit effects.(@MinUnits@) Attack @ExtraTargetsHit@ extra enemies(@MinUnits@) Attack @ExtraTargetsHit@ extra enemies(@MinUnits@) Attack @ExtraTargetsHit@ extra enemies,Gunslinger Basic Attacks have a @ProcPercent@%  chance to fire additional bullets at other enemies within range.<br><br>These bullets deal damage like Basic Attacks and apply on-hit effects.<br><br><row>(@MinUnits@) Attack @ExtraTargetsHit@ extra enemies</row><br><row>(@MinUnits@) Attack @ExtraTargetsHit@ extra enemies</row><br><row>(@MinUnits@) Attack @ExtraTargetsHit@ extra enemies</row>,"[{""maxUnits"": 3, ""minUnits"": 2, ""variables"": {""{6003afce}"": 50.0, ""{df26ec52}"": 1.0, ""{f768e185}"": 1.0}}, {""maxUnits"": 5, ""minUnits"": 4, ""variables"": {""{6003afce}"": 50.0, ""{df26ec52}"": 2.0, ""{f768e185}"": 2.0}}, {""maxUnits"": 25000, ""minUnits"": 6, ""variables"": {""{6003afce}"": 50.0, ""{df26ec52}"": 4.0, ""{f768e185}"": 3.0}}]"
Set 1,1,base,1,9.21,,Hextech,2|4,"At the start of combat, an ally Hextech launches and detonates a pulse bomb, temporarily disabling nearby enemy items for @DisableDuration@ seconds.(@MinUnits@) @HexSize@ Hex Radius(@MinUnits@) @HexSize@ Hex Radius","At the start of combat, an ally Hextech launches and detonates a pulse bomb, temporarily disabling nearby enemy items for @DisableDuration@ seconds.<br><br><row>(@MinUnits@) @HexSize@ Hex Radius</row><br><row>(@MinUnits@) @HexSize@ Hex Radius</row>","[{""maxUnits"": 3, ""minUnits"": 2, ""variables"": {""{2bd7dcb7}"": 5.0, ""{a004f927}"": 1.25, ""{fb0b4533}"": 1.0}}, {""maxUnits"": 25000, ""minUnits"": 4, ""variables"": {""{2bd7dcb7}"": 5.0, ""{a004f927}"": 1.25, ""{fb0b4533}"": 2.0}}]"
Set 1,1,base,1,9.21,,Imperial,2|4,"At the start of combat, select Imperials are empowered to deal double damage.(@MinUnits@) 1 Random Imperial(@MinUnits@) All Imperials","At the start of combat, select Imperials are empowered to deal double damage.<br><br><row>(@MinUnits@) 1 Random Imperial</row><br><row>(@MinUnits@) All Imperials</row>","[{""maxUnits"": 3, ""minUnits"": 2, ""variables"": {""DamageMultiplier"": 2.0}}, {""maxUnits"": 25000, ""minUnits"": 4, ""variables"": {""DamageMultiplier"": 2.0}}]"
Set 1,1,base,1,9.21,,Knight,2|4|6,"All allies block a flat amount of damage from all sources.
(2) 15 Damage Blocked
(4) 30 Damage Blocked
(6) 60 Damage Blocked",All allies block a flat amount of damage from all sources.<br><br><expandRow>(@MinUnits@) @BlockAmount@ Damage Blocked</expandRow>,"[{""maxUnits"": 3, ""minUnits"": 2, ""variables"": {""BlockAmount"": 15.0}}, {""maxUnits"": 5, ""minUnits"": 4, ""variables"": {""BlockAmount"": 30.0}}, {""maxUnits"": 25000, ""minUnits"": 6, ""variables"": {""BlockAmount"": 60.0}}]"
Set 1,1,base,1,9.21,,Ninja,1|4,Ninjas gain bonus Attack Damage and Spell Power.This trait is only active when you have exactly 1 or 4 unique Ninjas.(@MinUnits@) Ninja gains +@ADValue@ Attack Damage & +@APValue@% Spell Power(@MinUnits@) All Ninjas gain +@ADValue@ Attack Damage & +@APValue@% Spell Power,Ninjas gain bonus Attack Damage and Spell Power.<br><br>This trait is only active when you have exactly 1 or 4 unique Ninjas.<br><br><row>(@MinUnits@) Ninja gains +@ADValue@ Attack Damage & +@APValue@% Spell Power</row><br><row>(@MinUnits@) All Ninjas gain +@ADValue@ Attack Damage & +@APValue@% Spell Power</row>,"[{""maxUnits"": 1, ""minUnits"": 1, ""variables"": {""{5eb5fde9}"": 50.0, ""{fa127f0d}"": 50.0}}, {""maxUnits"": 4, ""minUnits"": 4, ""variables"": {""{5eb5fde9}"": 80.0, ""{fa127f0d}"": 80.0}}]"
Set 1,1,base,1,9.21,,Noble,3|6,"At the start of combat, select allies gain +@Armor@ Armor, +@MagicResist@ Magic Resistance, and heal @Heal@ Health on-hit.(@MinUnits@) 1 Random Ally(@MinUnits@) All Allies","At the start of combat, select allies gain +@Armor@ Armor, +@MagicResist@ Magic Resistance, and heal @Heal@ Health on-hit.<br><br><row>(@MinUnits@) 1 Random Ally</row><br><row>(@MinUnits@) All Allies</row>","[{""maxUnits"": 5, ""minUnits"": 3, ""variables"": {""Armor"": 50.0, ""Heal"": 30.0, ""MagicResist"": 50.0}}, {""maxUnits"": 25000, ""minUnits"": 6, ""variables"": {""Armor"": 50.0, ""Heal"": 30.0, ""MagicResist"": 50.0}}]"
Set 1,1,base,1,9.21,,Phantom,2,"(@MinUnits@) At the start of combat, a random enemy's Health is set to @HPToSet@","<row>(@MinUnits@) At the start of combat, a random enemy's Health is set to @HPToSet@</row>","[{""maxUnits"": 25000, ""minUnits"": 2, ""variables"": {""{d05832ac}"": 100.0}}]"
Set 1,1,base,1,9.21,,Pirate,3,"(@MinUnits@) At the end of each combat against another player, a treasure chest spawns on your arena containing up to 4 gold","<row>(@MinUnits@) At the end of each combat against another player, a treasure chest spawns on your arena containing up to 4 gold</row>","[{""maxUnits"": 25000, ""minUnits"": 3, ""variables"": {}}]"
Set 1,1,base,1,9.21,,Ranger,2|4,"Every @ProcRate@ seconds, Rangers have a chance to double their Attack Speed for @ProcRate@ seconds. 
(2) @ProcPercent@% Chance to Double Attack Speed
(4) @ProcPercent@% Chance to Double Attack Speed","Every @ProcRate@ seconds, Rangers have a chance to double their Attack Speed for @ProcRate@ seconds. <br><br><expandRow>(@MinUnits@) @ProcPercent@% Chance to Double Attack Speed</expandRow><br>","[{""maxUnits"": 3, ""minUnits"": 2, ""variables"": {""ASMultiplier"": 2.0, ""{1b812333}"": 3.0, ""{6003afce}"": 40.0}}, {""maxUnits"": 25000, ""minUnits"": 4, ""variables"": {""ASMultiplier"": 2.0, ""{1b812333}"": 3.0, ""{6003afce}"": 70.0}}]"
Set 1,1,base,1,9.21,,Robot,1,(@MinUnits@) Robots start combat at full Mana,(@MinUnits@) Robots start combat at full Mana,"[{""maxUnits"": 25000, ""minUnits"": 1, ""variables"": {}}]"
Set 1,1,base,1,9.21,,Shapeshifter,3|6,"Shapeshifters gain bonus Maximum Health when they transform.
(3) 60% Bonus Maximum Health
(6) 100% Bonus Maximum Health",Shapeshifters gain bonus Maximum Health when they transform.<br><br><expandRow>(@MinUnits@) @HPPercent@% Bonus Maximum Health</expandRow><br>,"[{""maxUnits"": 5, ""minUnits"": 3, ""variables"": {""HPPercent"": 60.0}}, {""maxUnits"": 25000, ""minUnits"": 6, ""variables"": {""HPPercent"": 100.0}}]"
Set 1,1,base,1,9.21,,Sorcerer,3|6|9,"Innate: Sorcerers gain double Mana from Basic Attacks.All allies have increased Spell Power.
(3) +40% Spell Power
(6) +120% Spell Power
(9) +200% Spell Power",Innate: Sorcerers gain double Mana from Basic Attacks.<br><br>All allies have increased Spell Power.<br><br><expandRow>(@MinUnits@) +@AP@% Spell Power</expandRow><br>,"[{""maxUnits"": 5, ""minUnits"": 3, ""variables"": {""AP"": 40.0}}, {""maxUnits"": 8, ""minUnits"": 6, ""variables"": {""AP"": 120.0}}, {""maxUnits"": 25000, ""minUnits"": 9, ""variables"": {""AP"": 200.0}}]"
Set 1,1,base,1,9.21,,Void,2|4,Basic Attacks and Spells from select Void champions deal true damage.(@MinUnits@) 1 Random Void champion(@MinUnits@) All Void champions,Basic Attacks and Spells from select Void champions deal true damage.<br><br><row>(@MinUnits@) 1 Random Void champion</row><br><row>(@MinUnits@) All Void champions</row>,"[{""maxUnits"": 3, ""minUnits"": 2, ""variables"": {""{2deb7544}"": 100.0, ""{cb42693f}"": 1.0}}, {""maxUnits"": 25000, ""minUnits"": 4, ""variables"": {""{2deb7544}"": 100.0, ""{cb42693f}"": 1.0}}]"
Set 1,1,base,1,9.21,,Wild,2|4,"Select allies' Basic Attacks are empowered to grant +@AttackSpeedPercent@% Bonus Attack Speed (stacks up to 5 times).(@MinUnits@) Wild Allies Only(@MinUnits@) All Allies, and allies' basic attacks cannot be dodged.","Select allies' Basic Attacks are empowered to grant +@AttackSpeedPercent@% Bonus Attack Speed (stacks up to 5 times).<br><br><row>(@MinUnits@) Wild Allies Only</row><br><row>(@MinUnits@) All Allies, and allies' basic attacks cannot be dodged.</row>","[{""maxUnits"": 3, ""minUnits"": 2, ""variables"": {""{a8ca7859}"": 10.0}}, {""maxUnits"": 25000, ""minUnits"": 4, ""variables"": {""{a8ca7859}"": 10.0}}]"
Set 1,1,base,1,9.21,,Yordle,3|6|9,"Yordles gain a chance to dodge enemy Basic Attacks.
(3) 30% Chance to Dodge
(6) 60% Chance to Dodge
(9) 90% Chance to Dodge",Yordles gain a chance to dodge enemy Basic Attacks.<br><br><expandRow>(@MinUnits@) @MissPercent@% Chance to Dodge</expandRow><br>,"[{""maxUnits"": 5, ""minUnits"": 3, ""variables"": {""MissPercent"": 30.0}}, {""maxUnits"": 8, ""minUnits"": 6, ""variables"": {""MissPercent"": 60.0}}, {""maxUnits"": 25000, ""minUnits"": 9, ""variables"": {""MissPercent"": 90.0}}]"
Set 2,2,base,2,10.5,Alchemist,Alchemist,1,Innate: Alchemists ignore collision and never stop moving.,Innate: Alchemists ignore collision and never stop moving.,"[{""maxUnits"": 25000, ""minUnits"": 1, ""style"": 3, ""variables"": {""null"": ""null""}}]"
Set 2,2,base,2,10.5,Set2_Assassin,Assassin,3|6,"Innate: At the start of combat, Assassins leap to the farthest enemy.Assassins gain bonus Critical Strike Damage and Chance.
(3) +@CritAmpPercent@% Critical Strike Damage & +@CritChanceAmpPercent@% Critical Strike Chance
(6) +@CritAmpPercent@% Critical Strike Damage & +@CritChanceAmpPercent@% Critical Strike Chance","Innate: At the start of combat, Assassins leap to the farthest enemy.<br><br>Assassins gain bonus Critical Strike Damage and Chance.<br><br><expandRow>(@MinUnits@) +@CritAmpPercent@% Critical Strike Damage & +@CritChanceAmpPercent@% Critical Strike Chance</expandRow><br>","[{""maxUnits"": 5, ""minUnits"": 3, ""style"": 1, ""variables"": {""{268f634e}"": 70.0, ""{9f2eb1e2}"": 10.0}}, {""maxUnits"": 25000, ""minUnits"": 6, ""style"": 3, ""variables"": {""{268f634e}"": 210.0, ""{9f2eb1e2}"": 20.0}}]"
Set 2,2,base,2,10.5,Avatar,Avatar,1,Innate: Having an Avatar on your bench or board transforms all other Avatars in your shop to the Element of that Avatar.(1) An Avatar's Origin Element is counted twice for Trait bonuses,Innate: Having an Avatar on your bench or board transforms all other Avatars in your shop to the Element of that Avatar.<br><br>(1) An Avatar's Origin Element is counted twice for Trait bonuses,"[{""maxUnits"": 25000, ""minUnits"": 1, ""style"": 4, ""variables"": {""null"": ""null""}}]"
Set 2,2,base,2,10.5,Berserker,Berserker,3|6,"Innate: At the start of combat, Berserkers leap to the nearest enemy.When Berserkers attack, they have a @ProcChance@% chance to hit all units in a cone in front of them and apply on-hit effects.(@MinUnits@) @ProcChance@% chance(@MinUnits@) @ProcChance@% chance, and Berserkers gain +@ADBonus@ Attack Damage","Innate: At the start of combat, Berserkers leap to the nearest enemy.<br><br>When Berserkers attack, they have a @ProcChance@% chance to hit all units in a cone in front of them and apply on-hit effects.<br><br><row>(@MinUnits@) @ProcChance@% chance</row><br><row>(@MinUnits@) @ProcChance@% chance, and Berserkers gain +@ADBonus@ Attack Damage</row>","[{""maxUnits"": 5, ""minUnits"": 3, ""style"": 1, ""variables"": {""{5119f0ff}"": ""null"", ""{898231b1}"": 2.0, ""{a37dac0c}"": 100.0, ""{b4a90a5d}"": 45.0}}, {""maxUnits"": 25000, ""minUnits"": 6, ""style"": 3, ""variables"": {""{5119f0ff}"": 25.0, ""{898231b1}"": 2.0, ""{a37dac0c}"": 100.0, ""{b4a90a5d}"": 100.0}}]"
Set 2,2,base,2,10.5,Set2_Blademaster,Blademaster,2|4|6,Blademasters' Basic Attacks have a @ProcChance@% chance to trigger additional attacks against their target.These additional attacks deal damage like Basic Attacks and trigger on-hit effects.(@MinUnits@) One Additional Attack(@MinUnits@) Two Additional Attacks(@MinUnits@) Three Additional Attacks,Blademasters' Basic Attacks have a @ProcChance@% chance to trigger additional attacks against their target.<br><br>These additional attacks deal damage like Basic Attacks and trigger on-hit effects.<br><br><row>(@MinUnits@) One Additional Attack</row><br><row>(@MinUnits@) Two Additional Attacks</row><br><row>(@MinUnits@) Three Additional Attacks</row>,"[{""maxUnits"": 3, ""minUnits"": 2, ""style"": 1, ""variables"": {""ExtraAttacks"": 1.0, ""{b4a90a5d}"": 40.0}}, {""maxUnits"": 5, ""minUnits"": 4, ""style"": 3, ""variables"": {""ExtraAttacks"": 2.0, ""{b4a90a5d}"": 40.0}}, {""maxUnits"": 25000, ""minUnits"": 6, ""style"": 4, ""variables"": {""ExtraAttacks"": 3.0, ""{b4a90a5d}"": 35.0}}]"
Set 2,2,base,2,10.5,Wind,Cloud,2|3|4,"All allies gain a chance to dodge enemy Basic Attacks.
(2) @ProcPercent@% dodge chance
(3) @ProcPercent@% dodge chance
(4) @ProcPercent@% dodge chance",All allies gain a chance to dodge enemy Basic Attacks.<br><br><expandRow>(@MinUnits@) @ProcPercent@% dodge chance</expandRow>,"[{""maxUnits"": 2, ""minUnits"": 2, ""style"": 2, ""variables"": {""{6003afce}"": 20.0}}, {""maxUnits"": 3, ""minUnits"": 3, ""style"": 3, ""variables"": {""{6003afce}"": 25.0}}, {""maxUnits"": 25000, ""minUnits"": 4, ""style"": 4, ""variables"": {""{6003afce}"": 35.0}}]"
Set 2,2,base,2,10.5,Crystal,Crystal,2|4,"Crystal Champions have a maximum amount of damage they can take from a single hit.
(2) @DamageThreshold@ Max Damage
(4) @DamageThreshold@ Max Damage",Crystal Champions have a maximum amount of damage they can take from a single hit.<br><br><expandRow>(@MinUnits@) @DamageThreshold@ Max Damage</expandRow>,"[{""maxUnits"": 3, ""minUnits"": 2, ""style"": 3, ""variables"": {""{c1154e11}"": 100.0, ""{cca74473}"": 110.0}}, {""maxUnits"": 25000, ""minUnits"": 4, ""style"": 4, ""variables"": {""{c1154e11}"": 100.0, ""{cca74473}"": 60.0}}]"
Set 2,2,base,2,10.5,Desert,Desert,2|4,"Reduces each enemy's Armor.
(2) @ArmorPercentReduction@% Armor reduction
(4) @ArmorPercentReduction@% Armor reduction",Reduces each enemy's Armor.<br><br><expandRow>(@MinUnits@) @ArmorPercentReduction@% Armor reduction</expandRow>,"[{""maxUnits"": 3, ""minUnits"": 2, ""style"": 1, ""variables"": {""{e7acd68a}"": 40.0}}, {""maxUnits"": 25000, ""minUnits"": 4, ""style"": 3, ""variables"": {""{e7acd68a}"": 100.0}}]"
Set 2,2,base,2,10.5,Druid,Druid,2,(@MinUnits@) Druids regenerate @HealAmount@ health each second.,<row>(@MinUnits@) Druids regenerate @HealAmount@ health each second.</row>,"[{""maxUnits"": 25000, ""minUnits"": 2, ""style"": 3, ""variables"": {""HealAmount"": 45.0, ""{471b1a16}"": 1.0}}]"
Set 2,2,base,2,10.5,Electric,Electric,2|3|4,"Electric Champions shock nearby enemies whenever they deal or receive a critical strike.
(2) 80 magic damage
(3) 250 magic damage
(4) 550 magic damage",Electric Champions shock nearby enemies whenever they deal or receive a critical strike.<br><br><expandRow>(@MinUnits@) @Damage@ magic damage</expandRow>,"[{""maxUnits"": 2, ""minUnits"": 2, ""style"": 1, ""variables"": {""Damage"": 80.0}}, {""maxUnits"": 3, ""minUnits"": 3, ""style"": 3, ""variables"": {""Damage"": 250.0}}, {""maxUnits"": 25000, ""minUnits"": 4, ""style"": 4, ""variables"": {""Damage"": 550.0}}]"
Set 2,2,base,2,10.5,Set2_Glacial,Glacial,2|4|6,"Basic Attacks from Glacials have a @ProcPercent@% chance to stun their target for @StunDuration@ seconds and do bonus Magic Damage.
(2) 75 Magic Damage
(4) 175 Magic Damage
(6) 475 Magic Damage",Basic Attacks from Glacials have a @ProcPercent@% chance to stun their target for @StunDuration@ seconds and do bonus Magic Damage.<br><br><expandRow>(@MinUnits@) @BonusDamage@ Magic Damage</expandRow><br>,"[{""maxUnits"": 3, ""minUnits"": 2, ""style"": 1, ""variables"": {""BonusDamage"": 75.0, ""StunDuration"": 1.5, ""{6003afce}"": 25.0}}, {""maxUnits"": 5, ""minUnits"": 4, ""style"": 3, ""variables"": {""BonusDamage"": 175.0, ""StunDuration"": 1.5, ""{6003afce}"": 25.0}}, {""maxUnits"": 25000, ""minUnits"": 6, ""style"": 4, ""variables"": {""BonusDamage"": 475.0, ""StunDuration"": 1.5, ""{6003afce}"": 25.0}}]"
Set 2,2,base,2,10.5,Inferno,Inferno,3|6|9,"Inferno critical hits and spell damage burns the ground beneath the target, dealing a percentage of that spell's pre-mitigation damage over @ZoneDuration@ seconds.
(3) +@PercentBonusDamage@% damage on @NumZones@ hexes
(6) +@PercentBonusDamage@% damage on @NumZones@ hexes
(9) +@PercentBonusDamage@% damage on @NumZones@ hexes","Inferno critical hits and spell damage burns the ground beneath the target, dealing a percentage of that spell's pre-mitigation damage over @ZoneDuration@ seconds.<br><br><expandRow>(@MinUnits@) +@PercentBonusDamage@% damage on @NumZones@ hexes</expandRow>","[{""maxUnits"": 5, ""minUnits"": 3, ""style"": 1, ""variables"": {""{9faee275}"": 10.0, ""{cb6b5298}"": 70.0, ""{d04eb593}"": 4.0, ""{e97e931e}"": 1.0}}, {""maxUnits"": 8, ""minUnits"": 6, ""style"": 3, ""variables"": {""{9faee275}"": 10.0, ""{cb6b5298}"": 150.0, ""{d04eb593}"": 4.0, ""{e97e931e}"": 3.0}}, {""maxUnits"": 25000, ""minUnits"": 9, ""style"": 4, ""variables"": {""{9faee275}"": 10.0, ""{cb6b5298}"": 250.0, ""{d04eb593}"": 4.0, ""{e97e931e}"": 5.0}}]"
Set 2,2,base,2,10.5,Light,Light,3|6|9,"When a Light Champion dies, all other Light Champions gain Attack Speed and recover @HealAmount@% of the dying champion's maximum health.
(3) +@AttackSpeedPercent@% Attack Speed
(6) +@AttackSpeedPercent@% Attack Speed
(9) +@AttackSpeedPercent@% Attack Speed","When a Light Champion dies, all other Light Champions gain Attack Speed and recover @HealAmount@% of the dying champion's maximum health.<br><br><expandRow>(@MinUnits@) +@AttackSpeedPercent@% Attack Speed</expandRow><br>","[{""maxUnits"": 5, ""minUnits"": 3, ""style"": 1, ""variables"": {""HealAmount"": 20.0, ""{a8ca7859}"": 20.0}}, {""maxUnits"": 8, ""minUnits"": 6, ""style"": 3, ""variables"": {""HealAmount"": 20.0, ""{a8ca7859}"": 30.0}}, {""maxUnits"": 25000, ""minUnits"": 9, ""style"": 4, ""variables"": {""HealAmount"": 20.0, ""{a8ca7859}"": 50.0}}]"
Set 2,2,base,2,10.5,Celestial,Lunar,2,"(@MinUnits@) Every @Frequency@ seconds, all allied champions in combat are infused with Moonlight, increasing Crit Chance by @CritChance@%, Crit Damage by @CritDamage@%, and Spell Power by @AP@% (stacks to 4 times).","(@MinUnits@) Every @Frequency@ seconds, all allied champions in combat are infused with Moonlight, increasing Crit Chance by @CritChance@%, Crit Damage by @CritDamage@%, and Spell Power by @AP@% (stacks to 4 times).","[{""maxUnits"": 25000, ""minUnits"": 2, ""style"": 3, ""variables"": {""AP"": 15.0, ""CritChance"": 15.0, ""CritDamage"": 15.0, ""{2fb31c01}"": 7.0}}]"
Set 2,2,base,2,10.5,Mage,Mage,3|6,"Mages have a chance, when casting, to Doublecast instead.(@MinUnits@) @ProcChance@% chance(@MinUnits@) @ProcChance@% chance and +@APBonus@ Spell Power","Mages have a chance, when casting, to Doublecast instead.<br><br><row>(@MinUnits@) @ProcChance@% chance</row><br><row>(@MinUnits@) @ProcChance@% chance and +@APBonus@ Spell Power</row>","[{""maxUnits"": 5, ""minUnits"": 3, ""style"": 1, ""variables"": {""{666f247b}"": ""null"", ""{b4a90a5d}"": 50.0}}, {""maxUnits"": 25000, ""minUnits"": 6, ""style"": 3, ""variables"": {""{666f247b}"": 20.0, ""{b4a90a5d}"": 100.0}}]"
Set 2,2,base,2,10.5,Mountain,Mountain,2,"(@MinUnits@) At the start of combat, a random ally gains a @ShieldValue@ health Stoneshield.","<row>(@MinUnits@) At the start of combat, a random ally gains a @ShieldValue@ health Stoneshield.</row>","[{""maxUnits"": 25000, ""minUnits"": 2, ""style"": 3, ""variables"": {""ShieldValue"": 1500.0}}]"
Set 2,2,base,2,10.5,Mystic,Mystic,2|4,"All allies gain Magic Resistance.
(2) +40 Magic Resistance
(4) +120 Magic Resistance",All allies gain Magic Resistance.<br><br><expandRow>(@MinUnits@) +@MagicResist@ Magic Resistance</expandRow>,"[{""maxUnits"": 3, ""minUnits"": 2, ""style"": 1, ""variables"": {""MagicResist"": 40.0}}, {""maxUnits"": 25000, ""minUnits"": 4, ""style"": 3, ""variables"": {""MagicResist"": 120.0}}]"
Set 2,2,base,2,10.5,Ocean,Ocean,2|4|6,"All allies gain mana every @TickRate@ seconds.
(2) +@ManaPerTick@ mana
(4) +@ManaPerTick@ mana
(6) +@ManaPerTick@ mana",All allies gain mana every @TickRate@ seconds.<br><br><expandRow>(@MinUnits@) +@ManaPerTick@ mana</expandRow>,"[{""maxUnits"": 3, ""minUnits"": 2, ""style"": 1, ""variables"": {""{471b1a16}"": 4.0, ""{d0539890}"": 10.0}}, {""maxUnits"": 5, ""minUnits"": 4, ""style"": 3, ""variables"": {""{471b1a16}"": 4.0, ""{d0539890}"": 30.0}}, {""maxUnits"": 25000, ""minUnits"": 6, ""style"": 4, ""variables"": {""{471b1a16}"": 4.0, ""{d0539890}"": 60.0}}]"
Set 2,2,base,2,10.5,Poison,Poison,3,"(@MinUnits@) Poison Champions apply Neurotoxin when they deal damage, increasing the mana cost of the target's spell by @CostIncrease@%","<row>(@MinUnits@) Poison Champions apply Neurotoxin when they deal damage, increasing the mana cost of the target's spell by @CostIncrease@%</row>","[{""maxUnits"": 25000, ""minUnits"": 3, ""style"": 3, ""variables"": {""Duration"": 60.0, ""{a861afa0}"": 33.0}}]"
Set 2,2,base,2,10.5,Predator,Predator,3,(@MinUnits@) Predators instantly kill enemies they damage who are below @HPThreshold@% health.,<row>(@MinUnits@) Predators instantly kill enemies they damage who are below @HPThreshold@% health.</row>,"[{""maxUnits"": 25000, ""minUnits"": 3, ""style"": 3, ""variables"": {""{8f954b18}"": 25.0}}]"
Set 2,2,base,2,10.5,Set2_Ranger,Ranger,2|4|6,"Every @ProcRate@ seconds, Rangers have a chance to gain Attack Speed for @ProcRate@ seconds. 
(2) @ProcPercent@% chance for @ASMultTooltip@x Attack Speed
(4) @ProcPercent@% chance for @ASMultTooltip@x Attack Speed
(6) @ProcPercent@% chance for @ASMultTooltip@x Attack Speed","Every @ProcRate@ seconds, Rangers have a chance to gain Attack Speed for @ProcRate@ seconds. <br><br><expandRow>(@MinUnits@) @ProcPercent@% chance for @ASMultTooltip@x Attack Speed</expandRow><br>","[{""maxUnits"": 3, ""minUnits"": 2, ""style"": 1, ""variables"": {""ASMultiplier"": 100.0, ""{1b812333}"": 3.0, ""{538d2e86}"": 2.0, ""{6003afce}"": 35.0}}, {""maxUnits"": 5, ""minUnits"": 4, ""style"": 2, ""variables"": {""ASMultiplier"": 100.0, ""{1b812333}"": 3.0, ""{538d2e86}"": 2.0, ""{6003afce}"": 80.0}}, {""maxUnits"": 25000, ""minUnits"": 6, ""style"": 3, ""variables"": {""ASMultiplier"": 150.0, ""{1b812333}"": 3.0, ""{538d2e86}"": 2.5, ""{6003afce}"": 100.0}}]"
Set 2,2,base,2,10.5,Shadow,Shadow,3|6,"Shadow Champions deal increased damage for @Duration@ seconds at combat start and every time they get a takedown.(@MinUnits@) +@DamageAmp@% damage(@MinUnits@) +@DamageAmp@% damage, refreshed for any Shadow champions' takedowns","Shadow Champions deal increased damage for @Duration@ seconds at combat start and every time they get a takedown.<br><br><row>(@MinUnits@) +@DamageAmp@% damage</row><br><row>(@MinUnits@) +@DamageAmp@% damage, refreshed for any Shadow champions' takedowns</row>","[{""maxUnits"": 5, ""minUnits"": 3, ""style"": 1, ""variables"": {""Duration"": 6.0, ""{1332d72a}"": ""null"", ""{4c67d4fe}"": 65.0}}, {""maxUnits"": 25000, ""minUnits"": 6, ""style"": 3, ""variables"": {""Duration"": 6.0, ""{1332d72a}"": 1.0, ""{4c67d4fe}"": 150.0}}]"
Set 2,2,base,2,10.5,Soulbound,Soulbound,2,"The first Soulbound champion to die in a round will instead enter the Spirit Realm, becoming untargetable and continuing to fight as long as another Soulbound ally is alive.","The first Soulbound champion to die in a round will instead enter the Spirit Realm, becoming untargetable and continuing to fight as long as another Soulbound ally is alive.","[{""maxUnits"": 25000, ""minUnits"": 2, ""style"": 3, ""variables"": {}}]"
Set 2,2,base,2,10.5,Metal,Steel,2|3|4,"Steel Champions gain damage immunity for a few seconds when they are reduced below @HealthPercentThreshold@% health.
(2) @ImmunityDuration@ seconds of immunity
(3) @ImmunityDuration@ seconds of immunity
(4) @ImmunityDuration@ seconds of immunity",Steel Champions gain damage immunity for a few seconds when they are reduced below @HealthPercentThreshold@% health.<br><br><expandRow>(@MinUnits@) @ImmunityDuration@ seconds of immunity</expandRow>,"[{""maxUnits"": 2, ""minUnits"": 2, ""style"": 2, ""variables"": {""{4e5f79b7}"": 50.0, ""{d165d743}"": 2.0}}, {""maxUnits"": 3, ""minUnits"": 3, ""style"": 3, ""variables"": {""{4e5f79b7}"": 50.0, ""{d165d743}"": 3.0}}, {""maxUnits"": 25000, ""minUnits"": 4, ""style"": 4, ""variables"": {""{4e5f79b7}"": 50.0, ""{d165d743}"": 4.0}}]"
Set 2,2,base,2,10.5,Summoner,Summoner,3|6,"Summoned units gain bonus health and last longer.
(3) +@SummonDurationBoost@% health and summon duration
(6) +@SummonDurationBoost@% health and summon duration",Summoned units gain bonus health and last longer.<br><br><expandRow>(@MinUnits@) +@SummonDurationBoost@% health and summon duration</expandRow>,"[{""maxUnits"": 5, ""minUnits"": 3, ""style"": 1, ""variables"": {""{360f62b5}"": 30.0}}, {""maxUnits"": 25000, ""minUnits"": 6, ""style"": 3, ""variables"": {""{360f62b5}"": 120.0}}]"
Set 2,2,base,2,10.5,Warden,Warden,2|4|6,"Wardens gain Armor.
(2) +@ArmorPercentIncrease@% Armor
(4) +@ArmorPercentIncrease@% Armor
(6) +@ArmorPercentIncrease@% Armor",Wardens gain Armor.<br><br><expandRow>(@MinUnits@) +@ArmorPercentIncrease@% Armor</expandRow><br>,"[{""maxUnits"": 3, ""minUnits"": 2, ""style"": 1, ""variables"": {""{04bbf4a5}"": 150.0}}, {""maxUnits"": 5, ""minUnits"": 4, ""style"": 2, ""variables"": {""{04bbf4a5}"": 300.0}}, {""maxUnits"": 25000, ""minUnits"": 6, ""style"": 3, ""variables"": {""{04bbf4a5}"": 999.0}}]"
Set 2,2,base,2,10.5,Woodland,Woodland,3|6,"At the start of combat, Woodland Champions make copies of themselves(@MinUnits@) One random copy (@MinUnits@) All Woodland Champions copy","At the start of combat,  Woodland Champions make copies of themselves<br><br><row>(@MinUnits@) One random copy </row><br><row>(@MinUnits@) All Woodland Champions copy</row>","[{""maxUnits"": 5, ""minUnits"": 3, ""style"": 3, ""variables"": {""{b9aa7851}"": ""null""}}, {""maxUnits"": 25000, ""minUnits"": 6, ""style"": 4, ""variables"": {""{b9aa7851}"": 1.0}}]"
Set 3,3,base,3,10.11,Set3_Blademaster,Blademaster,3|6|9,Blademasters' Basic Attacks have a chance to trigger two additional attacks against their target.These additional attacks deal damage like Basic Attacks and trigger on-hit effects.(@MinUnits@) @ProcChance@% Chance to trigger(@MinUnits@) @ProcChance@% Chance to trigger(@MinUnits@) @ProcChance@% Chance to trigger,Blademasters' Basic Attacks have a chance to trigger two additional attacks against their target.<br><br>These additional attacks deal damage like Basic Attacks and trigger on-hit effects.<br><br><row>(@MinUnits@) @ProcChance@% Chance to trigger</row><br><row>(@MinUnits@) @ProcChance@% Chance to trigger</row><br><row>(@MinUnits@) @ProcChance@% Chance to trigger</row>,"[{""maxUnits"": 5, ""minUnits"": 3, ""style"": 1, ""variables"": {""ExtraAttacks"": 2.0, ""{b4a90a5d}"": 30.0}}, {""maxUnits"": 8, ""minUnits"": 6, ""style"": 3, ""variables"": {""ExtraAttacks"": 2.0, ""{b4a90a5d}"": 55.0}}, {""maxUnits"": 25000, ""minUnits"": 9, ""style"": 4, ""variables"": {""ExtraAttacks"": 2.0, ""{b4a90a5d}"": 100.0}}]"
Set 3,3,base,3,10.11,Blaster,Blaster,2|4,"Every fourth Basic Attack from a Blaster fires additional attacks at random enemies.These additional attacks deal damage like Basic Attacks, trigger on-hit effects, and can critically hit.
(2) @AdditionalAttacks@ Additional Attacks
(4) @AdditionalAttacks@ Additional Attacks","Every fourth Basic Attack from a Blaster fires additional attacks at random enemies.<br><br>These additional attacks deal damage like Basic Attacks, trigger on-hit effects, and can critically hit.<br><br><expandRow>(@MinUnits@) @AdditionalAttacks@ Additional Attacks</expandRow>","[{""maxUnits"": 3, ""minUnits"": 2, ""style"": 1, ""variables"": {""{7fd211f1}"": 3.0}}, {""maxUnits"": 25000, ""minUnits"": 4, ""style"": 3, ""variables"": {""{7fd211f1}"": 5.0}}]"
Set 3,3,base,3,10.11,Set3_Brawler,Brawler,2|4,"Brawlers gain bonus Maximum Health.
(2) 350 Bonus Health
(4) 650 Bonus Health",Brawlers gain bonus Maximum Health.<br><br><expandRow>(@MinUnits@) @BonusHealth@ Bonus Health</expandRow><br>,"[{""maxUnits"": 3, ""minUnits"": 2, ""style"": 1, ""variables"": {""BonusHealth"": 350.0}}, {""maxUnits"": 25000, ""minUnits"": 4, ""style"": 3, ""variables"": {""BonusHealth"": 650.0}}]"
Set 3,3,base,3,10.11,Set3_Celestial,Celestial,2|4|6,"All allies heal for some of the damage they deal with spells and attacks.
(2) @HealPercent@% Healing 
(4) @HealPercent@% Healing 
(6) @HealPercent@% Healing",All allies heal for some of the damage they deal with spells and attacks.<br><br><expandRow>(@MinUnits@) @HealPercent@% Healing </expandRow>,"[{""maxUnits"": 3, ""minUnits"": 2, ""style"": 1, ""variables"": {""{e0882668}"": 15.0}}, {""maxUnits"": 5, ""minUnits"": 4, ""style"": 2, ""variables"": {""{e0882668}"": 35.0}}, {""maxUnits"": 25000, ""minUnits"": 6, ""style"": 3, ""variables"": {""{e0882668}"": 60.0}}]"
Set 3,3,base,3,10.11,Chrono,Chrono,2|4|6,"All allies gain @PercentAttackSpeed@% Attack Speed every few seconds.
(2) @Frequency@ seconds
(4) @Frequency@ seconds
(6) @Frequency@ seconds",All allies gain @PercentAttackSpeed@% Attack Speed every few seconds.<br><br><expandRow>(@MinUnits@) @Frequency@ seconds</expandRow>,"[{""maxUnits"": 3, ""minUnits"": 2, ""style"": 1, ""variables"": {""{2fb31c01}"": 8.0, ""{db1859c9}"": 15.0}}, {""maxUnits"": 5, ""minUnits"": 4, ""style"": 2, ""variables"": {""{2fb31c01}"": 4.0, ""{db1859c9}"": 15.0}}, {""maxUnits"": 25000, ""minUnits"": 6, ""style"": 3, ""variables"": {""{2fb31c01}"": 2.0, ""{db1859c9}"": 15.0}}]"
Set 3,3,base,3,10.11,Cybernetic,Cybernetic,3|6,"Cybernetic champions with at least one item (component or full) gain Health and Attack Damage.
(3) @HealthAmp@ Health and @ADAmp@ Attack Damage
(6) @HealthAmp@ Health and @ADAmp@ Attack Damage",Cybernetic champions with at least one item (component or full) gain Health and Attack Damage.<br><br><expandRow>(@MinUnits@) @HealthAmp@ Health and @ADAmp@ Attack Damage</expandRow>,"[{""maxUnits"": 5, ""minUnits"": 3, ""style"": 1, ""variables"": {""{1a46e36f}"": 350.0, ""{cfaa2ad6}"": 35.0}}, {""maxUnits"": 25000, ""minUnits"": 6, ""style"": 3, ""variables"": {""{1a46e36f}"": 700.0, ""{cfaa2ad6}"": 70.0}}]"
Set 3,3,base,3,10.11,DarkStar,Dark Star,3|6|9,"When a Dark Star Champion dies, all other allied Dark Star Champions gain Attack Damage and Spell Power
(3) +@ADandSP@ Attack Damage and Spell Power
(6) +@ADandSP@ Attack Damage and Spell Power
(9) +@ADandSP@ Attack Damage and Spell Power","When a Dark Star Champion dies, all other allied Dark Star Champions gain Attack Damage and Spell Power<br><br><expandRow>(@MinUnits@) +@ADandSP@ Attack Damage and Spell Power</expandRow>","[{""maxUnits"": 5, ""minUnits"": 3, ""style"": 1, ""variables"": {""{1485c2a2}"": 20.0}}, {""maxUnits"": 8, ""minUnits"": 6, ""style"": 3, ""variables"": {""{1485c2a2}"": 25.0}}, {""maxUnits"": 25000, ""minUnits"": 9, ""style"": 4, ""variables"": {""{1485c2a2}"": 35.0}}]"
Set 3,3,base,3,10.11,Demolitionist,Demolitionist,2,(2) Damage from Demolitionists' spellcasts stuns their targets for 1.5 seconds. (Once per spellcast),<expandRow>(@MinUnits@) Damage from Demolitionists' spellcasts stuns their targets for @StunDuration@ seconds. (Once per spellcast)</expandRow>,"[{""maxUnits"": 25000, ""minUnits"": 2, ""style"": 3, ""variables"": {""StunDuration"": 1.5}}]"
Set 3,3,base,3,10.11,Infiltrator,Infiltrator,2|4|6,"Innate: At the start of combat, Infiltrators move to the enemy's backline.Infiltrators gain Attack Speed for @Duration@ seconds at the start of combat, refreshed on takedown.(@MinUnits@) @AttackSpeedPercent@% bonus Attack Speed(@MinUnits@) @AttackSpeedPercent@% bonus Attack Speed(@MinUnits@) @AttackSpeedPercent@% bonus Attack Speed","Innate: At the start of combat, Infiltrators move to the enemy's backline.<br><br>Infiltrators gain Attack Speed for @Duration@ seconds at the start of combat, refreshed on takedown.<br><br><row>(@MinUnits@) @AttackSpeedPercent@% bonus Attack Speed</row><br><row>(@MinUnits@) @AttackSpeedPercent@% bonus Attack Speed</row><br><row>(@MinUnits@) @AttackSpeedPercent@% bonus Attack Speed</row>","[{""maxUnits"": 3, ""minUnits"": 2, ""style"": 1, ""variables"": {""Duration"": 6.0, ""{650d33c0}"": 1.0, ""{a8ca7859}"": 50.0}}, {""maxUnits"": 5, ""minUnits"": 4, ""style"": 3, ""variables"": {""Duration"": 6.0, ""{650d33c0}"": 1.0, ""{a8ca7859}"": 75.0}}, {""maxUnits"": 25000, ""minUnits"": 6, ""style"": 4, ""variables"": {""Duration"": 6.0, ""{650d33c0}"": 1.0, ""{a8ca7859}"": 120.0}}]"
Set 3,3,base,3,10.11,ManaReaver,Mana-Reaver,2,(2) Mana-Reaver attacks increase the mana cost of their target's next spellcast by @CostIncreasePercent@%.,<expandRow>(@MinUnits@) Mana-Reaver attacks increase the mana cost of their target's next spellcast by @CostIncreasePercent@%.</expandRow>,"[{""maxUnits"": 25000, ""minUnits"": 2, ""style"": 3, ""variables"": {""{4d7069b1}"": 40.0}}]"
Set 3,3,base,3,10.11,MechPilot,Mech-Pilot,3,"(@MinUnits@) At the start of combat, three random Mech-Pilots are teleported into a Super-Mech.The Super-Mech has the combined Health, Attack Damage, and Traits of its pilots, as well as 3 random items from among them.When the Super-Mech dies the Pilots are ejected and continue to fight.","(@MinUnits@) At the start of combat, three random Mech-Pilots are teleported into a Super-Mech.<br><br>The Super-Mech has the combined Health, Attack Damage, and Traits of its pilots, as well as 3 random items from among them.<br><br>When the Super-Mech dies the Pilots are ejected and continue to fight.","[{""maxUnits"": 25000, ""minUnits"": 3, ""style"": 3, ""variables"": {""{092d19fb}"": 1500.0, ""{5dd40675}"": 0.44999998807907104, ""{952c9d9c}"": 0.44999998807907104, ""{d13e2b40}"": 1.0, ""{dc3931d7}"": ""null"", ""{ed41c244}"": 80.0}}]"
Set 3,3,base,3,10.11,Mercenary,Mercenary,1,Innate: Upgrades for Mercenaries' spells have a chance to appear in the shop.,Innate: Upgrades for Mercenaries' spells have a chance to appear in the shop.,"[{""maxUnits"": 25000, ""minUnits"": 1, ""style"": 3, ""variables"": {}}]"
Set 3,3,base,3,10.11,Set3_Mystic,Mystic,2|4,"All allies gain Magic Resistance.
(2) 35 Magic Resistance
(4) 105 Magic Resistance",All allies gain Magic Resistance.<br><br><expandRow>(@MinUnits@) @MagicResist@ Magic Resistance</expandRow>,"[{""maxUnits"": 3, ""minUnits"": 2, ""style"": 1, ""variables"": {""MagicResist"": 35.0}}, {""maxUnits"": 25000, ""minUnits"": 4, ""style"": 3, ""variables"": {""MagicResist"": 105.0}}]"
Set 3,3,base,3,10.11,Protector,Protector,2|4|6,"Protectors shield themselves for @Duration@ seconds whenever they cast a spell. This shield doesn't stack.
 (2) 25% Maximum Health Shield
 (4) 30% Maximum Health Shield
 (6) 40% Maximum Health Shield",Protectors shield themselves for @Duration@ seconds whenever they cast a spell. This shield doesn't stack.<br><br><expandRow> (@MinUnits@) @ShieldPercent@% Maximum Health Shield</expandRow>,"[{""maxUnits"": 3, ""minUnits"": 2, ""style"": 1, ""variables"": {""Duration"": 4.0, ""ShieldPercent"": 25.0}}, {""maxUnits"": 5, ""minUnits"": 4, ""style"": 3, ""variables"": {""Duration"": 4.0, ""ShieldPercent"": 30.0}}, {""maxUnits"": 25000, ""minUnits"": 6, ""style"": 4, ""variables"": {""Duration"": 4.0, ""ShieldPercent"": 40.0}}]"
Set 3,3,base,3,10.11,Rebel,Rebel,3|6|9,"At the start of combat, Rebels gain a shield and bonus damage for each adjacent Rebel. The shield lasts for @ShieldDuration@ seconds.
(3) @ShieldAmount@ Shield & @DamageAmp@% Damage
(6) @ShieldAmount@ Shield & @DamageAmp@% Damage
(9) @ShieldAmount@ Shield & @DamageAmp@% Damage","At the start of combat, Rebels gain a shield and bonus damage for each adjacent Rebel. The shield lasts for @ShieldDuration@ seconds.<br><br><expandRow>(@MinUnits@) @ShieldAmount@ Shield & @DamageAmp@% Damage</expandRow>","[{""maxUnits"": 5, ""minUnits"": 3, ""style"": 1, ""variables"": {""ShieldDuration"": 8.0, ""{40ee74ec}"": 150.0, ""{4c67d4fe}"": 10.0}}, {""maxUnits"": 8, ""minUnits"": 6, ""style"": 3, ""variables"": {""ShieldDuration"": 8.0, ""{40ee74ec}"": 210.0, ""{4c67d4fe}"": 15.0}}, {""maxUnits"": 25000, ""minUnits"": 9, ""style"": 4, ""variables"": {""ShieldDuration"": 8.0, ""{40ee74ec}"": 330.0, ""{4c67d4fe}"": 20.0}}]"
Set 3,3,base,3,10.11,Sniper,Sniper,2,(2) Snipers deal @PercentDamageIncrease@% increased damage for each hex between themselves and their target.,<expandRow>(@MinUnits@) Snipers deal @PercentDamageIncrease@% increased damage for each hex between themselves and their target.</expandRow>,"[{""maxUnits"": 25000, ""minUnits"": 2, ""style"": 3, ""variables"": {""{75994f47}"": 15.0}}]"
Set 3,3,base,3,10.11,Set3_Sorcerer,Sorcerer,2|4|6|8,"All allies have increased Spell Power.
(2) 20% Spell Power
(4) 40% Spell Power
(6) 75% Spell Power
(8) 120% Spell Power",All allies have increased Spell Power.<br><br><expandRow>(@MinUnits@) @AP@% Spell Power</expandRow>,"[{""maxUnits"": 3, ""minUnits"": 2, ""style"": 1, ""variables"": {""AP"": 20.0}}, {""maxUnits"": 5, ""minUnits"": 4, ""style"": 2, ""variables"": {""AP"": 40.0}}, {""maxUnits"": 7, ""minUnits"": 6, ""style"": 3, ""variables"": {""AP"": 75.0}}, {""maxUnits"": 25000, ""minUnits"": 8, ""style"": 4, ""variables"": {""AP"": 120.0}}]"
Set 3,3,base,3,10.11,SpacePirate,Space Pirate,2|4,Whenever a Space Pirate lands a killing blow on a Champion there is a chance to drop extra loot.(@MinUnits@) @CoinDropChance@% for 1 gold(@MinUnits@) @CoinDropChance@% for 1 gold and @ItemDropChance@% for a component item,Whenever a Space Pirate lands a killing blow on a Champion there is a chance to drop extra loot.<br><br><row>(@MinUnits@) @CoinDropChance@% for 1 gold</row><br><row>(@MinUnits@) @CoinDropChance@% for 1 gold and @ItemDropChance@% for a component item</row>,"[{""maxUnits"": 3, ""minUnits"": 2, ""style"": 1, ""variables"": {""{0f4980a5}"": 50.0, ""{c79d638b}"": ""null""}}, {""maxUnits"": 25000, ""minUnits"": 4, ""style"": 3, ""variables"": {""{0f4980a5}"": 50.0, ""{c79d638b}"": 25.0}}]"
Set 3,3,base,3,10.11,StarGuardian,Star Guardian,3|6,"Star Guardians' spellcasts grant Mana to other Star Guardians, spread among them.
(3) @ManaRestore@ Total Mana
(6) @ManaRestore@ Total Mana","Star Guardians' spellcasts grant Mana to other Star Guardians, spread among them.<br><br><expandRow>(@MinUnits@) @ManaRestore@ Total Mana</expandRow>","[{""maxUnits"": 5, ""minUnits"": 3, ""style"": 1, ""variables"": {""{03494ad0}"": 30.0}}, {""maxUnits"": 25000, ""minUnits"": 6, ""style"": 3, ""variables"": {""{03494ad0}"": 50.0}}]"
Set 3,3,base,3,10.11,Starship,Starship,1,"Innate: Starships gain @ManaPerSecond@ mana per second, maneuver around the board, and are immune to movement impairing effects, but can't make Basic Attacks.","Innate: Starships gain @ManaPerSecond@ mana per second, maneuver around the board, and are immune to movement impairing effects, but can't make Basic Attacks.","[{""maxUnits"": 25000, ""minUnits"": 1, ""style"": 3, ""variables"": {""{f9f3a081}"": 40.0}}]"
Set 3,3,base,3,10.11,Valkyrie,Valkyrie,2,(2) Valkyrie attacks and spells always critically hit targets below @PercentHealth@% health.,<expandRow>(@MinUnits@) Valkyrie attacks and spells always critically hit targets below @PercentHealth@% health. </expandRow>,"[{""maxUnits"": 25000, ""minUnits"": 2, ""style"": 3, ""variables"": {""{f880a530}"": 40.0}}]"
Set 3,3,base,3,10.11,Vanguard,Vanguard,2|4,"Vanguard champions gain bonus Armor.
(2) 125 Armor
(4) 250 Armor",Vanguard champions gain bonus Armor.<br><br><expandRow>(@MinUnits@) @Armor@ Armor</expandRow>,"[{""maxUnits"": 3, ""minUnits"": 2, ""style"": 1, ""variables"": {""Armor"": 125.0}}, {""maxUnits"": 25000, ""minUnits"": 4, ""style"": 3, ""variables"": {""Armor"": 250.0}}]"
Set 3,3,base,3,10.11,Set3_Void,Void,3,(@MinUnits@) Attacks and spells from Void champions deal true damage.,(@MinUnits@) Attacks and spells from Void champions deal true damage.,"[{""maxUnits"": 25000, ""minUnits"": 3, ""style"": 3, ""variables"": {}}]"
Set 3.5,3,mid,TFTSet3,10.18,Astro,Astro,3,(@MinUnits@) Astro Champions' abilities cost @ManaCostReduction@ less mana to cast.,(@MinUnits@) Astro Champions' abilities cost @ManaCostReduction@ less mana to cast.,"[{""maxUnits"": 25000, ""minUnits"": 3, ""style"": 3, ""variables"": {""{1f714854}"": 30.0}}]"
Set 3.5,3,mid,TFTSet3,10.18,Battlecast,Battlecast,2|4|6|8,"After dealing or taking 10 instances of damage, Battlecast Champions deal magic damage to the nearest enemy. If below half health, they heal instead.
(2) @HealOrDamageAmount@ Healing or Damage
(4) @HealOrDamageAmount@ Healing or Damage
(6) @HealOrDamageAmount@ Healing or Damage
(8) @HealOrDamageAmount@ Healing or Damage","After dealing or taking 10 instances of damage, Battlecast Champions deal magic damage to the nearest enemy. If below half health, they heal instead.<br><br><expandRow>(@MinUnits@) @HealOrDamageAmount@ Healing or Damage</expandRow>","[{""maxUnits"": 3, ""minUnits"": 2, ""style"": 1, ""variables"": {""{d56201a3}"": 80.0}}, {""maxUnits"": 5, ""minUnits"": 4, ""style"": 2, ""variables"": {""{d56201a3}"": 180.0}}, {""maxUnits"": 7, ""minUnits"": 6, ""style"": 3, ""variables"": {""{d56201a3}"": 480.0}}, {""maxUnits"": 25000, ""minUnits"": 8, ""style"": 4, ""variables"": {""{d56201a3}"": 1000.0}}]"
Set 3.5,3,mid,TFTSet3,10.18,Set3_Blademaster,Blademaster,3|6|9,Blademasters' Basic Attacks have a chance to trigger two additional attacks against their target.These additional attacks deal damage like Basic Attacks and trigger on-hit effects.(@MinUnits@) @ProcChance@% Chance to trigger(@MinUnits@) @ProcChance@% Chance to trigger(@MinUnits@) @ProcChance@% Chance to trigger,Blademasters' Basic Attacks have a chance to trigger two additional attacks against their target.<br><br>These additional attacks deal damage like Basic Attacks and trigger on-hit effects.<br><br><row>(@MinUnits@) @ProcChance@% Chance to trigger</row><br><row>(@MinUnits@) @ProcChance@% Chance to trigger</row><br><row>(@MinUnits@) @ProcChance@% Chance to trigger</row>,"[{""maxUnits"": 5, ""minUnits"": 3, ""style"": 1, ""variables"": {""ExtraAttacks"": 2.0, ""{b4a90a5d}"": 30.0}}, {""maxUnits"": 8, ""minUnits"": 6, ""style"": 3, ""variables"": {""ExtraAttacks"": 2.0, ""{b4a90a5d}"": 65.0}}, {""maxUnits"": 25000, ""minUnits"": 9, ""style"": 4, ""variables"": {""ExtraAttacks"": 2.0, ""{b4a90a5d}"": 100.0}}]"
Set 3.5,3,mid,TFTSet3,10.18,Blaster,Blaster,2|4,"Every fourth Basic Attack from a Blaster fires additional attacks at random enemies.These additional attacks deal damage like Basic Attacks, trigger on-hit effects, and can critically hit.
(2) @AdditionalAttacks@ Additional Attacks
(4) @AdditionalAttacks@ Additional Attacks","Every fourth Basic Attack from a Blaster fires additional attacks at random enemies.<br><br>These additional attacks deal damage like Basic Attacks, trigger on-hit effects, and can critically hit.<br><br><expandRow>(@MinUnits@) @AdditionalAttacks@ Additional Attacks</expandRow>","[{""maxUnits"": 3, ""minUnits"": 2, ""style"": 1, ""variables"": {""{7fd211f1}"": 3.0}}, {""maxUnits"": 25000, ""minUnits"": 4, ""style"": 3, ""variables"": {""{7fd211f1}"": 6.0}}]"
Set 3.5,3,mid,TFTSet3,10.18,Set3_Brawler,Brawler,2|4,"Brawlers gain bonus Maximum Health.
(2) 350 Bonus Health
(4) 600 Bonus Health",Brawlers gain bonus Maximum Health.<br><br><expandRow>(@MinUnits@) @BonusHealth@ Bonus Health</expandRow><br>,"[{""maxUnits"": 3, ""minUnits"": 2, ""style"": 1, ""variables"": {""BonusHealth"": 350.0}}, {""maxUnits"": 25000, ""minUnits"": 4, ""style"": 3, ""variables"": {""BonusHealth"": 600.0}}]"
Set 3.5,3,mid,TFTSet3,10.18,Set3_Celestial,Celestial,2|4|6,"All allies heal for some of the damage they deal with spells and attacks.
(2) 15% Healing 
(4) 45% Healing 
(6) 150% Healing",All allies heal for some of the damage they deal with spells and attacks.<br><br><expandRow>(@MinUnits@) @HealPercent@% Healing </expandRow>,"[{""maxUnits"": 3, ""minUnits"": 2, ""style"": 1, ""variables"": {""HealPercent"": 15.0}}, {""maxUnits"": 5, ""minUnits"": 4, ""style"": 3, ""variables"": {""HealPercent"": 45.0}}, {""maxUnits"": 25000, ""minUnits"": 6, ""style"": 4, ""variables"": {""HealPercent"": 150.0}}]"
Set 3.5,3,mid,TFTSet3,10.18,Chrono,Chrono,2|4|6|8,"All allies gain @PercentAttackSpeed@% Attack Speed every few seconds.
(2) @Frequency@ seconds
(4) @Frequency@ seconds
(6) @Frequency@ seconds
(8) @Frequency@ seconds",All allies gain @PercentAttackSpeed@% Attack Speed every few seconds.<br><br><expandRow>(@MinUnits@) @Frequency@ seconds</expandRow>,"[{""maxUnits"": 3, ""minUnits"": 2, ""style"": 1, ""variables"": {""{2fb31c01}"": 8.0, ""{db1859c9}"": 15.0}}, {""maxUnits"": 5, ""minUnits"": 4, ""style"": 2, ""variables"": {""{2fb31c01}"": 3.0, ""{db1859c9}"": 15.0}}, {""maxUnits"": 7, ""minUnits"": 6, ""style"": 3, ""variables"": {""{2fb31c01}"": 1.0, ""{db1859c9}"": 15.0}}, {""maxUnits"": 25000, ""minUnits"": 8, ""style"": 4, ""variables"": {""{2fb31c01}"": 0.5, ""{db1859c9}"": 15.0}}]"
Set 3.5,3,mid,TFTSet3,10.18,Cybernetic,Cybernetic,3|6,"Cybernetic champions with at least one item (component or full) gain Health and Attack Damage.
(3) @HealthAmp@ Health and @ADAmp@ Attack Damage
(6) @HealthAmp@ Health and @ADAmp@ Attack Damage",Cybernetic champions with at least one item (component or full) gain Health and Attack Damage.<br><br><expandRow>(@MinUnits@) @HealthAmp@ Health and @ADAmp@ Attack Damage</expandRow>,"[{""maxUnits"": 5, ""minUnits"": 3, ""style"": 1, ""variables"": {""{1a46e36f}"": 300.0, ""{cfaa2ad6}"": 35.0}}, {""maxUnits"": 25000, ""minUnits"": 6, ""style"": 3, ""variables"": {""{1a46e36f}"": 550.0, ""{cfaa2ad6}"": 70.0}}]"
Set 3.5,3,mid,TFTSet3,10.18,DarkStar,Dark Star,2|4|6|8,"Whenever an allied Champion dies, Dark Star Champions gain Attack Damage and Spell Power.
(2) +@ADandSP@ Attack Damage and Spell Power
(4) +@ADandSP@ Attack Damage and Spell Power
(6) +@ADandSP@ Attack Damage and Spell Power
(8) +@ADandSP@ Attack Damage and Spell Power","Whenever an allied Champion dies, Dark Star Champions gain Attack Damage and Spell Power.<br><br><expandRow>(@MinUnits@) +@ADandSP@ Attack Damage and Spell Power</expandRow>","[{""maxUnits"": 3, ""minUnits"": 2, ""style"": 1, ""variables"": {""{1485c2a2}"": 8.0}}, {""maxUnits"": 5, ""minUnits"": 4, ""style"": 2, ""variables"": {""{1485c2a2}"": 18.0}}, {""maxUnits"": 7, ""minUnits"": 6, ""style"": 3, ""variables"": {""{1485c2a2}"": 28.0}}, {""maxUnits"": 25000, ""minUnits"": 8, ""style"": 4, ""variables"": {""{1485c2a2}"": 48.0}}]"
Set 3.5,3,mid,TFTSet3,10.18,Demolitionist,Demolitionist,2,(2) Damage from Demolitionists' spellcasts stuns their targets for 1.5 seconds. (Once per spellcast),<expandRow>(@MinUnits@) Damage from Demolitionists' spellcasts stuns their targets for @StunDuration@ seconds. (Once per spellcast)</expandRow>,"[{""maxUnits"": 25000, ""minUnits"": 2, ""style"": 3, ""variables"": {""StunDuration"": 1.5}}]"
Set 3.5,3,mid,TFTSet3,10.18,Infiltrator,Infiltrator,2|4|6,"Innate: At the start of combat, Infiltrators move to the enemy's backline.Infiltrators gain Attack Speed for @Duration@ seconds at the start of combat, refreshed on takedown.(@MinUnits@) @AttackSpeedPercent@% bonus Attack Speed(@MinUnits@) @AttackSpeedPercent@% bonus Attack Speed(@MinUnits@) @AttackSpeedPercent@% bonus Attack Speed","Innate: At the start of combat, Infiltrators move to the enemy's backline.<br><br>Infiltrators gain Attack Speed for @Duration@ seconds at the start of combat, refreshed on takedown.<br><br><row>(@MinUnits@) @AttackSpeedPercent@% bonus Attack Speed</row><br><row>(@MinUnits@) @AttackSpeedPercent@% bonus Attack Speed</row><br><row>(@MinUnits@) @AttackSpeedPercent@% bonus Attack Speed</row>","[{""maxUnits"": 3, ""minUnits"": 2, ""style"": 1, ""variables"": {""Duration"": 6.0, ""{650d33c0}"": 1.0, ""{a8ca7859}"": 40.0}}, {""maxUnits"": 5, ""minUnits"": 4, ""style"": 3, ""variables"": {""Duration"": 6.0, ""{650d33c0}"": 1.0, ""{a8ca7859}"": 80.0}}, {""maxUnits"": 25000, ""minUnits"": 6, ""style"": 4, ""variables"": {""Duration"": 6.0, ""{650d33c0}"": 1.0, ""{a8ca7859}"": 150.0}}]"
Set 3.5,3,mid,TFTSet3,10.18,ManaReaver,Mana-Reaver,2,(2) Mana-Reaver attacks increase the mana cost of their target's next spellcast by @CostIncreasePercent@%.,<expandRow>(@MinUnits@) Mana-Reaver attacks increase the mana cost of their target's next spellcast by @CostIncreasePercent@%.</expandRow>,"[{""maxUnits"": 25000, ""minUnits"": 2, ""style"": 3, ""variables"": {""{4d7069b1}"": 33.0}}]"
Set 3.5,3,mid,TFTSet3,10.18,MechPilot,Mech-Pilot,3,"(@MinUnits@) At the start of combat, three random Mech-Pilots are teleported into a Super-Mech.The Super-Mech has the Traits of its pilots, 3 random items from among them, and gains 60% of the combined Pilots' health and attack damage.When the Super-Mech dies the Pilots are ejected with @EjectedPilotHealthPercent@% of their maximum health and continue to fight.","(@MinUnits@) At the start of combat, three random Mech-Pilots are teleported into a Super-Mech.<br><br>The Super-Mech has the Traits of its pilots, 3 random items from among them, and gains 60% of the combined Pilots' health and attack damage.<br><br>When the Super-Mech dies the Pilots are ejected with @EjectedPilotHealthPercent@% of their maximum health and continue to fight.","[{""maxUnits"": 25000, ""minUnits"": 3, ""style"": 3, ""variables"": {""{092d19fb}"": 1500.0, ""{265b60fa}"": 35.0, ""{5dd40675}"": 0.6499999761581421, ""{952c9d9c}"": 0.6499999761581421, ""{d13e2b40}"": 0.800000011920929, ""{dc3931d7}"": ""null"", ""{ed41c244}"": 100.0}}]"
Set 3.5,3,mid,TFTSet3,10.18,Mercenary,Mercenary,1,Innate: Upgrades for Mercenaries' spells have a chance to appear in the shop.,Innate: Upgrades for Mercenaries' spells have a chance to appear in the shop.,"[{""maxUnits"": 25000, ""minUnits"": 1, ""style"": 3, ""variables"": {}}]"
Set 3.5,3,mid,TFTSet3,10.18,Set3_Mystic,Mystic,2|4,"All allies gain Magic Resistance.
(2) 50 Magic Resistance
(4) 120 Magic Resistance",All allies gain Magic Resistance.<br><br><expandRow>(@MinUnits@) @MagicResist@ Magic Resistance</expandRow>,"[{""maxUnits"": 3, ""minUnits"": 2, ""style"": 1, ""variables"": {""MagicResist"": 50.0}}, {""maxUnits"": 25000, ""minUnits"": 4, ""style"": 3, ""variables"": {""MagicResist"": 120.0}}]"
Set 3.5,3,mid,TFTSet3,10.18,Paragon,Paragon,1,"(@MinUnits@) The basic attacks of all allies are converted to magic damage. If allies are Star Guardians, basic attacks deal true damage instead.","(@MinUnits@) The basic attacks of all allies are converted to magic damage. If allies are Star Guardians, basic attacks deal true damage instead.","[{""maxUnits"": 25000, ""minUnits"": 1, ""style"": 3, ""variables"": {}}]"
Set 3.5,3,mid,TFTSet3,10.18,Protector,Protector,2|4|6,"Protectors shield themselves for @Duration@ seconds whenever they cast a spell. This shield doesn't stack.
 (2) 30% Maximum Health Shield
 (4) 40% Maximum Health Shield
 (6) 50% Maximum Health Shield",Protectors shield themselves for @Duration@ seconds whenever they cast a spell. This shield doesn't stack.<br><br><expandRow> (@MinUnits@) @ShieldPercent@% Maximum Health Shield</expandRow>,"[{""maxUnits"": 3, ""minUnits"": 2, ""style"": 1, ""variables"": {""Duration"": 4.0, ""ShieldPercent"": 30.0}}, {""maxUnits"": 5, ""minUnits"": 4, ""style"": 3, ""variables"": {""Duration"": 4.0, ""ShieldPercent"": 40.0}}, {""maxUnits"": 25000, ""minUnits"": 6, ""style"": 4, ""variables"": {""Duration"": 4.0, ""ShieldPercent"": 50.0}}]"
Set 3.5,3,mid,TFTSet3,10.18,Rebel,Rebel,3|6|9,"At the start of combat, Rebels gain a shield and bonus damage for each adjacent Rebel. The shield lasts for @ShieldDuration@ seconds.
(3) 150 Shield & 10% Damage
(6) 225 Shield & 12% Damage
(9) 400 Shield & 20% Damage","At the start of combat, Rebels gain a shield and bonus damage for each adjacent Rebel. The shield lasts for @ShieldDuration@ seconds.<br><br><expandRow>(@MinUnits@) @ShieldAmount@ Shield & @DamageAmp@% Damage</expandRow>","[{""maxUnits"": 5, ""minUnits"": 3, ""style"": 1, ""variables"": {""DamageAmp"": 10.0, ""ShieldAmount"": 150.0, ""ShieldDuration"": 8.0}}, {""maxUnits"": 8, ""minUnits"": 6, ""style"": 3, ""variables"": {""DamageAmp"": 12.0, ""ShieldAmount"": 225.0, ""ShieldDuration"": 8.0}}, {""maxUnits"": 25000, ""minUnits"": 9, ""style"": 4, ""variables"": {""DamageAmp"": 20.0, ""ShieldAmount"": 400.0, ""ShieldDuration"": 8.0}}]"
Set 3.5,3,mid,TFTSet3,10.18,Sniper,Sniper,2|4,"(2) Snipers deal @PercentDamageIncrease@% increased damage for each hex between themselves and their target.
(4) Snipers deal @PercentDamageIncrease@% increased damage for each hex between themselves and their target.",<expandRow>(@MinUnits@) Snipers deal @PercentDamageIncrease@% increased damage for each hex between themselves and their target.</expandRow>,"[{""maxUnits"": 3, ""minUnits"": 2, ""style"": 1, ""variables"": {""{75994f47}"": 9.0}}, {""maxUnits"": 25000, ""minUnits"": 4, ""style"": 3, ""variables"": {""{75994f47}"": 16.0}}]"
Set 3.5,3,mid,TFTSet3,10.18,Set3_Sorcerer,Sorcerer,2|4|6,"All allies have increased Spell Power.
(2) 20% Spell Power
(4) 40% Spell Power
(6) 70% Spell Power",All allies have increased Spell Power.<br><br><expandRow>(@MinUnits@) @AP@% Spell Power</expandRow>,"[{""maxUnits"": 3, ""minUnits"": 2, ""style"": 1, ""variables"": {""AP"": 20.0}}, {""maxUnits"": 5, ""minUnits"": 4, ""style"": 2, ""variables"": {""AP"": 40.0}}, {""maxUnits"": 25000, ""minUnits"": 6, ""style"": 3, ""variables"": {""AP"": 70.0}}]"
Set 3.5,3,mid,TFTSet3,10.18,SpacePirate,Space Pirate,2|4,Whenever a Space Pirate lands a killing blow on a Champion there is a chance to drop extra loot.(@MinUnits@) @CoinDropChance@% for 1 gold(@MinUnits@) @CoinDropChance@% for 1 gold and @ItemDropChance@% for a component item,Whenever a Space Pirate lands a killing blow on a Champion there is a chance to drop extra loot.<br><br><row>(@MinUnits@) @CoinDropChance@% for 1 gold</row><br><row>(@MinUnits@) @CoinDropChance@% for 1 gold and @ItemDropChance@% for a component item</row>,"[{""maxUnits"": 3, ""minUnits"": 2, ""style"": 1, ""variables"": {""{0f4980a5}"": 50.0, ""{c79d638b}"": ""null""}}, {""maxUnits"": 25000, ""minUnits"": 4, ""style"": 3, ""variables"": {""{0f4980a5}"": 50.0, ""{c79d638b}"": 33.0}}]"
Set 3.5,3,mid,TFTSet3,10.18,StarGuardian,Star Guardian,3|6|9,"Star Guardians' spellcasts grant Mana to other Star Guardians, spread among them.
(3) 15 Total Mana
(6) 25 Total Mana
(9) 60 Total Mana","Star Guardians' spellcasts grant Mana to other Star Guardians, spread among them.<br><br><expandRow>(@MinUnits@) @ManaRestore@ Total Mana</expandRow>","[{""maxUnits"": 5, ""minUnits"": 3, ""style"": 1, ""variables"": {""ManaRestore"": 15.0}}, {""maxUnits"": 8, ""minUnits"": 6, ""style"": 3, ""variables"": {""ManaRestore"": 25.0}}, {""maxUnits"": 25000, ""minUnits"": 9, ""style"": 4, ""variables"": {""ManaRestore"": 60.0}}]"
Set 3.5,3,mid,TFTSet3,10.18,Starship,Starship,1,"Innate: Starships gain @ManaPerSecond@ mana per second, maneuver around the board, and are immune to movement impairing effects, but can't make Basic Attacks.","Innate: Starships gain @ManaPerSecond@ mana per second, maneuver around the board, and are immune to movement impairing effects, but can't make Basic Attacks.","[{""maxUnits"": 25000, ""minUnits"": 1, ""style"": 3, ""variables"": {""{f9f3a081}"": 40.0}}]"
Set 3.5,3,mid,TFTSet3,10.18,Vanguard,Vanguard,2|4|6,"Vanguard champions gain bonus Armor.
(2) 125 Armor
(4) 300 Armor
(6) 900 Armor",Vanguard champions gain bonus Armor.<br><br><expandRow>(@MinUnits@) @Armor@ Armor</expandRow>,"[{""maxUnits"": 3, ""minUnits"": 2, ""style"": 1, ""variables"": {""Armor"": 125.0}}, {""maxUnits"": 5, ""minUnits"": 4, ""style"": 2, ""variables"": {""Armor"": 300.0}}, {""maxUnits"": 25000, ""minUnits"": 6, ""style"": 3, ""variables"": {""Armor"": 900.0}}]"
Set 4,4,base,TFTSet4,11.1,Set4_Adept,Adept,2|3|4,"Adepts calm the flow of battle, reducing the Attack Speed of all enemies by 50% for a few seconds at the start of combat.
(2) @AttackSpeedSlowDuration@ seconds
(3) @AttackSpeedSlowDuration@ seconds
(4) @AttackSpeedSlowDuration@ seconds","Adepts calm the flow of battle, reducing the Attack Speed of all enemies by 50% for a few seconds at the start of combat.<br><br><expandRow>(@MinUnits@) @AttackSpeedSlowDuration@ seconds</expandRow>","[{""maxUnits"": 2, ""minUnits"": 2, ""style"": 1, ""variables"": {""{948540e5}"": 2.0}}, {""maxUnits"": 3, ""minUnits"": 3, ""style"": 3, ""variables"": {""{948540e5}"": 3.5}}, {""maxUnits"": 25000, ""minUnits"": 4, ""style"": 4, ""variables"": {""{948540e5}"": 6.0}}]"
Set 4,4,base,TFTSet4,11.1,Set4_Assassin,Assassin,2|4|6,"Innate: At the start of combat, Assassins leap to the enemy backline.Assassins gain bonus Critical Strike Damage and Chance, and their spells can critically strike.
(2) +@CritAmpPercent@% Critical Strike Damage & +@CritChanceAmpPercent@% Critical Strike Chance
(4) +@CritAmpPercent@% Critical Strike Damage & +@CritChanceAmpPercent@% Critical Strike Chance
(6) +@CritAmpPercent@% Critical Strike Damage & +@CritChanceAmpPercent@% Critical Strike Chance","Innate: At the start of combat, Assassins leap to the enemy backline.<br><br>Assassins gain bonus Critical Strike Damage and Chance, and their spells can critically strike.<br><br><expandRow>(@MinUnits@) +@CritAmpPercent@% Critical Strike Damage & +@CritChanceAmpPercent@% Critical Strike Chance</expandRow><br>","[{""maxUnits"": 3, ""minUnits"": 2, ""style"": 1, ""variables"": {""{268f634e}"": 30.0, ""{9f2eb1e2}"": 10.0}}, {""maxUnits"": 5, ""minUnits"": 4, ""style"": 3, ""variables"": {""{268f634e}"": 60.0, ""{9f2eb1e2}"": 25.0}}, {""maxUnits"": 25000, ""minUnits"": 6, ""style"": 4, ""variables"": {""{268f634e}"": 90.0, ""{9f2eb1e2}"": 40.0}}]"
Set 4,4,base,TFTSet4,11.1,Set4_Brawler,Brawler,2|4|6|8,"Brawlers gain bonus Health.
(2) 400 Health
(4) 800 Health
(6) 1200 Health
(8) 1800 Health",Brawlers gain bonus Health.<br><br><expandRow>(@MinUnits@) @BonusHealth@ Health</expandRow><br>,"[{""maxUnits"": 3, ""minUnits"": 2, ""style"": 1, ""variables"": {""BonusHealth"": 400.0}}, {""maxUnits"": 5, ""minUnits"": 4, ""style"": 2, ""variables"": {""BonusHealth"": 800.0}}, {""maxUnits"": 7, ""minUnits"": 6, ""style"": 3, ""variables"": {""BonusHealth"": 1200.0}}, {""maxUnits"": 25000, ""minUnits"": 8, ""style"": 4, ""variables"": {""BonusHealth"": 1800.0}}]"
Set 4,4,base,TFTSet4,11.1,Cultist,Cultist,3|6|9,"Once your team loses @CultistHealthPercentTaken@% of their Health, Galio is summoned, slamming into the largest cluster of enemies and knocking them up. Galio's strength increases based on the total star level of all active Cultists.(@MinUnits@) Tyrant Galio(@MinUnits@) Demon Lord Galio(@MinUnits@) Supreme Overlord Galio","Once your team loses @CultistHealthPercentTaken@% of their Health, Galio is summoned, slamming into the largest cluster of enemies and knocking them up. Galio's strength increases based on the total star level of all active Cultists.<br><row>(@MinUnits@) Tyrant Galio</row><br><row>(@MinUnits@) Demon Lord Galio</row><br><row>(@MinUnits@) Supreme Overlord Galio</row>","[{""maxUnits"": 5, ""minUnits"": 3, ""style"": 1, ""variables"": {""Health"": 800.0, ""{0d36fce1}"": 1.0, ""{170c422e}"": 75.0, ""{2b3aecac}"": 0.14000000059604645, ""{a640a6f5}"": 50.0}}, {""maxUnits"": 8, ""minUnits"": 6, ""style"": 3, ""variables"": {""Health"": 1400.0, ""{0d36fce1}"": 2.0, ""{170c422e}"": 160.0, ""{2b3aecac}"": 0.14000000059604645, ""{a640a6f5}"": 50.0}}, {""maxUnits"": 25000, ""minUnits"": 9, ""style"": 4, ""variables"": {""Health"": 2000.0, ""{0d36fce1}"": 3.0, ""{170c422e}"": 280.0, ""{2b3aecac}"": 0.14000000059604645, ""{a640a6f5}"": 50.0}}]"
Set 4,4,base,TFTSet4,11.1,Set4_Dazzler,Dazzler,2|4,"Dazzlers' spells reduce the Attack Damage of enemies hit for @Duration@ seconds.
(2) @ADReduction@% Attack Damage reduction
(4) @ADReduction@% Attack Damage reduction",Dazzlers' spells reduce the Attack Damage of enemies hit for @Duration@ seconds.<br><br><expandRow>(@MinUnits@) @ADReduction@% Attack Damage reduction</expandRow><br>,"[{""maxUnits"": 3, ""minUnits"": 2, ""style"": 1, ""variables"": {""Duration"": 8.0, ""{b890a4c9}"": 40.0}}, {""maxUnits"": 25000, ""minUnits"": 4, ""style"": 3, ""variables"": {""Duration"": 8.0, ""{b890a4c9}"": 80.0}}]"
Set 4,4,base,TFTSet4,11.1,Divine,Divine,2|4|6|8,"Upon attacking @NumAttacksToProc@ times or dropping below @HealthThreshold@% Health, Divine champions remove all crowd control and ascend, taking @DamageReductionPercent@% reduced damage and dealing @BonusTrueDamagePercent@% bonus true damage for the duration.
(2) 3 seconds
(4) 6 seconds
(6) 9 seconds
(8) 15 seconds","Upon attacking @NumAttacksToProc@ times or dropping below @HealthThreshold@% Health, Divine champions remove all crowd control and ascend, taking @DamageReductionPercent@% reduced damage and dealing @BonusTrueDamagePercent@% bonus true damage for the duration.<br><br><expandRow>(@MinUnits@) @Duration@ seconds</expandRow>","[{""maxUnits"": 3, ""minUnits"": 2, ""style"": 1, ""variables"": {""Duration"": 3.0, ""HealthThreshold"": 50.0, ""{5064373e}"": 45.0, ""{ab28c2e5}"": 6.0, ""{db141d0a}"": 45.0}}, {""maxUnits"": 5, ""minUnits"": 4, ""style"": 2, ""variables"": {""Duration"": 6.0, ""HealthThreshold"": 50.0, ""{5064373e}"": 45.0, ""{ab28c2e5}"": 6.0, ""{db141d0a}"": 45.0}}, {""maxUnits"": 7, ""minUnits"": 6, ""style"": 3, ""variables"": {""Duration"": 9.0, ""HealthThreshold"": 50.0, ""{5064373e}"": 45.0, ""{ab28c2e5}"": 6.0, ""{db141d0a}"": 45.0}}, {""maxUnits"": 2500, ""minUnits"": 8, ""style"": 4, ""variables"": {""Duration"": 15.0, ""HealthThreshold"": 50.0, ""{5064373e}"": 45.0, ""{ab28c2e5}"": 6.0, ""{db141d0a}"": 45.0}}]"
Set 4,4,base,TFTSet4,11.1,Duelist,Duelist,2|4|6|8,"Innate: Duelists gain bonus Movement Speed.Duelists' attacks grant Attack Speed, up to @MaxStacks@ stacks.
(2) +12% Attack Speed per stack
(4) +20% Attack Speed per stack
(6) +35% Attack Speed per stack
(8) +60% Attack Speed per stack","Innate: Duelists gain bonus Movement Speed.<br><br>Duelists' attacks grant Attack Speed, up to @MaxStacks@ stacks.<br><br><expandRow>(@MinUnits@) +@AttackSpeed@% Attack Speed per stack</expandRow>","[{""maxUnits"": 3, ""minUnits"": 2, ""style"": 1, ""variables"": {""AttackSpeed"": 12.0, ""MaxStacks"": 8.0}}, {""maxUnits"": 5, ""minUnits"": 4, ""style"": 2, ""variables"": {""AttackSpeed"": 20.0, ""MaxStacks"": 8.0}}, {""maxUnits"": 7, ""minUnits"": 6, ""style"": 3, ""variables"": {""AttackSpeed"": 35.0, ""MaxStacks"": 8.0}}, {""maxUnits"": 25000, ""minUnits"": 8, ""style"": 4, ""variables"": {""AttackSpeed"": 60.0, ""MaxStacks"": 8.0}}]"
Set 4,4,base,TFTSet4,11.1,Dusk,Dusk,2|4|6,"Dusk champions increase all allies' Spell Power.(@MinUnits@) All allies gain @TeamSpellPower@% Spell Power(@MinUnits@) And Dusk champions gain an additional @DuskSpellPower@%(@MinUnits@) @TeamSpellPower@% Spell Power for all, and an extra @DuskSpellPower@% for Dusk champions","Dusk champions increase all allies' Spell Power.<br><row>(@MinUnits@) All allies gain @TeamSpellPower@% Spell Power</row><br><row>(@MinUnits@) And Dusk champions gain an additional @DuskSpellPower@%</row><br><row>(@MinUnits@) @TeamSpellPower@% Spell Power for all, and an extra @DuskSpellPower@% for Dusk champions</row><br>","[{""maxUnits"": 3, ""minUnits"": 2, ""style"": 1, ""variables"": {""{845f7bf3}"": ""null"", ""{aa5d5de7}"": 20.0}}, {""maxUnits"": 5, ""minUnits"": 4, ""style"": 3, ""variables"": {""{845f7bf3}"": 50.0, ""{aa5d5de7}"": 20.0}}, {""maxUnits"": 25000, ""minUnits"": 6, ""style"": 4, ""variables"": {""{845f7bf3}"": 70.0, ""{aa5d5de7}"": 40.0}}]"
Set 4,4,base,TFTSet4,11.1,Set4_Elderwood,Elderwood,3|6|9,"Every two seconds all Elderwood champions grow, gaining bonus stats. This effect stacks up to five times.
(3) 20 Armor and Magic Resist, @BonusADSP@ Attack Damage and Spell Power
(6) 30 Armor and Magic Resist, @BonusADSP@ Attack Damage and Spell Power
(9) 40 Armor and Magic Resist, @BonusADSP@ Attack Damage and Spell Power","Every two seconds all Elderwood champions grow, gaining bonus stats. This effect stacks up to five times.<br><br><expandRow>(@MinUnits@) @BonusResists@ Armor and Magic Resist, @BonusADSP@ Attack Damage and Spell Power</expandRow>","[{""maxUnits"": 5, ""minUnits"": 3, ""style"": 1, ""variables"": {""BonusResists"": 20.0, ""MaxStacks"": 5.0, ""{471b1a16}"": 2.0, ""{980d95cd}"": 0.019999999552965164, ""{d53b93b2}"": 5.0}}, {""maxUnits"": 8, ""minUnits"": 6, ""style"": 3, ""variables"": {""BonusResists"": 30.0, ""MaxStacks"": 5.0, ""{471b1a16}"": 2.0, ""{980d95cd}"": 0.03999999910593033, ""{d53b93b2}"": 10.0}}, {""maxUnits"": 25000, ""minUnits"": 9, ""style"": 4, ""variables"": {""BonusResists"": 40.0, ""MaxStacks"": 5.0, ""{471b1a16}"": 2.0, ""{980d95cd}"": 0.05999999865889549, ""{d53b93b2}"": 20.0}}]"
Set 4,4,base,TFTSet4,11.1,Emperor,Emperor,1,"The Emperor deploys with two Sand Guards who can be placed anywhere on the battlefield. They do not move or attack, and die when their Emperor does.","The Emperor deploys with two Sand Guards who can be placed anywhere on the battlefield. They do not move or attack, and die when their Emperor does.","[{""maxUnits"": 1, ""minUnits"": 1, ""style"": 3, ""variables"": {}}]"
Set 4,4,base,TFTSet4,11.1,Set4_Enlightened,Enlightened,2|4|6,"Enlightened champions generate more Mana.
(2) @ManaAmp@% increase
(4) @ManaAmp@% increase
(6) @ManaAmp@% increase",Enlightened champions generate more Mana.<br><br><expandRow>(@MinUnits@) @ManaAmp@% increase</expandRow>,"[{""maxUnits"": 3, ""minUnits"": 2, ""style"": 1, ""variables"": {""{5d972a6c}"": 40.0}}, {""maxUnits"": 5, ""minUnits"": 4, ""style"": 2, ""variables"": {""{5d972a6c}"": 70.0}}, {""maxUnits"": 25000, ""minUnits"": 6, ""style"": 3, ""variables"": {""{5d972a6c}"": 100.0}}]"
Set 4,4,base,TFTSet4,11.1,Set4_Exile,Exile,1|2,"If an Exile has no adjacent allies at the start of combat, they gain:(@MinUnits@) A shield equal to @ShieldPercent@% of their maximum health(@MinUnits@) And @LifeSteal@% Lifesteal","If an Exile has no adjacent allies at the start of combat, they gain:<br><br><row>(@MinUnits@) A shield equal to @ShieldPercent@% of their maximum health</row><br><row>(@MinUnits@) And @LifeSteal@% Lifesteal</row><br><br>","[{""maxUnits"": 1, ""minUnits"": 1, ""style"": 1, ""variables"": {""LifeSteal"": ""null"", ""ShieldPercent"": 50.0}}, {""maxUnits"": 25000, ""minUnits"": 2, ""style"": 3, ""variables"": {""LifeSteal"": 80.0, ""ShieldPercent"": 50.0}}]"
Set 4,4,base,TFTSet4,11.1,Fortune,Fortune,3|6,"(@MinUnits@) Winning combat against a player will give bonus orbs. The longer you've gone without an orb, the bigger the payout! (@MinUnits@) Wins give an extra bonus orb with rare loot.","<row>(@MinUnits@) Winning combat against a player will give bonus orbs. The longer you've gone without an orb, the bigger the payout! </row><br><row>(@MinUnits@) Wins give an extra bonus orb with rare loot.</row><br>","[{""maxUnits"": 5, ""minUnits"": 3, ""style"": 3, ""variables"": {""{b18a259c}"": 1.0}}, {""maxUnits"": 25000, ""minUnits"": 6, ""style"": 4, ""variables"": {""{b18a259c}"": 2.0}}]"
Set 4,4,base,TFTSet4,11.1,Hunter,Hunter,2|3|4|5,"Every few seconds, all Hunters will attack the lowest percent Health enemy, dealing bonus damage.
(2) 125% bonus damage every @ShotFrequency@ seconds
(3) 150% bonus damage every @ShotFrequency@ seconds
(4) 175% bonus damage every @ShotFrequency@ seconds
(5) 200% bonus damage every @ShotFrequency@ seconds","Every few seconds, all Hunters will attack the lowest percent Health enemy, dealing bonus damage.<br><br><expandRow>(@MinUnits@) @DamageAmp@% bonus damage every @ShotFrequency@ seconds</expandRow>","[{""maxUnits"": 2, ""minUnits"": 2, ""style"": 1, ""variables"": {""DamageAmp"": 125.0, ""{428a4c11}"": 3.5}}, {""maxUnits"": 3, ""minUnits"": 3, ""style"": 2, ""variables"": {""DamageAmp"": 150.0, ""{428a4c11}"": 3.0}}, {""maxUnits"": 4, ""minUnits"": 4, ""style"": 3, ""variables"": {""DamageAmp"": 175.0, ""{428a4c11}"": 2.5}}, {""maxUnits"": 25000, ""minUnits"": 5, ""style"": 4, ""variables"": {""DamageAmp"": 200.0, ""{428a4c11}"": 2.0}}]"
Set 4,4,base,TFTSet4,11.1,Keeper,Keeper,2|4|6,"At the start of combat, Keepers grant themselves and all adjacent allies a Shield for a duration. This Shield is 50% stronger on Keepers.
(2) 150 Shield, 8 seconds
(4) 225 Shield, 10 seconds
(6) 350 Shield, 12 seconds","At the start of combat, Keepers grant themselves and all adjacent allies a Shield for a duration. This Shield is 50% stronger on Keepers.<br><br><expandRow>(@MinUnits@) @ShieldAmount@ Shield, @Duration@ seconds</expandRow>","[{""maxUnits"": 3, ""minUnits"": 2, ""style"": 1, ""variables"": {""Duration"": 8.0, ""ShieldAmount"": 150.0, ""{995b1992}"": 50.0}}, {""maxUnits"": 5, ""minUnits"": 4, ""style"": 3, ""variables"": {""Duration"": 10.0, ""ShieldAmount"": 225.0, ""{995b1992}"": 50.0}}, {""maxUnits"": 25000, ""minUnits"": 6, ""style"": 4, ""variables"": {""Duration"": 12.0, ""ShieldAmount"": 350.0, ""{995b1992}"": 50.0}}]"
Set 4,4,base,TFTSet4,11.1,Set4_Mage,Mage,3|6|9,"Mages cast twice and have modified Spell Power.
(3) @SPPercent@% of their total Spell Power
(6) @SPPercent@% of their total Spell Power
(9) @SPPercent@% of their total Spell Power",Mages cast twice and have modified Spell Power.<br><br><expandRow>(@MinUnits@) @SPPercent@% of their total Spell Power</expandRow>,"[{""maxUnits"": 5, ""minUnits"": 3, ""style"": 1, ""variables"": {""{1163964f}"": 80.0, ""{b4a90a5d}"": 100.0}}, {""maxUnits"": 8, ""minUnits"": 6, ""style"": 3, ""variables"": {""{1163964f}"": 120.0, ""{b4a90a5d}"": 100.0}}, {""maxUnits"": 25000, ""minUnits"": 9, ""style"": 4, ""variables"": {""{1163964f}"": 180.0, ""{b4a90a5d}"": 100.0}}]"
Set 4,4,base,TFTSet4,11.1,Moonlight,Moonlight,3|5,"(@MinUnits@) At the start of combat, a number of Moonlight Champions star up once until combat ends.(Prioritizes the lowest star-level champions. If tied, champions with the most items are chosen.)(@MinUnits@) @NumberOfChampions@ Champion(@MinUnits@) @NumberOfChampions@ Champions","(@MinUnits@) At the start of combat, a number of Moonlight Champions star up once until combat ends.<br><br>(Prioritizes the lowest star-level champions. If tied, champions with the most items are chosen.)<br><br><row>(@MinUnits@) @NumberOfChampions@ Champion</row><br><row>(@MinUnits@) @NumberOfChampions@ Champions</row>","[{""maxUnits"": 4, ""minUnits"": 3, ""style"": 3, ""variables"": {""{a6d1e24b}"": 1.0}}, {""maxUnits"": 25000, ""minUnits"": 5, ""style"": 4, ""variables"": {""{a6d1e24b}"": 2.0}}]"
Set 4,4,base,TFTSet4,11.1,Set4_Mystic,Mystic,2|4|6,"All allies gain Magic Resistance.
(2) 40 Magic Resistance
(4) 100 Magic Resistance
(6) 200 Magic Resistance",All allies gain Magic Resistance.<br><br><expandRow>(@MinUnits@) @MagicResist@ Magic Resistance</expandRow>,"[{""maxUnits"": 3, ""minUnits"": 2, ""style"": 1, ""variables"": {""MagicResist"": 40.0}}, {""maxUnits"": 5, ""minUnits"": 4, ""style"": 3, ""variables"": {""MagicResist"": 100.0}}, {""maxUnits"": 25000, ""minUnits"": 6, ""style"": 4, ""variables"": {""MagicResist"": 200.0}}]"
Set 4,4,base,TFTSet4,11.1,Set4_Ninja,Ninja,1|4,Ninjas gain bonus Attack Damage and Spell Power.This trait is only active when you have exactly 1 or 4 unique Ninjas.(@MinUnits@) Ninja gains +@ADValue@ Attack Damage & +@APValue@% Spell Power(@MinUnits@) All Ninjas gain +@ADValue@ Attack Damage & +@APValue@% Spell Power,Ninjas gain bonus Attack Damage and Spell Power.<br><br>This trait is only active when you have exactly 1 or 4 unique Ninjas.<br><br><row>(@MinUnits@) Ninja gains +@ADValue@ Attack Damage & +@APValue@% Spell Power</row><br><row>(@MinUnits@) All Ninjas gain +@ADValue@ Attack Damage & +@APValue@% Spell Power</row>,"[{""maxUnits"": 1, ""minUnits"": 1, ""style"": 1, ""variables"": {""{5eb5fde9}"": 50.0, ""{fa127f0d}"": 50.0}}, {""maxUnits"": 4, ""minUnits"": 4, ""style"": 3, ""variables"": {""{5eb5fde9}"": 140.0, ""{fa127f0d}"": 140.0}}]"
Set 4,4,base,TFTSet4,11.1,Set4_Shade,Shade,2|3|4,"Innate: When combat starts, Shades teleport to the enemy backline.Shades dip into the shadows after every @NumberOfAttacks@ attacks, stealthing and causing their next basic attack to deal bonus magic damage.
(2) 125 bonus damage
(3) 400 bonus damage
(4) 750 bonus damage","Innate: When combat starts, Shades teleport to the enemy backline.<br><br>Shades dip into the shadows after every @NumberOfAttacks@ attacks, stealthing and causing their next basic attack to deal bonus magic damage.<br><br><expandRow>(@MinUnits@) @Damage@ bonus damage</expandRow>","[{""maxUnits"": 2, ""minUnits"": 2, ""style"": 1, ""variables"": {""Damage"": 125.0, ""{0140347e}"": 3.0}}, {""maxUnits"": 3, ""minUnits"": 3, ""style"": 3, ""variables"": {""Damage"": 400.0, ""{0140347e}"": 3.0}}, {""maxUnits"": 28, ""minUnits"": 4, ""style"": 4, ""variables"": {""Damage"": 750.0, ""{0140347e}"": 3.0}}]"
Set 4,4,base,TFTSet4,11.1,Sharpshooter,Sharpshooter,2|4|6,"Sharpshooters' attacks and spells ricochet to nearby enemies, dealing reduced damage.
(2) @MaxBounces@ ricochets with @PercentDamageReduction@% reduced damage
(4) @MaxBounces@ ricochets with @PercentDamageReduction@% reduced damage
(6) @MaxBounces@ ricochets with @PercentDamageReduction@% reduced damage","Sharpshooters' attacks and spells ricochet to nearby enemies, dealing reduced damage.<br><br><expandRow>(@MinUnits@) @MaxBounces@ ricochets with @PercentDamageReduction@% reduced damage</expandRow><br><br><br>","[{""maxUnits"": 3, ""minUnits"": 2, ""style"": 1, ""variables"": {""{76740106}"": 1.0, ""{bdd452e8}"": 55.0}}, {""maxUnits"": 5, ""minUnits"": 4, ""style"": 3, ""variables"": {""{76740106}"": 2.0, ""{bdd452e8}"": 50.0}}, {""maxUnits"": 25000, ""minUnits"": 6, ""style"": 4, ""variables"": {""{76740106}"": 3.0, ""{bdd452e8}"": 45.0}}]"
Set 4,4,base,TFTSet4,11.1,Set4_Spirit,Spirit,2|4,"The first time a Spirit casts their spell, all allies gain Attack Speed based on the spell's mana cost.(@MinUnits@) @AttackSpeedManaCostPercent@% of mana cost(@MinUnits@) @AttackSpeedManaCostPercent@% of mana cost","The first time a Spirit casts their spell, all allies gain Attack Speed based on the spell's mana cost.<br><br><row>(@MinUnits@) @AttackSpeedManaCostPercent@% of mana cost</row><br><row>(@MinUnits@) @AttackSpeedManaCostPercent@% of mana cost</row><br>","[{""maxUnits"": 3, ""minUnits"": 2, ""style"": 1, ""variables"": {""{dbd3e597}"": 35.0}}, {""maxUnits"": 28, ""minUnits"": 4, ""style"": 3, ""variables"": {""{dbd3e597}"": 70.0}}]"
Set 4,4,base,TFTSet4,11.1,Boss,The Boss,1,"When The Boss first drops below 40% Health, he leaves combat to start doing sit-ups. Each sit-up restores @HealPercent@% of his maximum Health and gives him @AttackSpeedPercent@% Attack and Movement Speed. If he reaches full Health he returns to combat Pumped Up: all of his attacks and spells deal true damage. If all of his allies die, he will immediately return to combat.","When The Boss first drops below 40% Health, he leaves combat to start doing sit-ups. Each sit-up restores @HealPercent@% of his maximum Health and gives him @AttackSpeedPercent@% Attack and Movement Speed. If he reaches full Health he returns to combat Pumped Up: all of his attacks and spells deal true damage. If all of his allies die, he will immediately return to combat.","[{""maxUnits"": 25000, ""minUnits"": 1, ""style"": 3, ""variables"": {""HealPercent"": 15.0, ""{a8ca7859}"": 40.0}}]"
Set 4,4,base,TFTSet4,11.1,Set4_Tormented,Tormented,1,"Tormented can be transformed after participating in @RoundsToTransform@ combats, enhancing their abilities.","Tormented can be transformed after participating in @RoundsToTransform@ combats, enhancing their abilities.","[{""maxUnits"": 25000, ""minUnits"": 1, ""style"": 3, ""variables"": {""{5ef02437}"": 3.0}}]"
Set 4,4,base,TFTSet4,11.1,Set4_Vanguard,Vanguard,2|4|6|8,"Vanguard champions gain bonus Armor.
(2) 120 Armor
(4) 300 Armor
(6) 750 Armor
(8) 2000 Armor",Vanguard champions gain bonus Armor.<br><br><expandRow>(@MinUnits@) @Armor@ Armor</expandRow>,"[{""maxUnits"": 3, ""minUnits"": 2, ""style"": 1, ""variables"": {""Armor"": 120.0}}, {""maxUnits"": 5, ""minUnits"": 4, ""style"": 2, ""variables"": {""Armor"": 300.0}}, {""maxUnits"": 7, ""minUnits"": 6, ""style"": 3, ""variables"": {""Armor"": 750.0}}, {""maxUnits"": 25000, ""minUnits"": 8, ""style"": 4, ""variables"": {""Armor"": 2000.0}}]"
Set 4,4,base,TFTSet4,11.1,Warlord,Warlord,3|6|9,"Warlords have bonus Health and Spell Power. Each victorious combat they participate in increases the bonus by @VictoryPercent@%, stacking up to @MaxCombats@ times.
(3) @InitialHealth@ Health & @InitialSP@ Spell Power
(6) @InitialHealth@ Health & @InitialSP@ Spell Power
(9) @InitialHealth@ Health & @InitialSP@ Spell Power","Warlords have bonus Health and Spell Power. Each victorious combat they participate in increases the bonus by @VictoryPercent@%, stacking up to @MaxCombats@ times.<br><br><expandRow>(@MinUnits@) @InitialHealth@ Health & @InitialSP@ Spell Power</expandRow>","[{""maxUnits"": 5, ""minUnits"": 3, ""style"": 1, ""variables"": {""{0d6fd940}"": 20.0, ""{14853b15}"": 200.0, ""{4d63b2aa}"": 10.0, ""{8f2e74ba}"": 5.0}}, {""maxUnits"": 8, ""minUnits"": 6, ""style"": 3, ""variables"": {""{0d6fd940}"": 40.0, ""{14853b15}"": 450.0, ""{4d63b2aa}"": 10.0, ""{8f2e74ba}"": 5.0}}, {""maxUnits"": 25000, ""minUnits"": 9, ""style"": 4, ""variables"": {""{0d6fd940}"": 70.0, ""{14853b15}"": 700.0, ""{4d63b2aa}"": 10.0, ""{8f2e74ba}"": 5.0}}]"
Set 4.5,4,mid,TFTSet4_Act2,11.8,Set4_Adept,Adept,2|3|4,"Adepts calm the flow of battle, reducing the Attack Speed of all enemies by 50% for a few seconds at the start of combat.
(2) @AttackSpeedSlowDuration@ seconds
(3) @AttackSpeedSlowDuration@ seconds
(4) @AttackSpeedSlowDuration@ seconds","Adepts calm the flow of battle, reducing the Attack Speed of all enemies by 50% for a few seconds at the start of combat.<br><br><expandRow>(@MinUnits@) @AttackSpeedSlowDuration@ seconds</expandRow>","[{""maxUnits"": 2, ""minUnits"": 2, ""style"": 1, ""variables"": {""{948540e5}"": 2.0}}, {""maxUnits"": 3, ""minUnits"": 3, ""style"": 3, ""variables"": {""{948540e5}"": 3.5}}, {""maxUnits"": 25000, ""minUnits"": 4, ""style"": 4, ""variables"": {""{948540e5}"": 6.0}}]"
Set 4.5,4,mid,TFTSet4_Act2,11.8,Set4_Assassin,Assassin,2|4|6,"Innate: At the start of combat, Assassins leap to the enemy backline.Assassins gain bonus Critical Strike Damage and Chance, and their spells can critically strike.
(2) +@CritAmpPercent@% Critical Strike Damage & +@CritChanceAmpPercent@% Critical Strike Chance
(4) +@CritAmpPercent@% Critical Strike Damage & +@CritChanceAmpPercent@% Critical Strike Chance
(6) +@CritAmpPercent@% Critical Strike Damage & +@CritChanceAmpPercent@% Critical Strike Chance","Innate: At the start of combat, Assassins leap to the enemy backline.<br><br>Assassins gain bonus Critical Strike Damage and Chance, and their spells can critically strike.<br><br><expandRow>(@MinUnits@) +@CritAmpPercent@% Critical Strike Damage & +@CritChanceAmpPercent@% Critical Strike Chance</expandRow><br>","[{""maxUnits"": 3, ""minUnits"": 2, ""style"": 1, ""variables"": {""{268f634e}"": 25.0, ""{9f2eb1e2}"": 10.0}}, {""maxUnits"": 5, ""minUnits"": 4, ""style"": 3, ""variables"": {""{268f634e}"": 55.0, ""{9f2eb1e2}"": 30.0}}, {""maxUnits"": 25000, ""minUnits"": 6, ""style"": 4, ""variables"": {""{268f634e}"": 90.0, ""{9f2eb1e2}"": 50.0}}]"
Set 4.5,4,mid,TFTSet4_Act2,11.8,Set4_Blacksmith,Blacksmith,1,"After each combat a Blacksmith participates in, they will make progress forging an Artifact. The higher their star-level, the faster they work. Once the Artifact is complete, it will become available to bestow upon an ally.Each ally may only equip one Artifact.","After each combat a Blacksmith participates in, they will make progress forging an Artifact. The higher their star-level, the faster they work. Once the Artifact is complete, it will become available to bestow upon an ally.<br><br>Each ally may only equip one Artifact.","[{""maxUnits"": 25000, ""minUnits"": 1, ""style"": 3, ""variables"": {}}]"
Set 4.5,4,mid,TFTSet4_Act2,11.8,Set4_Brawler,Brawler,2|4|6|8,"Brawlers gain bonus Health and Attack Damage.
(2) 400 Health and 10 Attack Damage
(4) 700 Health and 20 Attack Damage
(6) 1000 Health and 40 Attack Damage
(8) 1400 Health and 80 Attack Damage",Brawlers gain bonus Health and Attack Damage.<br><br><expandRow>(@MinUnits@) @BonusHealth@ Health and @BonusAD@ Attack Damage</expandRow><br>,"[{""maxUnits"": 3, ""minUnits"": 2, ""style"": 1, ""variables"": {""BonusAD"": 10.0, ""BonusHealth"": 400.0}}, {""maxUnits"": 5, ""minUnits"": 4, ""style"": 2, ""variables"": {""BonusAD"": 20.0, ""BonusHealth"": 700.0}}, {""maxUnits"": 7, ""minUnits"": 6, ""style"": 3, ""variables"": {""BonusAD"": 40.0, ""BonusHealth"": 1000.0}}, {""maxUnits"": 25000, ""minUnits"": 8, ""style"": 4, ""variables"": {""BonusAD"": 80.0, ""BonusHealth"": 1400.0}}]"
Set 4.5,4,mid,TFTSet4_Act2,11.8,Cultist,Cultist,3|6|9,"Once your team loses @CultistHealthPercentTaken@% of their Health, Galio is summoned, slamming into the largest cluster of enemies and knocking them up. Galio's strength increases based on the total star level of all active Cultists.(@MinUnits@) Tyrant Galio(@MinUnits@) Demon Lord Galio(@MinUnits@) Supreme Overlord Galio","Once your team loses @CultistHealthPercentTaken@% of their Health, Galio is summoned, slamming into the largest cluster of enemies and knocking them up. Galio's strength increases based on the total star level of all active Cultists.<br><row>(@MinUnits@) Tyrant Galio</row><br><row>(@MinUnits@) Demon Lord Galio</row><br><row>(@MinUnits@) Supreme Overlord Galio</row>","[{""maxUnits"": 5, ""minUnits"": 3, ""style"": 1, ""variables"": {""Health"": 800.0, ""{0d36fce1}"": 1.0, ""{170c422e}"": 80.0, ""{2b3aecac}"": 0.1599999964237213, ""{54e3a48d}"": ""null"", ""{9456c371}"": ""null"", ""{a640a6f5}"": 50.0}}, {""maxUnits"": 8, ""minUnits"": 6, ""style"": 3, ""variables"": {""Health"": 1300.0, ""{0d36fce1}"": 2.0, ""{170c422e}"": 165.0, ""{2b3aecac}"": 0.1599999964237213, ""{54e3a48d}"": ""null"", ""{9456c371}"": ""null"", ""{a640a6f5}"": 50.0}}, {""maxUnits"": 25000, ""minUnits"": 9, ""style"": 4, ""variables"": {""Health"": 2000.0, ""{0d36fce1}"": 3.0, ""{170c422e}"": 330.0, ""{2b3aecac}"": 0.1599999964237213, ""{54e3a48d}"": 20.0, ""{9456c371}"": 60.0, ""{a640a6f5}"": 50.0}}]"
Set 4.5,4,mid,TFTSet4_Act2,11.8,Set4_Daredevil,Daredevil,1,"Daredevils seek the thrill of battle, dashing after every other attack. After every dash, they shield themselves for @DaredevilShieldHealthPercent@% of their max health and their next attack fires @DaredevilShots@ shots, gaining Style. At max Style, they cast their spell.","Daredevils seek the thrill of battle, dashing after every other attack. After every dash, they shield themselves for @DaredevilShieldHealthPercent@% of their max health and their next attack fires @DaredevilShots@ shots, gaining Style. At max Style, they cast their spell.<br>","[{""maxUnits"": 25000, ""minUnits"": 1, ""style"": 3, ""variables"": {""ShieldDuration"": 4.0, ""{5789a3c4}"": 2.0, ""{cead01e5}"": 10.0}}]"
Set 4.5,4,mid,TFTSet4_Act2,11.8,Divine,Divine,2|4|6|8,"Upon attacking @NumAttacksToProc@ times or dropping below @HealthThreshold@% Health, Divine champions remove all crowd control and ascend, gaining damage reduction and dealing bonus true damage for @Duration@ seconds.
(2) @DamageReductionPercent@% damage reduction and @BonusTrueDamagePercent@% true damage
(4) @DamageReductionPercent@% damage reduction and @BonusTrueDamagePercent@% true damage
(6) @DamageReductionPercent@% damage reduction and @BonusTrueDamagePercent@% true damage
(8) @DamageReductionPercent@% damage reduction and @BonusTrueDamagePercent@% true damage","Upon attacking @NumAttacksToProc@ times or dropping below @HealthThreshold@% Health, Divine champions remove all crowd control and ascend, gaining damage reduction and dealing bonus true damage for @Duration@ seconds.<br><br><expandRow>(@MinUnits@) @DamageReductionPercent@% damage reduction and @BonusTrueDamagePercent@% true damage</expandRow>","[{""maxUnits"": 3, ""minUnits"": 2, ""style"": 1, ""variables"": {""Duration"": 6.0, ""HealthThreshold"": 50.0, ""{5064373e}"": 25.0, ""{ab28c2e5}"": 6.0, ""{db141d0a}"": 25.0}}, {""maxUnits"": 5, ""minUnits"": 4, ""style"": 2, ""variables"": {""Duration"": 6.0, ""HealthThreshold"": 50.0, ""{5064373e}"": 40.0, ""{ab28c2e5}"": 6.0, ""{db141d0a}"": 40.0}}, {""maxUnits"": 7, ""minUnits"": 6, ""style"": 3, ""variables"": {""Duration"": 6.0, ""HealthThreshold"": 50.0, ""{5064373e}"": 55.0, ""{ab28c2e5}"": 6.0, ""{db141d0a}"": 55.0}}, {""maxUnits"": 2500, ""minUnits"": 8, ""style"": 4, ""variables"": {""Duration"": 6.0, ""HealthThreshold"": 50.0, ""{5064373e}"": 70.0, ""{ab28c2e5}"": 6.0, ""{db141d0a}"": 70.0}}]"
Set 4.5,4,mid,TFTSet4_Act2,11.8,Set4_Dragonsoul,Dragonsoul,3|6|9,"The first Dragonsoul allies to take damage in combat receive the Dragon's Blessing. While blessed, the unit gains bonus stats, and every 5th attack fires a Dragonsoul blast, dealing @DragonBreathDamage@% of the target's maximum Health in magic damage.On death, this blessing passes to the closest Dragonsoul ally without a blessing.(@MinUnits@) @NumBlessings@ Blessing; @BonusSP@ AS & SP (@MinUnits@) @NumBlessings@ Blessings; @BonusSP@ AS & SP(@MinUnits@) @NumBlessings@ Blessings; @BonusSP@ AS & SP","The first Dragonsoul allies to take damage in combat receive the Dragon's Blessing. While blessed, the unit gains bonus stats, and every 5th attack fires a Dragonsoul blast, dealing @DragonBreathDamage@% of the target's maximum Health in magic damage.<br><br>On death, this blessing passes to the closest Dragonsoul ally without a blessing.<br><br><row>(@MinUnits@) @NumBlessings@ Blessing; @BonusSP@ AS & SP </row><br><row>(@MinUnits@) @NumBlessings@ Blessings; @BonusSP@ AS & SP</row><br><row>(@MinUnits@) @NumBlessings@ Blessings; @BonusSP@ AS & SP</row><br>","[{""maxUnits"": 5, ""minUnits"": 3, ""style"": 1, ""variables"": {""BonusAS"": 40.0, ""{7f667f2b}"": 1.0, ""{c0c9af7f}"": 40.0, ""{ce431481}"": 40.0}}, {""maxUnits"": 8, ""minUnits"": 6, ""style"": 3, ""variables"": {""BonusAS"": 70.0, ""{7f667f2b}"": 3.0, ""{c0c9af7f}"": 70.0, ""{ce431481}"": 40.0}}, {""maxUnits"": 25000, ""minUnits"": 9, ""style"": 4, ""variables"": {""BonusAS"": 140.0, ""{7f667f2b}"": 6.0, ""{c0c9af7f}"": 140.0, ""{ce431481}"": 40.0}}]"
Set 4.5,4,mid,TFTSet4_Act2,11.8,Duelist,Duelist,2|4|6|8,"Innate: Duelists gain bonus Movement Speed.Duelists' attacks grant Attack Speed, up to @MaxStacks@ stacks.
(2) +12% Attack Speed per stack
(4) +20% Attack Speed per stack
(6) +35% Attack Speed per stack
(8) +60% Attack Speed per stack","Innate: Duelists gain bonus Movement Speed.<br><br>Duelists' attacks grant Attack Speed, up to @MaxStacks@ stacks.<br><br><expandRow>(@MinUnits@) +@AttackSpeed@% Attack Speed per stack</expandRow>","[{""maxUnits"": 3, ""minUnits"": 2, ""style"": 1, ""variables"": {""AttackSpeed"": 12.0, ""MaxStacks"": 8.0}}, {""maxUnits"": 5, ""minUnits"": 4, ""style"": 2, ""variables"": {""AttackSpeed"": 20.0, ""MaxStacks"": 8.0}}, {""maxUnits"": 7, ""minUnits"": 6, ""style"": 3, ""variables"": {""AttackSpeed"": 35.0, ""MaxStacks"": 8.0}}, {""maxUnits"": 25000, ""minUnits"": 8, ""style"": 4, ""variables"": {""AttackSpeed"": 60.0, ""MaxStacks"": 8.0}}]"
Set 4.5,4,mid,TFTSet4_Act2,11.8,Set4_Elderwood,Elderwood,3|6|9,"Every two seconds all Elderwood champions grow, gaining bonus stats. This effect stacks up to five times.
(3) 15 Armor and Magic Resist, @BonusADSP@ Attack Damage and Spell Power
(6) 20 Armor and Magic Resist, @BonusADSP@ Attack Damage and Spell Power
(9) 30 Armor and Magic Resist, @BonusADSP@ Attack Damage and Spell Power","Every two seconds all Elderwood champions grow, gaining bonus stats. This effect stacks up to five times.<br><br><expandRow>(@MinUnits@) @BonusResists@ Armor and Magic Resist, @BonusADSP@ Attack Damage and Spell Power</expandRow>","[{""maxUnits"": 5, ""minUnits"": 3, ""style"": 1, ""variables"": {""BonusResists"": 15.0, ""MaxStacks"": 5.0, ""{471b1a16}"": 2.0, ""{980d95cd}"": 0.019999999552965164, ""{d53b93b2}"": 5.0}}, {""maxUnits"": 8, ""minUnits"": 6, ""style"": 3, ""variables"": {""BonusResists"": 20.0, ""MaxStacks"": 5.0, ""{471b1a16}"": 2.0, ""{980d95cd}"": 0.03999999910593033, ""{d53b93b2}"": 10.0}}, {""maxUnits"": 25000, ""minUnits"": 9, ""style"": 4, ""variables"": {""BonusResists"": 30.0, ""MaxStacks"": 5.0, ""{471b1a16}"": 2.0, ""{980d95cd}"": 0.05999999865889549, ""{d53b93b2}"": 15.0}}]"
Set 4.5,4,mid,TFTSet4_Act2,11.8,Emperor,Emperor,1,"The Emperor deploys with two Sand Guards who can be placed anywhere on the battlefield. They do not move or attack, and die when their Emperor does.","The Emperor deploys with two Sand Guards who can be placed anywhere on the battlefield. They do not move or attack, and die when their Emperor does.","[{""maxUnits"": 1, ""minUnits"": 1, ""style"": 3, ""variables"": {}}]"
Set 4.5,4,mid,TFTSet4_Act2,11.8,Set4_Enlightened,Enlightened,2|4|6,"Enlightened champions generate more Mana.
(2) @ManaAmp@% increase
(4) @ManaAmp@% increase
(6) @ManaAmp@% increase",Enlightened champions generate more Mana.<br><br><expandRow>(@MinUnits@) @ManaAmp@% increase</expandRow>,"[{""maxUnits"": 3, ""minUnits"": 2, ""style"": 1, ""variables"": {""{5d972a6c}"": 50.0}}, {""maxUnits"": 5, ""minUnits"": 4, ""style"": 2, ""variables"": {""{5d972a6c}"": 100.0}}, {""maxUnits"": 25000, ""minUnits"": 6, ""style"": 3, ""variables"": {""{5d972a6c}"": 150.0}}]"
Set 4.5,4,mid,TFTSet4_Act2,11.8,Set4_Executioner,Executioner,2|3|4,"Executioner attacks and spells always critically hit targets beneath a certain Health threshold.
(2) below 33% health 
(3) below 66% health 
(4) below 99% health",Executioner attacks and spells always critically hit targets beneath a certain Health threshold.<br><br><expandRow>(@MinUnits@) below @PercentHealth@% health </expandRow><br><br>,"[{""maxUnits"": 2, ""minUnits"": 2, ""style"": 1, ""variables"": {""PercentHealth"": 33.0}}, {""maxUnits"": 3, ""minUnits"": 3, ""style"": 3, ""variables"": {""PercentHealth"": 66.0}}, {""maxUnits"": 9999, ""minUnits"": 4, ""style"": 4, ""variables"": {""PercentHealth"": 99.0}}]"
Set 4.5,4,mid,TFTSet4_Act2,11.8,Set4_Exile,Exile,1|2,"If an Exile has no adjacent allies at the start of combat, they gain:(@MinUnits@) A shield equal to @ShieldPercent@% of their maximum health(@MinUnits@) And @LifeSteal@% Lifesteal","If an Exile has no adjacent allies at the start of combat, they gain:<br><br><row>(@MinUnits@) A shield equal to @ShieldPercent@% of their maximum health</row><br><row>(@MinUnits@) And @LifeSteal@% Lifesteal</row><br><br>","[{""maxUnits"": 1, ""minUnits"": 1, ""style"": 1, ""variables"": {""LifeSteal"": ""null"", ""ShieldPercent"": 50.0}}, {""maxUnits"": 25000, ""minUnits"": 2, ""style"": 3, ""variables"": {""LifeSteal"": 80.0, ""ShieldPercent"": 50.0}}]"
Set 4.5,4,mid,TFTSet4_Act2,11.8,Set4_Fabled,Fabled,3,(@MinUnits@) Fabled champions' abilities are empowered from tales of their past valor.,<row>(@MinUnits@) Fabled champions' abilities are empowered from tales of their past valor.</row><br><br><br>,"[{""maxUnits"": 25000, ""minUnits"": 3, ""style"": 3, ""variables"": {}}]"
Set 4.5,4,mid,TFTSet4_Act2,11.8,Fortune,Fortune,3|6,"(@MinUnits@) Winning combat against a player will give bonus orbs. The longer you've gone without an orb, the bigger the payout! (@MinUnits@) Wins give an extra bonus orb with rare loot.","<row>(@MinUnits@) Winning combat against a player will give bonus orbs. The longer you've gone without an orb, the bigger the payout! </row><br><row>(@MinUnits@) Wins give an extra bonus orb with rare loot.</row><br>","[{""maxUnits"": 5, ""minUnits"": 3, ""style"": 3, ""variables"": {""{b18a259c}"": 1.0}}, {""maxUnits"": 25000, ""minUnits"": 6, ""style"": 4, ""variables"": {""{b18a259c}"": 2.0, ""{fa6edf2d}"": ""null""}}]"
Set 4.5,4,mid,TFTSet4_Act2,11.8,Keeper,Keeper,2|4|6,"At the start of combat, Keepers grant themselves and all adjacent allies a Shield for a duration. This Shield is 50% stronger on Keepers.
(2) 150 Shield, 8 seconds
(4) 200 Shield, 10 seconds
(6) 250 Shield, 12 seconds","At the start of combat, Keepers grant themselves and all adjacent allies a Shield for a duration. This Shield is 50% stronger on Keepers.<br><br><expandRow>(@MinUnits@) @ShieldAmount@ Shield, @Duration@ seconds</expandRow>","[{""maxUnits"": 3, ""minUnits"": 2, ""style"": 1, ""variables"": {""Duration"": 8.0, ""ShieldAmount"": 150.0, ""{995b1992}"": 50.0}}, {""maxUnits"": 5, ""minUnits"": 4, ""style"": 2, ""variables"": {""Duration"": 10.0, ""ShieldAmount"": 200.0, ""{995b1992}"": 50.0}}, {""maxUnits"": 25000, ""minUnits"": 6, ""style"": 3, ""variables"": {""Duration"": 12.0, ""ShieldAmount"": 250.0, ""{995b1992}"": 50.0}}]"
Set 4.5,4,mid,TFTSet4_Act2,11.8,Set4_Mage,Mage,3|5|7,"Mages cast twice and have modified Spell Power.
(3) @SPPercent@% of their total Spell Power
(5) @SPPercent@% of their total Spell Power
(7) @SPPercent@% of their total Spell Power",Mages cast twice and have modified Spell Power.<br><br><expandRow>(@MinUnits@) @SPPercent@% of their total Spell Power</expandRow>,"[{""maxUnits"": 4, ""minUnits"": 3, ""style"": 1, ""variables"": {""{1163964f}"": 80.0, ""{b4a90a5d}"": 100.0}}, {""maxUnits"": 6, ""minUnits"": 5, ""style"": 3, ""variables"": {""{1163964f}"": 105.0, ""{b4a90a5d}"": 100.0}}, {""maxUnits"": 25000, ""minUnits"": 7, ""style"": 4, ""variables"": {""{1163964f}"": 130.0, ""{b4a90a5d}"": 100.0}}]"
Set 4.5,4,mid,TFTSet4_Act2,11.8,Set4_Mystic,Mystic,2|4|6,"All allies gain Magic Resistance.
(2) 40 Magic Resistance
(4) 120 Magic Resistance
(6) 300 Magic Resistance",All allies gain Magic Resistance.<br><br><expandRow>(@MinUnits@) @MagicResist@ Magic Resistance</expandRow>,"[{""maxUnits"": 3, ""minUnits"": 2, ""style"": 1, ""variables"": {""MagicResist"": 40.0}}, {""maxUnits"": 5, ""minUnits"": 4, ""style"": 3, ""variables"": {""MagicResist"": 120.0}}, {""maxUnits"": 25000, ""minUnits"": 6, ""style"": 4, ""variables"": {""MagicResist"": 300.0}}]"
Set 4.5,4,mid,TFTSet4_Act2,11.8,Set4_Ninja,Ninja,1|4,Ninjas gain bonus Attack Damage and Spell Power.This trait is only active when you have exactly 1 or 4 unique Ninjas.(@MinUnits@) Ninja gains +@ADValue@ Attack Damage & +@APValue@% Spell Power(@MinUnits@) All Ninjas gain +@ADValue@ Attack Damage & +@APValue@% Spell Power,Ninjas gain bonus Attack Damage and Spell Power.<br><br>This trait is only active when you have exactly 1 or 4 unique Ninjas.<br><br><row>(@MinUnits@) Ninja gains +@ADValue@ Attack Damage & +@APValue@% Spell Power</row><br><row>(@MinUnits@) All Ninjas gain +@ADValue@ Attack Damage & +@APValue@% Spell Power</row>,"[{""maxUnits"": 1, ""minUnits"": 1, ""style"": 1, ""variables"": {""{5eb5fde9}"": 50.0, ""{fa127f0d}"": 50.0}}, {""maxUnits"": 4, ""minUnits"": 4, ""style"": 3, ""variables"": {""{5eb5fde9}"": 140.0, ""{fa127f0d}"": 140.0}}]"
Set 4.5,4,mid,TFTSet4_Act2,11.8,Sharpshooter,Sharpshooter,2|4|6,"Sharpshooters' attacks and spells ricochet to nearby enemies, dealing reduced damage.
(2) @MaxBounces@ ricochets with @PercentDamageReduction@% reduced damage
(4) @MaxBounces@ ricochets with @PercentDamageReduction@% reduced damage
(6) @MaxBounces@ ricochets with @PercentDamageReduction@% reduced damage","Sharpshooters' attacks and spells ricochet to nearby enemies, dealing reduced damage.<br><br><expandRow>(@MinUnits@) @MaxBounces@ ricochets with @PercentDamageReduction@% reduced damage</expandRow><br><br><br>","[{""maxUnits"": 3, ""minUnits"": 2, ""style"": 1, ""variables"": {""{76740106}"": 2.0, ""{bdd452e8}"": 65.0}}, {""maxUnits"": 5, ""minUnits"": 4, ""style"": 3, ""variables"": {""{76740106}"": 3.0, ""{bdd452e8}"": 45.0}}, {""maxUnits"": 25000, ""minUnits"": 6, ""style"": 4, ""variables"": {""{76740106}"": 4.0, ""{bdd452e8}"": 30.0}}]"
Set 4.5,4,mid,TFTSet4_Act2,11.8,Set4_Slayer,Slayer,3|6,"Slayers gain Lifesteal that gets stronger as their own Health decreases, and deal bonus damage that scales up based on their target's missing Health.
(3) 15 to @LifestealMax@% Lifesteal and 20 to @BonusDamageMax@% Bonus Damage
(6) 30 to @LifestealMax@% Lifesteal and 35 to @BonusDamageMax@% Bonus Damage","Slayers gain Lifesteal that gets stronger as their own Health decreases, and deal bonus damage that scales up based on their target's missing Health.<br><br><expandRow>(@MinUnits@) @LifestealBase@ to @LifestealMax@% Lifesteal and @BonusDamageBase@ to @BonusDamageMax@% Bonus Damage</expandRow><br><br><br>","[{""maxUnits"": 5, ""minUnits"": 3, ""style"": 1, ""variables"": {""BonusDamageBase"": 20.0, ""LifeStealBase"": 15.0, ""{5b70ffc9}"": 45.0, ""{780fac54}"": 30.0}}, {""maxUnits"": 25000, ""minUnits"": 6, ""style"": 3, ""variables"": {""BonusDamageBase"": 35.0, ""LifeStealBase"": 30.0, ""{5b70ffc9}"": 80.0, ""{780fac54}"": 60.0}}]"
Set 4.5,4,mid,TFTSet4_Act2,11.8,Set4_Spirit,Spirit,2|4,"The first time a Spirit casts their spell, all allies gain Attack Speed.(@MinUnits@) @AttackSpeedPercent@% Attack Speed(@MinUnits@) @AttackSpeedPercent@% Attack Speed","The first time a Spirit casts their spell, all allies gain Attack Speed.<br><br><row>(@MinUnits@) @AttackSpeedPercent@% Attack Speed</row><br><row>(@MinUnits@) @AttackSpeedPercent@% Attack Speed</row><br>","[{""maxUnits"": 3, ""minUnits"": 2, ""style"": 1, ""variables"": {""{a8ca7859}"": 18.0}}, {""maxUnits"": 9999, ""minUnits"": 4, ""style"": 3, ""variables"": {""{a8ca7859}"": 30.0}}]"
Set 4.5,4,mid,TFTSet4_Act2,11.8,Set4_Syphoner,Syphoner,2|4,All allies heal for some of the damage they deal with spells and attacks.(@MinUnits@) @AlliedOmnivampPercent@% for Allies; @TraitOmnivampPercent@% for Syphoners (@MinUnits@) @AlliedOmnivampPercent@% for Allies; @TraitOmnivampPercent@% for Syphoners,All allies heal for some of the damage they deal with spells and attacks.<br><br><row>(@MinUnits@) @AlliedOmnivampPercent@% for Allies; @TraitOmnivampPercent@% for Syphoners </row><br><row>(@MinUnits@) @AlliedOmnivampPercent@% for Allies; @TraitOmnivampPercent@% for Syphoners </row><br><br>,"[{""maxUnits"": 3, ""minUnits"": 2, ""style"": 1, ""variables"": {""{56fbd890}"": 10.0, ""{f7ac24b3}"": 40.0}}, {""maxUnits"": 25000, ""minUnits"": 4, ""style"": 3, ""variables"": {""{56fbd890}"": 25.0, ""{f7ac24b3}"": 100.0}}]"
Set 4.5,4,mid,TFTSet4_Act2,11.8,Boss,The Boss,1,"When The Boss first drops below 40% Health, he leaves combat to start doing sit-ups. Each sit-up restores @HealPercent@% of his maximum Health and gives him @AttackSpeedPercent@% Attack and Movement Speed. If he reaches full Health he returns to combat Pumped Up: all of his attacks and spells deal true damage. If all of his allies die, he will immediately return to combat.","When The Boss first drops below 40% Health, he leaves combat to start doing sit-ups. Each sit-up restores @HealPercent@% of his maximum Health and gives him @AttackSpeedPercent@% Attack and Movement Speed. If he reaches full Health he returns to combat Pumped Up: all of his attacks and spells deal true damage. If all of his allies die, he will immediately return to combat.","[{""maxUnits"": 25000, ""minUnits"": 1, ""style"": 3, ""variables"": {""HealPercent"": 15.0, ""{a8ca7859}"": 40.0}}]"
Set 4.5,4,mid,TFTSet4_Act2,11.8,Set4_Vanguard,Vanguard,2|4|6|8,"Vanguard champions gain bonus Armor and Magic Resist.
(2) 100 Armor and @MR@ Magic Resist
(4) 250 Armor and @MR@ Magic Resist
(6) 500 Armor and @MR@ Magic Resist
(8) 1000 Armor and @MR@ Magic Resist",Vanguard champions gain bonus Armor and Magic Resist.<br><br><expandRow>(@MinUnits@) @Armor@ Armor and @MR@ Magic Resist</expandRow>,"[{""maxUnits"": 3, ""minUnits"": 2, ""style"": 1, ""variables"": {""Armor"": 100.0, ""{552e0cbe}"": 10.0}}, {""maxUnits"": 5, ""minUnits"": 4, ""style"": 2, ""variables"": {""Armor"": 250.0, ""{552e0cbe}"": 25.0}}, {""maxUnits"": 7, ""minUnits"": 6, ""style"": 3, ""variables"": {""Armor"": 500.0, ""{552e0cbe}"": 50.0}}, {""maxUnits"": 25000, ""minUnits"": 8, ""style"": 4, ""variables"": {""Armor"": 1000.0, ""{552e0cbe}"": 80.0}}]"
Set 4.5,4,mid,TFTSet4_Act2,11.8,Warlord,Warlord,3|6|9,"Warlords have bonus Health and Spell Power. Each victorious combat they participate in increases the bonus by @VictoryPercent@%, stacking up to @MaxCombats@ times.
(3) @InitialHealth@ Health & @InitialSP@ Spell Power
(6) @InitialHealth@ Health & @InitialSP@ Spell Power
(9) @InitialHealth@ Health & @InitialSP@ Spell Power","Warlords have bonus Health and Spell Power. Each victorious combat they participate in increases the bonus by @VictoryPercent@%, stacking up to @MaxCombats@ times.<br><br><expandRow>(@MinUnits@) @InitialHealth@ Health & @InitialSP@ Spell Power</expandRow>","[{""maxUnits"": 5, ""minUnits"": 3, ""style"": 1, ""variables"": {""{0d6fd940}"": 25.0, ""{14853b15}"": 250.0, ""{4d63b2aa}"": 10.0, ""{8f2e74ba}"": 5.0}}, {""maxUnits"": 8, ""minUnits"": 6, ""style"": 3, ""variables"": {""{0d6fd940}"": 40.0, ""{14853b15}"": 400.0, ""{4d63b2aa}"": 10.0, ""{8f2e74ba}"": 5.0}}, {""maxUnits"": 25000, ""minUnits"": 9, ""style"": 4, ""variables"": {""{0d6fd940}"": 70.0, ""{14853b15}"": 700.0, ""{4d63b2aa}"": 10.0, ""{8f2e74ba}"": 5.0}}]"
Set 5,5,base,TFT_Set5,11.14,Set5_Abomination,Abomination,3|4|5,"When @AllyDeaths@ allied champions have died, the Monstrosity will rise from its grave. The Monstrosity receives bonus Health and Attack Damage based on allied Abomination champions' star levels. The 3 Abomination champions nearest the grave will also grant the Monstrosity a random copy of one of their items when combat starts.
(3) @FlatHealth@ Health, 90 Attack Damage
(4) @FlatHealth@ Health, 140 Attack Damage
(5) @FlatHealth@ Health, 180 Attack Damage","When @AllyDeaths@ allied champions have died, the Monstrosity will rise from its grave. The Monstrosity receives bonus Health and Attack Damage based on allied Abomination champions' star levels. <br><br>The 3 Abomination champions nearest the grave will also grant the Monstrosity a random copy of one of their items when combat starts.<br><br><expandRow>(@MinUnits@) @FlatHealth@ Health, @FlatAD@ Attack Damage</expandRow>","[{""maxUnits"": 3, ""minUnits"": 3, ""style"": 2, ""variables"": {""BonusAD"": 9.0, ""BonusHealth"": 100.0, ""FlatAD"": 90.0, ""{1996c599}"": 2.0, ""{3bbb70b1}"": 40.0, ""{54f15a70}"": 1000.0, ""{c39bcde5}"": 40.0, ""{cac704c8}"": 3.0}}, {""maxUnits"": 4, ""minUnits"": 4, ""style"": 3, ""variables"": {""BonusAD"": 14.0, ""BonusHealth"": 160.0, ""FlatAD"": 140.0, ""{1996c599}"": 3.0, ""{3bbb70b1}"": 60.0, ""{54f15a70}"": 1600.0, ""{c39bcde5}"": 60.0, ""{cac704c8}"": 3.0}}, {""maxUnits"": 25000, ""minUnits"": 5, ""style"": 4, ""variables"": {""BonusAD"": 18.0, ""BonusHealth"": 220.0, ""FlatAD"": 180.0, ""{1996c599}"": 4.0, ""{3bbb70b1}"": 75.0, ""{54f15a70}"": 2200.0, ""{c39bcde5}"": 75.0, ""{cac704c8}"": 3.0}}]"
Set 5,5,base,TFT_Set5,11.14,Set5_Assassin,Assassin,2|4|6,"Innate: When combat starts, Assassins leap to the enemy backline.Assassins' Abilities can critically strike and they gain bonus Critical Strike Chance and bonus Critical Strike Damage.
(2) +@CritChanceAmpPercent@% Crit Chance and +@CritAmpPercent@% Crit Damage
(4) +@CritChanceAmpPercent@% Crit Chance and +@CritAmpPercent@% Crit Damage
(6) +@CritChanceAmpPercent@% Crit Chance and +@CritAmpPercent@% Crit Damage","Innate: When combat starts, Assassins leap to the enemy backline.<br><br>Assassins' Abilities can critically strike and they gain bonus Critical Strike Chance and bonus Critical Strike Damage.<br><br><expandRow>(@MinUnits@) +@CritChanceAmpPercent@% Crit Chance and +@CritAmpPercent@% Crit Damage</expandRow>","[{""maxUnits"": 3, ""minUnits"": 2, ""style"": 1, ""variables"": {""{268f634e}"": 25.0, ""{9f2eb1e2}"": 10.0}}, {""maxUnits"": 5, ""minUnits"": 4, ""style"": 2, ""variables"": {""{268f634e}"": 55.0, ""{9f2eb1e2}"": 30.0}}, {""maxUnits"": 25000, ""minUnits"": 6, ""style"": 3, ""variables"": {""{268f634e}"": 90.0, ""{9f2eb1e2}"": 50.0}}]"
Set 5,5,base,TFT_Set5,11.14,Set5_Brawler,Brawler,2|4,"Brawlers gain additional maximum Health.
(2) +400 Health
(4) +1000 Health",Brawlers gain additional maximum Health.<br><br><expandRow>(@MinUnits@) +@BonusHealth@ Health</expandRow>,"[{""maxUnits"": 3, ""minUnits"": 2, ""style"": 1, ""variables"": {""BonusHealth"": 400.0}}, {""maxUnits"": 25000, ""minUnits"": 4, ""style"": 3, ""variables"": {""BonusHealth"": 1000.0}}]"
Set 5,5,base,TFT_Set5,11.14,Set5_Caretaker,Caretaker,1,"(@MinUnits@) Caretakers deploy with a Baby Dragon that can be placed anywhere on the battlefield. The Baby Dragon gains @AttackSpeed@% of its Caretaker's Attack Speed, and restores @ManaRefund@ Mana to the Caretaker upon death.","(@MinUnits@) Caretakers deploy with a Baby Dragon that can be placed anywhere on the battlefield. The Baby Dragon gains @AttackSpeed@% of its Caretaker's Attack Speed, and restores @ManaRefund@ Mana to the Caretaker upon death. ","[{""maxUnits"": 25000, ""minUnits"": 1, ""style"": 3, ""variables"": {""AttackSpeed"": 100.0, ""{73482a20}"": 80.0}}]"
Set 5,5,base,TFT_Set5,11.14,Set5_Cavalier,Cavalier,2|3|4,"Innate: Cavaliers charge quickly towards their target whenever they move.Cavaliers take reduced damage. At the start of combat and after each charge, this effect is doubled for @Duration@ seconds.
(2) @DamageReductionPercent@% Damage Reduction
(3) @DamageReductionPercent@% Damage Reduction
(4) @DamageReductionPercent@% Damage Reduction","Innate: Cavaliers charge quickly towards their target whenever they move.<br><br>Cavaliers take reduced damage. At the start of combat and after each charge, this effect is doubled for @Duration@ seconds.<br><br><expandRow>(@MinUnits@) @DamageReductionPercent@% Damage Reduction</expandRow>","[{""maxUnits"": 2, ""minUnits"": 2, ""style"": 1, ""variables"": {""Duration"": 4.0, ""{5064373e}"": 20.0}}, {""maxUnits"": 3, ""minUnits"": 3, ""style"": 2, ""variables"": {""Duration"": 4.0, ""{5064373e}"": 25.0}}, {""maxUnits"": 25000, ""minUnits"": 4, ""style"": 3, ""variables"": {""Duration"": 4.0, ""{5064373e}"": 30.0}}]"
Set 5,5,base,TFT_Set5,11.14,Set5_Coven,Coven,3,"(@MinUnits@) At the start of combat, the champion nearest to the center of your Coven champions is chosen as the Coven Leader, gaining @AbilityPower@ bonus Ability Power.Each time a Coven champion casts, @PercentMana@% of the cost is bestowed upon the Coven Leader as Mana.","(@MinUnits@) At the start of combat, the champion nearest to the center of your Coven champions is chosen as the Coven Leader, gaining @AbilityPower@ bonus Ability Power.<br><br>Each time a Coven champion casts, @PercentMana@% of the cost is bestowed upon the Coven Leader as Mana.","[{""maxUnits"": 25000, ""minUnits"": 3, ""style"": 3, ""variables"": {""{49123935}"": 15.0, ""{7f1304b2}"": 60.0}}]"
Set 5,5,base,TFT_Set5,11.14,Set5_Cruel,Cruel,1,"(@MinUnits@) A Cruel champion hungers to be alone against exactly 1 enemy left standing. Cruel champions are purchased with Little Legend Health instead of gold. They can be sold for gold, but not Health. You're welcome.","(@MinUnits@) A Cruel champion hungers to be alone against exactly 1 enemy left standing. <br><br>Cruel champions are purchased with Little Legend Health instead of gold. They can be sold for gold, but not Health. You're welcome.","[{""maxUnits"": 25000, ""minUnits"": 1, ""style"": 3, ""variables"": {""{058a3716}"": 4.5}}]"
Set 5,5,base,TFT_Set5,11.14,Set5_Dawnbringer,Dawnbringer,2|4|6|8,"Dawnbringers rapidly heal some of their maximum Health the first time they drop below @FirstThreshold@%. When this occurs, all allied Dawnbringers gain @BonusDamage@% bonus damage.
(2) @PercentOfMaximumHealth@% of maximum Health
(4) @PercentOfMaximumHealth@% of maximum Health
(6) @PercentOfMaximumHealth@% of maximum Health
(8) @PercentOfMaximumHealth@% of maximum Health","Dawnbringers rapidly heal some of their maximum Health the first time they drop below @FirstThreshold@%. When this occurs, all allied Dawnbringers gain @BonusDamage@% bonus damage.<br><br><expandRow>(@MinUnits@) @PercentOfMaximumHealth@% of maximum Health</expandRow>","[{""maxUnits"": 3, ""minUnits"": 2, ""style"": 1, ""variables"": {""BonusDamage"": 12.0, ""{6ff610f4}"": 50.0, ""{9faee275}"": 10.0, ""{a177439d}"": 30.0}}, {""maxUnits"": 5, ""minUnits"": 4, ""style"": 2, ""variables"": {""BonusDamage"": 12.0, ""{6ff610f4}"": 50.0, ""{9faee275}"": 20.0, ""{a177439d}"": 60.0}}, {""maxUnits"": 7, ""minUnits"": 6, ""style"": 3, ""variables"": {""BonusDamage"": 12.0, ""{6ff610f4}"": 50.0, ""{9faee275}"": 25.0, ""{a177439d}"": 90.0}}, {""maxUnits"": 25000, ""minUnits"": 8, ""style"": 4, ""variables"": {""BonusDamage"": 12.0, ""{6ff610f4}"": 50.0, ""{9faee275}"": 30.0, ""{a177439d}"": 130.0}}]"
Set 5,5,base,TFT_Set5,11.14,Set5_Draconic,Draconic,3|5,"(@MinUnits@) At the end of each player combat, gain a dragon egg on your bench. The bigger the egg, the longer it takes to hatch, and the rarer the reward.(@MinUnits@). Dragon eggs are golden! Golden eggs hatch into even rarer loot.In Hyper Roll, dragon eggs hatch a lot faster!","<row>(@MinUnits@) At the end of each player combat, gain a dragon egg on your bench. The bigger the egg, the longer it takes to hatch, and the rarer the reward.</row><br><row>(@MinUnits@). Dragon eggs are golden! Golden eggs hatch into even rarer loot.</row><br><br><tftitemrules>In Hyper Roll, dragon eggs hatch a lot faster!</tftitemrules>","[{""maxUnits"": 4, ""minUnits"": 3, ""style"": 1, ""variables"": {""BonusHealth"": ""null"", ""{6dd34f54}"": 1.0, ""{b9b4d8d7}"": 2.0, ""{df820e73}"": 50.0}}, {""maxUnits"": 25000, ""minUnits"": 5, ""style"": 3, ""variables"": {""BonusHealth"": 300.0, ""{6dd34f54}"": 2.0, ""{b9b4d8d7}"": 2.0, ""{df820e73}"": 50.0}}]"
Set 5,5,base,TFT_Set5,11.14,Set5_Dragonslayer,Dragonslayer,2|4|6,"Dragonslayers always gain bonus Ability Power.After the first Dragonslayer ally scores a takedown on an enemy with at least @MaxHealthThreshold@ maximum Health, all allies gain additional Ability Power for the rest of combat.
(2) @DragonslayerAP@ Ability Power for Dragonslayers, @TeamAP@ for team
(4) @DragonslayerAP@ Ability Power for Dragonslayers, @TeamAP@ for team
(6) @DragonslayerAP@ Ability Power for Dragonslayers, @TeamAP@ for team","Dragonslayers always gain bonus Ability Power.<br><br>After the first Dragonslayer ally scores a takedown on an enemy with at least @MaxHealthThreshold@ maximum Health, all allies gain additional Ability Power for the rest of combat.<br><br><expandRow>(@MinUnits@) @DragonslayerAP@ Ability Power for Dragonslayers, @TeamAP@ for team</expandRow>","[{""maxUnits"": 3, ""minUnits"": 2, ""style"": 1, ""variables"": {""{2098e1a5}"": 20.0, ""{32055351}"": 30.0, ""{af701916}"": 1400.0}}, {""maxUnits"": 5, ""minUnits"": 4, ""style"": 3, ""variables"": {""{2098e1a5}"": 60.0, ""{32055351}"": 70.0, ""{af701916}"": 1400.0}}, {""maxUnits"": 25000, ""minUnits"": 6, ""style"": 4, ""variables"": {""{2098e1a5}"": 100.0, ""{32055351}"": 140.0, ""{af701916}"": 1400.0}}]"
Set 5,5,base,TFT_Set5,11.14,Set5_Eternal,Eternal,1,"(@MinUnits@) Wolf separates from Lamb, and can be placed anywhere on the battlefield. Wolf does not count toward your team size, and receives all of Lamb's stat bonuses.","(@MinUnits@) Wolf separates from Lamb, and can be placed anywhere on the battlefield. Wolf does not count toward your team size, and receives all of Lamb's stat bonuses.","[{""maxUnits"": 25000, ""minUnits"": 1, ""style"": 3, ""variables"": {}}]"
Set 5,5,base,TFT_Set5,11.14,Set5_Forgotten,Forgotten,3|6|9,"Forgotten champions have bonus Attack Damage and Ability Power. Each Shadow item held by a Forgotten champion increases these bonuses by @ShadowPercent@% on all Forgotten champions, stacking up to @MaxItems@ times.
(3) @InitialADandAP@ Attack Damage and Ability Power
(6) @InitialADandAP@ Attack Damage and Ability Power
(9) @InitialADandAP@ Attack Damage and Ability Power","Forgotten champions have bonus Attack Damage and Ability Power. Each Shadow item held by a Forgotten champion increases these bonuses by @ShadowPercent@% on all Forgotten champions, stacking up to @MaxItems@ times.<br><br><expandRow>(@MinUnits@) @InitialADandAP@ Attack Damage and Ability Power</expandRow>","[{""maxUnits"": 5, ""minUnits"": 3, ""style"": 1, ""variables"": {""{54c3c993}"": 4.0, ""{84b7444e}"": 15.0, ""{db208eae}"": 25.0}}, {""maxUnits"": 8, ""minUnits"": 6, ""style"": 2, ""variables"": {""{54c3c993}"": 4.0, ""{84b7444e}"": 15.0, ""{db208eae}"": 60.0}}, {""maxUnits"": 25000, ""minUnits"": 9, ""style"": 3, ""variables"": {""{54c3c993}"": 4.0, ""{84b7444e}"": 15.0, ""{db208eae}"": 120.0}}]"
Set 5,5,base,TFT_Set5,11.14,Set5_GodKing,God-King,1,"(@MinUnits@) God-Kings deal @PercentDamageAmp@% bonus damage to enemies who have at least one of their Rival Traits. This effect is only active when you have exactly 1 unique God-King. Garen's Rivals: Forgotten, Nightbringer, Coven, Hellion, Dragonslayer, Abomination, RevenantDarius' Rivals: Redeemed, Dawnbringer, Verdant, Draconic, Ironclad","(@MinUnits@) God-Kings deal @PercentDamageAmp@% bonus damage to enemies who have at least one of their Rival Traits. This effect is only active when you have exactly 1 unique God-King. <br><br>Garen's Rivals: Forgotten, Nightbringer, Coven, Hellion, Dragonslayer, Abomination, Revenant<br><br>Darius' Rivals: Redeemed, Dawnbringer, Verdant, Draconic, Ironclad","[{""maxUnits"": 1, ""minUnits"": 1, ""style"": 3, ""variables"": {""{442a7ad7}"": 20.0}}]"
Set 5,5,base,TFT_Set5,11.14,Set5_Hellion,Hellion,3|5|7,"Hellions gain Attack Speed. Whenever a Hellion dies, a Doppelhellion (a one less star copy) will leap from the Hellion portal and join the fight!
(3) @AttackSpeedPercent@% Attack Speed.
(5) @AttackSpeedPercent@% Attack Speed.
(7) @AttackSpeedPercent@% Attack Speed.","Hellions gain Attack Speed. <br><br>Whenever a Hellion dies, a Doppelhellion (a one less star copy) will leap from the Hellion portal and join the fight!<br><br><expandRow>(@MinUnits@) @AttackSpeedPercent@% Attack Speed.</expandRow>","[{""maxUnits"": 4, ""minUnits"": 3, ""style"": 1, ""variables"": {""{581a579b}"": 2.0, ""{a8ca7859}"": 10.0, ""{fdfd8bc8}"": ""null""}}, {""maxUnits"": 6, ""minUnits"": 5, ""style"": 3, ""variables"": {""{581a579b}"": 4.0, ""{a8ca7859}"": 55.0, ""{fdfd8bc8}"": ""null""}}, {""maxUnits"": 25000, ""minUnits"": 7, ""style"": 4, ""variables"": {""{581a579b}"": 9.0, ""{a8ca7859}"": 130.0, ""{fdfd8bc8}"": ""null""}}]"
Set 5,5,base,TFT_Set5,11.14,Set5_Invoker,Invoker,2|4,"All allies gain extra Mana from their attacks.
(2) +@ManaPerAttack@ Mana
(4) +@ManaPerAttack@ Mana",All allies gain extra Mana from their attacks.<br><br><expandRow>(@MinUnits@) +@ManaPerAttack@ Mana</expandRow><br>,"[{""maxUnits"": 3, ""minUnits"": 2, ""style"": 1, ""variables"": {""{7fd29f41}"": 3.0}}, {""maxUnits"": 25000, ""minUnits"": 4, ""style"": 3, ""variables"": {""{7fd29f41}"": 6.0}}]"
Set 5,5,base,TFT_Set5,11.14,Set5_Ironclad,Ironclad,2|3|4,"All allies gain Armor.
(2) 35 Armor
(3) 85 Armor
(4) 170 Armor",All allies gain Armor.<br><br><expandRow>(@MinUnits@) @Armor@ Armor</expandRow>,"[{""maxUnits"": 2, ""minUnits"": 2, ""style"": 1, ""variables"": {""Armor"": 35.0}}, {""maxUnits"": 3, ""minUnits"": 3, ""style"": 3, ""variables"": {""Armor"": 85.0}}, {""maxUnits"": 25000, ""minUnits"": 4, ""style"": 4, ""variables"": {""Armor"": 170.0}}]"
Set 5,5,base,TFT_Set5,11.14,Set5_Knight,Knight,2|4|6,"All allies block a flat amount of damage from all sources.
(2) 20 damage blocked
(4) 40 damage blocked
(6) 70 damage blocked",All allies block a flat amount of damage from all sources.<br><br><expandRow>(@MinUnits@) @BlockAmount@ damage blocked</expandRow>,"[{""maxUnits"": 3, ""minUnits"": 2, ""style"": 1, ""variables"": {""BlockAmount"": 20.0}}, {""maxUnits"": 5, ""minUnits"": 4, ""style"": 2, ""variables"": {""BlockAmount"": 40.0}}, {""maxUnits"": 25000, ""minUnits"": 6, ""style"": 3, ""variables"": {""BlockAmount"": 70.0}}]"
Set 5,5,base,TFT_Set5,11.14,Set5_Legionnaire,Legionnaire,2|4|6|8,"Legionnaires gain bonus Attack Speed, and their first attack after casting an Ability heals them for @HealPercent@% of the damage dealt.
(2) @ASBoostPercent@% Attack Speed
(4) @ASBoostPercent@% Attack Speed
(6) @ASBoostPercent@% Attack Speed
(8) @ASBoostPercent@% Attack Speed","Legionnaires gain bonus Attack Speed, and their first attack after casting an Ability heals them for @HealPercent@% of the damage dealt.<br><br><expandRow>(@MinUnits@) @ASBoostPercent@% Attack Speed</expandRow>","[{""maxUnits"": 3, ""minUnits"": 2, ""style"": 1, ""variables"": {""HealPercent"": 50.0, ""{2a35bd2d}"": 25.0}}, {""maxUnits"": 5, ""minUnits"": 4, ""style"": 2, ""variables"": {""HealPercent"": 50.0, ""{2a35bd2d}"": 65.0}}, {""maxUnits"": 7, ""minUnits"": 6, ""style"": 3, ""variables"": {""HealPercent"": 50.0, ""{2a35bd2d}"": 120.0}}, {""maxUnits"": 25000, ""minUnits"": 8, ""style"": 4, ""variables"": {""HealPercent"": 50.0, ""{2a35bd2d}"": 200.0}}]"
Set 5,5,base,TFT_Set5,11.14,Set5_Mystic,Mystic,2|3|4,"All allies gain Magic Resist.
(2) 40 Magic Resist
(3) 100 Magic Resist
(4) 200 Magic Resist",All allies gain Magic Resist.<br><br><expandRow>(@MinUnits@) @MagicResist@ Magic Resist</expandRow>,"[{""maxUnits"": 2, ""minUnits"": 2, ""style"": 1, ""variables"": {""MagicResist"": 40.0}}, {""maxUnits"": 3, ""minUnits"": 3, ""style"": 2, ""variables"": {""MagicResist"": 100.0}}, {""maxUnits"": 6, ""minUnits"": 4, ""style"": 3, ""variables"": {""MagicResist"": 200.0}}]"
Set 5,5,base,TFT_Set5,11.14,Set5_Nightbringer,Nightbringer,2|4|6|8,"Nightbringers gain a shield for @ShieldDuration@ seconds equal to a percent of their maximum Health the first time they drop below @FirstThreshold@%. When this occurs, that Nightbringer gains bonus damage.
(2) @MaxPercentHealthShield@% shield, 20% damage
(4) @MaxPercentHealthShield@% shield, 30% damage
(6) @MaxPercentHealthShield@% shield, 40% damage
(8) @MaxPercentHealthShield@% shield, 50% damage","Nightbringers gain a shield for @ShieldDuration@ seconds equal to a percent of their maximum Health the first time they drop below @FirstThreshold@%. When this occurs, that Nightbringer gains bonus damage.<br><br><expandRow>(@MinUnits@) @MaxPercentHealthShield@% shield, @BonusDamage@% damage</expandRow>","[{""maxUnits"": 3, ""minUnits"": 2, ""style"": 1, ""variables"": {""BonusDamage"": 20.0, ""ShieldDuration"": 8.0, ""{6ff610f4}"": 50.0, ""{7696e375}"": 30.0}}, {""maxUnits"": 5, ""minUnits"": 4, ""style"": 2, ""variables"": {""BonusDamage"": 30.0, ""ShieldDuration"": 8.0, ""{6ff610f4}"": 50.0, ""{7696e375}"": 60.0}}, {""maxUnits"": 7, ""minUnits"": 6, ""style"": 2, ""variables"": {""BonusDamage"": 40.0, ""ShieldDuration"": 8.0, ""{6ff610f4}"": 50.0, ""{7696e375}"": 90.0}}, {""maxUnits"": 25000, ""minUnits"": 8, ""style"": 3, ""variables"": {""BonusDamage"": 50.0, ""ShieldDuration"": 8.0, ""{6ff610f4}"": 50.0, ""{7696e375}"": 140.0}}]"
Set 5,5,base,TFT_Set5,11.14,Set5_Ranger,Ranger,2|4,"Every @DelayBetweenBuffs@ seconds Rangers gain increased Attack Speed that lasts @BuffDuration@ seconds. This effect begins @InitialDelay@ seconds after combat starts.
(2) +75% Attack Speed
(4) +180% Attack Speed",Every @DelayBetweenBuffs@ seconds Rangers gain increased Attack Speed that lasts @BuffDuration@ seconds. This effect begins @InitialDelay@ seconds after combat starts.<br><br><expandRow>(@MinUnits@) +@AttackSpeed@% Attack Speed</expandRow>,"[{""maxUnits"": 3, ""minUnits"": 2, ""style"": 1, ""variables"": {""AttackSpeed"": 75.0, ""BuffDuration"": 4.0, ""{188c0b1e}"": 4.0, ""{d23a6212}"": 4.0}}, {""maxUnits"": 25000, ""minUnits"": 4, ""style"": 3, ""variables"": {""AttackSpeed"": 180.0, ""BuffDuration"": 4.0, ""{188c0b1e}"": 4.0, ""{d23a6212}"": 4.0}}]"
Set 5,5,base,TFT_Set5,11.14,Set5_Redeemed,Redeemed,3|6|9,"Redeemed champions have increased Armor, Magic Resist, and Ability Power. When they die, their bonus is split among remaining Redeemed allies.
(3) @ArmorAmount@ Armor & Magic Resist, @AbilityPowerAmount@ Ability Power
(6) @ArmorAmount@ Armor & Magic Resist, @AbilityPowerAmount@ Ability Power
(9) @ArmorAmount@ Armor & Magic Resist, @AbilityPowerAmount@ Ability Power","Redeemed champions have increased Armor, Magic Resist, and Ability Power. When they die, their bonus is split among remaining Redeemed allies.<br><br><expandRow>(@MinUnits@) @ArmorAmount@ Armor & Magic Resist, @AbilityPowerAmount@ Ability Power</expandRow>","[{""maxUnits"": 5, ""minUnits"": 3, ""style"": 1, ""variables"": {""MagicResist"": 30.0, ""{5516cb5e}"": 30.0, ""{88555c58}"": 30.0}}, {""maxUnits"": 8, ""minUnits"": 6, ""style"": 3, ""variables"": {""MagicResist"": 55.0, ""{5516cb5e}"": 55.0, ""{88555c58}"": 55.0}}, {""maxUnits"": 25000, ""minUnits"": 9, ""style"": 4, ""variables"": {""MagicResist"": 95.0, ""{5516cb5e}"": 95.0, ""{88555c58}"": 95.0}}]"
Set 5,5,base,TFT_Set5,11.14,Set5_Renewer,Renewer,2|4|6,"Renewers heal for a percent of their maximum Health each second. If they're full Health, they restore Mana instead.
(2) 3% Health or @PercentMana@% Mana
(4) 6% Health or @PercentMana@% Mana
(6) 9% Health or @PercentMana@% Mana","Renewers heal for a percent of their maximum Health each second. If they're full Health, they restore Mana instead.<br><br><expandRow>(@MinUnits@) @PercentHealth@% Health or @PercentMana@% Mana</expandRow>","[{""maxUnits"": 3, ""minUnits"": 2, ""style"": 1, ""variables"": {""PercentHealth"": 3.0, ""{49123935}"": 3.0}}, {""maxUnits"": 5, ""minUnits"": 4, ""style"": 3, ""variables"": {""PercentHealth"": 6.0, ""{49123935}"": 6.0}}, {""maxUnits"": 25000, ""minUnits"": 6, ""style"": 4, ""variables"": {""PercentHealth"": 9.0, ""{49123935}"": 9.0}}]"
Set 5,5,base,TFT_Set5,11.14,Set5_Revenant,Revenant,2|3|4,"Revenants revive after their first death each combat. Once revived, they take and deal @DamageAmp@% increased damage.
(2) Revive with 10% Health
(3) Revive with 40% Health
(4) Revive with 75% Health","Revenants revive after their first death each combat. Once revived, they take and deal @DamageAmp@% increased damage.<br><br><expandRow>(@MinUnits@) Revive with @HealthPercent@% Health</expandRow>","[{""maxUnits"": 2, ""minUnits"": 2, ""style"": 1, ""variables"": {""DamageAmp"": 30.0, ""HealthPercent"": 10.0}}, {""maxUnits"": 3, ""minUnits"": 3, ""style"": 3, ""variables"": {""DamageAmp"": 30.0, ""HealthPercent"": 40.0}}, {""maxUnits"": 25000, ""minUnits"": 4, ""style"": 4, ""variables"": {""DamageAmp"": 30.0, ""HealthPercent"": 75.0}}]"
Set 5,5,base,TFT_Set5,11.14,Set5_Skirmisher,Skirmisher,3|6|9,"Skirmishers gain a shield at the start of combat, and bonus Attack Damage each second.
 (3) @PercentHealthShield@% max Health shield and +3 Attack Damage
 (6) @PercentHealthShield@% max Health shield and +6 Attack Damage
 (9) @PercentHealthShield@% max Health shield and +12 Attack Damage","Skirmishers gain a shield at the start of combat, and bonus Attack Damage each second.<br><br><expandRow> (@MinUnits@) @PercentHealthShield@% max Health shield and +@AttackDamage@ Attack Damage</expandRow>","[{""maxUnits"": 5, ""minUnits"": 3, ""style"": 1, ""variables"": {""AttackDamage"": 3.0, ""{9dc86ba9}"": 25.0}}, {""maxUnits"": 8, ""minUnits"": 6, ""style"": 3, ""variables"": {""AttackDamage"": 6.0, ""{9dc86ba9}"": 45.0}}, {""maxUnits"": 25000, ""minUnits"": 9, ""style"": 4, ""variables"": {""AttackDamage"": 12.0, ""{9dc86ba9}"": 75.0}}]"
Set 5,5,base,TFT_Set5,11.14,Set5_Spellweaver,Spellweaver,2|4|6,"Spellweavers have bonus Ability Power, which increases whenever any champion uses an ability (up to @StackCap@ times). 
(2) 25 Ability Power, @BonusAP@ bonus Ability Power
(4) 55 Ability Power, @BonusAP@ bonus Ability Power
(6) 85 Ability Power, @BonusAP@ bonus Ability Power","Spellweavers have bonus Ability Power, which increases whenever any champion uses an ability (up to @StackCap@ times).  <br><br><expandRow>(@MinUnits@) @AP@ Ability Power, @BonusAP@ bonus Ability Power</expandRow>","[{""maxUnits"": 3, ""minUnits"": 2, ""style"": 1, ""variables"": {""AP"": 25.0, ""{9396f00d}"": 10.0, ""{d49caf5d}"": 2.0}}, {""maxUnits"": 5, ""minUnits"": 4, ""style"": 3, ""variables"": {""AP"": 55.0, ""{9396f00d}"": 10.0, ""{d49caf5d}"": 5.0}}, {""maxUnits"": 25000, ""minUnits"": 6, ""style"": 4, ""variables"": {""AP"": 85.0, ""{9396f00d}"": 10.0, ""{d49caf5d}"": 8.0}}]"
Set 5,5,base,TFT_Set5,11.14,Set5_Verdant,Verdant,2|3,"Champions that start combat adjacent to at least one Verdant ally are immune to crowd control for a duration.
(2) 5 seconds
(3) 8 seconds",Champions that start combat adjacent to at least one Verdant ally are immune to crowd control for a duration.<br><br><expandRow>(@MinUnits@) @Duration@ seconds</expandRow>,"[{""maxUnits"": 2, ""minUnits"": 2, ""style"": 1, ""variables"": {""Duration"": 5.0}}, {""maxUnits"": 25000, ""minUnits"": 3, ""style"": 3, ""variables"": {""Duration"": 8.0}}]"
Set 5.5,5,mid,TFT_Set5_Stage2,11.21,Set5_Abomination,Abomination,3|4|5,"When @AllyDeaths@ allied champions have died, the Monstrosity will rise from its grave. The Monstrosity receives bonus Health and Attack Damage based on the stage number and allied Abomination champions' star levels. The 3 Abomination champions nearest the grave will also grant the Monstrosity a random copy of one of their items when combat starts.
(3) @FlatHealth@ Health, 70 Attack Damage
(4) @FlatHealth@ Health, 90 Attack Damage
(5) @FlatHealth@ Health, 110 Attack Damage","When @AllyDeaths@ allied champions have died, the Monstrosity will rise from its grave. The Monstrosity receives bonus Health and Attack Damage based on the stage number and allied Abomination champions' star levels. <br><br>The 3 Abomination champions nearest the grave will also grant the Monstrosity a random copy of one of their items when combat starts.<br><br><expandRow>(@MinUnits@) @FlatHealth@ Health, @FlatAD@ Attack Damage</expandRow>","[{""maxUnits"": 3, ""minUnits"": 3, ""style"": 1, ""variables"": {""BonusAD"": 7.0, ""BonusHealth"": 90.0, ""FlatAD"": 70.0, ""{1996c599}"": 2.0, ""{3bbb70b1}"": 30.0, ""{54f15a70}"": 900.0, ""{5a8dfaee}"": 3.0, ""{66e42917}"": 13.0, ""{c39bcde5}"": 30.0, ""{cac704c8}"": 2.0}}, {""maxUnits"": 4, ""minUnits"": 4, ""style"": 3, ""variables"": {""BonusAD"": 9.0, ""BonusHealth"": 150.0, ""FlatAD"": 90.0, ""{1996c599}"": 3.0, ""{3bbb70b1}"": 45.0, ""{54f15a70}"": 1500.0, ""{5a8dfaee}"": 4.0, ""{66e42917}"": 13.0, ""{c39bcde5}"": 45.0, ""{cac704c8}"": 2.0}}, {""maxUnits"": 25000, ""minUnits"": 5, ""style"": 4, ""variables"": {""BonusAD"": 11.0, ""BonusHealth"": 200.0, ""FlatAD"": 110.0, ""{1996c599}"": 4.0, ""{3bbb70b1}"": 60.0, ""{54f15a70}"": 2000.0, ""{5a8dfaee}"": 5.0, ""{66e42917}"": 13.0, ""{c39bcde5}"": 60.0, ""{cac704c8}"": 2.0}}]"
Set 5.5,5,mid,TFT_Set5_Stage2,11.21,Set5_Assassin,Assassin,2|4|6,"Innate: When combat starts, Assassins leap to the enemy backline.Assassins' Abilities can critically strike and they gain bonus Critical Strike Chance and bonus Critical Strike Damage.
(2) +@CritChanceAmpPercent@% Crit Chance and +@CritAmpPercent@% Crit Damage
(4) +@CritChanceAmpPercent@% Crit Chance and +@CritAmpPercent@% Crit Damage
(6) +@CritChanceAmpPercent@% Crit Chance and +@CritAmpPercent@% Crit Damage","Innate: When combat starts, Assassins leap to the enemy backline.<br><br>Assassins' Abilities can critically strike and they gain bonus Critical Strike Chance and bonus Critical Strike Damage.<br><br><expandRow>(@MinUnits@) +@CritChanceAmpPercent@% Crit Chance and +@CritAmpPercent@% Crit Damage</expandRow>","[{""maxUnits"": 3, ""minUnits"": 2, ""style"": 1, ""variables"": {""{268f634e}"": 30.0, ""{9f2eb1e2}"": 20.0}}, {""maxUnits"": 5, ""minUnits"": 4, ""style"": 3, ""variables"": {""{268f634e}"": 40.0, ""{9f2eb1e2}"": 40.0}}, {""maxUnits"": 25000, ""minUnits"": 6, ""style"": 4, ""variables"": {""{268f634e}"": 50.0, ""{9f2eb1e2}"": 75.0}}]"
Set 5.5,5,mid,TFT_Set5_Stage2,11.21,Set5_Brawler,Brawler,2|4|6,"Brawlers gain additional maximum Health.
(2) +400 Health
(4) +1000 Health
(6) +1600 Health",Brawlers gain additional maximum Health.<br><br><expandRow>(@MinUnits@) +@BonusHealth@ Health</expandRow>,"[{""maxUnits"": 3, ""minUnits"": 2, ""style"": 1, ""variables"": {""BonusHealth"": 400.0}}, {""maxUnits"": 5, ""minUnits"": 4, ""style"": 3, ""variables"": {""BonusHealth"": 1000.0}}, {""maxUnits"": 2500, ""minUnits"": 6, ""style"": 4, ""variables"": {""BonusHealth"": 1600.0}}]"
Set 5.5,5,mid,TFT_Set5_Stage2,11.21,Set5_Cannoneer,Cannoneer,2|4|6,"Every 5th Cannoneer attack is replaced with a cannon shot that deals a percent of that attack's damage in an explosion around the target as physical damage.
(2) @AttackPercent@% damage
(4) @AttackPercent@% damage
(6) @AttackPercent@% damage",Every 5th Cannoneer attack is replaced with a cannon shot that deals a percent of that attack's damage in an explosion around the target as physical damage.<br><br><expandRow>(@MinUnits@) @AttackPercent@% damage</expandRow>,"[{""maxUnits"": 3, ""minUnits"": 2, ""style"": 1, ""variables"": {""{ff57f232}"": 225.0}}, {""maxUnits"": 5, ""minUnits"": 4, ""style"": 3, ""variables"": {""{ff57f232}"": 475.0}}, {""maxUnits"": 25000, ""minUnits"": 6, ""style"": 4, ""variables"": {""{ff57f232}"": 1200.0}}]"
Set 5.5,5,mid,TFT_Set5_Stage2,11.21,Set5_Caretaker,Caretaker,1,"(@MinUnits@) Caretakers deploy with a Baby Dragon that can be placed anywhere on the battlefield. The Baby Dragon gains @AttackSpeed@% of its Caretaker's Attack Speed, and restores @ManaRefund@ Mana to the Caretaker upon death.","(@MinUnits@) Caretakers deploy with a Baby Dragon that can be placed anywhere on the battlefield. The Baby Dragon gains @AttackSpeed@% of its Caretaker's Attack Speed, and restores @ManaRefund@ Mana to the Caretaker upon death. ","[{""maxUnits"": 25000, ""minUnits"": 1, ""style"": 3, ""variables"": {""AttackSpeed"": 100.0, ""{73482a20}"": 80.0}}]"
Set 5.5,5,mid,TFT_Set5_Stage2,11.21,Set5_Cavalier,Cavalier,2|3|4,"Innate: Cavaliers charge quickly towards their target whenever they move.Cavaliers take reduced damage. At the start of combat and after each charge, this effect is doubled for @Duration@ seconds.
(2) @DamageReductionPercent@% Damage Reduction
(3) @DamageReductionPercent@% Damage Reduction
(4) @DamageReductionPercent@% Damage Reduction","Innate: Cavaliers charge quickly towards their target whenever they move.<br><br>Cavaliers take reduced damage. At the start of combat and after each charge, this effect is doubled for @Duration@ seconds.<br><br><expandRow>(@MinUnits@) @DamageReductionPercent@% Damage Reduction</expandRow>","[{""maxUnits"": 2, ""minUnits"": 2, ""style"": 1, ""variables"": {""Duration"": 4.0, ""{5064373e}"": 20.0}}, {""maxUnits"": 3, ""minUnits"": 3, ""style"": 2, ""variables"": {""Duration"": 4.0, ""{5064373e}"": 25.0}}, {""maxUnits"": 25000, ""minUnits"": 4, ""style"": 3, ""variables"": {""Duration"": 4.0, ""{5064373e}"": 30.0}}]"
Set 5.5,5,mid,TFT_Set5_Stage2,11.21,Set5_Cruel,Cruel,1,"(@MinUnits@) A Cruel champion hungers to be alone against exactly 1 enemy left standing. Cruel champions are purchased with Little Legend Health instead of gold. They can be sold for gold, but not Health. You're welcome.","(@MinUnits@) A Cruel champion hungers to be alone against exactly 1 enemy left standing. <br><br>Cruel champions are purchased with Little Legend Health instead of gold. They can be sold for gold, but not Health. You're welcome.","[{""maxUnits"": 25000, ""minUnits"": 1, ""style"": 3, ""variables"": {""{058a3716}"": 4.5}}]"
Set 5.5,5,mid,TFT_Set5_Stage2,11.21,Set5_Dawnbringer,Dawnbringer,2|4|6|8,"Dawnbringers rapidly heal some of their maximum Health the first time they drop below @FirstThreshold@%. When this occurs, all allied Dawnbringers gain @BonusDamage@% bonus damage.
(2) @PercentOfMaximumHealth@% of maximum Health
(4) @PercentOfMaximumHealth@% of maximum Health
(6) @PercentOfMaximumHealth@% of maximum Health
(8) @PercentOfMaximumHealth@% of maximum Health","Dawnbringers rapidly heal some of their maximum Health the first time they drop below @FirstThreshold@%. When this occurs, all allied Dawnbringers gain @BonusDamage@% bonus damage.<br><br><expandRow>(@MinUnits@) @PercentOfMaximumHealth@% of maximum Health</expandRow>","[{""maxUnits"": 3, ""minUnits"": 2, ""style"": 1, ""variables"": {""BonusDamage"": 10.0, ""{6ff610f4}"": 50.0, ""{9faee275}"": 10.0, ""{a177439d}"": 30.0}}, {""maxUnits"": 5, ""minUnits"": 4, ""style"": 2, ""variables"": {""BonusDamage"": 10.0, ""{6ff610f4}"": 50.0, ""{9faee275}"": 15.0, ""{a177439d}"": 55.0}}, {""maxUnits"": 7, ""minUnits"": 6, ""style"": 3, ""variables"": {""BonusDamage"": 10.0, ""{6ff610f4}"": 50.0, ""{9faee275}"": 20.0, ""{a177439d}"": 80.0}}, {""maxUnits"": 25000, ""minUnits"": 8, ""style"": 4, ""variables"": {""BonusDamage"": 10.0, ""{6ff610f4}"": 50.0, ""{9faee275}"": 25.0, ""{a177439d}"": 120.0}}]"
Set 5.5,5,mid,TFT_Set5_Stage2,11.21,Set5_Draconic,Draconic,3|5,"(@MinUnits@) At the end of each player combat, gain a dragon egg on your bench. The bigger the egg, the longer it takes to hatch, and the rarer the reward.(@MinUnits@). Dragon eggs are golden! Golden eggs hatch into even rarer loot.In Hyper Roll, dragon eggs hatch a lot faster!","<row>(@MinUnits@) At the end of each player combat, gain a dragon egg on your bench. The bigger the egg, the longer it takes to hatch, and the rarer the reward.</row><br><row>(@MinUnits@). Dragon eggs are golden! Golden eggs hatch into even rarer loot.</row><br><br><tftitemrules>In Hyper Roll, dragon eggs hatch a lot faster!</tftitemrules>","[{""maxUnits"": 4, ""minUnits"": 3, ""style"": 1, ""variables"": {""BonusHealth"": ""null"", ""{6dd34f54}"": 1.0, ""{b9b4d8d7}"": 2.0, ""{df820e73}"": 50.0}}, {""maxUnits"": 25000, ""minUnits"": 5, ""style"": 3, ""variables"": {""BonusHealth"": 300.0, ""{6dd34f54}"": 2.0, ""{b9b4d8d7}"": 2.0, ""{df820e73}"": 50.0}}]"
Set 5.5,5,mid,TFT_Set5_Stage2,11.21,Set5_Forgotten,Forgotten,2|4|6|8,"Forgotten champions have bonus Attack Damage and Ability Power. Each victorious combat they participate in increases the bonus by @VictoryPercent@%, stacking up to @MaxCombats@ times.
(2) @InitialADandAP@ Attack Damage and Ability Power
(4) @InitialADandAP@ Attack Damage and Ability Power
(6) @InitialADandAP@ Attack Damage and Ability Power
(8) @InitialADandAP@ Attack Damage and Ability Power","Forgotten champions have bonus Attack Damage and Ability Power. Each victorious combat they participate in increases the bonus by @VictoryPercent@%, stacking up to @MaxCombats@ times.<br><br><expandRow>(@MinUnits@) @InitialADandAP@ Attack Damage and Ability Power</expandRow>","[{""maxUnits"": 3, ""minUnits"": 2, ""style"": 1, ""variables"": {""{4d63b2aa}"": 10.0, ""{8f2e74ba}"": 5.0, ""{db208eae}"": 20.0}}, {""maxUnits"": 5, ""minUnits"": 4, ""style"": 2, ""variables"": {""{4d63b2aa}"": 10.0, ""{8f2e74ba}"": 5.0, ""{db208eae}"": 40.0}}, {""maxUnits"": 7, ""minUnits"": 6, ""style"": 3, ""variables"": {""{4d63b2aa}"": 10.0, ""{8f2e74ba}"": 5.0, ""{db208eae}"": 60.0}}, {""maxUnits"": 25000, ""minUnits"": 8, ""style"": 4, ""variables"": {""{4d63b2aa}"": 10.0, ""{8f2e74ba}"": 5.0, ""{db208eae}"": 150.0}}]"
Set 5.5,5,mid,TFT_Set5_Stage2,11.21,Set5_Hellion,Hellion,2|4|6|8,"Hellions gain Attack Speed. Whenever a Hellion dies, a Doppelhellion (a one less star copy) will leap from the Hellion portal and join the fight!
(2) @AttackSpeedPercent@% Attack Speed
(4) @AttackSpeedPercent@% Attack Speed
(6) @AttackSpeedPercent@% Attack Speed
(8) @AttackSpeedPercent@% Attack Speed","Hellions gain Attack Speed. <br><br>Whenever a Hellion dies, a Doppelhellion (a one less star copy) will leap from the Hellion portal and join the fight!<br><br><expandRow>(@MinUnits@) @AttackSpeedPercent@% Attack Speed</expandRow>","[{""maxUnits"": 3, ""minUnits"": 2, ""style"": 1, ""variables"": {""{a8ca7859}"": 10.0}}, {""maxUnits"": 5, ""minUnits"": 4, ""style"": 2, ""variables"": {""{a8ca7859}"": 30.0}}, {""maxUnits"": 7, ""minUnits"": 6, ""style"": 3, ""variables"": {""{a8ca7859}"": 70.0}}, {""maxUnits"": 25000, ""minUnits"": 8, ""style"": 4, ""variables"": {""{a8ca7859}"": 125.0}}]"
Set 5.5,5,mid,TFT_Set5_Stage2,11.21,Set5_Inanimate,Inanimate,1,"(@MinUnits@) At the start of combat, Inanimate champions summon Harrowing Mist in all adjacent hexes surrounding them for @Duration@ seconds, granting all allies within @DamageReductionPercent*100@% damage reduction while they remain within the mist.","(@MinUnits@) At the start of combat, Inanimate champions summon Harrowing Mist in all adjacent hexes surrounding them for @Duration@ seconds, granting all allies within @DamageReductionPercent*100@% damage reduction while they remain within the mist.","[{""maxUnits"": 25000, ""minUnits"": 1, ""style"": 3, ""variables"": {""Duration"": 8.0, ""{5064373e}"": 0.33000001311302185}}]"
Set 5.5,5,mid,TFT_Set5_Stage2,11.21,Set5_Invoker,Invoker,2|4,"All allies gain extra Mana from their attacks.
(2) +@ManaPerAttack@ Mana
(4) +@ManaPerAttack@ Mana",All allies gain extra Mana from their attacks.<br><br><expandRow>(@MinUnits@) +@ManaPerAttack@ Mana</expandRow><br>,"[{""maxUnits"": 3, ""minUnits"": 2, ""style"": 1, ""variables"": {""{7fd29f41}"": 3.0}}, {""maxUnits"": 25000, ""minUnits"": 4, ""style"": 3, ""variables"": {""{7fd29f41}"": 6.0}}]"
Set 5.5,5,mid,TFT_Set5_Stage2,11.21,Set5_Ironclad,Ironclad,2|3|4,"All allies gain Armor.
(2) 30 Armor
(3) 70 Armor
(4) 125 Armor",All allies gain Armor.<br><br><expandRow>(@MinUnits@) @Armor@ Armor</expandRow>,"[{""maxUnits"": 2, ""minUnits"": 2, ""style"": 1, ""variables"": {""Armor"": 30.0}}, {""maxUnits"": 3, ""minUnits"": 3, ""style"": 3, ""variables"": {""Armor"": 70.0}}, {""maxUnits"": 25000, ""minUnits"": 4, ""style"": 4, ""variables"": {""Armor"": 125.0}}]"
Set 5.5,5,mid,TFT_Set5_Stage2,11.21,Set5_Knight,Knight,2|4|6,"All allies block a flat amount of damage from all sources.
(2) 20 damage blocked
(4) 40 damage blocked
(6) 70 damage blocked",All allies block a flat amount of damage from all sources.<br><br><expandRow>(@MinUnits@) @BlockAmount@ damage blocked</expandRow>,"[{""maxUnits"": 3, ""minUnits"": 2, ""style"": 1, ""variables"": {""BlockAmount"": 20.0}}, {""maxUnits"": 5, ""minUnits"": 4, ""style"": 2, ""variables"": {""BlockAmount"": 40.0}}, {""maxUnits"": 25000, ""minUnits"": 6, ""style"": 3, ""variables"": {""BlockAmount"": 70.0}}]"
Set 5.5,5,mid,TFT_Set5_Stage2,11.21,Set5_Legionnaire,Legionnaire,2|4|6|8,"Legionnaires have bonus Attack Speed and heal for a portion of the damage they deal with attacks and Abilities.
(2) @ASBoostPercent@% Attack Speed, 15% Heal
(4) @ASBoostPercent@% Attack Speed, 20% Heal
(6) @ASBoostPercent@% Attack Speed, 25% Heal
(8) @ASBoostPercent@% Attack Speed, 35% Heal","Legionnaires have bonus Attack Speed and heal for a portion of the damage they deal with attacks and Abilities.<br><br><expandRow>(@MinUnits@) @ASBoostPercent@% Attack Speed, @HealPercent@% Heal</expandRow>","[{""maxUnits"": 3, ""minUnits"": 2, ""style"": 1, ""variables"": {""HealPercent"": 15.0, ""{2a35bd2d}"": 25.0}}, {""maxUnits"": 5, ""minUnits"": 4, ""style"": 2, ""variables"": {""HealPercent"": 20.0, ""{2a35bd2d}"": 70.0}}, {""maxUnits"": 7, ""minUnits"": 6, ""style"": 3, ""variables"": {""HealPercent"": 25.0, ""{2a35bd2d}"": 135.0}}, {""maxUnits"": 25000, ""minUnits"": 8, ""style"": 4, ""variables"": {""HealPercent"": 35.0, ""{2a35bd2d}"": 250.0}}]"
Set 5.5,5,mid,TFT_Set5_Stage2,11.21,Set5_Mystic,Mystic,2|3|4|5,"All allies gain Magic Resist.
(2) 40 Magic Resist
(3) 80 Magic Resist
(4) 175 Magic Resist
(5) 300 Magic Resist",All allies gain Magic Resist.<br><br><expandRow>(@MinUnits@) @MagicResist@ Magic Resist</expandRow>,"[{""maxUnits"": 2, ""minUnits"": 2, ""style"": 1, ""variables"": {""MagicResist"": 40.0}}, {""maxUnits"": 3, ""minUnits"": 3, ""style"": 2, ""variables"": {""MagicResist"": 80.0}}, {""maxUnits"": 4, ""minUnits"": 4, ""style"": 3, ""variables"": {""MagicResist"": 175.0}}, {""maxUnits"": 2500, ""minUnits"": 5, ""style"": 4, ""variables"": {""MagicResist"": 300.0}}]"
Set 5.5,5,mid,TFT_Set5_Stage2,11.21,Set5_Nightbringer,Nightbringer,2|4|6|8,"Nightbringers gain a shield for @ShieldDuration@ seconds equal to a percent of their maximum Health the first time they drop below @FirstThreshold@%. When this occurs, that Nightbringer gains bonus damage.
(2) @MaxPercentHealthShield@% shield, 20% damage
(4) @MaxPercentHealthShield@% shield, 30% damage
(6) @MaxPercentHealthShield@% shield, 40% damage
(8) @MaxPercentHealthShield@% shield, 70% damage","Nightbringers gain a shield for @ShieldDuration@ seconds equal to a percent of their maximum Health the first time they drop below @FirstThreshold@%. When this occurs, that Nightbringer gains bonus damage.<br><br><expandRow>(@MinUnits@) @MaxPercentHealthShield@% shield, @BonusDamage@% damage</expandRow>","[{""maxUnits"": 3, ""minUnits"": 2, ""style"": 1, ""variables"": {""BonusDamage"": 20.0, ""ShieldDuration"": 8.0, ""{6ff610f4}"": 50.0, ""{7696e375}"": 30.0}}, {""maxUnits"": 5, ""minUnits"": 4, ""style"": 2, ""variables"": {""BonusDamage"": 30.0, ""ShieldDuration"": 8.0, ""{6ff610f4}"": 50.0, ""{7696e375}"": 60.0}}, {""maxUnits"": 7, ""minUnits"": 6, ""style"": 3, ""variables"": {""BonusDamage"": 40.0, ""ShieldDuration"": 8.0, ""{6ff610f4}"": 50.0, ""{7696e375}"": 90.0}}, {""maxUnits"": 25000, ""minUnits"": 8, ""style"": 4, ""variables"": {""BonusDamage"": 70.0, ""ShieldDuration"": 8.0, ""{6ff610f4}"": 50.0, ""{7696e375}"": 200.0}}]"
Set 5.5,5,mid,TFT_Set5_Stage2,11.21,Set5_Ranger,Ranger,2|4|6,"Rangers gain an Attack Speed buff that switches on and off every @BuffDuration@ seconds. This buff applies to the Ranger's total Attack Speed.
(2) +80% Attack Speed
(4) +200% Attack Speed
(6) +500% Attack Speed",Rangers gain an Attack Speed buff that switches on and off every @BuffDuration@ seconds. This buff applies to the Ranger's total Attack Speed.<br><br><expandRow>(@MinUnits@) +@AttackSpeed@% Attack Speed</expandRow>,"[{""maxUnits"": 3, ""minUnits"": 2, ""style"": 1, ""variables"": {""AttackSpeed"": 80.0, ""BuffDuration"": 4.0, ""{188c0b1e}"": 4.0, ""{d23a6212}"": 4.0}}, {""maxUnits"": 5, ""minUnits"": 4, ""style"": 3, ""variables"": {""AttackSpeed"": 200.0, ""BuffDuration"": 4.0, ""{188c0b1e}"": 4.0, ""{d23a6212}"": 4.0}}, {""maxUnits"": 2500, ""minUnits"": 6, ""style"": 4, ""variables"": {""AttackSpeed"": 500.0, ""BuffDuration"": 4.0, ""{188c0b1e}"": 4.0, ""{d23a6212}"": 4.0}}]"
Set 5.5,5,mid,TFT_Set5_Stage2,11.21,Set5_Redeemed,Redeemed,3|6|9,"Redeemed champions have increased Armor, Magic Resist, and Ability Power. When they die, their bonus is split among remaining Redeemed allies.
(3) @ArmorAmount@ Armor & Magic Resist, @AbilityPowerAmount@ Ability Power
(6) @ArmorAmount@ Armor & Magic Resist, @AbilityPowerAmount@ Ability Power
(9) @ArmorAmount@ Armor & Magic Resist, @AbilityPowerAmount@ Ability Power","Redeemed champions have increased Armor, Magic Resist, and Ability Power. When they die, their bonus is split among remaining Redeemed allies.<br><br><expandRow>(@MinUnits@) @ArmorAmount@ Armor & Magic Resist, @AbilityPowerAmount@ Ability Power</expandRow>","[{""maxUnits"": 5, ""minUnits"": 3, ""style"": 1, ""variables"": {""MagicResist"": 20.0, ""{5516cb5e}"": 30.0, ""{88555c58}"": 20.0}}, {""maxUnits"": 8, ""minUnits"": 6, ""style"": 3, ""variables"": {""MagicResist"": 35.0, ""{5516cb5e}"": 60.0, ""{88555c58}"": 35.0}}, {""maxUnits"": 25000, ""minUnits"": 9, ""style"": 4, ""variables"": {""MagicResist"": 70.0, ""{5516cb5e}"": 100.0, ""{88555c58}"": 70.0}}]"
Set 5.5,5,mid,TFT_Set5_Stage2,11.21,Set5_Renewer,Renewer,2|4|6,"Renewers heal for a percent of their maximum Health each second. If they're full Health, they restore Mana instead.
(2) 4% Health or @PercentMana@% Mana
(4) 7% Health or @PercentMana@% Mana
(6) 10% Health or @PercentMana@% Mana","Renewers heal for a percent of their maximum Health each second. If they're full Health, they restore Mana instead.<br><br><expandRow>(@MinUnits@) @PercentHealth@% Health or @PercentMana@% Mana</expandRow>","[{""maxUnits"": 3, ""minUnits"": 2, ""style"": 1, ""variables"": {""PercentHealth"": 4.0, ""{49123935}"": 4.0}}, {""maxUnits"": 5, ""minUnits"": 4, ""style"": 3, ""variables"": {""PercentHealth"": 7.0, ""{49123935}"": 7.0}}, {""maxUnits"": 25000, ""minUnits"": 6, ""style"": 4, ""variables"": {""PercentHealth"": 10.0, ""{49123935}"": 10.0}}]"
Set 5.5,5,mid,TFT_Set5_Stage2,11.21,Set5_Revenant,Revenant,2|3|4|5,"Revenants revive after their first death each combat. Once revived, they take and deal @DamageAmp@% increased damage.
(2) Revive with 10% Health
(3) Revive with 25% Health
(4) Revive with 45% Health
(5) Revive with 70% Health","Revenants revive after their first death each combat. Once revived, they take and deal @DamageAmp@% increased damage.<br><br><expandRow>(@MinUnits@) Revive with @HealthPercent@% Health</expandRow>","[{""maxUnits"": 2, ""minUnits"": 2, ""style"": 1, ""variables"": {""DamageAmp"": 25.0, ""HealthPercent"": 10.0}}, {""maxUnits"": 3, ""minUnits"": 3, ""style"": 2, ""variables"": {""DamageAmp"": 25.0, ""HealthPercent"": 25.0}}, {""maxUnits"": 4, ""minUnits"": 4, ""style"": 3, ""variables"": {""DamageAmp"": 25.0, ""HealthPercent"": 45.0}}, {""maxUnits"": 25000, ""minUnits"": 5, ""style"": 4, ""variables"": {""DamageAmp"": 25.0, ""HealthPercent"": 70.0}}]"
Set 5.5,5,mid,TFT_Set5_Stage2,11.21,Set5_Sentinel,Sentinel,3|6|9,"At the start of combat, the Sentinel with the most items (ties broken by highest Attack Speed) gains a shield that grants stacking Attack Speed. When it is destroyed or expires, it will bounce to the ally with the lowest percent Health and renew. The Attack Speed bonus persists between shield bounces.
(3) 175 Shield, +20% Attack Speed, 4 sec duration
(6) 800 Shield, +80% Attack Speed, 2 sec duration
(9) 2000 Shield, +600% Attack Speed, 1 sec duration","At the start of combat, the Sentinel with the most items (ties broken by highest Attack Speed) gains a shield that grants stacking Attack Speed. When it is destroyed or expires, it will bounce to the ally with the lowest percent Health and renew. The Attack Speed bonus persists between shield bounces.<br><br><expandRow>(@MinUnits@) @Shield@ Shield, +@AttackSpeed*100@% Attack Speed, @Duration@ sec duration</expandRow>","[{""maxUnits"": 5, ""minUnits"": 3, ""style"": 1, ""variables"": {""AttackSpeed"": 0.20000000298023224, ""Duration"": 4.0, ""Shield"": 175.0}}, {""maxUnits"": 8, ""minUnits"": 6, ""style"": 3, ""variables"": {""AttackSpeed"": 0.800000011920929, ""Duration"": 2.0, ""Shield"": 800.0}}, {""maxUnits"": 25000, ""minUnits"": 9, ""style"": 4, ""variables"": {""AttackSpeed"": 6.0, ""Duration"": 1.0, ""Shield"": 2000.0}}]"
Set 5.5,5,mid,TFT_Set5_Stage2,11.21,Set5_Skirmisher,Skirmisher,3|6|9,"Skirmishers gain a shield at the start of combat, and bonus Attack Damage each second.
 (3) @PercentHealthShield@% max Health shield and +4 Attack Damage
 (6) @PercentHealthShield@% max Health shield and +10 Attack Damage
 (9) @PercentHealthShield@% max Health shield and +20 Attack Damage","Skirmishers gain a shield at the start of combat, and bonus Attack Damage each second.<br><br><expandRow> (@MinUnits@) @PercentHealthShield@% max Health shield and +@AttackDamage@ Attack Damage</expandRow>","[{""maxUnits"": 5, ""minUnits"": 3, ""style"": 1, ""variables"": {""AttackDamage"": 4.0, ""{9dc86ba9}"": 20.0}}, {""maxUnits"": 8, ""minUnits"": 6, ""style"": 3, ""variables"": {""AttackDamage"": 10.0, ""{9dc86ba9}"": 50.0}}, {""maxUnits"": 25000, ""minUnits"": 9, ""style"": 4, ""variables"": {""AttackDamage"": 20.0, ""{9dc86ba9}"": 100.0}}]"
Set 5.5,5,mid,TFT_Set5_Stage2,11.21,Set5_Spellweaver,Spellweaver,2|4|6,"Spellweavers have bonus Ability Power, which increases whenever any champion uses an ability, until the end of combat.
(2) 15 Ability Power, @BonusAP@ bonus Ability Power
(4) 35 Ability Power, @BonusAP@ bonus Ability Power
(6) 70 Ability Power, @BonusAP@ bonus Ability Power","Spellweavers have bonus Ability Power, which increases whenever any champion uses an ability, until the end of combat.<br><br><expandRow>(@MinUnits@) @AP@ Ability Power, @BonusAP@ bonus Ability Power</expandRow>","[{""maxUnits"": 3, ""minUnits"": 2, ""style"": 1, ""variables"": {""AP"": 15.0, ""{9396f00d}"": 10.0, ""{d49caf5d}"": 2.0}}, {""maxUnits"": 5, ""minUnits"": 4, ""style"": 3, ""variables"": {""AP"": 35.0, ""{9396f00d}"": 10.0, ""{d49caf5d}"": 4.0}}, {""maxUnits"": 25000, ""minUnits"": 6, ""style"": 4, ""variables"": {""AP"": 70.0, ""{9396f00d}"": 10.0, ""{d49caf5d}"": 8.0}}]"
Set 5.5,5,mid,TFT_Set5_Stage2,11.21,Set5_Victorious,Victorious,1,"(@MinUnits@) When Victorious champions score a kill, their next attack is empowered to deal @PercentDamage*100@% of the target's missing Health as bonus magic damage.","(@MinUnits@) When Victorious champions score a kill, their next attack is empowered to deal @PercentDamage*100@% of the target's missing Health as bonus magic damage.","[{""maxUnits"": 1, ""minUnits"": 1, ""style"": 3, ""variables"": {""PercentDamage"": 0.6000000238418579}}]"
Set 6,6,base,TFT_Set6,12.2,Set6_Academy,Academy ,2|4|6|8,"Academics have bonus Attack Damage and Ability Power. They also learn from their allies, gaining an additional bonus whenever an ally casts their Ability.
(2) @ADAPBase@ Attack Damage and Ability Power; @ADAPPerCast@ from allies' casts
(4) @ADAPBase@ Attack Damage and Ability Power; @ADAPPerCast@ from allies' casts
(6) @ADAPBase@ Attack Damage and Ability Power; @ADAPPerCast@ from allies' casts
(8) @ADAPBase@ Attack Damage and Ability Power; @ADAPPerCast@ from allies' casts","Academics have bonus Attack Damage and Ability Power. They also learn from their allies, gaining an additional bonus whenever an ally casts their Ability.<br><br><expandRow>(@MinUnits@) @ADAPBase@ Attack Damage and Ability Power; @ADAPPerCast@ from allies' casts</expandRow>","[{""maxUnits"": 3, ""minUnits"": 2, ""style"": 1, ""variables"": {""{65722d9c}"": 18.0, ""{96ca059f}"": 3.0}}, {""maxUnits"": 5, ""minUnits"": 4, ""style"": 2, ""variables"": {""{65722d9c}"": 40.0, ""{96ca059f}"": 5.0}}, {""maxUnits"": 7, ""minUnits"": 6, ""style"": 3, ""variables"": {""{65722d9c}"": 50.0, ""{96ca059f}"": 10.0}}, {""maxUnits"": 25000, ""minUnits"": 8, ""style"": 4, ""variables"": {""{65722d9c}"": 70.0, ""{96ca059f}"": 15.0}}]"
Set 6,6,base,TFT_Set6,12.2,Set6_Arcanist,Arcanist,2|4|6|8,"Arcanists increase the Ability Power of your team.(@MinUnits@) Your team gains @TeamAbilityPower@ Ability Power(@MinUnits@) Your team gains @TeamAbilityPower@ Ability Power, Arcanists gain an additional @ArcanistAbilityPower@(@MinUnits@) Your team gains @TeamAbilityPower@ Ability Power, Arcanists gain an additional @ArcanistAbilityPower@(@MinUnits@) Your team gains @TeamAbilityPower@ Ability Power","Arcanists increase the Ability Power of your team.<br><row>(@MinUnits@) Your team gains @TeamAbilityPower@ Ability Power</row><br><row>(@MinUnits@) Your team gains @TeamAbilityPower@ Ability Power, Arcanists gain an additional @ArcanistAbilityPower@</row><br><row>(@MinUnits@) Your team gains @TeamAbilityPower@ Ability Power, Arcanists gain an additional @ArcanistAbilityPower@</row><br><row>(@MinUnits@) Your team gains @TeamAbilityPower@ Ability Power</row>","[{""maxUnits"": 3, ""minUnits"": 2, ""style"": 1, ""variables"": {""{2f744e2b}"": 20.0, ""{faa12163}"": ""null""}}, {""maxUnits"": 5, ""minUnits"": 4, ""style"": 2, ""variables"": {""{2f744e2b}"": 20.0, ""{faa12163}"": 40.0}}, {""maxUnits"": 7, ""minUnits"": 6, ""style"": 3, ""variables"": {""{2f744e2b}"": 50.0, ""{faa12163}"": 50.0}}, {""maxUnits"": 25000, ""minUnits"": 8, ""style"": 4, ""variables"": {""{2f744e2b}"": 145.0, ""{faa12163}"": ""null""}}]"
Set 6,6,base,TFT_Set6,12.2,Set6_Assassin,Assassin,2|4|6,"Innate: When combat starts, Assassins leap to the enemy backline.Assassins' Abilities can critically strike and they gain bonus Critical Strike Chance and bonus Critical Strike Damage.
(2) +@CritChanceAmpPercent@% Crit Chance and +@CritAmpPercent@% Crit Damage
(4) +@CritChanceAmpPercent@% Crit Chance and +@CritAmpPercent@% Crit Damage
(6) +@CritChanceAmpPercent@% Crit Chance and +@CritAmpPercent@% Crit Damage","Innate: When combat starts, Assassins leap to the enemy backline.<br><br>Assassins' Abilities can critically strike and they gain bonus Critical Strike Chance and bonus Critical Strike Damage.<br><br><expandRow>(@MinUnits@) +@CritChanceAmpPercent@% Crit Chance and +@CritAmpPercent@% Crit Damage</expandRow><br>","[{""maxUnits"": 3, ""minUnits"": 2, ""style"": 1, ""variables"": {""{268f634e}"": 20.0, ""{9f2eb1e2}"": 10.0}}, {""maxUnits"": 5, ""minUnits"": 4, ""style"": 2, ""variables"": {""{268f634e}"": 40.0, ""{9f2eb1e2}"": 30.0}}, {""maxUnits"": 25000, ""minUnits"": 6, ""style"": 3, ""variables"": {""{268f634e}"": 60.0, ""{9f2eb1e2}"": 50.0}}]"
Set 6,6,base,TFT_Set6,12.2,Set6_Bodyguard,Bodyguard,2|4|6|8,"Bodyguards have increased Armor. Shortly after combat begins, Bodyguards gain a Shield and taunt adjacent enemies, forcing them to attack the Bodyguard.
(2) 75 Armor, 150 Shield
(4) 150 Armor, 350 Shield
(6) 250 Armor, 700 Shield
(8) 450 Armor, 1200 Shield","Bodyguards have increased Armor. Shortly after combat begins, Bodyguards gain a Shield and taunt adjacent enemies, forcing them to attack the Bodyguard.<br><br><expandRow>(@MinUnits@) @BonusArmor@ Armor, @ShieldAmount@ Shield</expandRow>","[{""maxUnits"": 3, ""minUnits"": 2, ""style"": 1, ""variables"": {""BonusArmor"": 75.0, ""ShieldAmount"": 150.0}}, {""maxUnits"": 5, ""minUnits"": 4, ""style"": 2, ""variables"": {""BonusArmor"": 150.0, ""ShieldAmount"": 350.0}}, {""maxUnits"": 7, ""minUnits"": 6, ""style"": 3, ""variables"": {""BonusArmor"": 250.0, ""ShieldAmount"": 700.0}}, {""maxUnits"": 9999, ""minUnits"": 8, ""style"": 4, ""variables"": {""BonusArmor"": 450.0, ""ShieldAmount"": 1200.0}}]"
Set 6,6,base,TFT_Set6,12.2,Set6_Bruiser,Bruiser,2|4|6|8,"Your team gains bonus maximum Health. Bruisers gain double the bonus.
(2) 125 Health
(4) 225 Health
(6) 400 Health
(8) 700 Health",Your team gains bonus maximum Health. Bruisers gain double the bonus.<br><expandRow>(@MinUnits@) @BonusHealth@ Health</expandRow>,"[{""maxUnits"": 3, ""minUnits"": 2, ""style"": 1, ""variables"": {""BonusHealth"": 125.0}}, {""maxUnits"": 5, ""minUnits"": 4, ""style"": 2, ""variables"": {""BonusHealth"": 225.0}}, {""maxUnits"": 7, ""minUnits"": 6, ""style"": 3, ""variables"": {""BonusHealth"": 400.0}}, {""maxUnits"": 25000, ""minUnits"": 8, ""style"": 4, ""variables"": {""BonusHealth"": 700.0}}]"
Set 6,6,base,TFT_Set6,12.2,Set6_Challenger,Challenger,2|4|6|8,"Challengers get bonus Attack Speed. Upon scoring a takedown, Challengers dash to a new target and double this bonus for @BurstDuration@ seconds.
(2) 30% Attack Speed
(4) 55% Attack Speed
(6) 80% Attack Speed
(8) 130% Attack Speed","Challengers get bonus Attack Speed. Upon scoring a takedown, Challengers dash to a new target and double this bonus for @BurstDuration@ seconds.<br><expandRow>(@MinUnits@) @BonusAS@% Attack Speed</expandRow>","[{""maxUnits"": 3, ""minUnits"": 2, ""style"": 1, ""variables"": {""BonusAS"": 30.0, ""{17cfa971}"": 2.5}}, {""maxUnits"": 5, ""minUnits"": 4, ""style"": 2, ""variables"": {""BonusAS"": 55.0, ""{17cfa971}"": 2.5}}, {""maxUnits"": 7, ""minUnits"": 6, ""style"": 3, ""variables"": {""BonusAS"": 80.0, ""{17cfa971}"": 2.5}}, {""maxUnits"": 9999, ""minUnits"": 8, ""style"": 4, ""variables"": {""BonusAS"": 130.0, ""{17cfa971}"": 2.5}}]"
Set 6,6,base,TFT_Set6,12.2,Set6_Chemtech,Chemtech,3|5|7|9,"After dropping below @HealthThreshold@% Health, Chemtech champions become chem-powered, gaining Attack Speed, @DamageReduction@% damage reduction, and regenerating a percentage of their maximum Health each second for @Duration@ seconds.
(3) 15% Attack Speed, 3% Health
(5) 50% Attack Speed, 5% Health
(7) 90% Attack Speed, 8% Health
(9) 135% Attack Speed, 15% Health","After dropping below @HealthThreshold@% Health, Chemtech champions become chem-powered, gaining Attack Speed, @DamageReduction@% damage reduction, and regenerating a percentage of their maximum Health each second for @Duration@ seconds.<br><br><expandRow>(@MinUnits@) @AttackSpeed@% Attack Speed, @HealthRegen@% Health</expandRow>","[{""maxUnits"": 4, ""minUnits"": 3, ""style"": 1, ""variables"": {""AttackSpeed"": 15.0, ""DamageReduction"": 20.0, ""Duration"": 8.0, ""HealthRegen"": 3.0, ""HealthThreshold"": 75.0}}, {""maxUnits"": 6, ""minUnits"": 5, ""style"": 2, ""variables"": {""AttackSpeed"": 50.0, ""DamageReduction"": 20.0, ""Duration"": 8.0, ""HealthRegen"": 5.0, ""HealthThreshold"": 75.0}}, {""maxUnits"": 8, ""minUnits"": 7, ""style"": 3, ""variables"": {""AttackSpeed"": 90.0, ""DamageReduction"": 20.0, ""Duration"": 8.0, ""HealthRegen"": 8.0, ""HealthThreshold"": 75.0}}, {""maxUnits"": 25000, ""minUnits"": 9, ""style"": 4, ""variables"": {""AttackSpeed"": 135.0, ""DamageReduction"": 20.0, ""Duration"": 8.0, ""HealthRegen"": 15.0, ""HealthThreshold"": 75.0}}]"
Set 6,6,base,TFT_Set6,12.2,Set6_Clockwork,Clockwork,2|4|6,"Your team has increased Attack Speed, with an additional increase per augment in the Hexcore.
(2) @AttackSpeedBonus*100@% Attack Speed + @BonusPerAugment*100@% per augment 
(4) @AttackSpeedBonus*100@% Attack Speed + @BonusPerAugment*100@% per augment 
(6) @AttackSpeedBonus*100@% Attack Speed + @BonusPerAugment*100@% per augment","Your team has increased Attack Speed, with an additional increase per augment in the Hexcore.<br><br><expandRow>(@MinUnits@) @AttackSpeedBonus*100@% Attack Speed + @BonusPerAugment*100@% per augment </expandRow><br><br>","[{""maxUnits"": 3, ""minUnits"": 2, ""style"": 1, ""variables"": {""{51aec5d2}"": 0.05000000074505806, ""{cbb3a34f}"": 0.10000000149011612}}, {""maxUnits"": 5, ""minUnits"": 4, ""style"": 3, ""variables"": {""{51aec5d2}"": 0.10000000149011612, ""{cbb3a34f}"": 0.3499999940395355}}, {""maxUnits"": 25000, ""minUnits"": 6, ""style"": 4, ""variables"": {""{51aec5d2}"": 0.15000000596046448, ""{cbb3a34f}"": 0.699999988079071}}]"
Set 6,6,base,TFT_Set6,12.2,Set6_Colossus,Colossus,2,"Innate: Colossi are bigger, more powerful, and immune to crowd control effects. However, each Colossus requires 2 team slots.(@MinUnits@) Colossus champions take @DamageReduction*100@% less damage","Innate: Colossi are bigger, more powerful, and immune to crowd control effects. However, each Colossus requires 2 team slots.<br><row>(@MinUnits@) Colossus champions take @DamageReduction*100@% less damage</row>","[{""maxUnits"": 25000, ""minUnits"": 2, ""style"": 3, ""variables"": {""DamageReduction"": 0.25, ""{5c51b509}"": 2.0}}]"
Set 6,6,base,TFT_Set6,12.2,Set6_Cuddly,Cuddly,1,"At the start of combat, Yuumi attaches herself to the nearest ally, or to the lowest Health ally after being unattached for @AttachCooldown@ seconds. Attaching to an ally grants them a shield equal to @ShieldPercent@% of Yuumi's maximum Health. Yuumi detaches if the shield breaks.While attached, Yuumi is untargetable and cannot attack, but gains @ManaPerSecond@ Mana per second, and @ManaPerAllyAttack@ Mana whenever the ally attacks.","At the start of combat, Yuumi attaches herself to the nearest ally, or to the lowest Health ally after being unattached for @AttachCooldown@ seconds. Attaching to an ally grants them a shield equal to @ShieldPercent@% of Yuumi's maximum Health. Yuumi detaches if the shield breaks.<br><br>While attached, Yuumi is untargetable and cannot attack, but gains @ManaPerSecond@ Mana per second, and @ManaPerAllyAttack@ Mana whenever the ally attacks.","[{""maxUnits"": 25000, ""minUnits"": 1, ""style"": 3, ""variables"": {""AttachCooldown"": 2.0, ""ShieldPercent"": 60.0, ""{b3105623}"": 10.0, ""{f9f3a081}"": 5.0}}]"
Set 6,6,base,TFT_Set6,12.2,Set6_Enchanter,Enchanter,2|3|4|5,"Your team has bonus Magic Resist. Enchanters gain bonus healing and shielding.
(2) +@MagicResistance@ Magic Resist; @HealShieldBoost*100@% healing and shielding
(3) +@MagicResistance@ Magic Resist; @HealShieldBoost*100@% healing and shielding
(4) +@MagicResistance@ Magic Resist; @HealShieldBoost*100@% healing and shielding
(5) +@MagicResistance@ Magic Resist; @HealShieldBoost*100@% healing and shielding",Your team has bonus Magic Resist. Enchanters gain bonus healing and shielding.<br><expandRow>(@MinUnits@) +@MagicResistance@ Magic Resist; @HealShieldBoost*100@% healing and shielding</expandRow><br>,"[{""maxUnits"": 2, ""minUnits"": 2, ""style"": 1, ""variables"": {""{47343861}"": 20.0, ""{98396b21}"": 0.25}}, {""maxUnits"": 3, ""minUnits"": 3, ""style"": 2, ""variables"": {""{47343861}"": 35.0, ""{98396b21}"": 0.4000000059604645}}, {""maxUnits"": 4, ""minUnits"": 4, ""style"": 3, ""variables"": {""{47343861}"": 50.0, ""{98396b21}"": 0.6000000238418579}}, {""maxUnits"": 9999, ""minUnits"": 5, ""style"": 4, ""variables"": {""{47343861}"": 75.0, ""{98396b21}"": 1.0}}]"
Set 6,6,base,TFT_Set6,12.2,Set6_Enforcer,Enforcer,2|4,"Enforcers stun enemies at the start of combat. They break free after @DetainDuration@ seconds, or after losing @HPPercent*100@% of their maximum Health. Enforcers will not try to stun enemies who are immune to crowd control effects.(@MinUnits@) The enemy who has the most Health(@MinUnits@) And the enemy who dealt the most damage last combat","Enforcers stun enemies at the start of combat. They break free after @DetainDuration@ seconds, or after losing @HPPercent*100@% of their maximum Health. Enforcers will not try to stun enemies who are immune to crowd control effects.<br><br><row>(@MinUnits@) The enemy who has the most Health</row><br><row>(@MinUnits@) And the enemy who dealt the most damage last combat</row>","[{""maxUnits"": 3, ""minUnits"": 2, ""style"": 1, ""variables"": {""HPPercent"": 0.4000000059604645, ""{70ed38c6}"": 5.0, ""{d2b7f6f1}"": 1.0}}, {""maxUnits"": 25000, ""minUnits"": 4, ""style"": 3, ""variables"": {""HPPercent"": 0.4000000059604645, ""{70ed38c6}"": 5.0, ""{d2b7f6f1}"": 2.0}}]"
Set 6,6,base,TFT_Set6,12.2,Set6_Glutton,Glutton,1,"An ally can be fed to Tahm Kench once per planning phase, permanently granting him either Ability Power, Health, Armor, or Magic Resist.To feed, hold an ally over Tahm Kench until his mouth opens, then release.","An ally can be fed to Tahm Kench once per planning phase, permanently granting him either Ability Power, Health, Armor, or Magic Resist.<br><br><tftitemrules>To feed, hold an ally over Tahm Kench until his mouth opens, then release.</tftitemrules>","[{""maxUnits"": 25000, ""minUnits"": 1, ""style"": 3, ""variables"": {}}]"
Set 6,6,base,TFT_Set6,12.2,Set6_Imperial,Imperial,3|5,"At the start of combat, the Imperial who dealt the most damage last combat becomes the Tyrant. The Tyrant deals bonus damage. When the Tyrant dies, the Imperial who has dealt the most damage this combat becomes the new Tyrant.(@MinUnits@) The Tyrant deals @TyrantTooltipBonusDamage@% bonus damage(@MinUnits@) The Tyrant deals @TyrantTooltipBonusDamage@% bonus damage and the other Imperials deal @ImperialBonusDamage@% bonus damage","At the start of combat, the Imperial who dealt the most damage last combat becomes the Tyrant. The Tyrant deals bonus damage. When the Tyrant dies, the Imperial who has dealt the most damage this combat becomes the new Tyrant.<br><br><row>(@MinUnits@) The Tyrant deals @TyrantTooltipBonusDamage@% bonus damage</row><br><row>(@MinUnits@) The Tyrant deals @TyrantTooltipBonusDamage@% bonus damage and the other Imperials deal @ImperialBonusDamage@% bonus damage</row>","[{""maxUnits"": 4, ""minUnits"": 3, ""style"": 3, ""variables"": {""BonusDamage"": 80.0, ""{0acd95c2}"": ""null"", ""{f469c9e6}"": 80.0}}, {""maxUnits"": 25000, ""minUnits"": 5, ""style"": 4, ""variables"": {""BonusDamage"": 70.0, ""{0acd95c2}"": 80.0, ""{f469c9e6}"": 150.0}}]"
Set 6,6,base,TFT_Set6,12.2,Set6_Innovator,Innovator,3|5|7,Innovators build a mechanical companion to join the battle. The companion receives bonus Health and Attack Damage based on allied Innovators' star levels. (@MinUnits@) Mechanical Scarab (@MinUnits@) Mechanical Bear(@MinUnits@) Mechanical Dragon,Innovators build a mechanical companion to join the battle. The companion receives bonus Health and Attack Damage based on allied Innovators' star levels. <br><br><row>(@MinUnits@) Mechanical Scarab </row><br><row>(@MinUnits@) Mechanical Bear</row><br><row>(@MinUnits@) Mechanical Dragon </row>,"[{""maxUnits"": 4, ""minUnits"": 3, ""style"": 1, ""variables"": {""{45564848}"": 1.0, ""{97ea7bfc}"": 0.25}}, {""maxUnits"": 6, ""minUnits"": 5, ""style"": 3, ""variables"": {""{45564848}"": 2.0, ""{97ea7bfc}"": 0.25}}, {""maxUnits"": 25000, ""minUnits"": 7, ""style"": 4, ""variables"": {""{45564848}"": 3.0, ""{97ea7bfc}"": 0.25}}]"
Set 6,6,base,TFT_Set6,12.2,Set6_Mercenary,Mercenary,3|5|7,"Gain a treasure chest that opens when you win combat against a player. At the start of each planning phase vs a player, dice rolls add loot to the chest. The longer you've gone without opening the chest, the luckier the dice.(@MinUnits@) Roll 2 dice (@MinUnits@) The dice are even luckier! (@MinUnits@) Upon winning, roll a 3rd die that grants bonus loot.","Gain a treasure chest that opens when you win combat against a player. At the start of each planning phase vs a player, dice rolls add loot to the chest. The longer you've gone without opening the chest, the luckier the dice.<br><br><row>(@MinUnits@) Roll 2 dice </row><br><row>(@MinUnits@) The dice are even luckier! </row><br><row>(@MinUnits@) Upon winning, roll a 3rd die that grants bonus loot. </row>","[{""maxUnits"": 4, ""minUnits"": 3, ""style"": 1, ""variables"": {}}, {""maxUnits"": 6, ""minUnits"": 5, ""style"": 3, ""variables"": {}}, {""maxUnits"": 25000, ""minUnits"": 7, ""style"": 4, ""variables"": {}}]"
Set 6,6,base,TFT_Set6,12.2,Set6_Mutant,Mutant,3|5,Mutants gain a different Trait bonus from game to game.Cybernetic Enhancement grants bonus stats to Mutants with at least 1 item.Voracious Appetite strengthens Mutants on each ally's death.Voidborne executes targets below a Health threshold and deals true damage. Hyper-Adrenal Glands give a chance for Mutants to deal additional attacks.Synaptic Web reduces the Mana cost of Mutants' Abilities.Bio-Leeching grants Omnivamp (healing for a percentage of damage dealt) to your team.Metamorphosis grants stacking bonuses to Mutants at regular intervals.,Mutants gain a different Trait bonus from game to game.<br><br><tftstrong>Cybernetic Enhancement</tftstrong> grants bonus stats to Mutants with at least 1 item.<br><tftstrong>Voracious Appetite</tftstrong> strengthens Mutants on each ally's death.<br><tftstrong>Voidborne</tftstrong> executes targets below a Health threshold and deals true damage. <br><tftstrong>Hyper-Adrenal Glands</tftstrong> give a chance for Mutants to deal additional attacks.<br><tftstrong>Synaptic Web</tftstrong> reduces the Mana cost of Mutants' Abilities.<br><tftstrong>Bio-Leeching</tftstrong> grants Omnivamp (healing for a percentage of damage dealt) to your team.<br><tftstrong>Metamorphosis</tftstrong> grants stacking bonuses to Mutants at regular intervals.,"[{""maxUnits"": 4, ""minUnits"": 3, ""style"": 1, ""variables"": {""{02ce80f2}"": 8.0, ""{190fb0a2}"": 18.0, ""{2f805979}"": 30.0, ""{2fb1d11d}"": 0.019999999552965164, ""{3f1cec4d}"": 20.0, ""{5c51b509}"": 1.0, ""{66d8ecb1}"": 50.0, ""{6b5aee70}"": 2.0, ""{76882e8f}"": 450.0, ""{7c799240}"": 20.0, ""{82e43c84}"": 20.0, ""{994006f0}"": 2.0, ""{9cc303b4}"": ""null"", ""{b6322d58}"": 30.0, ""{c26236e7}"": 40.0, ""{f3cab19f}"": 175.0}}, {""maxUnits"": 25000, ""minUnits"": 5, ""style"": 3, ""variables"": {""{02ce80f2}"": 12.0, ""{190fb0a2}"": 25.0, ""{2f805979}"": 55.0, ""{2fb1d11d}"": 0.029999999329447746, ""{3f1cec4d}"": 20.0, ""{5c51b509}"": 2.0, ""{66d8ecb1}"": 50.0, ""{6b5aee70}"": 2.0, ""{76882e8f}"": 900.0, ""{7c799240}"": 30.0, ""{82e43c84}"": 40.0, ""{994006f0}"": 4.0, ""{9cc303b4}"": 40.0, ""{b6322d58}"": 60.0, ""{c26236e7}"": 75.0, ""{f3cab19f}"": 225.0}}]"
Set 6,6,base,TFT_Set6,12.2,Set6_Protector,Protector,2|3|4|5,"Protectors shield themselves for @Duration@ seconds whenever they cast an Ability. This shield doesn't stack.
 (2) 20% maximum Health shield
 (3) 35% maximum Health shield
 (4) 45% maximum Health shield
 (5) 60% maximum Health shield",Protectors shield themselves for @Duration@ seconds whenever they cast an Ability. This shield doesn't stack.<br><br><expandRow> (@MinUnits@) @ShieldPercent@% maximum Health shield</expandRow>,"[{""maxUnits"": 2, ""minUnits"": 2, ""style"": 1, ""variables"": {""Duration"": 4.0, ""ShieldPercent"": 20.0}}, {""maxUnits"": 3, ""minUnits"": 3, ""style"": 2, ""variables"": {""Duration"": 4.0, ""ShieldPercent"": 35.0}}, {""maxUnits"": 4, ""minUnits"": 4, ""style"": 3, ""variables"": {""Duration"": 4.0, ""ShieldPercent"": 45.0}}, {""maxUnits"": 25000, ""minUnits"": 5, ""style"": 4, ""variables"": {""Duration"": 4.0, ""ShieldPercent"": 60.0}}]"
Set 6,6,base,TFT_Set6,12.2,Set6_Scholar,Scholar,2|4|6,"Your team gains Mana every @TickRate@ seconds.
(2) @ManaPerTick@ Mana
(4) @ManaPerTick@ Mana
(6) @ManaPerTick@ Mana",Your team gains Mana every @TickRate@ seconds.<br><br><expandRow>(@MinUnits@) @ManaPerTick@ Mana</expandRow>,"[{""maxUnits"": 3, ""minUnits"": 2, ""style"": 1, ""variables"": {""{471b1a16}"": 2.0, ""{d0539890}"": 5.0}}, {""maxUnits"": 5, ""minUnits"": 4, ""style"": 3, ""variables"": {""{471b1a16}"": 2.0, ""{d0539890}"": 10.0}}, {""maxUnits"": 25000, ""minUnits"": 6, ""style"": 4, ""variables"": {""{471b1a16}"": 2.0, ""{d0539890}"": 20.0}}]"
Set 6,6,base,TFT_Set6,12.2,Set6_Scrap,Scrap,2|4|6,"At the start of combat, components held by Scrap champions turn into full items for the rest of combat. Also, your team gains a shield for each component equipped by your team, including those that are part of a full item.(@MinUnits@) @NumComponents@ component, @HPShieldAmount@ shield(@MinUnits@) @NumComponents@ components, @HPShieldAmount@ shield(@MinUnits@) All components, @HPShieldAmount@ shield","At the start of combat, components held by Scrap champions turn into full items for the rest of combat. Also, your team gains a shield for each component equipped by your team, including those that are part of a full item.<br><br><row>(@MinUnits@) @NumComponents@ component, @HPShieldAmount@ shield</row><br><row>(@MinUnits@) @NumComponents@ components, @HPShieldAmount@ shield</row><br><row>(@MinUnits@) All components, @HPShieldAmount@ shield</row>","[{""maxUnits"": 3, ""minUnits"": 2, ""style"": 1, ""variables"": {""{5cc08b27}"": 1.0, ""{94c6a08c}"": 20.0}}, {""maxUnits"": 5, ""minUnits"": 4, ""style"": 2, ""variables"": {""{5cc08b27}"": 3.0, ""{94c6a08c}"": 40.0}}, {""maxUnits"": 25000, ""minUnits"": 6, ""style"": 3, ""variables"": {""{5cc08b27}"": 10.0, ""{94c6a08c}"": 60.0}}]"
Set 6,6,base,TFT_Set6,12.2,Set6_Sister,Sister,2,(@MinUnits@) Sisters gain empowered skills to compete with each other. Vi's Ability range increases by 2 hexes.Jinx gains @JinxEmpoweredAS*100@% Attack Speed for @JinxASDuration@ seconds after scoring a takedown.,(@MinUnits@) Sisters gain empowered skills to compete with each other. <br>Vi's Ability range increases by 2 hexes.<br><br>Jinx gains @JinxEmpoweredAS*100@% Attack Speed for @JinxASDuration@ seconds after scoring a takedown.,"[{""maxUnits"": 25000, ""minUnits"": 2, ""style"": 3, ""variables"": {""{2a50526a}"": 3.0, ""{3b173c39}"": 4.0, ""{5263ba40}"": 0.4000000059604645}}]"
Set 6,6,base,TFT_Set6,12.2,Set6_Sniper,Sniper,2|4|6,"Innate: Snipers gain @HexRangeIncrease@ hex Attack Range. Snipers deal bonus damage for each hex between themselves and their target.
(2) @PercentDamageIncrease@% bonus damage
(4) @PercentDamageIncrease@% bonus damage
(6) @PercentDamageIncrease@% bonus damage",Innate: Snipers gain @HexRangeIncrease@ hex Attack Range. <br><br>Snipers deal bonus damage for each hex between themselves and their target.<br><expandRow>(@MinUnits@) @PercentDamageIncrease@% bonus damage</expandRow>,"[{""maxUnits"": 3, ""minUnits"": 2, ""style"": 1, ""variables"": {""{16394c87}"": 1.0, ""{75994f47}"": 8.0}}, {""maxUnits"": 5, ""minUnits"": 4, ""style"": 3, ""variables"": {""{16394c87}"": 1.0, ""{75994f47}"": 16.0}}, {""maxUnits"": 25000, ""minUnits"": 6, ""style"": 4, ""variables"": {""{16394c87}"": 1.0, ""{75994f47}"": 30.0}}]"
Set 6,6,base,TFT_Set6,12.2,Set6_Socialite,Socialite,1|2|3,Socialites reveal a spotlight on the battlefield. The unit standing in the spotlight at the start of combat gains unique bonuses.(@MinUnits@) @DamagePercent*100@% bonus damage(@MinUnits@) and @ManaPerSecond@ Mana per second(@MinUnits@) and heal for @OmnivampPercent*100@% of all damage they deal,Socialites reveal a spotlight on the battlefield. The unit standing in the spotlight at the start of combat gains unique bonuses.<br><br><row>(@MinUnits@) @DamagePercent*100@% bonus damage</row><br><row>(@MinUnits@) and @ManaPerSecond@ Mana per second</row><br><row>(@MinUnits@) and heal for @OmnivampPercent*100@% of all damage they deal</row>,"[{""maxUnits"": 1, ""minUnits"": 1, ""style"": 1, ""variables"": {""DamagePercent"": 0.20000000298023224, ""{5064373e}"": ""null"", ""{5c51b509}"": 1.0, ""{6c155e99}"": ""null"", ""{f9f3a081}"": ""null""}}, {""maxUnits"": 2, ""minUnits"": 2, ""style"": 2, ""variables"": {""DamagePercent"": 0.20000000298023224, ""{5064373e}"": ""null"", ""{5c51b509}"": 2.0, ""{6c155e99}"": ""null"", ""{f9f3a081}"": 3.0}}, {""maxUnits"": 25000, ""minUnits"": 3, ""style"": 3, ""variables"": {""DamagePercent"": 0.20000000298023224, ""{5064373e}"": ""null"", ""{5c51b509}"": 3.0, ""{6c155e99}"": 0.33000001311302185, ""{f9f3a081}"": 3.0}}]"
Set 6,6,base,TFT_Set6,12.2,Set6_Syndicate,Syndicate,3|5|7,"Certain allies are cloaked in shadows, gaining @Armor@ Armor, @MagicResist@ Magic Resist and @PercentOmnivamp@% Omnivamp (healing for a percentage of all damage dealt.)(@MinUnits@) The Syndicate champion with the lowest percent Health(@MinUnits@) All Syndicate champions(@MinUnits@) Your whole team, and the effects are increased by @SyndicateIncrease*100@%","Certain allies are cloaked in shadows, gaining @Armor@ Armor, @MagicResist@ Magic Resist and @PercentOmnivamp@% Omnivamp (healing for a percentage of all damage dealt.)<br><br><row>(@MinUnits@) The Syndicate champion with the lowest percent Health</row><br><row>(@MinUnits@) All Syndicate champions</row><br><row>(@MinUnits@) Your whole team, and the effects are increased by @SyndicateIncrease*100@%</row><br>","[{""maxUnits"": 4, ""minUnits"": 3, ""style"": 1, ""variables"": {""Armor"": 55.0, ""MagicResist"": 55.0, ""{5c51b509}"": 1.0, ""{c9b0e3af}"": 20.0}}, {""maxUnits"": 6, ""minUnits"": 5, ""style"": 3, ""variables"": {""Armor"": 55.0, ""MagicResist"": 55.0, ""{5c51b509}"": 2.0, ""{c9b0e3af}"": 20.0}}, {""maxUnits"": 25000, ""minUnits"": 7, ""style"": 4, ""variables"": {""Armor"": 55.0, ""MagicResist"": 55.0, ""{5c51b509}"": 3.0, ""{867bc055}"": 0.6000000238418579, ""{c9b0e3af}"": 20.0}}]"
Set 6,6,base,TFT_Set6,12.2,Set6_Transformer,Transformer,1,"Jayce adopts melee form when placed in the front 2 rows, and ranged form in the back 2 rows.","Jayce adopts melee form when placed in the front 2 rows, and ranged form in the back 2 rows.","[{""maxUnits"": 25000, ""minUnits"": 1, ""style"": 3, ""variables"": {}}]"
Set 6,6,base,TFT_Set6,12.2,Set6_Twinshot,Twinshot,2|4|6,"Twinshots gain bonus Attack Damage. When a Twinshot attacks, they have a chance to attack twice instead.
(2) 5 Attack Damage, @ProcChance@% chance
(4) 40 Attack Damage, @ProcChance@% chance
(6) 80 Attack Damage, @ProcChance@% chance","Twinshots gain bonus Attack Damage. When a Twinshot attacks, they have a chance to attack twice instead.<br><br><expandRow>(@MinUnits@) @BonusAD@ Attack Damage, @ProcChance@% chance</expandRow><br>","[{""maxUnits"": 3, ""minUnits"": 2, ""style"": 1, ""variables"": {""BonusAD"": 5.0, ""{b4a90a5d}"": 40.0}}, {""maxUnits"": 5, ""minUnits"": 4, ""style"": 3, ""variables"": {""BonusAD"": 40.0, ""{b4a90a5d}"": 70.0}}, {""maxUnits"": 25000, ""minUnits"": 6, ""style"": 4, ""variables"": {""BonusAD"": 80.0, ""{b4a90a5d}"": 100.0}}]"
Set 6,6,base,TFT_Set6,12.2,Set6_Yordle,Yordle,3|6,"(@MinUnits@) After each player combat, a random Yordle is added to your bench for free.(@MinUnits@) And Yordles' Abilities cost @PercentManaReduction@% less to cast.","<row>(@MinUnits@) After each player combat, a random Yordle is added to your bench for free.</row><br><row>(@MinUnits@) And Yordles' Abilities cost @PercentManaReduction@% less to cast.</row><br>","[{""maxUnits"": 5, ""minUnits"": 3, ""style"": 1, ""variables"": {""{ed1f9fc2}"": ""null""}}, {""maxUnits"": 25000, ""minUnits"": 6, ""style"": 3, ""variables"": {""{ed1f9fc2}"": 25.0}}]"
Set 6,6,base,TFT_Set6,12.2,Set6_YordleLord,Yordle-Lord,1,(1) Benefits from the Yordle trait.Veigar is summoned from a Yordle Portal when every Yordle is 3-star.,(1) Benefits from the Yordle trait.<br><br>Veigar is summoned from a Yordle Portal when every Yordle is 3-star.<br><br>,"[{""maxUnits"": 25000, ""minUnits"": 1, ""style"": 4, ""variables"": {}}]"
Set 6.5,6,mid,TFTSet6_Stage2,12.10,Set6_Arcanist,Arcanist,2|4|6|8,"Arcanists increase the Ability Power of your team.(@MinUnits@) Your team gains @TeamAbilityPower@ Ability Power(@MinUnits@) Your team gains @TeamAbilityPower@ Ability Power, Arcanists gain an additional @ArcanistAbilityPower@(@MinUnits@) Your team gains @TeamAbilityPower@ Ability Power, Arcanists gain an additional @ArcanistAbilityPower@(@MinUnits@) Your team gains @TeamAbilityPower@ Ability Power","Arcanists increase the Ability Power of your team.<br><row>(@MinUnits@) Your team gains @TeamAbilityPower@ Ability Power</row><br><row>(@MinUnits@) Your team gains @TeamAbilityPower@ Ability Power, Arcanists gain an additional @ArcanistAbilityPower@</row><br><row>(@MinUnits@) Your team gains @TeamAbilityPower@ Ability Power, Arcanists gain an additional @ArcanistAbilityPower@</row><br><row>(@MinUnits@) Your team gains @TeamAbilityPower@ Ability Power</row>","[{""maxUnits"": 3, ""minUnits"": 2, ""style"": 1, ""variables"": {""{2f744e2b}"": 20.0, ""{faa12163}"": ""null""}}, {""maxUnits"": 5, ""minUnits"": 4, ""style"": 2, ""variables"": {""{2f744e2b}"": 20.0, ""{faa12163}"": 30.0}}, {""maxUnits"": 7, ""minUnits"": 6, ""style"": 3, ""variables"": {""{2f744e2b}"": 50.0, ""{faa12163}"": 50.0}}, {""maxUnits"": 25000, ""minUnits"": 8, ""style"": 4, ""variables"": {""{2f744e2b}"": 150.0, ""{faa12163}"": ""null""}}]"
Set 6.5,6,mid,TFTSet6_Stage2,12.10,Set6_Assassin,Assassin,2|4|6,"Innate: When combat starts, Assassins leap to the enemy backline.Assassins' Abilities can critically strike and they gain bonus Critical Strike Chance and bonus Critical Strike Damage.
(2) +@CritChanceAmpPercent@% Crit Chance and +@CritAmpPercent@% Crit Damage
(4) +@CritChanceAmpPercent@% Crit Chance and +@CritAmpPercent@% Crit Damage
(6) +@CritChanceAmpPercent@% Crit Chance and +@CritAmpPercent@% Crit Damage","Innate: When combat starts, Assassins leap to the enemy backline.<br><br>Assassins' Abilities can critically strike and they gain bonus Critical Strike Chance and bonus Critical Strike Damage.<br><br><expandRow>(@MinUnits@) +@CritChanceAmpPercent@% Crit Chance and +@CritAmpPercent@% Crit Damage</expandRow><br>","[{""maxUnits"": 3, ""minUnits"": 2, ""style"": 1, ""variables"": {""{268f634e}"": 20.0, ""{9f2eb1e2}"": 10.0}}, {""maxUnits"": 5, ""minUnits"": 4, ""style"": 2, ""variables"": {""{268f634e}"": 40.0, ""{9f2eb1e2}"": 30.0}}, {""maxUnits"": 25000, ""minUnits"": 6, ""style"": 3, ""variables"": {""{268f634e}"": 75.0, ""{9f2eb1e2}"": 60.0}}]"
Set 6.5,6,mid,TFTSet6_Stage2,12.10,Set6_Bodyguard,Bodyguard,2|4|6|8,"Bodyguards have increased Armor. Shortly after combat begins, Bodyguards gain a shield and taunt adjacent enemies, forcing them to attack the Bodyguard.
(2) 80 Armor, 200 shield
(4) 160 Armor, 400 shield
(6) 250 Armor, 800 shield
(8) 450 Armor, 1800 shield","Bodyguards have increased Armor. Shortly after combat begins, Bodyguards gain a shield and taunt adjacent enemies, forcing them to attack the Bodyguard.<br><br><expandRow>(@MinUnits@) @BonusArmor@ Armor, @ShieldAmount@ shield</expandRow>","[{""maxUnits"": 3, ""minUnits"": 2, ""style"": 1, ""variables"": {""BonusArmor"": 80.0, ""ShieldAmount"": 200.0}}, {""maxUnits"": 5, ""minUnits"": 4, ""style"": 2, ""variables"": {""BonusArmor"": 160.0, ""ShieldAmount"": 400.0}}, {""maxUnits"": 7, ""minUnits"": 6, ""style"": 3, ""variables"": {""BonusArmor"": 250.0, ""ShieldAmount"": 800.0}}, {""maxUnits"": 9999, ""minUnits"": 8, ""style"": 4, ""variables"": {""BonusArmor"": 450.0, ""ShieldAmount"": 1800.0}}]"
Set 6.5,6,mid,TFTSet6_Stage2,12.10,Set6_Bruiser,Bruiser,2|4|6|8,"Your team gains bonus maximum Health. Bruisers gain double the bonus.
(2) 125 Health
(4) 225 Health
(6) 450 Health
(8) 800 Health",Your team gains bonus maximum Health. Bruisers gain double the bonus.<br><expandRow>(@MinUnits@) @BonusHealth@ Health</expandRow>,"[{""maxUnits"": 3, ""minUnits"": 2, ""style"": 1, ""variables"": {""BonusHealth"": 125.0}}, {""maxUnits"": 5, ""minUnits"": 4, ""style"": 2, ""variables"": {""BonusHealth"": 225.0}}, {""maxUnits"": 7, ""minUnits"": 6, ""style"": 3, ""variables"": {""BonusHealth"": 450.0}}, {""maxUnits"": 25000, ""minUnits"": 8, ""style"": 4, ""variables"": {""BonusHealth"": 800.0}}]"
Set 6.5,6,mid,TFTSet6_Stage2,12.10,Set6_Challenger,Challenger,2|4|6|8,"Challengers get bonus Attack Speed. Upon scoring a takedown, Challengers dash to a new target and double this bonus for @BurstDuration@ seconds.
(2) 25% Attack Speed
(4) 50% Attack Speed
(6) 85% Attack Speed
(8) 160% Attack Speed","Challengers get bonus Attack Speed. Upon scoring a takedown, Challengers dash to a new target and double this bonus for @BurstDuration@ seconds.<br><expandRow>(@MinUnits@) @BonusAS@% Attack Speed</expandRow>","[{""maxUnits"": 3, ""minUnits"": 2, ""style"": 1, ""variables"": {""BonusAS"": 25.0, ""{17cfa971}"": 2.5}}, {""maxUnits"": 5, ""minUnits"": 4, ""style"": 2, ""variables"": {""BonusAS"": 50.0, ""{17cfa971}"": 2.5}}, {""maxUnits"": 7, ""minUnits"": 6, ""style"": 3, ""variables"": {""BonusAS"": 85.0, ""{17cfa971}"": 2.5}}, {""maxUnits"": 9999, ""minUnits"": 8, ""style"": 4, ""variables"": {""BonusAS"": 160.0, ""{17cfa971}"": 2.5}}]"
Set 6.5,6,mid,TFTSet6_Stage2,12.10,Set6_Chemtech,Chemtech,3|5|7|9,"After dropping below @HealthThreshold@% Health, Chemtech champions become chem-powered, gaining Attack Speed, @DamageReduction@% damage reduction, and regenerating a percentage of their maximum Health each second for @Duration@ seconds.
(3) 15% Attack Speed, 4% Health
(5) 40% Attack Speed, 8% Health
(7) 90% Attack Speed, 15% Health
(9) 200% Attack Speed, 25% Health","After dropping below @HealthThreshold@% Health, Chemtech champions become chem-powered, gaining Attack Speed, @DamageReduction@% damage reduction, and regenerating a percentage of their maximum Health each second for @Duration@ seconds.<br><br><expandRow>(@MinUnits@) @AttackSpeed@% Attack Speed, @HealthRegen@% Health</expandRow>","[{""maxUnits"": 4, ""minUnits"": 3, ""style"": 1, ""variables"": {""AttackSpeed"": 15.0, ""DamageReduction"": 15.0, ""Duration"": 8.0, ""HealthRegen"": 4.0, ""HealthThreshold"": 75.0}}, {""maxUnits"": 6, ""minUnits"": 5, ""style"": 2, ""variables"": {""AttackSpeed"": 40.0, ""DamageReduction"": 15.0, ""Duration"": 8.0, ""HealthRegen"": 8.0, ""HealthThreshold"": 75.0}}, {""maxUnits"": 8, ""minUnits"": 7, ""style"": 3, ""variables"": {""AttackSpeed"": 90.0, ""DamageReduction"": 15.0, ""Duration"": 8.0, ""HealthRegen"": 15.0, ""HealthThreshold"": 75.0}}, {""maxUnits"": 25000, ""minUnits"": 9, ""style"": 4, ""variables"": {""AttackSpeed"": 200.0, ""DamageReduction"": 15.0, ""Duration"": 8.0, ""HealthRegen"": 25.0, ""HealthThreshold"": 75.0}}]"
Set 6.5,6,mid,TFTSet6_Stage2,12.10,Set6_Clockwork,Clockwork,2|4|6,"Your team has increased Attack Speed, with an additional increase per augment in the Hexcore.
(2) @AttackSpeedBonus*100@% Attack Speed + @BonusPerAugment*100@% per augment 
(4) @AttackSpeedBonus*100@% Attack Speed + @BonusPerAugment*100@% per augment 
(6) @AttackSpeedBonus*100@% Attack Speed + @BonusPerAugment*100@% per augment","Your team has increased Attack Speed, with an additional increase per augment in the Hexcore.<br><br><expandRow>(@MinUnits@) @AttackSpeedBonus*100@% Attack Speed + @BonusPerAugment*100@% per augment </expandRow><br><br>","[{""maxUnits"": 3, ""minUnits"": 2, ""style"": 1, ""variables"": {""{51aec5d2}"": 0.05000000074505806, ""{cbb3a34f}"": 0.10000000149011612}}, {""maxUnits"": 5, ""minUnits"": 4, ""style"": 3, ""variables"": {""{51aec5d2}"": 0.10000000149011612, ""{cbb3a34f}"": 0.3499999940395355}}, {""maxUnits"": 25000, ""minUnits"": 6, ""style"": 4, ""variables"": {""{51aec5d2}"": 0.15000000596046448, ""{cbb3a34f}"": 0.699999988079071}}]"
Set 6.5,6,mid,TFTSet6_Stage2,12.10,Set6_Colossus,Colossus,2|3,"Innate: Colossi are bigger and more powerful. They gain @BonusHealthTooltip@ bonus Health and immunity to crowd control effects. However, each Colossus requires 2 team slots.(@MinUnits@) Colossus champions take @DamageReduction*100@% less damage(@MinUnits@) Colossus champions instead gain @BonusHealthTooltip2@ bonus Health.","Innate: Colossi are bigger and more powerful. They gain @BonusHealthTooltip@ bonus Health and immunity to crowd control effects. However, each Colossus requires 2 team slots.<br><row>(@MinUnits@) Colossus champions take @DamageReduction*100@% less damage</row><br><row>(@MinUnits@) Colossus champions instead gain @BonusHealthTooltip2@ bonus Health.</row>","[{""maxUnits"": 2, ""minUnits"": 2, ""style"": 2, ""variables"": {""DamageReduction"": 0.25, ""{5c51b509}"": 2.0, ""{e86b1aa9}"": 800.0}}, {""maxUnits"": 25000, ""minUnits"": 3, ""style"": 3, ""variables"": {""DamageReduction"": 0.25, ""{5c51b509}"": 3.0, ""{7b9ae201}"": 1888.0, ""{e86b1aa9}"": 800.0}}]"
Set 6.5,6,mid,TFTSet6_Stage2,12.10,Set6_Debonair,Debonair,3|5|7,"Debonair champions gain bonus Health and Ability Power, and you have a higher chance to see Debonair VIPs in your Shop. If there is a Debonair VIP in play, they activate their unique bonus. Sell the old VIP for a chance to see a new one in your Shop. 
(3) 200 Health, @AbilityPower@ Ability Power 
(5) 450 Health, @AbilityPower@ Ability Power 
(7) 800 Health, @AbilityPower@ Ability Power","Debonair champions gain bonus Health and Ability Power, and you have a higher chance to see Debonair VIPs in your Shop. <br><br>If there is a Debonair VIP in play, they activate their unique bonus. Sell the old VIP for a chance to see a new one in your Shop. <br><br><expandRow>(@MinUnits@) @Health@ Health, @AbilityPower@ Ability Power </expandRow>","[{""maxUnits"": 4, ""minUnits"": 3, ""style"": 1, ""variables"": {""Health"": 200.0, ""{7f1304b2}"": 20.0}}, {""maxUnits"": 6, ""minUnits"": 5, ""style"": 3, ""variables"": {""Health"": 450.0, ""{7f1304b2}"": 45.0}}, {""maxUnits"": 25000, ""minUnits"": 7, ""style"": 4, ""variables"": {""Health"": 800.0, ""{7f1304b2}"": 80.0}}]"
Set 6.5,6,mid,TFTSet6_Stage2,12.10,Set6_Enchanter,Enchanter,2|3|4|5,"Your team has bonus Magic Resist. Enchanters gain bonus healing and shielding.
(2) @MagicResistance@ Magic Resist; @HealShieldBoost*100@% healing and shielding
(3) @MagicResistance@ Magic Resist; @HealShieldBoost*100@% healing and shielding
(4) @MagicResistance@ Magic Resist; @HealShieldBoost*100@% healing and shielding
(5) @MagicResistance@ Magic Resist; @HealShieldBoost*100@% healing and shielding",Your team has bonus Magic Resist. Enchanters gain bonus healing and shielding.<br><expandRow>(@MinUnits@) @MagicResistance@ Magic Resist; @HealShieldBoost*100@% healing and shielding</expandRow><br>,"[{""maxUnits"": 2, ""minUnits"": 2, ""style"": 1, ""variables"": {""{47343861}"": 25.0, ""{98396b21}"": 0.25}}, {""maxUnits"": 3, ""minUnits"": 3, ""style"": 2, ""variables"": {""{47343861}"": 50.0, ""{98396b21}"": 0.5}}, {""maxUnits"": 4, ""minUnits"": 4, ""style"": 3, ""variables"": {""{47343861}"": 80.0, ""{98396b21}"": 0.800000011920929}}, {""maxUnits"": 9999, ""minUnits"": 5, ""style"": 4, ""variables"": {""{47343861}"": 125.0, ""{98396b21}"": 1.25}}]"
Set 6.5,6,mid,TFTSet6_Stage2,12.10,Set6_Enforcer,Enforcer,3|5,"(@MinUnits@) At the start of combat, Enforcers stun the enemy who has the most Health. The target breaks free after @DetainDuration@ seconds, or after losing @HPPercent*100@% of their maximum Health. Enforcers will not try to stun enemies who are immune to crowd control effects.(@MinUnits@) At the start of combat, Enforcers gain @AttackSpeed*100@% Attack Speed for the rest of combat.","<row>(@MinUnits@) At the start of combat, Enforcers stun the enemy who has the most Health. The target breaks free after @DetainDuration@ seconds, or after losing @HPPercent*100@% of their maximum Health. Enforcers will not try to stun enemies who are immune to crowd control effects.</row><br><row>(@MinUnits@) At the start of combat, Enforcers gain @AttackSpeed*100@% Attack Speed for the rest of combat.</row>","[{""maxUnits"": 4, ""minUnits"": 3, ""style"": 3, ""variables"": {""HPPercent"": 0.4000000059604645, ""{70ed38c6}"": 4.0, ""{d2b7f6f1}"": 1.0}}, {""maxUnits"": 25000, ""minUnits"": 5, ""style"": 4, ""variables"": {""AttackSpeed"": 1.0, ""HPPercent"": 0.4000000059604645, ""{70ed38c6}"": 4.0, ""{d2b7f6f1}"": 2.0}}]"
Set 6.5,6,mid,TFTSet6_Stage2,12.10,Set6_Glutton,Glutton,1,"An ally from the bench can be fed to Tahm Kench once per planning phase, permanently granting him either Ability Power, Health, Armor, or Magic Resist.To feed, hold an ally from the bench over Tahm Kench until his mouth opens, then release.","An ally from the bench can be fed to Tahm Kench once per planning phase, permanently granting him either Ability Power, Health, Armor, or Magic Resist.<br><br><tftitemrules>To feed, hold an ally from the bench over Tahm Kench until his mouth opens, then release.</tftitemrules>","[{""maxUnits"": 25000, ""minUnits"": 1, ""style"": 3, ""variables"": {}}]"
Set 6.5,6,mid,TFTSet6_Stage2,12.10,Set6_Hextech,Hextech,2|4|6|8,"At the start of combat and every @Frequency@ seconds afterwards, the Hexcore sends out a pulse that charges up allied Hextech champions with a shield for @ShieldDuration@ seconds (does not stack). While the shield is active, attacks deal bonus magic damage on hit. Additionally, the shield and bonus magic damage are @BonusPercentPerAugment@% stronger for each augment in the Hexcore.
(2) 100 shield, 15 magic damage
(4) 175 shield, 30 magic damage
(6) 300 shield, 55 magic damage
(8) 425 shield, 90 magic damage","At the start of combat and every @Frequency@ seconds afterwards, the Hexcore sends out a pulse that charges up allied Hextech champions with a shield for @ShieldDuration@ seconds (does not stack). While the shield is active, attacks deal bonus magic damage on hit. Additionally, the shield and bonus magic damage are @BonusPercentPerAugment@% stronger for each augment in the Hexcore.<br><br><expandRow>(@MinUnits@) @ShieldAmount@ shield, @MagicDamage@ magic damage</expandRow>","[{""maxUnits"": 3, ""minUnits"": 2, ""style"": 1, ""variables"": {""MagicDamage"": 15.0, ""ShieldAmount"": 100.0, ""ShieldDuration"": 4.0, ""{2fb31c01}"": 6.0, ""{f49783e7}"": 20.0}}, {""maxUnits"": 5, ""minUnits"": 4, ""style"": 2, ""variables"": {""MagicDamage"": 30.0, ""ShieldAmount"": 175.0, ""ShieldDuration"": 4.0, ""{2fb31c01}"": 6.0, ""{f49783e7}"": 20.0}}, {""maxUnits"": 7, ""minUnits"": 6, ""style"": 3, ""variables"": {""MagicDamage"": 55.0, ""ShieldAmount"": 300.0, ""ShieldDuration"": 4.0, ""{2fb31c01}"": 6.0, ""{f49783e7}"": 20.0}}, {""maxUnits"": 25000, ""minUnits"": 8, ""style"": 4, ""variables"": {""MagicDamage"": 90.0, ""ShieldAmount"": 425.0, ""ShieldDuration"": 4.0, ""{2fb31c01}"": 6.0, ""{f49783e7}"": 20.0}}]"
Set 6.5,6,mid,TFTSet6_Stage2,12.10,Set6_Innovator,Innovator,3|5|7,Innovators build a mechanical companion to join the battle. The companion receives bonus Health and Attack Damage based on allied Innovators' star levels. (@MinUnits@) Mechanical Scarab (@MinUnits@) Mechanical Bear(@MinUnits@) Mechanical Dragon,Innovators build a mechanical companion to join the battle. The companion receives bonus Health and Attack Damage based on allied Innovators' star levels. <br><br><row>(@MinUnits@) Mechanical Scarab </row><br><row>(@MinUnits@) Mechanical Bear</row><br><row>(@MinUnits@) Mechanical Dragon </row>,"[{""maxUnits"": 4, ""minUnits"": 3, ""style"": 1, ""variables"": {""{45564848}"": 1.0, ""{97ea7bfc}"": 0.25}}, {""maxUnits"": 6, ""minUnits"": 5, ""style"": 3, ""variables"": {""{45564848}"": 2.0, ""{97ea7bfc}"": 0.25}}, {""maxUnits"": 25000, ""minUnits"": 7, ""style"": 4, ""variables"": {""{45564848}"": 3.0, ""{97ea7bfc}"": 0.25}}]"
Set 6.5,6,mid,TFTSet6_Stage2,12.10,Set6_Mastermind,Mastermind,1,"At the start of combat, the Mastermind grants the 2 allies directly in front of him @ManaGrant@ Mana (this effect does not stack).","At the start of combat, the Mastermind grants the 2 allies directly in front of him @ManaGrant@ Mana (this effect does not stack).","[{""maxUnits"": 25000, ""minUnits"": 1, ""style"": 3, ""variables"": {""{ce492058}"": 30.0}}]"
Set 6.5,6,mid,TFTSet6_Stage2,12.10,Set6_Mercenary,Mercenary,3|5|7,"Gain a treasure chest that opens when you win combat against a player. At the start of each planning phase vs a player, dice rolls add loot to the chest. The longer you've gone without opening the chest, the luckier the dice.(@MinUnits@) Roll 2 dice (@MinUnits@) The dice are even luckier! (@MinUnits@) Upon winning, roll a 3rd die that grants bonus loot.","Gain a treasure chest that opens when you win combat against a player. At the start of each planning phase vs a player, dice rolls add loot to the chest. The longer you've gone without opening the chest, the luckier the dice.<br><br><row>(@MinUnits@) Roll 2 dice </row><br><row>(@MinUnits@) The dice are even luckier! </row><br><row>(@MinUnits@) Upon winning, roll a 3rd die that grants bonus loot. </row>","[{""maxUnits"": 4, ""minUnits"": 3, ""style"": 1, ""variables"": {}}, {""maxUnits"": 6, ""minUnits"": 5, ""style"": 3, ""variables"": {}}, {""maxUnits"": 25000, ""minUnits"": 7, ""style"": 4, ""variables"": {}}]"
Set 6.5,6,mid,TFTSet6_Stage2,12.10,Set6_Mutant,Mutant,3|5|7,Mutants gain a different Trait bonus from game to game.Cybernetic Enhancement grants bonus stats to Mutants with at least 1 item.Voracious Appetite strengthens Mutants on each ally's death.Voidborne executes targets below a Health threshold and deals true damage. Hyper-Adrenal Glands give a chance for Mutants to deal additional attacks.Synaptic Web reduces the Mana cost of Mutants' Abilities.Bio-Leeching grants Omnivamp (healing for a percentage of damage dealt) to your team.Metamorphosis grants stacking bonuses to Mutants at regular intervals.,Mutants gain a different Trait bonus from game to game.<br><br><tftstrong>Cybernetic Enhancement</tftstrong> grants bonus stats to Mutants with at least 1 item.<br><tftstrong>Voracious Appetite</tftstrong> strengthens Mutants on each ally's death.<br><tftstrong>Voidborne</tftstrong> executes targets below a Health threshold and deals true damage. <br><tftstrong>Hyper-Adrenal Glands</tftstrong> give a chance for Mutants to deal additional attacks.<br><tftstrong>Synaptic Web</tftstrong> reduces the Mana cost of Mutants' Abilities.<br><tftstrong>Bio-Leeching</tftstrong> grants Omnivamp (healing for a percentage of damage dealt) to your team.<br><tftstrong>Metamorphosis</tftstrong> grants stacking bonuses to Mutants at regular intervals.,"[{""maxUnits"": 4, ""minUnits"": 3, ""style"": 1, ""variables"": {""{02ce80f2}"": 8.0, ""{190fb0a2}"": 18.0, ""{2f805979}"": 30.0, ""{2fb1d11d}"": 0.019999999552965164, ""{3f1cec4d}"": 20.0, ""{5c51b509}"": 1.0, ""{66d8ecb1}"": 50.0, ""{6b5aee70}"": 2.0, ""{76882e8f}"": 450.0, ""{7c799240}"": 18.0, ""{7f322ebf}"": ""null"", ""{82e43c84}"": 20.0, ""{994006f0}"": 2.0, ""{9cc303b4}"": ""null"", ""{b6322d58}"": 30.0, ""{c26236e7}"": 40.0, ""{f3cab19f}"": 175.0, ""{f90dd382}"": ""null""}}, {""maxUnits"": 6, ""minUnits"": 5, ""style"": 3, ""variables"": {""{02ce80f2}"": 12.0, ""{190fb0a2}"": 25.0, ""{2f805979}"": 65.0, ""{2fb1d11d}"": 0.029999999329447746, ""{3f1cec4d}"": 20.0, ""{5c51b509}"": 2.0, ""{66d8ecb1}"": 50.0, ""{6b5aee70}"": 2.0, ""{76882e8f}"": 800.0, ""{7c799240}"": 25.0, ""{7f322ebf}"": ""null"", ""{82e43c84}"": 40.0, ""{994006f0}"": 4.0, ""{9cc303b4}"": 40.0, ""{b6322d58}"": 60.0, ""{c26236e7}"": 75.0, ""{f3cab19f}"": 225.0, ""{f90dd382}"": ""null""}}, {""maxUnits"": 25000, ""minUnits"": 7, ""style"": 4, ""variables"": {""{02ce80f2}"": 8.0, ""{190fb0a2}"": 35.0, ""{2f805979}"": 100.0, ""{2fb1d11d}"": 0.03999999910593033, ""{3f1cec4d}"": 20.0, ""{5c51b509}"": 3.0, ""{66d8ecb1}"": 50.0, ""{6b5aee70}"": 2.0, ""{76882e8f}"": 1250.0, ""{7c799240}"": 35.0, ""{7f322ebf}"": 40.0, ""{82e43c84}"": 40.0, ""{994006f0}"": 7.0, ""{9cc303b4}"": 80.0, ""{b6322d58}"": 90.0, ""{c26236e7}"": 100.0, ""{f3cab19f}"": 175.0, ""{f90dd382}"": 50.0}}]"
Set 6.5,6,mid,TFTSet6_Stage2,12.10,Set6_Rivals,Rival,1,"This trait is only active when you have exactly 1 unique Rival unit, as Rivals refuse to work together.Vi's mana cost is reduced by @ViManaReduction@.Jinx gains @JinxEmpoweredAS*100@% Attack Speed for @JinxASDuration@ seconds after scoring a takedown.","This trait is only active when you have exactly 1 unique Rival unit, as Rivals refuse to work together.<br><br>Vi's mana cost is reduced by @ViManaReduction@.<br><br>Jinx gains @JinxEmpoweredAS*100@% Attack Speed for @JinxASDuration@ seconds after scoring a takedown.","[{""maxUnits"": 1, ""minUnits"": 1, ""style"": 3, ""variables"": {""{2a50526a}"": 3.0, ""{3b173c39}"": 4.0, ""{5263ba40}"": 0.4000000059604645, ""{a859d7b0}"": 20.0}}]"
Set 6.5,6,mid,TFTSet6_Stage2,12.10,Set6_Scholar,Scholar,2|4|6,"Your team gains Mana every @TickRate@ seconds.
(2) @ManaPerTick@ Mana
(4) @ManaPerTick@ Mana
(6) @ManaPerTick@ Mana",Your team gains Mana every @TickRate@ seconds.<br><br><expandRow>(@MinUnits@) @ManaPerTick@ Mana</expandRow>,"[{""maxUnits"": 3, ""minUnits"": 2, ""style"": 1, ""variables"": {""{471b1a16}"": 2.0, ""{d0539890}"": 5.0}}, {""maxUnits"": 5, ""minUnits"": 4, ""style"": 3, ""variables"": {""{471b1a16}"": 2.0, ""{d0539890}"": 15.0}}, {""maxUnits"": 25000, ""minUnits"": 6, ""style"": 4, ""variables"": {""{471b1a16}"": 2.0, ""{d0539890}"": 30.0}}]"
Set 6.5,6,mid,TFTSet6_Stage2,12.10,Set6_Scrap,Scrap,2|4|6,"At the start of combat, components held by Scrap champions turn into full items for the rest of combat. Also, your team gains a shield for each component equipped by your team, including those that are part of a full item.(@MinUnits@) @NumComponents@ component, @HPShieldAmount@ shield(@MinUnits@) @NumComponents@ components, @HPShieldAmount@ shield(@MinUnits@) All components, @HPShieldAmount@ shield","At the start of combat, components held by Scrap champions turn into full items for the rest of combat. Also, your team gains a shield for each component equipped by your team, including those that are part of a full item.<br><br><row>(@MinUnits@) @NumComponents@ component, @HPShieldAmount@ shield</row><br><row>(@MinUnits@) @NumComponents@ components, @HPShieldAmount@ shield</row><br><row>(@MinUnits@) All components, @HPShieldAmount@ shield</row>","[{""maxUnits"": 3, ""minUnits"": 2, ""style"": 1, ""variables"": {""{5cc08b27}"": 1.0, ""{94c6a08c}"": 20.0}}, {""maxUnits"": 5, ""minUnits"": 4, ""style"": 2, ""variables"": {""{5cc08b27}"": 3.0, ""{94c6a08c}"": 30.0}}, {""maxUnits"": 25000, ""minUnits"": 6, ""style"": 3, ""variables"": {""{5cc08b27}"": 12.0, ""{94c6a08c}"": 50.0}}]"
Set 6.5,6,mid,TFTSet6_Stage2,12.10,Set6_Sniper,Sniper,2|4|6,"Innate: Snipers gain @HexRangeIncrease@ hex Attack Range. Snipers deal bonus damage for each hex between themselves and their target.
(2) @PercentDamageIncrease@% bonus damage
(4) @PercentDamageIncrease@% bonus damage
(6) @PercentDamageIncrease@% bonus damage",Innate: Snipers gain @HexRangeIncrease@ hex Attack Range. <br><br>Snipers deal bonus damage for each hex between themselves and their target.<br><expandRow>(@MinUnits@) @PercentDamageIncrease@% bonus damage</expandRow>,"[{""maxUnits"": 3, ""minUnits"": 2, ""style"": 1, ""variables"": {""{16394c87}"": 1.0, ""{75994f47}"": 8.0}}, {""maxUnits"": 5, ""minUnits"": 4, ""style"": 3, ""variables"": {""{16394c87}"": 1.0, ""{75994f47}"": 16.0}}, {""maxUnits"": 25000, ""minUnits"": 6, ""style"": 4, ""variables"": {""{16394c87}"": 1.0, ""{75994f47}"": 30.0}}]"
Set 6.5,6,mid,TFTSet6_Stage2,12.10,Set6_Socialite,Socialite,1|2|3|5,Socialites reveal a spotlight on the battlefield. The unit standing in the spotlight at the start of combat gains unique bonuses.(@MinUnits@) @DamagePercent*100@% bonus damage(@MinUnits@) and @ManaPerSecond@ Mana per second(@MinUnits@) and heal for @OmnivampPercent*100@% of all damage they deal(@MinUnits@) all of the bonuses are doubled,Socialites reveal a spotlight on the battlefield. The unit standing in the spotlight at the start of combat gains unique bonuses.<br><br><row>(@MinUnits@) @DamagePercent*100@% bonus damage</row><br><row>(@MinUnits@) and @ManaPerSecond@ Mana per second</row><br><row>(@MinUnits@) and heal for @OmnivampPercent*100@% of all damage they deal</row><br><row>(@MinUnits@) all of the bonuses are doubled</row>,"[{""maxUnits"": 1, ""minUnits"": 1, ""style"": 1, ""variables"": {""DamagePercent"": 0.18000000715255737, ""{5064373e}"": ""null"", ""{5c51b509}"": 1.0, ""{6c155e99}"": ""null"", ""{f9f3a081}"": ""null""}}, {""maxUnits"": 2, ""minUnits"": 2, ""style"": 2, ""variables"": {""DamagePercent"": 0.18000000715255737, ""{5064373e}"": ""null"", ""{5c51b509}"": 2.0, ""{6c155e99}"": ""null"", ""{f9f3a081}"": 4.0}}, {""maxUnits"": 4, ""minUnits"": 3, ""style"": 3, ""variables"": {""DamagePercent"": 0.18000000715255737, ""{5064373e}"": ""null"", ""{5c51b509}"": 3.0, ""{6c155e99}"": 0.33000001311302185, ""{f9f3a081}"": 4.0}}, {""maxUnits"": 25000, ""minUnits"": 5, ""style"": 4, ""variables"": {""DamagePercent"": 0.36000001430511475, ""{5064373e}"": ""null"", ""{5c51b509}"": 4.0, ""{6c155e99}"": 0.6600000262260437, ""{f9f3a081}"": 8.0}}]"
Set 6.5,6,mid,TFTSet6_Stage2,12.10,Set6_Striker,Striker,2|4|6,"Strikers gain bonus Attack Damage.
(2) +@ADBoost@ Attack Damage
(4) +@ADBoost@ Attack Damage
(6) +@ADBoost@ Attack Damage",Strikers gain bonus Attack Damage.<br><expandRow>(@MinUnits@) +@ADBoost@ Attack Damage</expandRow>,"[{""maxUnits"": 3, ""minUnits"": 2, ""style"": 1, ""variables"": {""{df962703}"": 30.0}}, {""maxUnits"": 5, ""minUnits"": 4, ""style"": 3, ""variables"": {""{df962703}"": 70.0}}, {""maxUnits"": 25000, ""minUnits"": 6, ""style"": 4, ""variables"": {""{df962703}"": 120.0}}]"
Set 6.5,6,mid,TFTSet6_Stage2,12.10,Set6_Syndicate,Syndicate,3|5|7,"Certain allies are cloaked in shadows, gaining @Armor@ Armor, @MagicResist@ Magic Resist and @PercentOmnivamp@% Omnivamp (healing for a percentage of all damage dealt.)(@MinUnits@) The Syndicate champion with the lowest percent Health(@MinUnits@) All Syndicate champions(@MinUnits@) Your whole team, and the effects are increased by @SyndicateIncrease*100@%","Certain allies are cloaked in shadows, gaining @Armor@ Armor, @MagicResist@ Magic Resist and @PercentOmnivamp@% Omnivamp (healing for a percentage of all damage dealt.)<br><br><row>(@MinUnits@) The Syndicate champion with the lowest percent Health</row><br><row>(@MinUnits@) All Syndicate champions</row><br><row>(@MinUnits@) Your whole team, and the effects are increased by @SyndicateIncrease*100@%</row><br>","[{""maxUnits"": 4, ""minUnits"": 3, ""style"": 1, ""variables"": {""Armor"": 50.0, ""MagicResist"": 50.0, ""{5c51b509}"": 1.0, ""{c9b0e3af}"": 20.0}}, {""maxUnits"": 6, ""minUnits"": 5, ""style"": 3, ""variables"": {""Armor"": 50.0, ""MagicResist"": 50.0, ""{5c51b509}"": 2.0, ""{c9b0e3af}"": 20.0}}, {""maxUnits"": 25000, ""minUnits"": 7, ""style"": 4, ""variables"": {""Armor"": 50.0, ""MagicResist"": 50.0, ""{5c51b509}"": 3.0, ""{867bc055}"": 0.5, ""{c9b0e3af}"": 20.0}}]"
Set 6.5,6,mid,TFTSet6_Stage2,12.10,Set6_Transformer,Transformer,1,"Jayce adopts melee form when placed in the front 2 rows, and ranged form in the back 2 rows.","Jayce adopts melee form when placed in the front 2 rows, and ranged form in the back 2 rows.","[{""maxUnits"": 25000, ""minUnits"": 1, ""style"": 3, ""variables"": {}}]"
Set 6.5,6,mid,TFTSet6_Stage2,12.10,Set6_Twinshot,Twinshot,2|3|4|5,"Twinshots gain bonus Attack Damage and have a chance to fire twice whenever they attack or cast an Ability.
(2) 10 Attack Damage, @ProcChance@% chance
(3) 25 Attack Damage, @ProcChance@% chance
(4) 50 Attack Damage, @ProcChance@% chance
(5) 80 Attack Damage, @ProcChance@% chance","Twinshots gain bonus Attack Damage and have a chance to fire twice whenever they attack or cast an Ability.<br><br><expandRow>(@MinUnits@) @BonusAD@ Attack Damage, @ProcChance@% chance</expandRow><br>","[{""maxUnits"": 2, ""minUnits"": 2, ""style"": 1, ""variables"": {""BonusAD"": 10.0, ""{b4a90a5d}"": 40.0}}, {""maxUnits"": 3, ""minUnits"": 3, ""style"": 2, ""variables"": {""BonusAD"": 25.0, ""{b4a90a5d}"": 55.0}}, {""maxUnits"": 4, ""minUnits"": 4, ""style"": 3, ""variables"": {""BonusAD"": 50.0, ""{b4a90a5d}"": 75.0}}, {""maxUnits"": 25000, ""minUnits"": 5, ""style"": 4, ""variables"": {""BonusAD"": 80.0, ""{b4a90a5d}"": 100.0}}]"
Set 6.5,6,mid,TFTSet6_Stage2,12.10,Set6_Yordle,Yordle,3|6,"(@MinUnits@) After each player combat, a random Yordle is added to your bench for free.(@MinUnits@) And Yordles' Abilities cost @PercentManaReduction@% less to cast.","<row>(@MinUnits@) After each player combat, a random Yordle is added to your bench for free.</row><br><row>(@MinUnits@) And Yordles' Abilities cost @PercentManaReduction@% less to cast.</row><br>","[{""maxUnits"": 5, ""minUnits"": 3, ""style"": 1, ""variables"": {""{ed1f9fc2}"": ""null""}}, {""maxUnits"": 25000, ""minUnits"": 6, ""style"": 3, ""variables"": {""{ed1f9fc2}"": 40.0}}]"
Set 6.5,6,mid,TFTSet6_Stage2,12.10,Set6_YordleLord,Yordle-Lord,1,(1) Benefits from the Yordle trait.Veigar is summoned from a Yordle Portal when every Yordle is 3-star.,(1) Benefits from the Yordle trait.<br><br>Veigar is summoned from a Yordle Portal when every Yordle is 3-star.<br><br>,"[{""maxUnits"": 25000, ""minUnits"": 1, ""style"": 4, ""variables"": {}}]"
Set 7,7,base,TFTSet7,12.15,Set7_Assassin,Assassin,2|4|6,"Innate: Leap to the enemy backline when combat starts.Assassins' Abilities can critically strike and they gain bonus Critical Strike Chance and bonus Critical Strike Damage.
(2) +@CritChanceAmpPercent@% Crit Chance and +@CritAmpPercent@% Crit Damage
(4) +@CritChanceAmpPercent@% Crit Chance and +@CritAmpPercent@% Crit Damage
(6) +@CritChanceAmpPercent@% Crit Chance and +@CritAmpPercent@% Crit Damage",Innate: Leap to the enemy backline when combat starts.<br><br>Assassins' Abilities can critically strike and they gain bonus Critical Strike Chance and bonus Critical Strike Damage.<br><br><expandRow>(@MinUnits@) +@CritChanceAmpPercent@% Crit Chance and +@CritAmpPercent@% Crit Damage</expandRow>,"[{""maxUnits"": 3, ""minUnits"": 2, ""style"": 1, ""variables"": {""{268f634e}"": 5.0, ""{9f2eb1e2}"": 15.0}}, {""maxUnits"": 5, ""minUnits"": 4, ""style"": 3, ""variables"": {""{268f634e}"": 25.0, ""{9f2eb1e2}"": 30.0}}, {""maxUnits"": 25000, ""minUnits"": 6, ""style"": 4, ""variables"": {""{268f634e}"": 45.0, ""{9f2eb1e2}"": 45.0}}]"
Set 7,7,base,TFTSet7,12.15,Set7_Astral,Astral,3|6|9,"After you've fielded an Astral team, every 5th shop has increased odds to show Astral champions, and grants a bonus Astral Orb. The orb's value comes from the Astral Trait tier you last fielded.Your team gains bonus Ability Power. (@MinUnits@) @AbilityPower@ Ability Power(@MinUnits@) @AbilityPower@ Ability Power; orb value increases(@MinUnits@) @AbilityPower@ Ability Power; orbs may contain components","After you've fielded an Astral team, every 5th shop has increased odds to show Astral champions, and grants a bonus Astral Orb. The orb's value comes from the Astral Trait tier you last fielded.<br>Your team gains bonus Ability Power. <br><br><row>(@MinUnits@) @AbilityPower@ Ability Power</row><br><row>(@MinUnits@) @AbilityPower@ Ability Power; orb value increases</row><br><row>(@MinUnits@) @AbilityPower@ Ability Power; orbs may contain components</row>","[{""maxUnits"": 5, ""minUnits"": 3, ""style"": 1, ""variables"": {""{246b675b}"": 1.0, ""{41233bac}"": 5.0, ""{7f1304b2}"": 10.0}}, {""maxUnits"": 8, ""minUnits"": 6, ""style"": 2, ""variables"": {""{246b675b}"": 1.0, ""{41233bac}"": 5.0, ""{7f1304b2}"": 40.0}}, {""maxUnits"": 25000, ""minUnits"": 9, ""style"": 3, ""variables"": {""{246b675b}"": 1.0, ""{41233bac}"": 5.0, ""{7f1304b2}"": 80.0}}]"
Set 7,7,base,TFTSet7,12.15,Set7_Bard,Bard,1,(@MinUnits@) Allies that survive player combat have a @DropChancePercent@% chance to create a Doot. Bard always creates a Doot when dancing.Each Doot you collect increases your Shop odds for higher-tier champions by 1%.,(@MinUnits@) Allies that survive player combat have a @DropChancePercent@% chance to create a Doot. Bard always creates a Doot when dancing.<br><br>Each Doot you collect increases your Shop odds for higher-tier champions by 1%. ,"[{""maxUnits"": 25000, ""minUnits"": 1, ""style"": 3, ""variables"": {""{9c8b2ffa}"": 178.0, ""{b8705dd9}"": 2.0}}]"
Set 7,7,base,TFTSet7,12.15,Set7_Bruiser,Bruiser,2|4|6|8,"Your team gains bonus maximum Health. Bruisers gain double this bonus.
(2) 200 Health
(4) 325 Health
(6) 450 Health
(8) 700 Health",Your team gains bonus maximum Health. Bruisers gain double this bonus.<br><br><expandRow>(@MinUnits@) @BonusHealth@ Health</expandRow>,"[{""maxUnits"": 3, ""minUnits"": 2, ""style"": 1, ""variables"": {""BonusHealth"": 200.0}}, {""maxUnits"": 5, ""minUnits"": 4, ""style"": 2, ""variables"": {""BonusHealth"": 325.0}}, {""maxUnits"": 7, ""minUnits"": 6, ""style"": 2, ""variables"": {""BonusHealth"": 450.0}}, {""maxUnits"": 25000, ""minUnits"": 8, ""style"": 3, ""variables"": {""BonusHealth"": 700.0}}]"
Set 7,7,base,TFTSet7,12.15,Set7_Cannoneer,Cannoneer,2|3|4|5,"Every 5th attack fires a cannon shot that explodes for physical damage around the target.
(2) @AttackPercent*100@% Attack Damage
(3) @AttackPercent*100@% Attack Damage
(4) @AttackPercent*100@% Attack Damage
(5) @AttackPercent*100@% Attack Damage",Every 5th attack fires a cannon shot that explodes for physical damage around the target.<br><br><expandRow>(@MinUnits@) @AttackPercent*100@% Attack Damage</expandRow>,"[{""maxUnits"": 2, ""minUnits"": 2, ""style"": 1, ""variables"": {""{ff57f232}"": 1.25}}, {""maxUnits"": 3, ""minUnits"": 3, ""style"": 2, ""variables"": {""{ff57f232}"": 2.25}}, {""maxUnits"": 4, ""minUnits"": 4, ""style"": 3, ""variables"": {""{ff57f232}"": 3.25}}, {""maxUnits"": 25000, ""minUnits"": 5, ""style"": 4, ""variables"": {""{ff57f232}"": 4.25}}]"
Set 7,7,base,TFTSet7,12.15,Set7_Cavalier,Cavalier,2|3|4|5,"Innate: Charge quickly towards their target whenever they move.Cavaliers gain Armor and Magic Resist. At the start of combat and after each charge, gain @ChargeIncreasePct@% the amount for @Duration@ seconds. 
(2) 35 Armor, 35 Magic Resist
(3) 65 Armor, 65 Magic Resist
(4) 95 Armor, 95 Magic Resist
(5) 125 Armor, 125 Magic Resist","Innate: Charge quickly towards their target whenever they move.<br><br>Cavaliers gain Armor and Magic Resist. At the start of combat and after each charge, gain @ChargeIncreasePct@% the amount for @Duration@ seconds. <br><br><expandRow>(@MinUnits@) @Armor@ Armor, @MagicResist@ Magic Resist</expandRow>","[{""maxUnits"": 2, ""minUnits"": 2, ""style"": 1, ""variables"": {""Armor"": 35.0, ""Duration"": 4.0, ""MagicResist"": 35.0, ""{c51d362c}"": 200.0}}, {""maxUnits"": 3, ""minUnits"": 3, ""style"": 2, ""variables"": {""Armor"": 65.0, ""Duration"": 4.0, ""MagicResist"": 65.0, ""{c51d362c}"": 200.0}}, {""maxUnits"": 4, ""minUnits"": 4, ""style"": 3, ""variables"": {""Armor"": 95.0, ""Duration"": 4.0, ""MagicResist"": 95.0, ""{c51d362c}"": 200.0}}, {""maxUnits"": 25000, ""minUnits"": 5, ""style"": 4, ""variables"": {""Armor"": 125.0, ""Duration"": 4.0, ""MagicResist"": 125.0, ""{c51d362c}"": 200.0}}]"
Set 7,7,base,TFTSet7,12.15,Set7_Dragon,Dragon,1|1,"Innate: Require 2 team slots. (@MinUnits@) Dragons provide +3 to the marked trait, and gain @BonusHealth@ bonus Health. This is only active with exactly 1 Dragon champion.","Innate: Require 2 team slots. <br><br>(@MinUnits@) Dragons provide +3 to the marked trait, and gain @BonusHealth@ bonus Health. This is only active with exactly 1 Dragon champion.","[{""maxUnits"": 1, ""minUnits"": 1, ""style"": 3, ""variables"": {""BonusHealth"": 700.0}}, {""maxUnits"": 25000, ""minUnits"": 1, ""style"": 4, ""variables"": {""BonusHealth"": 700.0}}]"
Set 7,7,base,TFTSet7,12.15,Set7_Dragonmancer,Dragonmancer,3|6|9,"Use the Dragonmancer Blessing item to choose a Hero. The Hero gains massively increased Health and Ability Power, which increases by @StatIncreasePercent@% per star level of your Dragonmancers.
(3) +300 Health, +@BonusAP@ Ability Power 
(6) +750 Health, +@BonusAP@ Ability Power 
(9) +1400 Health, +@BonusAP@ Ability Power","Use the Dragonmancer Blessing item to choose a Hero. The Hero gains massively increased Health and Ability Power, which increases by @StatIncreasePercent@% per star level of your Dragonmancers.<br><br><expandRow>(@MinUnits@) +@BonusHealth@ Health, +@BonusAP@ Ability Power </expandRow>","[{""maxUnits"": 5, ""minUnits"": 3, ""style"": 1, ""variables"": {""BonusHealth"": 300.0, ""{89626cbc}"": 20.0, ""{d49caf5d}"": 18.0}}, {""maxUnits"": 8, ""minUnits"": 6, ""style"": 3, ""variables"": {""BonusHealth"": 750.0, ""{89626cbc}"": 20.0, ""{d49caf5d}"": 35.0}}, {""maxUnits"": 25000, ""minUnits"": 9, ""style"": 4, ""variables"": {""BonusHealth"": 1400.0, ""{89626cbc}"": 20.0, ""{d49caf5d}"": 70.0}}]"
Set 7,7,base,TFTSet7,12.15,Set7_Evoker,Evoker,2|4|6,"Evokers gain Mana whenever an ally or enemy casts an Ability.
(2) @ManaAmount@ Mana
(4) @ManaAmount@ Mana
(6) @ManaAmount@ Mana",Evokers gain Mana whenever an ally or enemy casts an Ability.<br><br><expandRow>(@MinUnits@) @ManaAmount@ Mana</expandRow>,"[{""maxUnits"": 3, ""minUnits"": 2, ""style"": 1, ""variables"": {""{af2150c6}"": 3.0}}, {""maxUnits"": 5, ""minUnits"": 4, ""style"": 3, ""variables"": {""{af2150c6}"": 7.0}}, {""maxUnits"": 25000, ""minUnits"": 6, ""style"": 4, ""variables"": {""{af2150c6}"": 12.0}}]"
Set 7,7,base,TFTSet7,12.15,Set7_Guardian,Guardian,2|4|6,"Once per combat at @HealthThreshold@% Health, Guardians shield themselves and their closest ally for a percent of their maximum Health. Shields stack!
 (2) @ShieldPercentAmount@% of max health shield
 (4) @ShieldPercentAmount@% of max health shield
 (6) @ShieldPercentAmount@% of max health shield","Once per combat at @HealthThreshold@% Health, Guardians shield themselves and their closest ally for a percent of their maximum Health. Shields stack!<br><br><expandRow> (@MinUnits@) @ShieldPercentAmount@% of max health shield</expandRow>","[{""maxUnits"": 3, ""minUnits"": 2, ""style"": 1, ""variables"": {""Duration"": 60.0, ""HealthThreshold"": 50.0, ""{a77cf7ad}"": 30.0}}, {""maxUnits"": 5, ""minUnits"": 4, ""style"": 3, ""variables"": {""Duration"": 60.0, ""HealthThreshold"": 50.0, ""{a77cf7ad}"": 50.0}}, {""maxUnits"": 25000, ""minUnits"": 6, ""style"": 4, ""variables"": {""Duration"": 60.0, ""HealthThreshold"": 50.0, ""{a77cf7ad}"": 75.0}}]"
Set 7,7,base,TFTSet7,12.15,Set7_Guild,Guild,1|2|3|4|5|6|7,"Grant a unique bonus to your team; Guild members gain double the amount. Increases for each Guild member in play!Sejuani: +@SejuaniBonus@ HealthTwitch: +@TwitchBonus*100@% Attack SpeedRyze: +@RyzeBonus@ Ability PowerTalon: +@TalonBonus@ Attack DamageBard: +@BardBonus@ Mana per attackEmblem: +@EmblemBonus*100@% Omnivamp
(1) @TooltipMultiplier@% Guild bonus
(2) @TooltipMultiplier@% Guild bonus
(3) @TooltipMultiplier@% Guild bonus
(4) @TooltipMultiplier@% Guild bonus
(5) @TooltipMultiplier@% Guild bonus
(6) @TooltipMultiplier@% Guild bonus
(7) @TooltipMultiplier@% Guild bonus",Grant a unique bonus to your team; Guild members gain double the amount. Increases for each Guild member in play!<br><br><TFTGuildActive enabled=TFT7_Trait_Guild_ActiveSejuani alternate=TFTGuildInactive>Sejuani: +@SejuaniBonus@ Health</TFTGuildActive><br><TFTGuildActive enabled=TFT7_Trait_Guild_ActiveTwitch alternate=TFTGuildInactive>Twitch: +@TwitchBonus*100@% Attack Speed</TFTGuildActive><br><TFTGuildActive enabled=TFT7_Trait_Guild_ActiveRyze alternate=TFTGuildInactive>Ryze: +@RyzeBonus@ Ability Power</TFTGuildActive><br><TFTGuildActive enabled=TFT7_Trait_Guild_ActiveTalon alternate=TFTGuildInactive>Talon: +@TalonBonus@ Attack Damage</TFTGuildActive><br><TFTGuildActive enabled=TFT7_Trait_Guild_ActiveBard alternate=TFTGuildInactive>Bard: +@BardBonus@ Mana per attack</TFTGuildActive><br><TFTGuildActive enabled=TFT7_Trait_Guild_ActiveEmblem alternate=TFTGuildInactive>Emblem: +@EmblemBonus*100@% Omnivamp</TFTGuildActive><br><br><expandRow>(@MinUnits@) @TooltipMultiplier@% Guild bonus</expandRow>,"[{""maxUnits"": 1, ""minUnits"": 1, ""style"": 1, ""variables"": {""{4a1c6695}"": 100.0, ""{6a4951ed}"": 2.0, ""{982e055c}"": 10.0, ""{a7c768e7}"": 100.0, ""{d2da7d1a}"": 8.0, ""{f809601e}"": 0.029999999329447746, ""{f9773fb7}"": 2.0, ""{fe9fc6fd}"": 0.10000000149011612}}, {""maxUnits"": 2, ""minUnits"": 2, ""style"": 1, ""variables"": {""{4a1c6695}"": 120.0, ""{6a4951ed}"": 2.4000000953674316, ""{982e055c}"": 12.0, ""{a7c768e7}"": 120.0, ""{d2da7d1a}"": 9.600000381469727, ""{f809601e}"": 0.035999998450279236, ""{f9773fb7}"": 2.0, ""{fe9fc6fd}"": 0.11999999731779099}}, {""maxUnits"": 3, ""minUnits"": 3, ""style"": 2, ""variables"": {""{4a1c6695}"": 140.0, ""{6a4951ed}"": 2.799999952316284, ""{982e055c}"": 14.0, ""{a7c768e7}"": 140.0, ""{d2da7d1a}"": 11.199999809265137, ""{f809601e}"": 0.041999999433755875, ""{f9773fb7}"": 2.0, ""{fe9fc6fd}"": 0.14000000059604645}}, {""maxUnits"": 4, ""minUnits"": 4, ""style"": 2, ""variables"": {""{4a1c6695}"": 160.0, ""{6a4951ed}"": 3.200000047683716, ""{982e055c}"": 16.0, ""{a7c768e7}"": 160.0, ""{d2da7d1a}"": 12.800000190734863, ""{f809601e}"": 0.04800000041723251, ""{f9773fb7}"": 2.0, ""{fe9fc6fd}"": 0.1599999964237213}}, {""maxUnits"": 5, ""minUnits"": 5, ""style"": 3, ""variables"": {""{4a1c6695}"": 180.0, ""{6a4951ed}"": 3.5999999046325684, ""{982e055c}"": 18.0, ""{a7c768e7}"": 180.0, ""{d2da7d1a}"": 14.399999618530273, ""{f809601e}"": 0.05400000140070915, ""{f9773fb7}"": 2.0, ""{fe9fc6fd}"": 0.18000000715255737}}, {""maxUnits"": 6, ""minUnits"": 6, ""style"": 4, ""variables"": {""{4a1c6695}"": 200.0, ""{6a4951ed}"": 4.0, ""{982e055c}"": 20.0, ""{a7c768e7}"": 200.0, ""{d2da7d1a}"": 16.0, ""{f809601e}"": 0.05999999865889549, ""{f9773fb7}"": 2.0, ""{fe9fc6fd}"": 0.20000000298023224}}, {""maxUnits"": 25000, ""minUnits"": 7, ""style"": 4, ""variables"": {""{4a1c6695}"": 250.0, ""{6a4951ed}"": 5.0, ""{982e055c}"": 25.0, ""{a7c768e7}"": 250.0, ""{d2da7d1a}"": 20.0, ""{f809601e}"": 0.07500000298023224, ""{f9773fb7}"": 2.0, ""{fe9fc6fd}"": 0.25}}]"
Set 7,7,base,TFTSet7,12.15,Set7_Jade,Jade,3|6|9|12,"Summon movable Jade Statues that grow in power. Each combat, allies who start combat adjacent to a statue gain maximum Health healing every @Interval@ seconds and bonus Attack Speed. When a statue is destroyed, it deals @PercentHealth@% of its Health as magic damage to nearby enemies.(@MinUnits@) 1 statue, +@HealthRegen@% healing, +@AttackSpeed*100@% Attack Speed(@MinUnits@) 2 statues, +@HealthRegen@% healing, +@AttackSpeed*100@% Attack Speed(@MinUnits@) 3 statues, +@HealthRegen@% healing, +@AttackSpeed*100@% Attack Speed(@MinUnits@) 4 statues, +@HealthRegen@% healing, +@AttackSpeed*100@% Attack Speed","Summon movable Jade Statues that grow in power. <br><br>Each combat, allies who start combat adjacent to a statue gain maximum Health healing every @Interval@ seconds and bonus Attack Speed. When a statue is destroyed, it deals @PercentHealth@% of its Health as magic damage to nearby enemies.<br><br><row>(@MinUnits@) 1 statue, +@HealthRegen@% healing, +@AttackSpeed*100@% Attack Speed</row><br><row>(@MinUnits@) 2 statues, +@HealthRegen@% healing, +@AttackSpeed*100@% Attack Speed</row><br><row>(@MinUnits@) 3 statues, +@HealthRegen@% healing, +@AttackSpeed*100@% Attack Speed</row><br><row>(@MinUnits@) 4 statues, +@HealthRegen@% healing, +@AttackSpeed*100@% Attack Speed</row>","[{""maxUnits"": 5, ""minUnits"": 3, ""style"": 1, ""variables"": {""AttackSpeed"": 0.15000000596046448, ""HealthRegen"": 2.0, ""PercentHealth"": 33.0, ""{25dee9e0}"": 1.0, ""{288bc6fe}"": 0.25, ""{cedd8578}"": 2.0}}, {""maxUnits"": 8, ""minUnits"": 6, ""style"": 2, ""variables"": {""AttackSpeed"": 0.4000000059604645, ""HealthRegen"": 4.0, ""PercentHealth"": 33.0, ""{25dee9e0}"": 2.0, ""{288bc6fe}"": 0.25, ""{cedd8578}"": 2.0}}, {""maxUnits"": 11, ""minUnits"": 9, ""style"": 3, ""variables"": {""AttackSpeed"": 0.699999988079071, ""HealthRegen"": 8.0, ""PercentHealth"": 33.0, ""{25dee9e0}"": 3.0, ""{288bc6fe}"": 0.25, ""{cedd8578}"": 2.0}}, {""maxUnits"": 25000, ""minUnits"": 12, ""style"": 4, ""variables"": {""AttackSpeed"": 2.0, ""HealthRegen"": 25.0, ""PercentHealth"": 33.0, ""{25dee9e0}"": 4.0, ""{288bc6fe}"": 0.25, ""{cedd8578}"": 2.0}}]"
Set 7,7,base,TFTSet7,12.15,Set7_Legend,Legend,3,"(3) Each combat: An adjacent ally champion sacrifices their life to the Legend, which gains @StatPercent@% of their Health, Armor, and Magic Resistance, plus @APPercent@% of their Ability Power.","(3) Each combat: An adjacent ally champion sacrifices their life to the Legend, which gains @StatPercent@% of their Health, Armor, and Magic Resistance, plus @APPercent@% of their Ability Power.","[{""maxUnits"": 25000, ""minUnits"": 3, ""style"": 3, ""variables"": {""{92c2d0ac}"": 100.0, ""{a68d353d}"": 30.0}}]"
Set 7,7,base,TFTSet7,12.15,Set7_Mage,Mage,3|5|7|9,"Mages cast twice and have modified total Ability Power.
(3) @APMultiplier*100@% Ability Power
(5) @APMultiplier*100@% Ability Power
(7) @APMultiplier*100@% Ability Power
(9) @APMultiplier*100@% Ability Power",Mages cast twice and have modified total Ability Power.<br><br><expandRow>(@MinUnits@) @APMultiplier*100@% Ability Power</expandRow>,"[{""maxUnits"": 4, ""minUnits"": 3, ""style"": 1, ""variables"": {""{2afd498b}"": 0.75}}, {""maxUnits"": 6, ""minUnits"": 5, ""style"": 2, ""variables"": {""{2afd498b}"": 1.0}}, {""maxUnits"": 8, ""minUnits"": 7, ""style"": 3, ""variables"": {""{2afd498b}"": 1.25}}, {""maxUnits"": 25000, ""minUnits"": 9, ""style"": 4, ""variables"": {""{2afd498b}"": 1.5}}]"
Set 7,7,base,TFTSet7,12.15,Set7_Mirage,Mirage,2|4|6|8,Mirage champions gain a different Trait bonus from game to game.,Mirage champions gain a different Trait bonus from game to game.,"[{""maxUnits"": 3, ""minUnits"": 2, ""style"": 1, ""variables"": {""{03907b27}"": 40.0, ""{2c8fe3dc}"": 2.0, ""{34a68396}"": 20.0, ""{48ffe45c}"": 20.0, ""{67deaf34}"": 10.0, ""{7845f61e}"": 6.0, ""{7fb6d810}"": 50.0, ""{835c3290}"": 6.0, ""{9ea1c8a7}"": 50.0, ""{b04db727}"": 200.0, ""{bd0f4998}"": 8.0, ""{e32ac3a7}"": 20.0, ""{f25ff422}"": 10.0}}, {""maxUnits"": 5, ""minUnits"": 4, ""style"": 2, ""variables"": {""{03907b27}"": 65.0, ""{2c8fe3dc}"": 4.0, ""{34a68396}"": 25.0, ""{48ffe45c}"": 30.0, ""{67deaf34}"": 10.0, ""{7845f61e}"": 10.0, ""{7fb6d810}"": 50.0, ""{835c3290}"": 12.0, ""{9ea1c8a7}"": 65.0, ""{b04db727}"": 300.0, ""{bd0f4998}"": 8.0, ""{e32ac3a7}"": 30.0, ""{f25ff422}"": 10.0}}, {""maxUnits"": 7, ""minUnits"": 6, ""style"": 3, ""variables"": {""{03907b27}"": 65.0, ""{2c8fe3dc}"": 6.0, ""{34a68396}"": 33.0, ""{48ffe45c}"": 45.0, ""{67deaf34}"": 10.0, ""{7845f61e}"": 14.0, ""{7fb6d810}"": 50.0, ""{835c3290}"": 20.0, ""{9ea1c8a7}"": 80.0, ""{b04db727}"": 450.0, ""{bd0f4998}"": 8.0, ""{e32ac3a7}"": 40.0, ""{f25ff422}"": 10.0}}, {""maxUnits"": 25000, ""minUnits"": 8, ""style"": 4, ""variables"": {""{03907b27}"": 110.0, ""{2c8fe3dc}"": 8.0, ""{34a68396}"": 50.0, ""{48ffe45c}"": 60.0, ""{67deaf34}"": 10.0, ""{7845f61e}"": 18.0, ""{7fb6d810}"": 50.0, ""{835c3290}"": 30.0, ""{9ea1c8a7}"": 100.0, ""{b04db727}"": 600.0, ""{bd0f4998}"": 8.0, ""{e32ac3a7}"": 50.0, ""{f25ff422}"": 10.0}}]"
Set 7,7,base,TFTSet7,12.15,Set7_Mystic,Mystic,2|3|4|5,"Your team gains Magic Resist. 
(2) 50 Magic Resist
(3) 100 Magic Resist
(4) 175 Magic Resist
(5) 300 Magic Resist",Your team gains Magic Resist. <br><br><expandRow>(@MinUnits@) @MagicResist@ Magic Resist</expandRow>,"[{""maxUnits"": 2, ""minUnits"": 2, ""style"": 1, ""variables"": {""MagicResist"": 50.0}}, {""maxUnits"": 3, ""minUnits"": 3, ""style"": 2, ""variables"": {""MagicResist"": 100.0}}, {""maxUnits"": 4, ""minUnits"": 4, ""style"": 3, ""variables"": {""MagicResist"": 175.0}}, {""maxUnits"": 25000, ""minUnits"": 5, ""style"": 4, ""variables"": {""MagicResist"": 300.0}}]"
Set 7,7,base,TFTSet7,12.15,Set7_Ragewing,Ragewing,3|6|9,"Innate: Convert Mana to Rage; attacks generate 15 Rage. After casting an Ability, enrage for 4 seconds: +25% Attack Speed but can't gain Rage.Gain bonus stats when enraged:(@MinUnits@) +@AttackSpeedPercent@% Attack Speed and +@Omnivamp@% Omnivamp (healing for a percentage of damage dealt)(@MinUnits@) +@AttackSpeedPercent@% Attack Speed and +@Omnivamp@% Omnivamp(@MinUnits@) +@AttackSpeedPercent@% Attack Speed and +@Omnivamp@% Omnivamp","Innate: Convert Mana to Rage; attacks generate 15 Rage. After casting an Ability, enrage for 4 seconds: +25% Attack Speed but can't gain Rage.<br><br>Gain bonus stats when enraged:<br><br><row>(@MinUnits@) +@AttackSpeedPercent@% Attack Speed and +@Omnivamp@% Omnivamp (healing for a percentage of damage dealt)</row><br><row>(@MinUnits@) +@AttackSpeedPercent@% Attack Speed and +@Omnivamp@% Omnivamp</row><br><row>(@MinUnits@) +@AttackSpeedPercent@% Attack Speed and +@Omnivamp@% Omnivamp</row>","[{""maxUnits"": 5, ""minUnits"": 3, ""style"": 1, ""variables"": {""{a8ca7859}"": 50.0, ""{ad16f688}"": 25.0}}, {""maxUnits"": 8, ""minUnits"": 6, ""style"": 2, ""variables"": {""{a8ca7859}"": 135.0, ""{ad16f688}"": 50.0}}, {""maxUnits"": 25000, ""minUnits"": 9, ""style"": 3, ""variables"": {""{a8ca7859}"": 250.0, ""{ad16f688}"": 75.0}}]"
Set 7,7,base,TFTSet7,12.15,Set7_Revel,Revel,2|3|4|5,"After dealing damage with an Ability, launch a firecracker that deals magic damage to a random enemy.
(2) 110 magic damage
(3) 150 magic damage
(4) 210 magic damage
(5) 290 magic damage","After dealing damage with an Ability, launch a firecracker that deals magic damage to a random enemy.<br><br><expandRow>(@MinUnits@) @MagicDamage@ magic damage</expandRow>","[{""maxUnits"": 2, ""minUnits"": 2, ""style"": 1, ""variables"": {""MagicDamage"": 110.0}}, {""maxUnits"": 3, ""minUnits"": 3, ""style"": 2, ""variables"": {""MagicDamage"": 150.0}}, {""maxUnits"": 4, ""minUnits"": 4, ""style"": 3, ""variables"": {""MagicDamage"": 210.0}}, {""maxUnits"": 25000, ""minUnits"": 5, ""style"": 4, ""variables"": {""MagicDamage"": 290.0}}]"
Set 7,7,base,TFTSet7,12.15,Set7_Scalescorn,Scalescorn,2|4|6,"Scalescorns take @PercentDamageReduction@% reduced damage from enemies with more than @HealthThreshold@ Health. If you don't have a Dragon on your team, they also deal a percent of their damage as additional magic damage.
(2) @PercentBonusDamage@% magic damage
(4) @PercentBonusDamage@% magic damage
(6) @PercentBonusDamage@% magic damage","Scalescorns take @PercentDamageReduction@% reduced damage from enemies with more than @HealthThreshold@ Health. If you don't have a Dragon on your team, they also deal a percent of their damage as additional magic damage.<br><br><expandRow>(@MinUnits@) @PercentBonusDamage@% magic damage</expandRow>","[{""maxUnits"": 3, ""minUnits"": 2, ""style"": 1, ""variables"": {""HealthThreshold"": 2200.0, ""{bdd452e8}"": 20.0, ""{cb6b5298}"": 15.0}}, {""maxUnits"": 5, ""minUnits"": 4, ""style"": 3, ""variables"": {""HealthThreshold"": 2200.0, ""{bdd452e8}"": 20.0, ""{cb6b5298}"": 50.0}}, {""maxUnits"": 25000, ""minUnits"": 6, ""style"": 4, ""variables"": {""HealthThreshold"": 2200.0, ""{bdd452e8}"": 20.0, ""{cb6b5298}"": 125.0}}]"
Set 7,7,base,TFTSet7,12.15,Set7_Shapeshifter,Shapeshifter,2|4|6,"Transforming grants bonus maximum Health.
(2) 40% bonus Health
(4) 90% bonus Health
(6) 145% bonus Health",Transforming grants bonus maximum Health.<br><br><expandRow>(@MinUnits@) @HPPercent@% bonus Health</expandRow>,"[{""maxUnits"": 3, ""minUnits"": 2, ""style"": 1, ""variables"": {""HPPercent"": 40.0}}, {""maxUnits"": 5, ""minUnits"": 4, ""style"": 2, ""variables"": {""HPPercent"": 90.0}}, {""maxUnits"": 25000, ""minUnits"": 6, ""style"": 3, ""variables"": {""HPPercent"": 145.0}}]"
Set 7,7,base,TFTSet7,12.15,Set7_Shimmerscale,Shimmerscale,3|5|7|9,"Grant exclusive random Shimmerscale items.(@MinUnits@) @NumItems@ unique item(@MinUnits@) @NumItems@ unique items(@MinUnits@) @NumItems@ unique items(@MinUnits@) @NumItems@ unique items, which includes Crown of ChampionsYou can remove Shimmerscale items by benching the holder.","Grant exclusive random Shimmerscale items.<br><br><row>(@MinUnits@) @NumItems@ unique item</row><br><row>(@MinUnits@) @NumItems@ unique items</row><br><row>(@MinUnits@) @NumItems@ unique items</row><br><row>(@MinUnits@) @NumItems@ unique items, which includes Crown of Champions</row><br><br><tftitemrules>You can remove Shimmerscale items by benching the holder.</tftitemrules>","[{""maxUnits"": 4, ""minUnits"": 3, ""style"": 1, ""variables"": {""{6c216145}"": 1.0}}, {""maxUnits"": 6, ""minUnits"": 5, ""style"": 2, ""variables"": {""{6c216145}"": 2.0}}, {""maxUnits"": 8, ""minUnits"": 7, ""style"": 3, ""variables"": {""{6c216145}"": 4.0}}, {""maxUnits"": 25000, ""minUnits"": 9, ""style"": 4, ""variables"": {""{6c216145}"": 5.0}}]"
Set 7,7,base,TFTSet7,12.15,Set7_SpellThief,Spell Thief,1,(@MinUnits@) Zoe nabs a new Ability after each cast and at the start of every round.,(@MinUnits@) Zoe nabs a new Ability after each cast and at the start of every round.,"[{""maxUnits"": 25000, ""minUnits"": 1, ""style"": 3, ""variables"": {}}]"
Set 7,7,base,TFTSet7,12.15,Set7_Starcaller,Starcaller,1,"(@MinUnits@) The first Starcaller to cast their Ability during player combat heals you for (@Tier1Heal@/@Tier2Heal@/@Tier3Heal@), depending on their star level. Excess healing disintegrates an enemy champion.","(@MinUnits@) The first Starcaller to cast their Ability during player combat heals you for (@Tier1Heal@/@Tier2Heal@/@Tier3Heal@), depending on their star level. Excess healing disintegrates an enemy champion.","[{""maxUnits"": 25000, ""minUnits"": 1, ""style"": 3, ""variables"": {""{1b929fa6}"": 1.0, ""{31d66d45}"": 1.0, ""{42df8264}"": 1.0, ""{4979f1a4}"": 2.0, ""{509811bd}"": 2.0, ""{56034ed0}"": 75.0, ""{9b24c7a2}"": 2.0, ""{f305b0e7}"": 3.0, ""{fa4f482e}"": 20.0, ""{fd44bf8b}"": 30.0}}]"
Set 7,7,base,TFTSet7,12.15,Set7_Swiftshot,Swiftshot,2|4|6,"Innate: gain 2 hex Attack Range.Swiftshots gain Attack Speed for each hex between themselves and their target.
(2) 10% Attack Speed
(4) 20% Attack Speed
(6) 40% Attack Speed",Innate: gain 2 hex Attack Range.<br><br>Swiftshots gain Attack Speed for each hex between themselves and their target.<br><br><expandRow>(@MinUnits@) @BonusAS@% Attack Speed</expandRow>,"[{""maxUnits"": 3, ""minUnits"": 2, ""style"": 1, ""variables"": {""BonusAS"": 10.0}}, {""maxUnits"": 5, ""minUnits"": 4, ""style"": 3, ""variables"": {""BonusAS"": 20.0}}, {""maxUnits"": 999, ""minUnits"": 6, ""style"": 4, ""variables"": {""BonusAS"": 40.0}}]"
Set 7,7,base,TFTSet7,12.15,Set7_Tempest,Tempest,2|4|6|8,"After @DelayTime@ seconds, lightning strikes the battlefield. Enemies are stunned for @StunDuration@ second and take a percent of their maximum Health as true damage. Then, Tempest champions gain Attack Speed.
(2) 5% damage, 20% Attack Speed
(4) 20% damage, 50% Attack Speed
(6) 35% damage, 100% Attack Speed
(8) 50% damage, 200% Attack Speed","After @DelayTime@ seconds, lightning strikes the battlefield. Enemies are stunned for @StunDuration@ second and take a percent of their maximum Health as true damage. Then, Tempest champions gain Attack Speed.<br><br><expandRow>(@MinUnits@) @PercentHealthDamage@% damage, @AttackSpeed*100@% Attack Speed</expandRow>","[{""maxUnits"": 3, ""minUnits"": 2, ""style"": 1, ""variables"": {""AttackSpeed"": 0.20000000298023224, ""BuffDuration"": 60.0, ""PercentHealthDamage"": 5.0, ""StunDuration"": 1.0, ""{17f82fb1}"": 8.0, ""{81ce23cf}"": 1.0}}, {""maxUnits"": 5, ""minUnits"": 4, ""style"": 2, ""variables"": {""AttackSpeed"": 0.5, ""BuffDuration"": 60.0, ""PercentHealthDamage"": 20.0, ""StunDuration"": 1.0, ""{17f82fb1}"": 8.0, ""{81ce23cf}"": 2.0}}, {""maxUnits"": 7, ""minUnits"": 6, ""style"": 3, ""variables"": {""AttackSpeed"": 1.0, ""BuffDuration"": 60.0, ""PercentHealthDamage"": 35.0, ""StunDuration"": 1.0, ""{17f82fb1}"": 8.0, ""{81ce23cf}"": 3.0}}, {""maxUnits"": 25000, ""minUnits"": 8, ""style"": 4, ""variables"": {""AttackSpeed"": 2.0, ""BuffDuration"": 60.0, ""PercentHealthDamage"": 50.0, ""StunDuration"": 1.0, ""{17f82fb1}"": 8.0, ""{81ce23cf}"": 4.0}}]"
Set 7,7,base,TFTSet7,12.15,Set7_Trainer,Trainer,2|3,"After combat, each Trainer feeds 1 Snax per star level to Nomsy, adding Health and Ability Power. Nomsy's star level increases every 25 Snax!(@MinUnits@) Summon Nomsy!(@MinUnits@) Nomsy's Ability deals @DamageInc*100@% more damage","After combat, each Trainer feeds 1 Snax per star level to Nomsy, adding Health and Ability Power. Nomsy's star level increases every 25 Snax!<br><br><row>(@MinUnits@) Summon Nomsy!</row><br><row>(@MinUnits@) Nomsy's Ability deals @DamageInc*100@% more damage</row>","[{""maxUnits"": 2, ""minUnits"": 2, ""style"": 1, ""variables"": {""{a848d452}"": 1.0, ""{cc4e6814}"": ""null""}}, {""maxUnits"": 25000, ""minUnits"": 3, ""style"": 3, ""variables"": {""{a848d452}"": 2.0, ""{cc4e6814}"": 2.0}}]"
Set 7,7,base,TFTSet7,12.15,Set7_Warrior,Warrior,2|4|6,"Warrior attacks have a @ProcChance@% chance to increase the damage of their next attack.
(2) +80% damage
(4) +175% damage
(6) +325% damage",Warrior attacks have a @ProcChance@% chance to increase the damage of their next attack.<br><br><expandRow>(@MinUnits@) +@PercentDamage@% damage</expandRow>,"[{""maxUnits"": 3, ""minUnits"": 2, ""style"": 1, ""variables"": {""PercentDamage"": 80.0, ""{b4a90a5d}"": 50.0}}, {""maxUnits"": 5, ""minUnits"": 4, ""style"": 3, ""variables"": {""PercentDamage"": 175.0, ""{b4a90a5d}"": 50.0}}, {""maxUnits"": 25000, ""minUnits"": 6, ""style"": 4, ""variables"": {""PercentDamage"": 325.0, ""{b4a90a5d}"": 50.0}}]"
Set 7,7,base,TFTSet7,12.15,Set7_Whispers,Whispers,2|4|6|8,"Whispers damage shrinks enemies, reducing their Armor and Magic Resist by 40% for @Duration@ seconds.When they damage a shrunken enemy, Whispers gain stacking bonuses:
(2) +@ADandAP@ Attack Damage and Ability Power
(4) +@ADandAP@ Attack Damage and Ability Power
(6) +@ADandAP@ Attack Damage and Ability Power
(8) +@ADandAP@ Attack Damage and Ability Power","Whispers damage shrinks enemies, reducing their Armor and Magic Resist by 40% for @Duration@ seconds.<br>When they damage a shrunken enemy, Whispers gain stacking bonuses:<br><br><expandRow>(@MinUnits@) +@ADandAP@ Attack Damage and Ability Power</expandRow>","[{""maxUnits"": 3, ""minUnits"": 2, ""style"": 1, ""variables"": {""Duration"": 6.0, ""{08a84200}"": 1.0}}, {""maxUnits"": 5, ""minUnits"": 4, ""style"": 2, ""variables"": {""Duration"": 6.0, ""{08a84200}"": 3.0}}, {""maxUnits"": 7, ""minUnits"": 6, ""style"": 3, ""variables"": {""Duration"": 6.0, ""{08a84200}"": 5.0}}, {""maxUnits"": 25000, ""minUnits"": 8, ""style"": 4, ""variables"": {""Duration"": 6.0, ""{08a84200}"": 8.0}}]"
Set 7.5,7,mid,TFTSet7_Stage2,12.22,Set7_Assassin,Assassin,2|4|6,"Innate: Leap to the enemy backline when combat starts.Assassins' Abilities can critically strike and they gain bonus Critical Strike Chance and bonus Critical Strike Damage.
(2) +@CritChanceAmpPercent@% Crit Chance and +@CritAmpPercent@% Crit Damage
(4) +@CritChanceAmpPercent@% Crit Chance and +@CritAmpPercent@% Crit Damage
(6) +@CritChanceAmpPercent@% Crit Chance and +@CritAmpPercent@% Crit Damage",Innate: Leap to the enemy backline when combat starts.<br><br>Assassins' Abilities can critically strike and they gain bonus Critical Strike Chance and bonus Critical Strike Damage.<br><br><expandRow>(@MinUnits@) +@CritChanceAmpPercent@% Crit Chance and +@CritAmpPercent@% Crit Damage</expandRow>,"[{""maxUnits"": 3, ""minUnits"": 2, ""style"": 1, ""variables"": {""{268f634e}"": 10.0, ""{9f2eb1e2}"": 20.0}}, {""maxUnits"": 5, ""minUnits"": 4, ""style"": 4, ""variables"": {""{268f634e}"": 25.0, ""{9f2eb1e2}"": 50.0}}, {""maxUnits"": 25000, ""minUnits"": 6, ""style"": 5, ""variables"": {""{268f634e}"": 75.0, ""{9f2eb1e2}"": 75.0}}]"
Set 7.5,7,mid,TFTSet7_Stage2,12.22,Set7_Astral,Astral,3|5|8,"After each player combat, gain an Astral Orb. The total star level of your Astral champions increases the orb quality.Astral champions gain bonus Ability Power. (@MinUnits@) @AbilityPower@ Ability Power(@MinUnits@) @AbilityPower@ Ability Power(@MinUnits@) @AbilityPower@ Ability Power","After each player combat, gain an Astral Orb. The total star level of your Astral champions increases the orb quality.<br><br>Astral champions gain bonus Ability Power. <br><br><row>(@MinUnits@) @AbilityPower@ Ability Power</row><br><row>(@MinUnits@) @AbilityPower@ Ability Power</row><br><row>(@MinUnits@) @AbilityPower@ Ability Power</row>","[{""maxUnits"": 4, ""minUnits"": 3, ""style"": 1, ""variables"": {""{246b675b}"": 1.0, ""{41233bac}"": 4.0, ""{7f1304b2}"": 5.0}}, {""maxUnits"": 7, ""minUnits"": 5, ""style"": 3, ""variables"": {""{246b675b}"": 1.0, ""{41233bac}"": 4.0, ""{7f1304b2}"": 30.0}}, {""maxUnits"": 25000, ""minUnits"": 8, ""style"": 4, ""variables"": {""{246b675b}"": 1.0, ""{41233bac}"": 4.0, ""{7f1304b2}"": 75.0}}]"
Set 7.5,7,mid,TFTSet7_Stage2,12.22,Set7_Bard,Bard,1,(@MinUnits@) Allies that survive player combat have a @DropChancePercent@% chance to create a Doot. Bard always creates a Doot when dancing.Each Doot you collect increases your Shop odds for higher-tier champions by 1%.,(@MinUnits@) Allies that survive player combat have a @DropChancePercent@% chance to create a Doot. Bard always creates a Doot when dancing.<br><br>Each Doot you collect increases your Shop odds for higher-tier champions by 1%. ,"[{""maxUnits"": 25000, ""minUnits"": 1, ""style"": 4, ""variables"": {""{b8705dd9}"": 2.0}}]"
Set 7.5,7,mid,TFTSet7_Stage2,12.22,Set7_Bruiser,Bruiser,2|4|6|8,"Your team gains bonus maximum Health. Bruisers gain double this bonus.
(2) 180 Health
(4) 375 Health
(6) 700 Health
(8) 1500 Health",Your team gains bonus maximum Health. Bruisers gain double this bonus.<br><br><expandRow>(@MinUnits@) @BonusHealth@ Health</expandRow>,"[{""maxUnits"": 3, ""minUnits"": 2, ""style"": 1, ""variables"": {""BonusHealth"": 180.0}}, {""maxUnits"": 5, ""minUnits"": 4, ""style"": 3, ""variables"": {""BonusHealth"": 375.0}}, {""maxUnits"": 7, ""minUnits"": 6, ""style"": 4, ""variables"": {""BonusHealth"": 700.0}}, {""maxUnits"": 25000, ""minUnits"": 8, ""style"": 5, ""variables"": {""BonusHealth"": 1500.0}}]"
Set 7.5,7,mid,TFTSet7_Stage2,12.22,Set7_Cannoneer,Cannoneer,2|4|6,"Every 5th attack fires a cannon shot that explodes for physical damage around the target.
(2) @AttackPercent*100@% Attack Damage
(4) @AttackPercent*100@% Attack Damage
(6) @AttackPercent*100@% Attack Damage",Every 5th attack fires a cannon shot that explodes for physical damage around the target.<br><br><expandRow>(@MinUnits@) @AttackPercent*100@% Attack Damage</expandRow>,"[{""maxUnits"": 3, ""minUnits"": 2, ""style"": 1, ""variables"": {""{ff57f232}"": 1.5}}, {""maxUnits"": 5, ""minUnits"": 4, ""style"": 3, ""variables"": {""{ff57f232}"": 3.0}}, {""maxUnits"": 25000, ""minUnits"": 6, ""style"": 4, ""variables"": {""{ff57f232}"": 5.0}}]"
Set 7.5,7,mid,TFTSet7_Stage2,12.22,Set7_Cavalier,Cavalier,2|3|4|5|6,"Innate: Charge quickly towards their target whenever they move.Cavaliers gain Armor and Magic Resist. At the start of combat and after each charge, gain @ChargeIncreasePct@% the amount for @Duration@ seconds. 
(2) 35 Armor, 35 Magic Resist
(3) 50 Armor, 50 Magic Resist
(4) 65 Armor, 65 Magic Resist
(5) 85 Armor, 85 Magic Resist
(6) 110 Armor, 110 Magic Resist","Innate: Charge quickly towards their target whenever they move.<br><br>Cavaliers gain Armor and Magic Resist. At the start of combat and after each charge, gain @ChargeIncreasePct@% the amount for @Duration@ seconds. <br><br><expandRow>(@MinUnits@) @Armor@ Armor, @MagicResist@ Magic Resist</expandRow>","[{""maxUnits"": 2, ""minUnits"": 2, ""style"": 1, ""variables"": {""Armor"": 35.0, ""Duration"": 4.0, ""MagicResist"": 35.0, ""{c51d362c}"": 200.0}}, {""maxUnits"": 3, ""minUnits"": 3, ""style"": 3, ""variables"": {""Armor"": 50.0, ""Duration"": 4.0, ""MagicResist"": 50.0, ""{c51d362c}"": 200.0}}, {""maxUnits"": 4, ""minUnits"": 4, ""style"": 3, ""variables"": {""Armor"": 65.0, ""Duration"": 4.0, ""MagicResist"": 65.0, ""{c51d362c}"": 200.0}}, {""maxUnits"": 5, ""minUnits"": 5, ""style"": 4, ""variables"": {""Armor"": 85.0, ""Duration"": 4.0, ""MagicResist"": 85.0, ""{c51d362c}"": 200.0}}, {""maxUnits"": 25000, ""minUnits"": 6, ""style"": 5, ""variables"": {""Armor"": 110.0, ""Duration"": 4.0, ""MagicResist"": 110.0, ""{c51d362c}"": 200.0}}]"
Set 7.5,7,mid,TFTSet7_Stage2,12.22,Set7_Darkflight,Darkflight,2|4|6|8,"Summon a sacrificial altar. Combat start: the unit placed on the altar is sacrificed, granting a copy of one of the items and bonus Health to each Darkflight champion. Emblems and non-craftable items are corrupted when they're copied, instead becoming Darkflight Essence.
(2) 500 Health
(4) 750 Health
(6) 1000 Health
(8) 1600 Health","Summon a sacrificial altar. Combat start: the unit placed on the altar is sacrificed, granting a copy of one of the items and bonus Health to each Darkflight champion.<br><br><tftitemrules> Emblems and non-craftable items are corrupted when they're copied, instead becoming Darkflight Essence.</tftitemrules><br><br><expandRow>(@MinUnits@) @BonusHealth@ Health</expandRow><br>","[{""maxUnits"": 3, ""minUnits"": 2, ""style"": 1, ""variables"": {""BonusHealth"": 500.0}}, {""maxUnits"": 5, ""minUnits"": 4, ""style"": 3, ""variables"": {""BonusHealth"": 750.0}}, {""maxUnits"": 7, ""minUnits"": 6, ""style"": 4, ""variables"": {""BonusHealth"": 1000.0}}, {""maxUnits"": 25000, ""minUnits"": 8, ""style"": 5, ""variables"": {""BonusHealth"": 1600.0}}]"
Set 7.5,7,mid,TFTSet7_Stage2,12.22,Set7_Dragon,Dragon,1|2|3|4|5|6,"Innate: Require 2 team slots. Dragons provide +3 to the marked trait, and gain additional bonuses based on how many Dragons are on your team. (@MinUnits@) @BonusHealth@ bonus Health(@MinUnits@) and @Defenses@ Armor and Magic Resist(@MinUnits@) and @PercentBonusDamage*100@% bonus damage(@MinUnits@) and +@TeamSizeIncrease@ to team size(@MinUnits@) and heal @Healing@ Health every second(@MinUnits@) and your Dragons ascend!","Innate: Require 2 team slots. <br><br>Dragons provide +3 to the marked trait, and gain additional bonuses based on how many Dragons are on your team. <br><br><row>(@MinUnits@) @BonusHealth@ bonus Health</row><br><row>(@MinUnits@) and @Defenses@ Armor and Magic Resist</row><br><row>(@MinUnits@) and @PercentBonusDamage*100@% bonus damage</row><br><row>(@MinUnits@) and +@TeamSizeIncrease@ to team size</row><br><row>(@MinUnits@) and heal @Healing@ Health every second</row><br><row>(@MinUnits@) and your Dragons ascend!</row>","[{""maxUnits"": 1, ""minUnits"": 1, ""style"": 1, ""variables"": {""AttackSpeed"": ""null"", ""BonusHealth"": 500.0, ""Healing"": ""null"", ""{002b5c4d}"": ""null"", ""{0bca9660}"": ""null"", ""{0c95b70d}"": ""null"", ""{cb6b5298}"": ""null""}}, {""maxUnits"": 2, ""minUnits"": 2, ""style"": 3, ""variables"": {""AttackSpeed"": ""null"", ""BonusHealth"": 500.0, ""Healing"": ""null"", ""{002b5c4d}"": ""null"", ""{0bca9660}"": 20.0, ""{0c95b70d}"": ""null"", ""{cb6b5298}"": ""null""}}, {""maxUnits"": 3, ""minUnits"": 3, ""style"": 3, ""variables"": {""AttackSpeed"": ""null"", ""BonusHealth"": 500.0, ""Healing"": ""null"", ""{002b5c4d}"": ""null"", ""{0bca9660}"": 20.0, ""{0c95b70d}"": ""null"", ""{cb6b5298}"": 0.10000000149011612}}, {""maxUnits"": 4, ""minUnits"": 4, ""style"": 3, ""variables"": {""AttackSpeed"": ""null"", ""BonusHealth"": 500.0, ""Healing"": ""null"", ""{002b5c4d}"": ""null"", ""{0bca9660}"": 20.0, ""{0c95b70d}"": 1.0, ""{cb6b5298}"": 0.10000000149011612}}, {""maxUnits"": 5, ""minUnits"": 5, ""style"": 4, ""variables"": {""AttackSpeed"": 0.10000000149011612, ""BonusHealth"": 500.0, ""Healing"": 40.0, ""{002b5c4d}"": ""null"", ""{0bca9660}"": 20.0, ""{0c95b70d}"": 1.0, ""{cb6b5298}"": 0.10000000149011612}}, {""maxUnits"": 25000, ""minUnits"": 6, ""style"": 5, ""variables"": {""AttackSpeed"": 0.10000000149011612, ""BonusHealth"": 500.0, ""Healing"": 40.0, ""{002b5c4d}"": 30.0, ""{0bca9660}"": 20.0, ""{0c95b70d}"": 1.0, ""{cb6b5298}"": 0.10000000149011612}}]"
Set 7.5,7,mid,TFTSet7_Stage2,12.22,Set7_Dragonmancer,Dragonmancer,2|4|6|8,"Use the Dragonmancer Blessing item to choose a Hero. The Hero gains massively increased Health and Ability Power, which increases by @StatIncreasePercent@% per star level of your Dragonmancers.
(2) +275 Health, +@BonusAP@ Ability Power 
(4) +575 Health, +@BonusAP@ Ability Power 
(6) +775 Health, +@BonusAP@ Ability Power 
(8) +1000 Health, +@BonusAP@ Ability Power","Use the Dragonmancer Blessing item to choose a Hero. The Hero gains massively increased Health and Ability Power, which increases by @StatIncreasePercent@% per star level of your Dragonmancers.<br><br><expandRow>(@MinUnits@) +@BonusHealth@ Health, +@BonusAP@ Ability Power </expandRow>","[{""maxUnits"": 3, ""minUnits"": 2, ""style"": 1, ""variables"": {""BonusHealth"": 275.0, ""{89626cbc}"": 20.0, ""{d49caf5d}"": 25.0}}, {""maxUnits"": 5, ""minUnits"": 4, ""style"": 3, ""variables"": {""BonusHealth"": 575.0, ""{89626cbc}"": 20.0, ""{d49caf5d}"": 40.0}}, {""maxUnits"": 7, ""minUnits"": 6, ""style"": 4, ""variables"": {""BonusHealth"": 775.0, ""{89626cbc}"": 20.0, ""{d49caf5d}"": 50.0}}, {""maxUnits"": 999, ""minUnits"": 8, ""style"": 5, ""variables"": {""BonusHealth"": 1000.0, ""{89626cbc}"": 20.0, ""{d49caf5d}"": 70.0}}]"
Set 7.5,7,mid,TFTSet7_Stage2,12.22,Set7_Evoker,Evoker,2|3|4,"Evokers gain Mana whenever an ally or enemy casts an Ability.
(2) @ManaAmount@ Mana
(3) @ManaAmount@ Mana
(4) @ManaAmount@ Mana",Evokers gain Mana whenever an ally or enemy casts an Ability.<br><br><expandRow>(@MinUnits@) @ManaAmount@ Mana</expandRow>,"[{""maxUnits"": 2, ""minUnits"": 2, ""style"": 1, ""variables"": {""{af2150c6}"": 5.0}}, {""maxUnits"": 3, ""minUnits"": 3, ""style"": 3, ""variables"": {""{af2150c6}"": 8.0}}, {""maxUnits"": 999, ""minUnits"": 4, ""style"": 4, ""variables"": {""{af2150c6}"": 10.0}}]"
Set 7.5,7,mid,TFTSet7_Stage2,12.22,Set7_Guardian,Guardian,2|4|6|8,"Once per combat at @HealthThreshold@% Health, Guardians shield themselves and their closest ally for a percent of their maximum Health. Shields stack!
 (2) @ShieldPercentAmount@% of max health shield
 (4) @ShieldPercentAmount@% of max health shield
 (6) @ShieldPercentAmount@% of max health shield
 (8) @ShieldPercentAmount@% of max health shield","Once per combat at @HealthThreshold@% Health, Guardians shield themselves and their closest ally for a percent of their maximum Health. Shields stack!<br><br><expandRow> (@MinUnits@) @ShieldPercentAmount@% of max health shield</expandRow>","[{""maxUnits"": 3, ""minUnits"": 2, ""style"": 1, ""variables"": {""Duration"": 60.0, ""HealthThreshold"": 50.0, ""{a77cf7ad}"": 25.0}}, {""maxUnits"": 5, ""minUnits"": 4, ""style"": 3, ""variables"": {""Duration"": 60.0, ""HealthThreshold"": 50.0, ""{a77cf7ad}"": 40.0}}, {""maxUnits"": 7, ""minUnits"": 6, ""style"": 4, ""variables"": {""Duration"": 60.0, ""HealthThreshold"": 50.0, ""{a77cf7ad}"": 80.0}}, {""maxUnits"": 999, ""minUnits"": 8, ""style"": 5, ""variables"": {""Duration"": 60.0, ""HealthThreshold"": 50.0, ""{a77cf7ad}"": 130.0}}]"
Set 7.5,7,mid,TFTSet7_Stage2,12.22,Set7_Guild,Guild,1|2|3|4|5|6|7|8,"Grant a unique bonus to your team; Guild members gain double the amount. Increases for each Guild member in play!Sejuani: +@TFTUnitProperty.trait:TFT7_Trait_Guild_SejuaniBonus@ HealthTwitch: +@TFTUnitProperty.trait:TFT7_Trait_Guild_TwitchBonus@% Attack SpeedZippy: +@TFTUnitProperty.trait:TFT7_Trait_Guild_DragonBonus@ Armor and Magic ResistJayce: +@TFTUnitProperty.trait:TFT7_Trait_Guild_JayceBonus@ Attack Damage and Ability PowerBard: +@TFTUnitProperty.trait:TFT7_Trait_Guild_BardBonus@ Mana per attackEmblem: +@TFTUnitProperty.trait:TFT7_Trait_Guild_EmblemBonus@% Omnivamp
(1) @Multiplier@% Guild bonus
(2) @Multiplier@% Guild bonus
(3) @Multiplier@% Guild bonus
(4) @Multiplier@% Guild bonus
(5) @Multiplier@% Guild bonus
(6) @Multiplier@% Guild bonus
(7) @Multiplier@% Guild bonus
(8) @Multiplier@% Guild bonus",Grant a unique bonus to your team; Guild members gain double the amount. Increases for each Guild member in play!<br><br><TFTGuildActive enabled=TFT7_Trait_Guild_ActiveSejuani alternate=TFTGuildInactive>Sejuani: +@TFTUnitProperty.trait:TFT7_Trait_Guild_SejuaniBonus@ Health</TFTGuildActive><br><TFTGuildActive enabled=TFT7_Trait_Guild_ActiveTwitch alternate=TFTGuildInactive>Twitch: +@TFTUnitProperty.trait:TFT7_Trait_Guild_TwitchBonus@% Attack Speed</TFTGuildActive><br><TFTGuildActive enabled=TFT7_Trait_Guild_ActiveDragon alternate=TFTGuildInactive>Zippy: +@TFTUnitProperty.trait:TFT7_Trait_Guild_DragonBonus@ Armor and Magic Resist</TFTGuildActive><br><TFTGuildActive enabled=TFT7_Trait_Guild_ActiveJayce alternate=TFTGuildInactive>Jayce: +@TFTUnitProperty.trait:TFT7_Trait_Guild_JayceBonus@ Attack Damage and Ability Power</TFTGuildActive><br><TFTGuildActive enabled=TFT7_Trait_Guild_ActiveBard alternate=TFTGuildInactive>Bard: +@TFTUnitProperty.trait:TFT7_Trait_Guild_BardBonus@ Mana per attack</TFTGuildActive><br><TFTGuildActive enabled=TFT7_Trait_Guild_ActiveEmblem alternate=TFTGuildInactive>Emblem: +@TFTUnitProperty.trait:TFT7_Trait_Guild_EmblemBonus@% Omnivamp</TFTGuildActive><br><br><expandRow>(@MinUnits@) @Multiplier@% Guild bonus</expandRow><br><br><br><br>,"[{""maxUnits"": 1, ""minUnits"": 1, ""style"": 1, ""variables"": {""{f506c7e6}"": 100.0}}, {""maxUnits"": 2, ""minUnits"": 2, ""style"": 1, ""variables"": {""{f506c7e6}"": 110.0}}, {""maxUnits"": 3, ""minUnits"": 3, ""style"": 3, ""variables"": {""{f506c7e6}"": 120.0}}, {""maxUnits"": 4, ""minUnits"": 4, ""style"": 3, ""variables"": {""{f506c7e6}"": 130.0}}, {""maxUnits"": 5, ""minUnits"": 5, ""style"": 3, ""variables"": {""{f506c7e6}"": 140.0}}, {""maxUnits"": 6, ""minUnits"": 6, ""style"": 3, ""variables"": {""{f506c7e6}"": 150.0}}, {""maxUnits"": 7, ""minUnits"": 7, ""style"": 4, ""variables"": {""{f506c7e6}"": 160.0}}, {""maxUnits"": 25000, ""minUnits"": 8, ""style"": 5, ""variables"": {""{f506c7e6}"": 175.0}}]"
Set 7.5,7,mid,TFTSet7_Stage2,12.22,Set7_Jade,Jade,3|5|7|9,"Summon movable Jade Statues that grow in power. Each combat, allies who start combat adjacent to a statue gain maximum Health healing every @Interval@ seconds and bonus Attack Speed. When a statue is destroyed, it deals @PercentHealth@% of its Health as magic damage to nearby enemies.(@MinUnits@) 1 statue, +@HealthRegen@% healing, +@AttackSpeed*100@% Attack Speed(@MinUnits@) 2 statues, +@HealthRegen@% healing, +@AttackSpeed*100@% Attack Speed(@MinUnits@) 3 statues, +@HealthRegen@% healing, +@AttackSpeed*100@% Attack Speed(@MinUnits@) 4 statues, +@HealthRegen@% healing, +@AttackSpeed*100@% Attack Speed","Summon movable Jade Statues that grow in power. <br><br>Each combat, allies who start combat adjacent to a statue gain maximum Health healing every @Interval@ seconds and bonus Attack Speed. When a statue is destroyed, it deals @PercentHealth@% of its Health as magic damage to nearby enemies.<br><br><row>(@MinUnits@) 1 statue, +@HealthRegen@% healing, +@AttackSpeed*100@% Attack Speed</row><br><row>(@MinUnits@) 2 statues, +@HealthRegen@% healing, +@AttackSpeed*100@% Attack Speed</row><br><row>(@MinUnits@) 3 statues, +@HealthRegen@% healing, +@AttackSpeed*100@% Attack Speed</row><br><row>(@MinUnits@) 4 statues, +@HealthRegen@% healing, +@AttackSpeed*100@% Attack Speed</row>","[{""maxUnits"": 4, ""minUnits"": 3, ""style"": 1, ""variables"": {""AttackSpeed"": 0.10000000149011612, ""HealthRegen"": 2.0, ""PercentHealth"": 33.0, ""{25dee9e0}"": 1.0, ""{288bc6fe}"": 0.25, ""{cedd8578}"": 2.0}}, {""maxUnits"": 6, ""minUnits"": 5, ""style"": 3, ""variables"": {""AttackSpeed"": 0.2199999988079071, ""HealthRegen"": 3.0, ""PercentHealth"": 33.0, ""{25dee9e0}"": 2.0, ""{288bc6fe}"": 0.25, ""{cedd8578}"": 2.0}}, {""maxUnits"": 8, ""minUnits"": 7, ""style"": 4, ""variables"": {""AttackSpeed"": 0.550000011920929, ""HealthRegen"": 5.0, ""PercentHealth"": 33.0, ""{25dee9e0}"": 3.0, ""{288bc6fe}"": 0.25, ""{cedd8578}"": 2.0}}, {""maxUnits"": 25000, ""minUnits"": 9, ""style"": 5, ""variables"": {""AttackSpeed"": 0.8799999952316284, ""HealthRegen"": 8.0, ""PercentHealth"": 33.0, ""{25dee9e0}"": 4.0, ""{288bc6fe}"": 0.25, ""{cedd8578}"": 2.0}}]"
Set 7.5,7,mid,TFTSet7_Stage2,12.22,Set7_Lagoon,Lagoon,3|6|9|12,"Summon a Seastone which grants loot based on the number of Abilities cast by Lagoon champions over time. Lagoon champions also gain Ability Power and Attack Speed.
(3) @AbilityPower@ Ability Power, 8% Attack Speed
(6) @AbilityPower@ Ability Power, 30% Attack Speed
(9) @AbilityPower@ Ability Power, 55% Attack Speed
(12) @AbilityPower@ Ability Power, 200% Attack SpeedTotal casts: @TFTUnitProperty.trait:TFT7_LagoonCount@Gold granted: @TFTUnitProperty.trait:TFT7_LagoonRewardCountGold@Rewards granted: @TFTUnitProperty.trait:TFT7_LagoonRewardCount@@TFTUnitProperty.trait:TFT_Modes_TRA1@","Summon a Seastone which grants loot based on the number of Abilities cast by Lagoon champions over time. Lagoon champions also gain Ability Power and Attack Speed.<br><br><expandRow>(@MinUnits@) @AbilityPower@ Ability Power, @AttackSpeed*100@% Attack Speed</expandRow><br><br>Total casts: <active>@TFTUnitProperty.trait:TFT7_LagoonCount@</active><br>Gold granted: <active>@TFTUnitProperty.trait:TFT7_LagoonRewardCountGold@</active><br>Rewards granted: <active>@TFTUnitProperty.trait:TFT7_LagoonRewardCount@</active>@TFTUnitProperty.trait:TFT_Modes_TRA1@","[{""maxUnits"": 5, ""minUnits"": 3, ""style"": 1, ""variables"": {""AttackSpeed"": 0.07999999821186066, ""{7f1304b2}"": 8.0}}, {""maxUnits"": 8, ""minUnits"": 6, ""style"": 3, ""variables"": {""AttackSpeed"": 0.30000001192092896, ""{7f1304b2}"": 30.0}}, {""maxUnits"": 11, ""minUnits"": 9, ""style"": 4, ""variables"": {""AttackSpeed"": 0.550000011920929, ""{7f1304b2}"": 55.0}}, {""maxUnits"": 999, ""minUnits"": 12, ""style"": 5, ""variables"": {""AttackSpeed"": 2.0, ""{7f1304b2}"": 200.0}}]"
Set 7.5,7,mid,TFTSet7_Stage2,12.22,Set7_Mage,Mage,3|5|7|9,"Mages cast twice and have modified total Ability Power.
(3) @APMultiplier*100@% Ability Power
(5) @APMultiplier*100@% Ability Power
(7) @APMultiplier*100@% Ability Power
(9) @APMultiplier*100@% Ability Power",Mages cast twice and have modified total Ability Power.<br><br><expandRow>(@MinUnits@) @APMultiplier*100@% Ability Power</expandRow>,"[{""maxUnits"": 4, ""minUnits"": 3, ""style"": 1, ""variables"": {""{2afd498b}"": 0.800000011920929}}, {""maxUnits"": 6, ""minUnits"": 5, ""style"": 3, ""variables"": {""{2afd498b}"": 1.0499999523162842}}, {""maxUnits"": 8, ""minUnits"": 7, ""style"": 4, ""variables"": {""{2afd498b}"": 1.350000023841858}}, {""maxUnits"": 25000, ""minUnits"": 9, ""style"": 5, ""variables"": {""{2afd498b}"": 1.9500000476837158}}]"
Set 7.5,7,mid,TFTSet7_Stage2,12.22,Set7_Mirage,Mirage,2|4|6|8,Mirage champions gain a different Trait bonus from game to game.,Mirage champions gain a different Trait bonus from game to game.,"[{""maxUnits"": 3, ""minUnits"": 2, ""style"": 1, ""variables"": {""{03907b27}"": 40.0, ""{2c8fe3dc}"": 2.0, ""{34a68396}"": 20.0, ""{48ffe45c}"": 20.0, ""{67deaf34}"": 10.0, ""{7845f61e}"": 5.0, ""{7fb6d810}"": 50.0, ""{835c3290}"": 6.0, ""{9ea1c8a7}"": 50.0, ""{b04db727}"": 200.0, ""{bd0f4998}"": 9.0, ""{e32ac3a7}"": 20.0, ""{f25ff422}"": 10.0}}, {""maxUnits"": 5, ""minUnits"": 4, ""style"": 3, ""variables"": {""{03907b27}"": 65.0, ""{2c8fe3dc}"": 4.0, ""{34a68396}"": 33.0, ""{48ffe45c}"": 30.0, ""{67deaf34}"": 10.0, ""{7845f61e}"": 8.0, ""{7fb6d810}"": 50.0, ""{835c3290}"": 12.0, ""{9ea1c8a7}"": 65.0, ""{b04db727}"": 300.0, ""{bd0f4998}"": 9.0, ""{e32ac3a7}"": 30.0, ""{f25ff422}"": 10.0}}, {""maxUnits"": 7, ""minUnits"": 6, ""style"": 4, ""variables"": {""{03907b27}"": 65.0, ""{2c8fe3dc}"": 6.0, ""{34a68396}"": 50.0, ""{48ffe45c}"": 45.0, ""{67deaf34}"": 10.0, ""{7845f61e}"": 12.0, ""{7fb6d810}"": 50.0, ""{835c3290}"": 20.0, ""{9ea1c8a7}"": 80.0, ""{b04db727}"": 450.0, ""{bd0f4998}"": 9.0, ""{e32ac3a7}"": 40.0, ""{f25ff422}"": 10.0}}, {""maxUnits"": 25000, ""minUnits"": 8, ""style"": 5, ""variables"": {""{03907b27}"": 110.0, ""{2c8fe3dc}"": 8.0, ""{34a68396}"": 100.0, ""{48ffe45c}"": 60.0, ""{67deaf34}"": 10.0, ""{7845f61e}"": 20.0, ""{7fb6d810}"": 50.0, ""{835c3290}"": 30.0, ""{9ea1c8a7}"": 100.0, ""{b04db727}"": 600.0, ""{bd0f4998}"": 9.0, ""{e32ac3a7}"": 50.0, ""{f25ff422}"": 10.0}}]"
Set 7.5,7,mid,TFTSet7_Stage2,12.22,Set7_Monolith,Monolith,3,(@MinUnits@) Terra empowers 3 hexes on the battlefield. Combat start: units standing in the hex at the start of combat gain @DamageReductionPercent@% damage reduction.,(@MinUnits@) Terra empowers 3 hexes on the battlefield. Combat start: units standing in the hex at the start of combat gain @DamageReductionPercent@% damage reduction.,"[{""maxUnits"": 25000, ""minUnits"": 3, ""style"": 4, ""variables"": {""{5064373e}"": 18.0}}]"
Set 7.5,7,mid,TFTSet7_Stage2,12.22,Set7_Mystic,Mystic,2|3|4|5,"Your team gains Magic Resist. 
(2) 40 Magic Resist
(3) 80 Magic Resist
(4) 150 Magic Resist
(5) 300 Magic Resist",Your team gains Magic Resist. <br><br><expandRow>(@MinUnits@) @MagicResist@ Magic Resist</expandRow>,"[{""maxUnits"": 2, ""minUnits"": 2, ""style"": 1, ""variables"": {""MagicResist"": 40.0}}, {""maxUnits"": 3, ""minUnits"": 3, ""style"": 3, ""variables"": {""MagicResist"": 80.0}}, {""maxUnits"": 4, ""minUnits"": 4, ""style"": 4, ""variables"": {""MagicResist"": 150.0}}, {""maxUnits"": 25000, ""minUnits"": 5, ""style"": 5, ""variables"": {""MagicResist"": 300.0}}]"
Set 7.5,7,mid,TFTSet7_Stage2,12.22,Set7_Prodigy,Prodigy,3,"(@MinUnits@) Nomsy gains a random trait each game. She summons a former Trainer to aid her in battle, who also gains this trait.Trainers' Ability Power is always equal to Nomsy's Ability Power. When Nomsy dies, Trainers gain @AttackSpeed*100@% Attack Speed.","(@MinUnits@) Nomsy gains a random trait each game. She summons a former Trainer to aid her in battle, who also gains this trait.<br><br>Trainers' Ability Power is always equal to Nomsy's Ability Power. When Nomsy dies, Trainers gain @AttackSpeed*100@% Attack Speed.","[{""maxUnits"": 25000, ""minUnits"": 3, ""style"": 4, ""variables"": {""AttackSpeed"": 1.0}}]"
Set 7.5,7,mid,TFTSet7_Stage2,12.22,Set7_Ragewing,Ragewing,2|4|6|8,"Innate: Convert Mana to Rage; attacks generate 15 Rage. After casting an Ability, enrage for 4 seconds: 25% Attack Speed but can't gain Rage.Gain stats when enraged:(@MinUnits@) @AttackSpeedPercent@% Attack Speed and @Omnivamp@% Omnivamp (healing for a percentage of damage dealt)(@MinUnits@) @AttackSpeedPercent@% Attack Speed and @Omnivamp@% Omnivamp(@MinUnits@) @AttackSpeedPercent@% Attack Speed and @Omnivamp@% Omnivamp(@MinUnits@) @AttackSpeedPercent@% Attack Speed and @Omnivamp@% Omnivamp","Innate: Convert Mana to Rage; attacks generate 15 Rage. After casting an Ability, enrage for 4 seconds: 25% Attack Speed but can't gain Rage.<br><br>Gain stats when enraged:<br><br><row>(@MinUnits@) @AttackSpeedPercent@% Attack Speed and @Omnivamp@% Omnivamp (healing for a percentage of damage dealt)</row><br><row>(@MinUnits@) @AttackSpeedPercent@% Attack Speed and @Omnivamp@% Omnivamp</row><br><row>(@MinUnits@) @AttackSpeedPercent@% Attack Speed and @Omnivamp@% Omnivamp</row><br><row>(@MinUnits@) @AttackSpeedPercent@% Attack Speed and @Omnivamp@% Omnivamp</row>","[{""maxUnits"": 3, ""minUnits"": 2, ""style"": 1, ""variables"": {""{a8ca7859}"": 50.0, ""{ad16f688}"": 15.0}}, {""maxUnits"": 5, ""minUnits"": 4, ""style"": 3, ""variables"": {""{a8ca7859}"": 100.0, ""{ad16f688}"": 30.0}}, {""maxUnits"": 7, ""minUnits"": 6, ""style"": 3, ""variables"": {""{a8ca7859}"": 150.0, ""{ad16f688}"": 45.0}}, {""maxUnits"": 999, ""minUnits"": 8, ""style"": 4, ""variables"": {""{a8ca7859}"": 325.0, ""{ad16f688}"": 85.0}}]"
Set 7.5,7,mid,TFTSet7_Stage2,12.22,Set7_Scalescorn,Scalescorn,2|4|6,"Scalescorn champions take @PercentDamageReduction@% reduced damage from enemies with more than @HealthThreshold@ health, and they also deal a percent of their damage as additional magic damage.
(2) @PercentBonusDamage@% magic damage
(4) @PercentBonusDamage@% magic damage
(6) @PercentBonusDamage@% magic damage","Scalescorn champions take @PercentDamageReduction@% reduced damage from enemies with more than @HealthThreshold@ health, and they also deal a percent of their damage as additional magic damage.<br><br><expandRow>(@MinUnits@) @PercentBonusDamage@% magic damage</expandRow>","[{""maxUnits"": 3, ""minUnits"": 2, ""style"": 1, ""variables"": {""HealthThreshold"": 1900.0, ""{bdd452e8}"": 15.0, ""{cb6b5298}"": 15.0}}, {""maxUnits"": 5, ""minUnits"": 4, ""style"": 4, ""variables"": {""HealthThreshold"": 1900.0, ""{bdd452e8}"": 15.0, ""{cb6b5298}"": 50.0}}, {""maxUnits"": 25000, ""minUnits"": 6, ""style"": 5, ""variables"": {""HealthThreshold"": 1900.0, ""{bdd452e8}"": 15.0, ""{cb6b5298}"": 90.0}}]"
Set 7.5,7,mid,TFTSet7_Stage2,12.22,Set7_Shapeshifter,Shapeshifter,2|4,"Transforming grants bonus maximum Health.
(2) 60% bonus Health
(4) 150% bonus Health",Transforming grants bonus maximum Health.<br><br><expandRow>(@MinUnits@) @HPPercent@% bonus Health</expandRow>,"[{""maxUnits"": 3, ""minUnits"": 2, ""style"": 1, ""variables"": {""HPPercent"": 60.0}}, {""maxUnits"": 999, ""minUnits"": 4, ""style"": 4, ""variables"": {""HPPercent"": 150.0}}]"
Set 7.5,7,mid,TFTSet7_Stage2,12.22,Set7_Shimmerscale,Shimmerscale,3|5|7|9,"Grant exclusive random Shimmerscale items.(@MinUnits@) @NumItems@ unique item(@MinUnits@) @NumItems@ unique items(@MinUnits@) @NumItems@ unique items(@MinUnits@) @NumItems@ unique items, which includes Crown of ChampionsYou can remove Shimmerscale items by benching the holder.","Grant exclusive random Shimmerscale items.<br><br><row>(@MinUnits@) @NumItems@ unique item</row><br><row>(@MinUnits@) @NumItems@ unique items</row><br><row>(@MinUnits@) @NumItems@ unique items</row><br><row>(@MinUnits@) @NumItems@ unique items, which includes Crown of Champions</row><br><br><tftitemrules>You can remove Shimmerscale items by benching the holder.</tftitemrules>","[{""maxUnits"": 4, ""minUnits"": 3, ""style"": 1, ""variables"": {""{6c216145}"": 1.0}}, {""maxUnits"": 6, ""minUnits"": 5, ""style"": 3, ""variables"": {""{6c216145}"": 2.0}}, {""maxUnits"": 8, ""minUnits"": 7, ""style"": 4, ""variables"": {""{6c216145}"": 4.0}}, {""maxUnits"": 25000, ""minUnits"": 9, ""style"": 5, ""variables"": {""{6c216145}"": 5.0}}]"
Set 7.5,7,mid,TFTSet7_Stage2,12.22,Set7_SpellThief,Spell Thief,1,(@MinUnits@) Zoe nabs a new Ability after each cast and at the start of every round.,(@MinUnits@) Zoe nabs a new Ability after each cast and at the start of every round.,"[{""maxUnits"": 25000, ""minUnits"": 1, ""style"": 4, ""variables"": {}}]"
Set 7.5,7,mid,TFTSet7_Stage2,12.22,Set7_Starcaller,Starcaller,1,"(@MinUnits@) The first Starcaller to cast their Ability during player combat heals you for (@Tier1Heal@/@Tier2Heal@/@Tier3Heal@), depending on their star level. Excess healing disintegrates an enemy champion.","(@MinUnits@) The first Starcaller to cast their Ability during player combat heals you for (@Tier1Heal@/@Tier2Heal@/@Tier3Heal@), depending on their star level. Excess healing disintegrates an enemy champion.","[{""maxUnits"": 25000, ""minUnits"": 1, ""style"": 4, ""variables"": {""{1b929fa6}"": 1.0, ""{31d66d45}"": 1.0, ""{42df8264}"": 1.0, ""{4979f1a4}"": 2.0, ""{509811bd}"": 2.0, ""{56034ed0}"": 75.0, ""{9b24c7a2}"": 2.0, ""{f305b0e7}"": 3.0, ""{fa4f482e}"": 20.0, ""{fd44bf8b}"": 30.0}}]"
Set 7.5,7,mid,TFTSet7_Stage2,12.22,Set7_Swiftshot,Swiftshot,2|3|4|5,"Innate: gain 2 hex Attack Range.Swiftshots gain Attack Speed for each hex between themselves and their target.
(2) 10% Attack Speed
(3) 15% Attack Speed
(4) 25% Attack Speed
(5) 40% Attack Speed",Innate: gain 2 hex Attack Range.<br><br>Swiftshots gain Attack Speed for each hex between themselves and their target.<br><br><expandRow>(@MinUnits@) @BonusAS@% Attack Speed</expandRow>,"[{""maxUnits"": 2, ""minUnits"": 2, ""style"": 1, ""variables"": {""BonusAS"": 10.0}}, {""maxUnits"": 3, ""minUnits"": 3, ""style"": 3, ""variables"": {""BonusAS"": 15.0}}, {""maxUnits"": 4, ""minUnits"": 4, ""style"": 4, ""variables"": {""BonusAS"": 25.0}}, {""maxUnits"": 999, ""minUnits"": 5, ""style"": 5, ""variables"": {""BonusAS"": 40.0}}]"
Set 7.5,7,mid,TFTSet7_Stage2,12.22,Set7_Tempest,Tempest,2|4|6|8,"After @DelayTime@ seconds, lightning strikes the battlefield. Enemies are stunned for @StunDuration@ second and take a percent of their maximum Health as true damage. Then, Tempest champions deal increased damage.
(2) 10% lightning, 10% unit damage
(4) 20% lightning, 30% unit damage
(6) 30% lightning, 60% unit damage
(8) 45% lightning, 120% unit damage","After @DelayTime@ seconds, lightning strikes the battlefield. Enemies are stunned for @StunDuration@ second and take a percent of their maximum Health as true damage. Then, Tempest champions deal increased damage.<br><br><expandRow>(@MinUnits@) @PercentHealthDamage@% lightning, @DamageAmp@% unit damage</expandRow>","[{""maxUnits"": 3, ""minUnits"": 2, ""style"": 1, ""variables"": {""BuffDuration"": 60.0, ""DamageAmp"": 10.0, ""PercentHealthDamage"": 10.0, ""StunDuration"": 1.0, ""{17f82fb1}"": 8.0, ""{81ce23cf}"": 1.0}}, {""maxUnits"": 5, ""minUnits"": 4, ""style"": 3, ""variables"": {""BuffDuration"": 60.0, ""DamageAmp"": 30.0, ""PercentHealthDamage"": 20.0, ""StunDuration"": 1.0, ""{17f82fb1}"": 8.0, ""{81ce23cf}"": 2.0}}, {""maxUnits"": 7, ""minUnits"": 6, ""style"": 4, ""variables"": {""BuffDuration"": 60.0, ""DamageAmp"": 60.0, ""PercentHealthDamage"": 30.0, ""StunDuration"": 1.0, ""{17f82fb1}"": 8.0, ""{81ce23cf}"": 3.0}}, {""maxUnits"": 25000, ""minUnits"": 8, ""style"": 5, ""variables"": {""BuffDuration"": 60.0, ""DamageAmp"": 120.0, ""PercentHealthDamage"": 45.0, ""StunDuration"": 1.0, ""{17f82fb1}"": 8.0, ""{81ce23cf}"": 4.0}}]"
Set 7.5,7,mid,TFTSet7_Stage2,12.22,Set7_Warrior,Warrior,2|4|6,"Warrior attacks have a @ProcChance@% chance to increase the damage of their next attack.
(2) +75% damage
(4) +150% damage
(6) +275% damage",Warrior attacks have a @ProcChance@% chance to increase the damage of their next attack.<br><br><expandRow>(@MinUnits@) +@PercentDamage@% damage</expandRow>,"[{""maxUnits"": 3, ""minUnits"": 2, ""style"": 1, ""variables"": {""PercentDamage"": 75.0, ""{b4a90a5d}"": 50.0}}, {""maxUnits"": 5, ""minUnits"": 4, ""style"": 4, ""variables"": {""PercentDamage"": 150.0, ""{b4a90a5d}"": 50.0}}, {""maxUnits"": 25000, ""minUnits"": 6, ""style"": 5, ""variables"": {""PercentDamage"": 275.0, ""{b4a90a5d}"": 50.0}}]"
Set 7.5,7,mid,TFTSet7_Stage2,12.22,Set7_Whispers,Whispers,2|4|6,"Whispers damage shrinks enemies, reducing their Armor and Magic Resist by 40% for @Duration@ seconds.When they damage a shrunken enemy, Whispers gain stacking bonuses:
(2) +@ADandAP@ Attack Damage and Ability Power
(4) +@ADandAP@ Attack Damage and Ability Power
(6) +@ADandAP@ Attack Damage and Ability Power","Whispers damage shrinks enemies, reducing their Armor and Magic Resist by 40% for @Duration@ seconds.<br>When they damage a shrunken enemy, Whispers gain stacking bonuses:<br><br><expandRow>(@MinUnits@) +@ADandAP@ Attack Damage and Ability Power</expandRow>","[{""maxUnits"": 3, ""minUnits"": 2, ""style"": 1, ""variables"": {""Duration"": 6.0, ""{08a84200}"": 1.0}}, {""maxUnits"": 5, ""minUnits"": 4, ""style"": 3, ""variables"": {""Duration"": 6.0, ""{08a84200}"": 3.0}}, {""maxUnits"": 25000, ""minUnits"": 6, ""style"": 4, ""variables"": {""Duration"": 6.0, ""{08a84200}"": 7.0}}]"
Set 8,8,base,TFTSet8,13.4,Set8_Admin,A.D.M.I.N.,2|4|6,A.D.M.I.N. programs a custom configuration per player each game.(@MinUnits@) [Initialize ADMIN cause and effect](@MinUnits@) [Add another effect to the program]. Boost all tiers by @4tooltip@%(@MinUnits@) Boost previous tiers by @6Tooltip@%,A.D.M.I.N. programs a custom configuration per player each game.<br><br><row>(@MinUnits@) [Initialize ADMIN cause and effect]</row><br><row>(@MinUnits@) [Add another effect to the program]. Boost all tiers by @4tooltip@%</row><br><row>(@MinUnits@) Boost previous tiers by @6Tooltip@%</row>,"[{""maxUnits"": 3, ""minUnits"": 2, ""style"": 1, ""variables"": {""{2a683ea4}"": 100.0, ""{dd2627f2}"": 30.0, ""{fefec6fb}"": 1.0}}, {""maxUnits"": 5, ""minUnits"": 4, ""style"": 4, ""variables"": {""{2a683ea4}"": 100.0, ""{dd2627f2}"": 30.0, ""{fefec6fb}"": 1.2999999523162842}}, {""maxUnits"": 25000, ""minUnits"": 6, ""style"": 5, ""variables"": {""{2a683ea4}"": 100.0, ""{dd2627f2}"": 30.0, ""{fefec6fb}"": 2.0}}]"
Set 8,8,base,TFTSet8,13.4,Set8_Ace,Ace,1|4,"This Trait is active only when you have exactly 1 or 4 unique Aces.
(1) Execute enemies under @ExecuteThreshhold@% Health 
(4) Execute enemies under @ExecuteThreshhold@% Health",This Trait is active only when you have exactly 1 or 4 unique Aces.<br><br><expandRow>(@MinUnits@) Execute enemies under @ExecuteThreshhold@% Health </expandRow><br><br>,"[{""maxUnits"": 1, ""minUnits"": 1, ""style"": 1, ""variables"": {""{e63d763f}"": 15.0}}, {""maxUnits"": 4, ""minUnits"": 4, ""style"": 4, ""variables"": {""{e63d763f}"": 30.0}}]"
Set 8,8,base,TFTSet8,13.4,Set8_Aegis,Aegis,2|3|4|5,"Your team gains bonus Magic Resist, and Aegis units gain more.
(2) +20 Magic Resist, +@AegisMagicResist@ for Aegis
(3) +40 Magic Resist, +@AegisMagicResist@ for Aegis
(4) +60 Magic Resist, +@AegisMagicResist@ for Aegis
(5) +90 Magic Resist, +@AegisMagicResist@ for Aegis","Your team gains bonus Magic Resist, and Aegis units gain more.<br><br><expandRow>(@MinUnits@) +@MagicResist@ Magic Resist, +@AegisMagicResist@ for Aegis</expandRow>","[{""maxUnits"": 2, ""minUnits"": 2, ""style"": 1, ""variables"": {""MagicResist"": 20.0, ""{8c9a056d}"": 40.0}}, {""maxUnits"": 3, ""minUnits"": 3, ""style"": 3, ""variables"": {""MagicResist"": 40.0, ""{8c9a056d}"": 80.0}}, {""maxUnits"": 4, ""minUnits"": 4, ""style"": 4, ""variables"": {""MagicResist"": 60.0, ""{8c9a056d}"": 120.0}}, {""maxUnits"": 25000, ""minUnits"": 5, ""style"": 5, ""variables"": {""MagicResist"": 90.0, ""{8c9a056d}"": 180.0}}]"
Set 8,8,base,TFTSet8,13.4,Set8_AnimaSquad,Anima Squad,3|5|7,"Anima Squad members pose after champion kills, increasing their fame. Each point of fame grants @HealthPerStack@ permanent Health to each Anima Squad member.They also gain:
(3) @InitialAD@% Attack Damage and @InitialAP@ Ability Power
(5) @InitialAD@% Attack Damage and @InitialAP@ Ability Power
(7) @InitialAD@% Attack Damage and @InitialAP@ Ability PowerTotal fame: @TFTUnitProperty.trait:TFT8_AnimaFameStacks@Bonus Health: @TFTUnitProperty.trait:TFT8_AnimaFameHP@","Anima Squad members pose after champion kills, increasing their fame. Each point of fame grants @HealthPerStack@ permanent Health to each Anima Squad member.<br><br>They also gain:<br><expandRow>(@MinUnits@) @InitialAD@% Attack Damage and @InitialAP@ Ability Power</expandRow><br><br>Total fame: @TFTUnitProperty.trait:TFT8_AnimaFameStacks@<br>Bonus Health: @TFTUnitProperty.trait:TFT8_AnimaFameHP@","[{""maxUnits"": 4, ""minUnits"": 3, ""style"": 1, ""variables"": {""{054d3a66}"": 10.0, ""{194d59e2}"": 10.0, ""{40376e4e}"": 5.0}}, {""maxUnits"": 6, ""minUnits"": 5, ""style"": 4, ""variables"": {""{054d3a66}"": 35.0, ""{194d59e2}"": 35.0, ""{40376e4e}"": 5.0}}, {""maxUnits"": 25000, ""minUnits"": 7, ""style"": 5, ""variables"": {""{054d3a66}"": 60.0, ""{194d59e2}"": 60.0, ""{40376e4e}"": 5.0}}]"
Set 8,8,base,TFTSet8,13.4,Set8_Arsenal,Arsenal,1,"(@MinUnits@) When deploying the Arsenal champion, players may choose which weapon he will equip.","(@MinUnits@) When deploying the Arsenal champion, players may choose which weapon he will equip.","[{""maxUnits"": 1, ""minUnits"": 1, ""style"": 4, ""variables"": {}}]"
Set 8,8,base,TFTSet8,13.4,Set8_Brawler,Brawler,2|4|6|8,"Brawlers gain additional maximum Health.
(2) +@BonusPercentHealth*100@% maximum Health
(4) +@BonusPercentHealth*100@% maximum Health
(6) +@BonusPercentHealth*100@% maximum Health
(8) +@BonusPercentHealth*100@% maximum Health",Brawlers gain additional maximum Health.<br><br><expandRow>(@MinUnits@) +@BonusPercentHealth*100@% maximum Health</expandRow>,"[{""maxUnits"": 3, ""minUnits"": 2, ""style"": 1, ""variables"": {""{a92bb347}"": 0.20000000298023224}}, {""maxUnits"": 5, ""minUnits"": 4, ""style"": 3, ""variables"": {""{a92bb347}"": 0.44999998807907104}}, {""maxUnits"": 7, ""minUnits"": 6, ""style"": 4, ""variables"": {""{a92bb347}"": 0.699999988079071}}, {""maxUnits"": 25000, ""minUnits"": 8, ""style"": 5, ""variables"": {""{a92bb347}"": 0.9900000095367432}}]"
Set 8,8,base,TFTSet8,13.4,Set8_Civilian,Civilian,1|2|3,"If there is a Civilian alive, your team is inspired to protect them by gaining Mana every @Seconds@ seconds.
(1) +@ManaRegen@ Mana
(2) +@ManaRegen@ Mana
(3) +@ManaRegen@ Mana","If there is a Civilian alive, your team is inspired to protect them by gaining Mana every @Seconds@ seconds.<br><br><expandRow>(@MinUnits@) +@ManaRegen@ Mana</expandRow>","[{""maxUnits"": 1, ""minUnits"": 1, ""style"": 1, ""variables"": {""{66b6cdea}"": 2.0, ""{d8f646f3}"": 2.0}}, {""maxUnits"": 2, ""minUnits"": 2, ""style"": 3, ""variables"": {""{66b6cdea}"": 2.0, ""{d8f646f3}"": 4.0}}, {""maxUnits"": 25000, ""minUnits"": 3, ""style"": 4, ""variables"": {""{66b6cdea}"": 2.0, ""{d8f646f3}"": 10.0}}]"
Set 8,8,base,TFTSet8,13.4,Set8_Corrupted,Corrupted,1,"(@MinUnits@) Combat start: Lie dormant while absorbing the souls of allies that die. Gain @BonusAP@ Ability Power for each soul.Once per combat at @HealthThreshold@% Health (or when your team has died), come alive and fight.","(@MinUnits@) Combat start: Lie dormant while absorbing the souls of allies that die. Gain @BonusAP@ Ability Power for each soul.<br><br>Once per combat at @HealthThreshold@% Health (or when your team has died), come alive and fight.","[{""maxUnits"": 1, ""minUnits"": 1, ""style"": 4, ""variables"": {""HealthThreshold"": 70.0, ""{d49caf5d}"": 40.0}}]"
Set 8,8,base,TFTSet8,13.4,Set8_Defender,Defender,2|4|6,"Innate: Taunt nearby enemies after the start of combat.Your team gains bonus Armor, and Defenders gain more. 
 (2) +30 Armor, +@DefenderBonusArmor@ for Defenders
 (4) +80 Armor, +@DefenderBonusArmor@ for Defenders
 (6) +200 Armor, +@DefenderBonusArmor@ for DefendersTaunt: enemies that are able and in range must attack the taunter","Innate: <TFTKeyword>Taunt</TFTKeyword> nearby enemies after the start of combat.<br><br>Your team gains bonus Armor, and Defenders gain more. <br><br><expandRow> (@MinUnits@) +@BonusArmor@ Armor, +@DefenderBonusArmor@ for Defenders</expandRow><br><br><tftitemrules><tftbold>Taunt</tftbold>: enemies that are able and in range must attack the taunter</tftitemrules>","[{""maxUnits"": 3, ""minUnits"": 2, ""style"": 1, ""variables"": {""BonusArmor"": 30.0, ""{5cc52ba8}"": 1.0, ""{830398ac}"": 60.0}}, {""maxUnits"": 5, ""minUnits"": 4, ""style"": 4, ""variables"": {""BonusArmor"": 80.0, ""{5cc52ba8}"": 1.0, ""{830398ac}"": 160.0}}, {""maxUnits"": 25000, ""minUnits"": 6, ""style"": 5, ""variables"": {""BonusArmor"": 200.0, ""{5cc52ba8}"": 1.0, ""{830398ac}"": 400.0}}]"
Set 8,8,base,TFTSet8,13.4,Set8_Duelist,Duelist,2|4|6|8,"Innate: Increased movement speed.Duelists' attacks grant bonus Attack Speed, up to @MaxStacks@ stacks.
 (2) +@ASPerStack@% Attack Speed per stack
 (4) +@ASPerStack@% Attack Speed per stack
 (6) +@ASPerStack@% Attack Speed per stack
 (8) +@ASPerStack@% Attack Speed per stack","Innate: Increased movement speed.<br><br>Duelists' attacks grant bonus Attack Speed, up to @MaxStacks@ stacks.<br><br><expandRow> (@MinUnits@) +@ASPerStack@% Attack Speed per stack</expandRow><br>","[{""maxUnits"": 3, ""minUnits"": 2, ""style"": 1, ""variables"": {""MaxStacks"": 12.0, ""{43afcd64}"": 5.0}}, {""maxUnits"": 5, ""minUnits"": 4, ""style"": 3, ""variables"": {""MaxStacks"": 12.0, ""{43afcd64}"": 9.0}}, {""maxUnits"": 7, ""minUnits"": 6, ""style"": 4, ""variables"": {""MaxStacks"": 12.0, ""{43afcd64}"": 15.0}}, {""maxUnits"": 25000, ""minUnits"": 8, ""style"": 5, ""variables"": {""MaxStacks"": 12.0, ""{43afcd64}"": 24.0}}]"
Set 8,8,base,TFTSet8,13.4,Set8_Forecaster,Forecaster,1,"Depending on the weather, The Forecaster grants a different bonus to adjacent allies. The weather changes every game.","Depending on the weather, The Forecaster grants a different bonus to adjacent allies. The weather changes every game. ","[{""maxUnits"": 25000, ""minUnits"": 1, ""style"": 4, ""variables"": {""{18727ad0}"": 10.0, ""{1a727df6}"": 99.0, ""{1b727f89}"": 20.0, ""{59983c1c}"": 2000.0, ""{5a983daf}"": 600.0, ""{5b983f42}"": 400.0, ""{c4d287f1}"": 5.0, ""{d3255094}"": 20.0, ""{d52553ba}"": 100.0, ""{d625554d}"": 40.0, ""{e412bacb}"": 10.0, ""{e512bc5e}"": 10.0, ""{e612bdf1}"": 45.0}}]"
Set 8,8,base,TFTSet8,13.4,Set8_GenAE,Gadgeteen,3|5,"Each round, Gadgeteens create random modified weapons with powerful effects that fall apart after one round. Gadgeteens also gain Damage and Damage Reduction for each item equipped to them.(@MinUnits@) Create @ItemsToMake@ item, @Itembuff@% per item.(@MinUnits@) Create @ItemsToMake@ items, @Itembuff@% per item.","Each round, Gadgeteens create random modified weapons with powerful effects that fall apart after one round. Gadgeteens also gain Damage and Damage Reduction for each item equipped to them.<br><br><row>(@MinUnits@) Create @ItemsToMake@ item, @Itembuff@% per item.</row><br><row>(@MinUnits@) Create @ItemsToMake@ items, @Itembuff@% per item.</row>","[{""maxUnits"": 4, ""minUnits"": 3, ""style"": 1, ""variables"": {""{7d4d3a93}"": 3.0, ""{e3f67a80}"": 1.0}}, {""maxUnits"": 25000, ""minUnits"": 5, ""style"": 4, ""variables"": {""{7d4d3a93}"": 12.0, ""{e3f67a80}"": 2.0}}]"
Set 8,8,base,TFTSet8,13.4,Set8_Hacker,Hacker,2|3|4,"Hackers gain Omnivamp and summon a H4ckerr!m. Any unit placed in the rider hex will be sent to the enemy backline and is untargetable for the first @SecondsUntargetable@ seconds of combat.
(2) @Omnivamp*100@% Omnivamp
(3) @Omnivamp*100@% Omnivamp
(4) @Omnivamp*100@% OmnivampOmnivamp: heal for some of damage dealt",Hackers gain <TFTKeyword>Omnivamp</TFTKeyword> and summon a H4ckerr!m. Any unit placed in the rider hex will be sent to the enemy backline and is untargetable for the first @SecondsUntargetable@ seconds of combat.<br><br><expandRow>(@MinUnits@) @Omnivamp*100@% Omnivamp</expandRow><br><br><tftitemrules><tftbold>Omnivamp</tftbold>: heal for some of damage dealt</tftitemrules>,"[{""maxUnits"": 2, ""minUnits"": 2, ""style"": 1, ""variables"": {""{ad16f688}"": 0.15000000596046448}}, {""maxUnits"": 3, ""minUnits"": 3, ""style"": 4, ""variables"": {""{ad16f688}"": 0.4000000059604645}}, {""maxUnits"": 25000, ""minUnits"": 4, ""style"": 5, ""variables"": {""{ad16f688}"": 0.699999988079071}}]"
Set 8,8,base,TFTSet8,13.4,Set8_Heart,Heart,2|4|6,"When Heart units cast their Ability, your team gains stacking Ability Power for the rest of combat.
(2) +@APPerCast@ Ability Power
(4) +@APPerCast@ Ability Power
(6) +@APPerCast@ Ability Power","When Heart units cast their Ability, your team gains stacking Ability Power for the rest of combat.<br><br><expandRow>(@MinUnits@) +@APPerCast@ Ability Power</expandRow>","[{""maxUnits"": 3, ""minUnits"": 2, ""style"": 1, ""variables"": {""{ebcfdef4}"": 4.0}}, {""maxUnits"": 5, ""minUnits"": 4, ""style"": 3, ""variables"": {""{ebcfdef4}"": 7.0}}, {""maxUnits"": 25000, ""minUnits"": 6, ""style"": 4, ""variables"": {""{ebcfdef4}"": 10.0}}]"
Set 8,8,base,TFTSet8,13.4,Set8_SpaceCorps,LaserCorps,3|5|7|9,"When a LaserCorp agent attacks or is hit by an attack, their combat drone deals magic damage to the agent's target (@ICD@ second cooldown). When a LaserCorp agent dies, their drone is reassigned to the nearest living agent. Drone lasers deal:(@MinUnits@) @MagicDamage@ magic damage(@MinUnits@) @MagicDamage@ magic damage(@MinUnits@) @MagicDamage@ magic damage(@MinUnits@) @MagicDamage@ magic damage, and each agent gets a 2nd droneDrone damage last round: @TFTUnitProperty.trait:TFT8_Lasercorps_DamageTRAKey@ magic damage","When a LaserCorp agent attacks or is hit by an attack, their combat drone deals magic damage to the agent's target (@ICD@ second cooldown). When a LaserCorp agent dies, their drone is reassigned to the nearest living agent. <br><br>Drone lasers deal:<br><row>(@MinUnits@) @MagicDamage@ magic damage</row><br><row>(@MinUnits@) @MagicDamage@ magic damage</row><br><row>(@MinUnits@) @MagicDamage@ magic damage</row><br><row>(@MinUnits@) @MagicDamage@ magic damage, and each agent gets a 2nd drone</row><br><br>Drone damage last round: @TFTUnitProperty.trait:TFT8_Lasercorps_DamageTRAKey@ magic damage<br><br>","[{""maxUnits"": 4, ""minUnits"": 3, ""style"": 1, ""variables"": {""ICD"": 0.4000000059604645, ""MagicDamage"": 25.0, ""{59d091e2}"": 1.0}}, {""maxUnits"": 6, ""minUnits"": 5, ""style"": 3, ""variables"": {""ICD"": 0.4000000059604645, ""MagicDamage"": 45.0, ""{59d091e2}"": 1.0}}, {""maxUnits"": 8, ""minUnits"": 7, ""style"": 4, ""variables"": {""ICD"": 0.4000000059604645, ""MagicDamage"": 80.0, ""{59d091e2}"": 1.0}}, {""maxUnits"": 25000, ""minUnits"": 9, ""style"": 5, ""variables"": {""ICD"": 0.4000000059604645, ""MagicDamage"": 99.0, ""{59d091e2}"": 1.0}}]"
Set 8,8,base,TFTSet8,13.4,Set8_Mascot,Mascot,2|4|6|8,"Your team heals a percentage of their maximum Health every @Seconds@ seconds, and Mascots heal double the amount.When Mascots die, they retreat to the sidelines to cheer on your team. Your team's healing increases by @HealthRegenPerMascot@% for each cheering Mascot.
(2) @BaseHealthRegen@% healing
(4) @BaseHealthRegen@% healing
(6) @BaseHealthRegen@% healing
(8) @BaseHealthRegen@% healing","Your team heals a percentage of their maximum Health every @Seconds@ seconds, and Mascots heal double the amount.<br><br>When Mascots die, they retreat to the sidelines to cheer on your team. Your team's healing increases by @HealthRegenPerMascot@% for each cheering Mascot.<br><br><expandRow>(@MinUnits@) @BaseHealthRegen@% healing</expandRow><br>","[{""maxUnits"": 3, ""minUnits"": 2, ""style"": 1, ""variables"": {""{66b6cdea}"": 2.0, ""{a576b894}"": 1.0, ""{d1ba07df}"": 1.5}}, {""maxUnits"": 5, ""minUnits"": 4, ""style"": 3, ""variables"": {""{66b6cdea}"": 2.0, ""{a576b894}"": 1.0, ""{d1ba07df}"": 3.0}}, {""maxUnits"": 7, ""minUnits"": 6, ""style"": 4, ""variables"": {""{66b6cdea}"": 2.0, ""{a576b894}"": 1.0, ""{d1ba07df}"": 6.0}}, {""maxUnits"": 25000, ""minUnits"": 8, ""style"": 5, ""variables"": {""{66b6cdea}"": 2.0, ""{a576b894}"": 1.0, ""{d1ba07df}"": 10.0}}]"
Set 8,8,base,TFTSet8,13.4,Set8_ExoPrime,Mecha:PRIME,3|5,"Use the Mecha selector item to choose a PRIME.Combat start: the PRIME combines with the 2 nearest Mecha, absorbing @HealthPercent@% of their Base Health.(@MinUnits@) The PRIME gains @APAmount@ Ability Power and @ADPercent@% Attack Damage(@MinUnits@) All Mechas gain @APAmount@ Ability Power and @ADPercent@% Attack Damage; the PRIME gains double this amount","Use the Mecha selector item to choose a PRIME.<br><br>Combat start: the PRIME combines with the 2 nearest Mecha, absorbing @HealthPercent@% of their Base Health.<br><br><row>(@MinUnits@) The PRIME gains @APAmount@ Ability Power and @ADPercent@% Attack Damage</row><br><row>(@MinUnits@) All Mechas gain @APAmount@ Ability Power and @ADPercent@% Attack Damage; the PRIME gains double this amount</row>","[{""maxUnits"": 4, ""minUnits"": 3, ""style"": 1, ""variables"": {""HealthPercent"": 100.0, ""{b19c3b58}"": 60.0, ""{bc3d5e29}"": 60.0}}, {""maxUnits"": 25000, ""minUnits"": 5, ""style"": 4, ""variables"": {""HealthPercent"": 90.0, ""{b19c3b58}"": 55.0, ""{bc3d5e29}"": 55.0}}]"
Set 8,8,base,TFTSet8,13.4,Set8_OxForce,Ox Force,2|4|6|8,"Ox Force units gain a range of Attack Speed that ramps as they lose Health. Once per combat, when they would drop below one health, they instead go to one health and become immune to damage for @Seconds@ second.
(2) @MinAttackSpeed@% - 30% Attack Speed
(4) @MinAttackSpeed@% - 80% Attack Speed
(6) @MinAttackSpeed@% - 150% Attack Speed
(8) @MinAttackSpeed@% - 300% Attack Speed","Ox Force units gain a range of Attack Speed that ramps as they lose Health. Once per combat, when they would drop below one health, they instead go to one health and become immune to damage for @Seconds@ second.<br><br><expandRow>(@MinUnits@) @MinAttackSpeed@% - @MaxAttackSpeed@% Attack Speed</expandRow>","[{""maxUnits"": 3, ""minUnits"": 2, ""style"": 1, ""variables"": {""MaxAttackSpeed"": 30.0, ""{21c0601a}"": 15.0, ""{66b6cdea}"": 1.0}}, {""maxUnits"": 5, ""minUnits"": 4, ""style"": 3, ""variables"": {""MaxAttackSpeed"": 80.0, ""{21c0601a}"": 40.0, ""{66b6cdea}"": 1.0}}, {""maxUnits"": 7, ""minUnits"": 6, ""style"": 4, ""variables"": {""MaxAttackSpeed"": 150.0, ""{21c0601a}"": 75.0, ""{66b6cdea}"": 1.0}}, {""maxUnits"": 25000, ""minUnits"": 8, ""style"": 5, ""variables"": {""MaxAttackSpeed"": 300.0, ""{21c0601a}"": 150.0, ""{66b6cdea}"": 1.0}}]"
Set 8,8,base,TFTSet8,13.4,Set8_Prankster,Prankster,2|3,"(@MinUnits@) Once per combat at @HealthThreshold@% Health, Pranksters spawn a target dummy, move to a safe location, and restore @HealthRegen@ Health. (@MinUnits@) And, Prankster dummies stun the enemy that killed them for @StunDuration@ seconds.","<row>(@MinUnits@) Once per combat at @HealthThreshold@% Health, Pranksters spawn a target dummy, move to a safe location, and restore @HealthRegen@ Health. </row><br><row>(@MinUnits@) And, Prankster dummies stun the enemy that killed them for @StunDuration@ seconds.</row><br>","[{""maxUnits"": 2, ""minUnits"": 2, ""style"": 1, ""variables"": {""HealthRegen"": 150.0, ""HealthThreshold"": 50.0, ""StunDuration"": ""null""}}, {""maxUnits"": 25000, ""minUnits"": 3, ""style"": 4, ""variables"": {""HealthRegen"": 150.0, ""HealthThreshold"": 50.0, ""StunDuration"": 1.5}}]"
Set 8,8,base,TFTSet8,13.4,Set8_Recon,Recon,2|3|4,"Innate: Gain @BonusRange@ hex Attack Range.If there is an enemy nearby, Recon units will dash to safety before casting their Ability.(@MinUnits@) +@CritChanceAmpPercent@% Crit Chance (@MinUnits@) +@CritChanceAmpPercent@% Crit Chance (@MinUnits@) +@CritChanceAmpPercent@% Crit Chance and Recon Abilities can critically strike","Innate: Gain @BonusRange@ hex Attack Range.<br><br>If there is an enemy nearby, Recon units will dash to safety before casting their Ability.<br><br><row>(@MinUnits@) +@CritChanceAmpPercent@% Crit Chance </row><br><row>(@MinUnits@) +@CritChanceAmpPercent@% Crit Chance </row><br><row>(@MinUnits@) +@CritChanceAmpPercent@% Crit Chance and Recon Abilities can critically strike</row>","[{""maxUnits"": 2, ""minUnits"": 2, ""style"": 1, ""variables"": {""{14d754d9}"": ""null"", ""{53d67ad0}"": 1500.0, ""{9f2eb1e2}"": 20.0}}, {""maxUnits"": 3, ""minUnits"": 3, ""style"": 3, ""variables"": {""{14d754d9}"": ""null"", ""{53d67ad0}"": 1500.0, ""{9f2eb1e2}"": 75.0}}, {""maxUnits"": 999, ""minUnits"": 4, ""style"": 4, ""variables"": {""{14d754d9}"": 1.0, ""{53d67ad0}"": 1500.0, ""{9f2eb1e2}"": 100.0}}]"
Set 8,8,base,TFTSet8,13.4,Set8_Renegade,Renegade,3|6,"Renegade units deal bonus damage, and the last one standing deals more.
(3) @BasePercentBonusDamage@% bonus damage, extra @AdditionalBonusDamage@% for last alive
(6) @BasePercentBonusDamage@% bonus damage, extra @AdditionalBonusDamage@% for last alive","Renegade units deal bonus damage, and the last one standing deals more.<br><br><expandRow>(@MinUnits@) @BasePercentBonusDamage@% bonus damage, extra @AdditionalBonusDamage@% for last alive</expandRow><br>","[{""maxUnits"": 5, ""minUnits"": 3, ""style"": 4, ""variables"": {""{bac31d49}"": 35.0, ""{bf647962}"": 20.0}}, {""maxUnits"": 25000, ""minUnits"": 6, ""style"": 5, ""variables"": {""{bac31d49}"": 60.0, ""{bf647962}"": 40.0}}]"
Set 8,8,base,TFTSet8,13.4,Set8_Channeler,Spellslinger,2|4|6|8,"Every @RefreshSeconds@ seconds, Spellslinger's next attack instead fires a magic orb at a random target, which explodes for @MagicDamage@% Ability Power as magic damage.Spellslingers gain:(@MinUnits@) +@AP@ Ability Power(@MinUnits@) +@AP@ Ability Power(@MinUnits@) +@AP@ Ability Power(@MinUnits@) +@AP@ Ability Power, and orbs deal @MagicDamage@% Ability Power","Every @RefreshSeconds@ seconds, Spellslinger's next attack instead fires a magic orb at a random target, which explodes for @MagicDamage@% Ability Power as magic damage.<br><br>Spellslingers gain:<br><row>(@MinUnits@) +@AP@ Ability Power</row><br><row>(@MinUnits@) +@AP@ Ability Power</row><br><row>(@MinUnits@) +@AP@ Ability Power</row><br><row>(@MinUnits@) +@AP@ Ability Power, and orbs deal @MagicDamage@% Ability Power</row>","[{""maxUnits"": 3, ""minUnits"": 2, ""style"": 1, ""variables"": {""AP"": 25.0, ""MagicDamage"": 50.0, ""{b258b089}"": 5.0}}, {""maxUnits"": 5, ""minUnits"": 4, ""style"": 3, ""variables"": {""AP"": 60.0, ""MagicDamage"": 50.0, ""{b258b089}"": 5.0}}, {""maxUnits"": 7, ""minUnits"": 6, ""style"": 4, ""variables"": {""AP"": 95.0, ""MagicDamage"": 50.0, ""{b258b089}"": 5.0}}, {""maxUnits"": 25000, ""minUnits"": 8, ""style"": 5, ""variables"": {""AP"": 140.0, ""MagicDamage"": 150.0, ""{b258b089}"": 5.0}}]"
Set 8,8,base,TFTSet8,13.4,Set8_StarGuardian,Star Guardian,3|5|7|9,"Star Guardians gain more Mana in combat. 
(3) @AdditionalManaPercentage@% Mana
(5) @AdditionalManaPercentage@% Mana
(7) @AdditionalManaPercentage@% Mana
(9) @AdditionalManaPercentage@% Mana",Star Guardians gain more Mana in combat. <br><br><expandRow>(@MinUnits@) @AdditionalManaPercentage@% Mana</expandRow>,"[{""maxUnits"": 4, ""minUnits"": 3, ""style"": 1, ""variables"": {""{da19ba33}"": 40.0}}, {""maxUnits"": 6, ""minUnits"": 5, ""style"": 3, ""variables"": {""{da19ba33}"": 70.0}}, {""maxUnits"": 8, ""minUnits"": 7, ""style"": 4, ""variables"": {""{da19ba33}"": 120.0}}, {""maxUnits"": 25000, ""minUnits"": 9, ""style"": 5, ""variables"": {""{da19ba33}"": 200.0}}]"
Set 8,8,base,TFTSet8,13.4,Set8_Supers,Supers,3,"(@MinUnits@) Combat start: Strike a pose that grants your team @BaseBonusDamage@% bonus damage, which increases by @BonusDamagePer3Star@% for every 3-star champion on your team.Bonus damage: @TFTUnitProperty.trait:TFT8_Supers_TotalBonusDamage@%","<row>(@MinUnits@) Combat start: Strike a pose that grants your team @BaseBonusDamage@% bonus damage, which increases by @BonusDamagePer3Star@% for every 3-star champion on your team.</row><br><br>Bonus damage: @TFTUnitProperty.trait:TFT8_Supers_TotalBonusDamage@%<br>","[{""maxUnits"": 25000, ""minUnits"": 3, ""style"": 4, ""variables"": {""{d5eeac4e}"": 18.0, ""{fb280f31}"": 3.0}}]"
Set 8,8,base,TFTSet8,13.4,Set8_Deadeye,Sureshot,2|4,"Combat start: Sureshots gain bonus Attack Damage now, and every @Frequency@ seconds.
(2) +6% Attack Damage
(4) +16% Attack Damage","Combat start: Sureshots gain bonus Attack Damage now, and every @Frequency@ seconds.<br><br><expandRow>(@MinUnits@) +@BonusAD*100@% Attack Damage</expandRow>","[{""maxUnits"": 3, ""minUnits"": 2, ""style"": 1, ""variables"": {""BonusAD"": 0.05999999865889549, ""{2fb31c01}"": 4.0}}, {""maxUnits"": 25000, ""minUnits"": 4, ""style"": 4, ""variables"": {""BonusAD"": 0.1599999964237213, ""{2fb31c01}"": 4.0}}]"
Set 8,8,base,TFTSet8,13.4,Set8_Threat,Threat,1,"Threats do not have a Trait bonus, but instead have powerful Abilities and increased base stats.","Threats do not have a Trait bonus, but instead have powerful Abilities and increased base stats.","[{""maxUnits"": 25000, ""minUnits"": 1, ""style"": 1, ""variables"": {}}]"
Set 8,8,base,TFTSet8,13.4,Set8_UndergroundThe,Underground,3|4|5|6,"The Underground must sneak through the sewers after each player combat and crack @RoundCount@ locks to open a vault. When the vault opens, you may choose to take the loot now, or attempt another heist for even better rewards.
(3) @WinProgress@ locks per win, @LossProgress@ per loss
(4) @WinProgress@ locks per win, @LossProgress@ per loss
(5) @WinProgress@ locks per win, @LossProgress@ per loss
(6) @WinProgress@ locks per win, @LossProgress@ per lossCurrent Heist Level: @TFTUnitProperty.trait:TFT8_Underground_CurrentStage@","The Underground must sneak through the sewers after each player combat and crack @RoundCount@ locks to open a vault. When the vault opens, you may choose to take the loot now, or attempt another heist for even better rewards.<br><br><expandRow>(@MinUnits@) @WinProgress@ locks per win, @LossProgress@ per loss</expandRow><br><br>Current Heist Level: @TFTUnitProperty.trait:TFT8_Underground_CurrentStage@<br><br>","[{""maxUnits"": 3, ""minUnits"": 3, ""style"": 1, ""variables"": {""{0fd23285}"": 3.0, ""{17ca944d}"": 20.0, ""{719c3fca}"": 10.0, ""{7a9b83d2}"": 2.0, ""{8b564fff}"": 6.0, ""{c3eb3e44}"": ""null"", ""{f8038ef4}"": 4.0}}, {""maxUnits"": 4, ""minUnits"": 4, ""style"": 3, ""variables"": {""{0fd23285}"": 4.0, ""{17ca944d}"": 20.0, ""{719c3fca}"": 10.0, ""{7a9b83d2}"": 2.0, ""{8b564fff}"": 8.0, ""{c3eb3e44}"": ""null"", ""{f8038ef4}"": 4.0}}, {""maxUnits"": 5, ""minUnits"": 5, ""style"": 4, ""variables"": {""{0fd23285}"": 5.0, ""{17ca944d}"": 20.0, ""{719c3fca}"": 10.0, ""{7a9b83d2}"": 3.0, ""{8b564fff}"": 10.0, ""{c3eb3e44}"": ""null"", ""{f8038ef4}"": 6.0}}, {""maxUnits"": 25000, ""minUnits"": 6, ""style"": 5, ""variables"": {""{0fd23285}"": 7.0, ""{17ca944d}"": 20.0, ""{719c3fca}"": 10.0, ""{7a9b83d2}"": 4.0, ""{8b564fff}"": 14.0, ""{c3eb3e44}"": ""null"", ""{f8038ef4}"": 8.0}}]"
Set 8.5,8,mid,TFTSet8_Stage2,13.12,Set8_Admin,A.D.M.I.N.,2|4|6,A.D.M.I.N. programs a custom configuration per player each game.(@MinUnits@) [Initialize ADMIN cause and effect](@MinUnits@) [Add another effect to the program]. Boost all tiers by @4Tooltip@%(@MinUnits@) Boost previous tiers by @6Tooltip@%,A.D.M.I.N. programs a custom configuration per player each game.<br><br><row>(@MinUnits@) [Initialize ADMIN cause and effect]</row><br><row>(@MinUnits@) [Add another effect to the program]. Boost all tiers by @4Tooltip@%</row><br><row>(@MinUnits@) Boost previous tiers by @6Tooltip@%</row>,"[{""maxUnits"": 3, ""minUnits"": 2, ""style"": 1, ""variables"": {""4Tooltip"": 25.0, ""6Tooltip"": 100.0, ""{fefec6fb}"": 1.0}}, {""maxUnits"": 5, ""minUnits"": 4, ""style"": 4, ""variables"": {""4Tooltip"": 25.0, ""6Tooltip"": 100.0, ""{fefec6fb}"": 1.25}}, {""maxUnits"": 25000, ""minUnits"": 6, ""style"": 5, ""variables"": {""4Tooltip"": 25.0, ""6Tooltip"": 100.0, ""{fefec6fb}"": 2.0}}]"
Set 8.5,8,mid,TFTSet8_Stage2,13.12,Set8_Ace,Ace,1|4,"This Trait is active only when you have exactly 1 or 4 unique Aces.
(1) Aces execute enemies they damage under 15% Health 
(4) Aces execute enemies they damage under 33% Health",This Trait is active only when you have exactly 1 or 4 unique Aces.<br><br><expandRow>(@MinUnits@) Aces execute enemies they damage under @ExecuteThreshhold@% Health </expandRow><br><br>,"[{""maxUnits"": 1, ""minUnits"": 1, ""style"": 1, ""variables"": {""ExecuteThreshhold"": 15.0}}, {""maxUnits"": 4, ""minUnits"": 4, ""style"": 4, ""variables"": {""ExecuteThreshhold"": 33.0}}]"
Set 8.5,8,mid,TFTSet8_Stage2,13.12,Set8_Aegis,Aegis,2|3|4|5,"Your team gains bonus Magic Resist, and Aegis units gain more.
(2) +20 Magic Resist, +40 for Aegis
(3) +40 Magic Resist, +80 for Aegis
(4) +60 Magic Resist, +120 for Aegis
(5) +90 Magic Resist, +180 for Aegis","Your team gains bonus Magic Resist, and Aegis units gain more.<br><br><expandRow>(@MinUnits@) +@MagicResist@ Magic Resist, +@AegisMagicResist@ for Aegis</expandRow>","[{""maxUnits"": 2, ""minUnits"": 2, ""style"": 1, ""variables"": {""AegisMagicResist"": 40.0, ""MagicResist"": 20.0}}, {""maxUnits"": 3, ""minUnits"": 3, ""style"": 3, ""variables"": {""AegisMagicResist"": 80.0, ""MagicResist"": 40.0}}, {""maxUnits"": 4, ""minUnits"": 4, ""style"": 4, ""variables"": {""AegisMagicResist"": 120.0, ""MagicResist"": 60.0}}, {""maxUnits"": 25000, ""minUnits"": 5, ""style"": 5, ""variables"": {""AegisMagicResist"": 180.0, ""MagicResist"": 90.0}}]"
Set 8.5,8,mid,TFTSet8_Stage2,13.12,Set8_AnimaSquad,Anima Squad,3|5|7,"Anima Squad members pose after champion kills, increasing their fame. Each point of fame grants @HealthPerStack@ permanent Health to each Anima Squad member.They also gain:
(3) 15% Attack Damage and 15 Ability Power
(5) 35% Attack Damage and 35 Ability Power
(7) 60% Attack Damage and 60 Ability PowerTotal fame: @TFTUnitProperty.trait:TFT8_AnimaFameStacks@Bonus Health: @TFTUnitProperty.trait:TFT8_AnimaFameHP@","Anima Squad members pose after champion kills, increasing their fame. Each point of fame grants @HealthPerStack@ permanent Health to each Anima Squad member.<br><br>They also gain:<br><expandRow>(@MinUnits@) @InitialAD@% Attack Damage and @InitialAP@ Ability Power</expandRow><br><br>Total fame: @TFTUnitProperty.trait:TFT8_AnimaFameStacks@<br>Bonus Health: @TFTUnitProperty.trait:TFT8_AnimaFameHP@","[{""maxUnits"": 4, ""minUnits"": 3, ""style"": 1, ""variables"": {""HealthPerStack"": 5.0, ""InitialAD"": 15.0, ""InitialAP"": 15.0}}, {""maxUnits"": 6, ""minUnits"": 5, ""style"": 4, ""variables"": {""HealthPerStack"": 5.0, ""InitialAD"": 35.0, ""InitialAP"": 35.0}}, {""maxUnits"": 25000, ""minUnits"": 7, ""style"": 5, ""variables"": {""HealthPerStack"": 5.0, ""InitialAD"": 60.0, ""InitialAP"": 60.0}}]"
Set 8.5,8,mid,TFTSet8_Stage2,13.12,Set8_Brawler,Brawler,2|4|6|8,"Brawlers gain additional maximum Health.
(2) +20% maximum Health
(4) +45% maximum Health
(6) +70% maximum Health
(8) +100% maximum Health",Brawlers gain additional maximum Health.<br><br><expandRow>(@MinUnits@) +@BonusPercentHealth*100@% maximum Health</expandRow>,"[{""maxUnits"": 3, ""minUnits"": 2, ""style"": 1, ""variables"": {""BonusPercentHealth"": 0.20000000298023224}}, {""maxUnits"": 5, ""minUnits"": 4, ""style"": 3, ""variables"": {""BonusPercentHealth"": 0.44999998807907104}}, {""maxUnits"": 7, ""minUnits"": 6, ""style"": 4, ""variables"": {""BonusPercentHealth"": 0.699999988079071}}, {""maxUnits"": 25000, ""minUnits"": 8, ""style"": 5, ""variables"": {""BonusPercentHealth"": 1.0}}]"
Set 8.5,8,mid,TFTSet8_Stage2,13.12,Set8_Corrupted,Corrupted,1,"(@MinUnits@) Combat start: Lie dormant while absorbing the souls of allies that die. Gain @BonusAP@ Ability Power for each soul.Once per combat at @HealthThreshold@% Health (or when your team has died), come alive and fight.","(@MinUnits@) Combat start: Lie dormant while absorbing the souls of allies that die. Gain @BonusAP@ Ability Power for each soul.<br><br>Once per combat at @HealthThreshold@% Health (or when your team has died), come alive and fight.","[{""maxUnits"": 1, ""minUnits"": 1, ""style"": 4, ""variables"": {""BonusAP"": 40.0, ""HealthThreshold"": 70.0}}]"
Set 8.5,8,mid,TFTSet8_Stage2,13.12,Set8_Defender,Defender,2|4|6,"Your team gains bonus Armor, and Defenders gain more. 
 (2) +25 Armor, +50 for Defenders
 (4) +70 Armor, +140 for Defenders
 (6) +180 Armor, +360 for Defenders","Your team gains bonus Armor, and Defenders gain more. <br><br><expandRow> (@MinUnits@) +@BonusArmor@ Armor, +@DefenderBonusArmor@ for Defenders</expandRow>","[{""maxUnits"": 3, ""minUnits"": 2, ""style"": 1, ""variables"": {""BonusArmor"": 25.0, ""DefenderBonusArmor"": 50.0, ""HexRadius"": 1.0}}, {""maxUnits"": 5, ""minUnits"": 4, ""style"": 3, ""variables"": {""BonusArmor"": 70.0, ""DefenderBonusArmor"": 140.0, ""HexRadius"": 1.0}}, {""maxUnits"": 25000, ""minUnits"": 6, ""style"": 4, ""variables"": {""BonusArmor"": 180.0, ""DefenderBonusArmor"": 360.0, ""HexRadius"": 1.0}}]"
Set 8.5,8,mid,TFTSet8_Stage2,13.12,Set8_Duelist,Duelist,2|4|6|8,"Innate: Increased movement speed.Duelists' attacks grant bonus Attack Speed, up to @MaxStacks@ stacks. (@MinUnits@) +@ASPerStack@% Attack Speed per stack (@MinUnits@) +@ASPerStack@% Attack Speed per stack (@MinUnits@) +@ASPerStack@% Attack Speed per stack; Duelists take @DRPercent@% less damage (@MinUnits@) +@ASPerStack@% Attack Speed per stack; Duelists take @DRPercent@% less damage","Innate: Increased movement speed.<br><br>Duelists' attacks grant bonus Attack Speed, up to @MaxStacks@ stacks.<br><br><row> (@MinUnits@) +@ASPerStack@% Attack Speed per stack</row><br><row> (@MinUnits@) +@ASPerStack@% Attack Speed per stack</row><br><row> (@MinUnits@) +@ASPerStack@% Attack Speed per stack; Duelists take @DRPercent@% less damage</row><br><row> (@MinUnits@) +@ASPerStack@% Attack Speed per stack; Duelists take @DRPercent@% less damage</row>","[{""maxUnits"": 3, ""minUnits"": 2, ""style"": 1, ""variables"": {""ASPerStack"": 5.0, ""DRPercent"": null, ""MaxStacks"": 12.0, ""{3aa89d86}"": 200.0}}, {""maxUnits"": 5, ""minUnits"": 4, ""style"": 3, ""variables"": {""ASPerStack"": 8.0, ""DRPercent"": null, ""MaxStacks"": 12.0, ""{3aa89d86}"": 200.0}}, {""maxUnits"": 7, ""minUnits"": 6, ""style"": 4, ""variables"": {""ASPerStack"": 10.0, ""DRPercent"": 10.0, ""MaxStacks"": 12.0, ""{3aa89d86}"": 200.0}}, {""maxUnits"": 25000, ""minUnits"": 8, ""style"": 5, ""variables"": {""ASPerStack"": 16.0, ""DRPercent"": 20.0, ""MaxStacks"": 12.0, ""{3aa89d86}"": 200.0}}]"
Set 8.5,8,mid,TFTSet8_Stage2,13.12,Set8_Forecaster,Forecaster,1,"Depending on the weather, The Forecaster grants a different bonus to adjacent allies. The weather changes every game.","Depending on the weather, The Forecaster grants a different bonus to adjacent allies. The weather changes every game. ","[{""maxUnits"": 25000, ""minUnits"": 1, ""style"": 4, ""variables"": {""RainyManaTier1"": 20.0, ""RainyManaTier2"": 40.0, ""RainyManaTier3"": 100.0, ""SunnyDurationTier1"": 10.0, ""SunnyDurationTier2"": 10.0, ""SunnyDurationTier3"": 45.0, ""SunnyHealthShieldTier1"": 400.0, ""SunnyHealthShieldTier2"": 600.0, ""SunnyHealthShieldTier3"": 2000.0, ""WindyBonusTier1"": 8.0, ""WindyBonusTier2"": 15.0, ""WindyBonusTier3"": 99.0, ""WindyRefresh"": 5.0}}]"
Set 8.5,8,mid,TFTSet8_Stage2,13.12,Set8_GenAE,Gadgeteen,3|5,"Each round, Gadgeteens create random modified weapons with powerful effects that fall apart after one round. Gadgeteens also gain Damage and Damage Reduction for each item equipped to them.(@MinUnits@) Create @ItemsToMake@ item, @Itembuff@% per item.(@MinUnits@) Create @ItemsToMake@ items, @Itembuff@% per item.","Each round, Gadgeteens create random modified weapons with powerful effects that fall apart after one round. Gadgeteens also gain Damage and Damage Reduction for each item equipped to them.<br><br><row>(@MinUnits@) Create @ItemsToMake@ item, @Itembuff@% per item.</row><br><row>(@MinUnits@) Create @ItemsToMake@ items, @Itembuff@% per item.</row>","[{""maxUnits"": 4, ""minUnits"": 3, ""style"": 1, ""variables"": {""Itembuff"": 4.0, ""ItemsToMake"": 1.0}}, {""maxUnits"": 25000, ""minUnits"": 5, ""style"": 4, ""variables"": {""Itembuff"": 8.0, ""ItemsToMake"": 2.0}}]"
Set 8.5,8,mid,TFTSet8_Stage2,13.12,Set8_Hacker,Hacker,3|4|5,"Hackers gain Omnivamp and summon a H4ckerr!m. Any unit placed in the rider hex will be sent to the enemy backline and is untargetable for the first @SecondsUntargetable@ seconds of combat.(@MinUnits@) +@Omnivamp*100@% Omnivamp for Hackers(@MinUnits@) +@Omnivamp*100@% Omnivamp for Hackers, +@Horsevamp*100@% for the rider(@MinUnits@) +@Omnivamp*100@% Omnivamp for Hackers, +@Horsevamp*100@% for the riderOmnivamp: heal for some of damage dealt","Hackers gain <TFTKeyword>Omnivamp</TFTKeyword> and summon a H4ckerr!m. Any unit placed in the rider hex will be sent to the enemy backline and is untargetable for the first @SecondsUntargetable@ seconds of combat.<br><br><row>(@MinUnits@) +@Omnivamp*100@% Omnivamp for Hackers</row><br><row>(@MinUnits@) +@Omnivamp*100@% Omnivamp for Hackers, +@Horsevamp*100@% for the rider</row><br><row>(@MinUnits@) +@Omnivamp*100@% Omnivamp for Hackers, +@Horsevamp*100@% for the rider</row><br><br><tftitemrules><tftbold>Omnivamp</tftbold>: heal for some of damage dealt</tftitemrules>","[{""maxUnits"": 3, ""minUnits"": 3, ""style"": 1, ""variables"": {""Horsevamp"": null, ""Omnivamp"": 0.10000000149011612, ""SecondsUntargetable"": 2.0}}, {""maxUnits"": 4, ""minUnits"": 4, ""style"": 4, ""variables"": {""Horsevamp"": 0.15000000596046448, ""Omnivamp"": 0.20000000298023224, ""SecondsUntargetable"": 2.0}}, {""maxUnits"": 25000, ""minUnits"": 5, ""style"": 5, ""variables"": {""Horsevamp"": 0.30000001192092896, ""Omnivamp"": 0.4000000059604645, ""SecondsUntargetable"": 2.0}}]"
Set 8.5,8,mid,TFTSet8_Stage2,13.12,Set8_Heart,Heart,2|4|6,"When Heart units cast their Ability, your team gains stacking Ability Power for the rest of combat.
(2) +4 Ability Power
(4) +7 Ability Power
(6) +11 Ability Power","When Heart units cast their Ability, your team gains stacking Ability Power for the rest of combat.<br><br><expandRow>(@MinUnits@) +@APPerCast@ Ability Power</expandRow>","[{""maxUnits"": 3, ""minUnits"": 2, ""style"": 1, ""variables"": {""APPerCast"": 4.0}}, {""maxUnits"": 5, ""minUnits"": 4, ""style"": 3, ""variables"": {""APPerCast"": 7.0}}, {""maxUnits"": 25000, ""minUnits"": 6, ""style"": 4, ""variables"": {""APPerCast"": 11.0}}]"
Set 8.5,8,mid,TFTSet8_Stage2,13.12,Set8_Pulsefire,InfiniTeam,3|5|7,"The InfiniTeam opens a portal to an alternate timeline. At the start of combat, any InfiniTeam unit placed on a portal summons an alternate version of themself with different items. They get 1 for each Augment you own. The copies have reduced Health and damage.(@MinUnits@) @NumberOfPortals@ portal opens, @DamageReduction@% damage and @PercentHealth@% HP(@MinUnits@) @NumberOfPortals@ portals open, @DamageReduction@% damage and @PercentHealth@% HP(@MinUnits@) @NumberOfPortals@ portals open, @DamageReduction@% damage and @PercentHealth@% HP","The InfiniTeam opens a portal to an alternate timeline. At the start of combat, any InfiniTeam unit placed on a portal summons an alternate version of themself with different items. They get 1 for each Augment you own. <br><br><tftitemrules>The copies have reduced Health and damage.</tftitemrules><br><br><row>(@MinUnits@) @NumberOfPortals@ portal opens, @DamageReduction@% damage and @PercentHealth@% HP</row><br><row>(@MinUnits@) @NumberOfPortals@ portals open, @DamageReduction@% damage and @PercentHealth@% HP</row><br><row>(@MinUnits@) @NumberOfPortals@ portals open, @DamageReduction@% damage and @PercentHealth@% HP</row>","[{""maxUnits"": 4, ""minUnits"": 3, ""style"": 1, ""variables"": {""DamageReduction"": 45.0, ""NumberOfPortals"": 1.0, ""PercentHealth"": 45.0, ""{0a967788}"": 1.0}}, {""maxUnits"": 6, ""minUnits"": 5, ""style"": 4, ""variables"": {""DamageReduction"": 50.0, ""NumberOfPortals"": 2.0, ""PercentHealth"": 50.0, ""{0a967788}"": 1.0}}, {""maxUnits"": 25000, ""minUnits"": 7, ""style"": 5, ""variables"": {""DamageReduction"": 85.0, ""NumberOfPortals"": 2.0, ""PercentHealth"": 85.0, ""{0a967788}"": 1.0}}]"
Set 8.5,8,mid,TFTSet8_Stage2,13.12,Set8_SpaceCorps,LaserCorps,3|4|5|6,"When a LaserCorp agent attacks or is hit by an attack, their drone deals magic damage to the agent's target (@ICD@ second cooldown). Drones are reassigned to another champion with a drone when the agent dies.Drone lasers deal:(@MinUnits@) @MagicDamage@ magic damage(@MinUnits@) @MagicDamage@ magic damage AND all champions get a drone.(@MinUnits@) @MagicDamage@ magic damage. (@MinUnits@) @MagicDamage@ magic damage.","When a LaserCorp agent attacks or is hit by an attack, their drone deals magic damage to the agent's target (@ICD@ second cooldown). Drones are reassigned to another champion with a drone when the agent dies.<br><br>Drone lasers deal:<br><row>(@MinUnits@) @MagicDamage@ magic damage</row><br><row>(@MinUnits@) @MagicDamage@ magic damage AND all champions get a drone.</row><br><row>(@MinUnits@) @MagicDamage@ magic damage.  </row> <br><row>(@MinUnits@) @MagicDamage@ magic damage.  </row><br>","[{""maxUnits"": 3, ""minUnits"": 3, ""style"": 1, ""variables"": {""ICD"": 0.4000000059604645, ""MagicDamage"": 27.0, ""{1b0b983d}"": 1.0, ""{2ba800f8}"": null, ""{59d091e2}"": 1.0, ""{fc833ad7}"": null}}, {""maxUnits"": 4, ""minUnits"": 4, ""style"": 3, ""variables"": {""ICD"": 0.4000000059604645, ""MagicDamage"": 35.0, ""{1b0b983d}"": 1.0, ""{2ba800f8}"": 1.0, ""{59d091e2}"": 1.0, ""{fc833ad7}"": null}}, {""maxUnits"": 5, ""minUnits"": 5, ""style"": 4, ""variables"": {""ICD"": 0.4000000059604645, ""MagicDamage"": 55.0, ""{1b0b983d}"": 1.0, ""{2ba800f8}"": 1.0, ""{59d091e2}"": 1.0, ""{fc833ad7}"": null}}, {""maxUnits"": 25000, ""minUnits"": 6, ""style"": 5, ""variables"": {""ICD"": 0.4000000059604645, ""MagicDamage"": 80.0, ""{1b0b983d}"": 1.0, ""{2ba800f8}"": 1.0, ""{59d091e2}"": 1.0, ""{fc833ad7}"": null}}]"
Set 8.5,8,mid,TFTSet8_Stage2,13.12,Set8_Mascot,Mascot,2|4|6,"Your team heals a percentage of their maximum Health every @Seconds@ seconds, and Mascots heal double the amount.When Mascots die, they retreat to the sidelines to cheer on your team. Your team's healing increases by @HealthRegenPerMascot@% for each cheering Mascot.
(2) 1.5% healing
(4) 3% healing
(6) 6% healing","Your team heals a percentage of their maximum Health every @Seconds@ seconds, and Mascots heal double the amount.<br><br>When Mascots die, they retreat to the sidelines to cheer on your team. Your team's healing increases by @HealthRegenPerMascot@% for each cheering Mascot.<br><br><expandRow>(@MinUnits@) @BaseHealthRegen@% healing</expandRow><br>","[{""maxUnits"": 3, ""minUnits"": 2, ""style"": 1, ""variables"": {""BaseHealthRegen"": 1.5, ""HealthRegenPerMascot"": 1.0, ""Seconds"": 2.0}}, {""maxUnits"": 5, ""minUnits"": 4, ""style"": 3, ""variables"": {""BaseHealthRegen"": 3.0, ""HealthRegenPerMascot"": 1.0, ""Seconds"": 2.0}}, {""maxUnits"": 25000, ""minUnits"": 6, ""style"": 4, ""variables"": {""BaseHealthRegen"": 6.0, ""HealthRegenPerMascot"": 1.0, ""Seconds"": 2.0}}]"
Set 8.5,8,mid,TFTSet8_Stage2,13.12,Set8_ExoPrime,Mecha:PRIME,3|5,"Use the Mecha selector item to choose a PRIME.Combat start: The PRIME combines with the 2 nearest Mecha, absorbing @HealthPercent@% of their Base Health.(@MinUnits@) The PRIME gains @APAmount@ Ability Power and @ADPercent@% Attack Damage(@MinUnits@) All Mechas gain @APAmount@ Ability Power and @ADPercent@% Attack Damage; the PRIME gains double this amount","Use the Mecha selector item to choose a PRIME.<br><br>Combat start: The PRIME combines with the 2 nearest Mecha, absorbing @HealthPercent@% of their Base Health.<br><br><row>(@MinUnits@) The PRIME gains @APAmount@ Ability Power and @ADPercent@% Attack Damage</row><br><row>(@MinUnits@) All Mechas gain @APAmount@ Ability Power and @ADPercent@% Attack Damage; the PRIME gains double this amount</row>","[{""maxUnits"": 4, ""minUnits"": 3, ""style"": 1, ""variables"": {""ADPercent"": 60.0, ""APAmount"": 60.0, ""HealthPercent"": 90.0}}, {""maxUnits"": 25000, ""minUnits"": 5, ""style"": 4, ""variables"": {""ADPercent"": 55.0, ""APAmount"": 55.0, ""HealthPercent"": 90.0}}]"
Set 8.5,8,mid,TFTSet8_Stage2,13.12,Set8_OxForce,Ox Force,2|4|6,"Ox Force units gain bonus defenses. Once per combat, when they would drop below one health, they instead shield themselves for @ShieldPercent@% of their maximum health for @Duration@ seconds.
(2) 5 Armor and Magic Resist,
(4) 35 Armor and Magic Resist,
(6) 75 Armor and Magic Resist,","Ox Force units gain bonus defenses. Once per combat, when they would drop below one health, they instead shield themselves for @ShieldPercent@% of their maximum health for @Duration@ seconds.<br><br><expandRow>(@MinUnits@) @Defenses@ Armor and Magic Resist,</expandRow>","[{""maxUnits"": 3, ""minUnits"": 2, ""style"": 1, ""variables"": {""Defenses"": 5.0, ""Duration"": 1.5, ""ShieldPercent"": 50.0}}, {""maxUnits"": 5, ""minUnits"": 4, ""style"": 4, ""variables"": {""Defenses"": 35.0, ""Duration"": 1.5, ""ShieldPercent"": 50.0}}, {""maxUnits"": 25000, ""minUnits"": 6, ""style"": 5, ""variables"": {""Defenses"": 75.0, ""Duration"": 1.5, ""ShieldPercent"": 50.0}}]"
Set 8.5,8,mid,TFTSet8_Stage2,13.12,Set8_Parallel,Parallel,2,"(@MinUnits@) Ezreal learns from his older, more handsome self and joins him in future adventures. Ezreal's Ability becomes a blast that hits all enemies in a line. Ultimate Ezreal's Ability summons two additional temporal duplicates.","(@MinUnits@) Ezreal learns from his older, more handsome self and joins him in future adventures. <br><br>Ezreal's Ability becomes a blast that hits all enemies in a line. <br><br>Ultimate Ezreal's Ability summons two additional temporal duplicates. ","[{""maxUnits"": 2, ""minUnits"": 2, ""style"": 4, ""variables"": {}}]"
Set 8.5,8,mid,TFTSet8_Stage2,13.12,Set8_Prankster,Prankster,2|3|4,"(@MinUnits@) Once per combat at @HealthThreshold@% Health, Pranksters spawn a target dummy, move to a safe location, and restore @HealthRegen@ Health. (@MinUnits@) And, Prankster dummies stun the enemy that killed them for @StunDuration@ seconds.(@MinUnits@) The Health restore is increased to @HealthRegen@ Health and the stun duration becomes @StunDuration@ seconds.","<row>(@MinUnits@) Once per combat at @HealthThreshold@% Health, Pranksters spawn a target dummy, move to a safe location, and restore @HealthRegen@ Health. </row><br><row>(@MinUnits@) And, Prankster dummies stun the enemy that killed them for @StunDuration@ seconds.</row><br><row>(@MinUnits@) The Health restore is increased to @HealthRegen@ Health and the stun duration becomes @StunDuration@ seconds.</row><br>","[{""maxUnits"": 2, ""minUnits"": 2, ""style"": 1, ""variables"": {""HealthRegen"": 150.0, ""HealthThreshold"": 50.0, ""StunDuration"": null}}, {""maxUnits"": 3, ""minUnits"": 3, ""style"": 4, ""variables"": {""HealthRegen"": 150.0, ""HealthThreshold"": 50.0, ""StunDuration"": 1.5}}, {""maxUnits"": 25000, ""minUnits"": 4, ""style"": 5, ""variables"": {""HealthRegen"": 350.0, ""HealthThreshold"": 50.0, ""StunDuration"": 2.0}}]"
Set 8.5,8,mid,TFTSet8_Stage2,13.12,Set8_GunMage,Quickdraw,2|3|4,"After every 2 damaging ability projectiles, Quickdraw units fire a bonus ability projectile. Bonus shots deal:(@MinUnits@) @DamageModifier*100@% total damage. (@MinUnits@) @DamageModifier*100@% total damage. (@MinUnits@) @DamageModifier*100@% total damage.","After every 2 damaging ability projectiles, Quickdraw units fire a bonus ability projectile. Bonus shots deal:<br><br><row>(@MinUnits@) @DamageModifier*100@% total damage. </row><br><row>(@MinUnits@) @DamageModifier*100@% total damage. </row><br><row>(@MinUnits@) @DamageModifier*100@% total damage. </row>","[{""maxUnits"": 2, ""minUnits"": 2, ""style"": 1, ""variables"": {""DamageModifier"": 0.699999988079071, ""{f71c4cde}"": 2.0}}, {""maxUnits"": 3, ""minUnits"": 3, ""style"": 3, ""variables"": {""DamageModifier"": 1.5, ""{f71c4cde}"": 2.0}}, {""maxUnits"": 25000, ""minUnits"": 4, ""style"": 4, ""variables"": {""DamageModifier"": 2.3499999046325684, ""{f71c4cde}"": 2.0}}]"
Set 8.5,8,mid,TFTSet8_Stage2,13.12,Set8_Renegade,Renegade,3|5|7,"Renegade units deal bonus damage, and the last one standing deals more.
(3) 25% bonus damage, extra 20% for last alive
(5) 40% bonus damage, extra 30% for last alive
(7) 70% bonus damage, extra 40% for last alive","Renegade units deal bonus damage, and the last one standing deals more.<br><br><expandRow>(@MinUnits@) @BasePercentBonusDamage@% bonus damage, extra @AdditionalBonusDamage@% for last alive</expandRow><br>","[{""maxUnits"": 4, ""minUnits"": 3, ""style"": 1, ""variables"": {""AdditionalBonusDamage"": 20.0, ""BasePercentBonusDamage"": 25.0}}, {""maxUnits"": 6, ""minUnits"": 5, ""style"": 3, ""variables"": {""AdditionalBonusDamage"": 30.0, ""BasePercentBonusDamage"": 40.0}}, {""maxUnits"": 25000, ""minUnits"": 7, ""style"": 4, ""variables"": {""AdditionalBonusDamage"": 40.0, ""BasePercentBonusDamage"": 70.0}}]"
Set 8.5,8,mid,TFTSet8_Stage2,13.12,Set8_Riftwalker,Riftwalker,3,"(@MinUnits@) Riftwalkers open a gap between dimensions and summon their ally Zac, who grows in power based on the total star level of Riftwalkers.Zac gains the last-listed Trait of the closest Riftwalker.","<row>(@MinUnits@) Riftwalkers open a gap between dimensions and summon their ally Zac, who grows in power based on the total star level of Riftwalkers.<br><br>Zac gains the last-listed Trait of the closest Riftwalker.</row>","[{""maxUnits"": 25000, ""minUnits"": 3, ""style"": 4, ""variables"": {""ZacBloblets"": null, ""ZacBlobletsHealthPercent"": 50.0, ""{0fe50a20}"": 175.0, ""{39fb128d}"": 12.0, ""{770acddd}"": 1.0, ""{e29392c2}"": 1.5}}]"
Set 8.5,8,mid,TFTSet8_Stage2,13.12,Set8_Channeler,Spellslinger,2|4|6|8,"Every @RefreshSeconds@ seconds, Spellslinger's next attack instead fires a magic orb at a random target, which explodes for @MagicDamage@% Ability Power as magic damage.Spellslingers gain:(@MinUnits@) +@AP@ Ability Power(@MinUnits@) +@AP@ Ability Power(@MinUnits@) +@AP@ Ability Power(@MinUnits@) +@AP@ Ability Power, and orbs deal @MagicDamage@% Ability Power","Every @RefreshSeconds@ seconds, Spellslinger's next attack instead fires a magic orb at a random target, which explodes for @MagicDamage@% Ability Power as magic damage.<br><br>Spellslingers gain:<br><row>(@MinUnits@) +@AP@ Ability Power</row><br><row>(@MinUnits@) +@AP@ Ability Power</row><br><row>(@MinUnits@) +@AP@ Ability Power</row><br><row>(@MinUnits@) +@AP@ Ability Power, and orbs deal @MagicDamage@% Ability Power</row>","[{""maxUnits"": 3, ""minUnits"": 2, ""style"": 1, ""variables"": {""AP"": 25.0, ""MagicDamage"": 50.0, ""RefreshSeconds"": 5.0}}, {""maxUnits"": 5, ""minUnits"": 4, ""style"": 3, ""variables"": {""AP"": 45.0, ""MagicDamage"": 50.0, ""RefreshSeconds"": 5.0}}, {""maxUnits"": 7, ""minUnits"": 6, ""style"": 4, ""variables"": {""AP"": 70.0, ""MagicDamage"": 50.0, ""RefreshSeconds"": 5.0}}, {""maxUnits"": 25000, ""minUnits"": 8, ""style"": 5, ""variables"": {""AP"": 110.0, ""MagicDamage"": 100.0, ""RefreshSeconds"": 5.0}}]"
Set 8.5,8,mid,TFTSet8_Stage2,13.12,Set8_StarGuardian,Star Guardian,2|4|6|8,"Star Guardians gain more Mana in combat. 
(2) 30% Mana
(4) 60% Mana
(6) 100% Mana
(8) 175% Mana",Star Guardians gain more Mana in combat. <br><br><expandRow>(@MinUnits@) @AdditionalManaPercentage@% Mana</expandRow>,"[{""maxUnits"": 3, ""minUnits"": 2, ""style"": 1, ""variables"": {""AdditionalManaPercentage"": 30.0}}, {""maxUnits"": 5, ""minUnits"": 4, ""style"": 3, ""variables"": {""AdditionalManaPercentage"": 60.0}}, {""maxUnits"": 7, ""minUnits"": 6, ""style"": 4, ""variables"": {""AdditionalManaPercentage"": 100.0}}, {""maxUnits"": 25000, ""minUnits"": 8, ""style"": 5, ""variables"": {""AdditionalManaPercentage"": 175.0}}]"
Set 8.5,8,mid,TFTSet8_Stage2,13.12,Set8_Supers,Supers,3,"(@MinUnits@) Combat start: Strike a pose that grants your team @BaseBonusDamage@% bonus damage, which increases by @BonusDamagePer3Star@% for every 3-star champion on your team.Bonus damage: @TFTUnitProperty.trait:TFT8_Supers_TotalBonusDamage@%","<row>(@MinUnits@) Combat start: Strike a pose that grants your team @BaseBonusDamage@% bonus damage, which increases by @BonusDamagePer3Star@% for every 3-star champion on your team.</row><br><br>Bonus damage: @TFTUnitProperty.trait:TFT8_Supers_TotalBonusDamage@%<br>","[{""maxUnits"": 25000, ""minUnits"": 3, ""style"": 4, ""variables"": {""BaseBonusDamage"": 18.0, ""BonusDamagePer3Star"": 3.0}}]"
Set 8.5,8,mid,TFTSet8_Stage2,13.12,Set8_Deadeye,Sureshot,2|3|4|5,"Combat start: Sureshots gain bonus Attack Damage now, and every @Frequency@ seconds.
(2) +7% Attack Damage
(3) +12% Attack Damage
(4) +18% Attack Damage
(5) +25% Attack Damage","Combat start: Sureshots gain bonus Attack Damage now, and every @Frequency@ seconds.<br><br><expandRow>(@MinUnits@) +@BonusAD*100@% Attack Damage</expandRow>","[{""maxUnits"": 2, ""minUnits"": 2, ""style"": 1, ""variables"": {""BonusAD"": 0.07000000029802322, ""Frequency"": 4.0}}, {""maxUnits"": 3, ""minUnits"": 3, ""style"": 3, ""variables"": {""BonusAD"": 0.11999999731779099, ""Frequency"": 4.0}}, {""maxUnits"": 4, ""minUnits"": 4, ""style"": 4, ""variables"": {""BonusAD"": 0.18000000715255737, ""Frequency"": 4.0}}, {""maxUnits"": 25000, ""minUnits"": 5, ""style"": 5, ""variables"": {""BonusAD"": 0.25, ""Frequency"": 4.0}}]"
Set 8.5,8,mid,TFTSet8_Stage2,13.12,Set8_Threat,Threat,1,"Threats do not have a Trait bonus, but instead have powerful Abilities and increased base stats.","Threats do not have a Trait bonus, but instead have powerful Abilities and increased base stats.","[{""maxUnits"": 25000, ""minUnits"": 1, ""style"": 1, ""variables"": {}}]"
Set 8.5,8,mid,TFTSet8_Stage2,13.12,Set8_UndergroundThe,Underground,3|4|5|6,"The Underground must sneak through the sewers after each player combat and crack @RoundCount@ locks to open a vault. When the vault opens, you may choose to take the loot now, or attempt another heist for even better rewards.
(3) 2 locks per win, 3 per loss
(4) 2 locks per win, 4 per loss
(5) 3 locks per win, 5 per loss
(6) 4 locks per win, 7 per lossCurrent Heist Level: @TFTUnitProperty.trait:TFT8_Underground_CurrentStage@","The Underground must sneak through the sewers after each player combat and crack @RoundCount@ locks to open a vault. When the vault opens, you may choose to take the loot now, or attempt another heist for even better rewards.<br><br><expandRow>(@MinUnits@) @WinProgress@ locks per win, @LossProgress@ per loss</expandRow><br><br>Current Heist Level: @TFTUnitProperty.trait:TFT8_Underground_CurrentStage@<br><br>","[{""maxUnits"": 3, ""minUnits"": 3, ""style"": 1, ""variables"": {""LossProgress"": 3.0, ""LossProgressHR"": 6.0, ""RoundCount"": 10.0, ""RoundCountDU"": 20.0, ""WinProgress"": 2.0, ""WinProgressHR"": 4.0, ""{c3eb3e44}"": null}}, {""maxUnits"": 4, ""minUnits"": 4, ""style"": 3, ""variables"": {""LossProgress"": 4.0, ""LossProgressHR"": 8.0, ""RoundCount"": 10.0, ""RoundCountDU"": 20.0, ""WinProgress"": 2.0, ""WinProgressHR"": 4.0, ""{c3eb3e44}"": null}}, {""maxUnits"": 5, ""minUnits"": 5, ""style"": 4, ""variables"": {""LossProgress"": 5.0, ""LossProgressHR"": 10.0, ""RoundCount"": 10.0, ""RoundCountDU"": 20.0, ""WinProgress"": 3.0, ""WinProgressHR"": 6.0, ""{c3eb3e44}"": null}}, {""maxUnits"": 25000, ""minUnits"": 6, ""style"": 5, ""variables"": {""LossProgress"": 7.0, ""LossProgressHR"": 14.0, ""RoundCount"": 10.0, ""RoundCountDU"": 20.0, ""WinProgress"": 4.0, ""WinProgressHR"": 8.0, ""{c3eb3e44}"": null}}]"
Set 9,9,base,TFTSet9,13.18,Set9_Bastion,Bastion,2|4|6|8,"Bastion champions gain Armor and Magic Resist. This is increased by @BonusPercent*100@% for the first @Duration@ seconds of combat.
(2) +20 (scaleArmor), +20 (scaleMR)
(4) +40 (scaleArmor), +40 (scaleMR)
(6) +65 (scaleArmor), +65 (scaleMR)
(8) +125 (scaleArmor), +125 (scaleMR)","Bastion champions gain Armor and Magic Resist. This is increased by @BonusPercent*100@% for the first @Duration@ seconds of combat.<br><br><expandRow>(@MinUnits@) +@BonusArmor@ %i:scaleArmor%, +@BonusArmor@ %i:scaleMR%</expandRow>","[{""maxUnits"": 3, ""minUnits"": 2, ""style"": 1, ""variables"": {""BonusArmor"": 20.0, ""BonusMR"": 20.0, ""BonusPercent"": 1.0, ""Duration"": 10.0, ""StatMultiplier"": 2.0}}, {""maxUnits"": 5, ""minUnits"": 4, ""style"": 3, ""variables"": {""BonusArmor"": 40.0, ""BonusMR"": 40.0, ""BonusPercent"": 1.0, ""Duration"": 10.0, ""StatMultiplier"": 2.0}}, {""maxUnits"": 7, ""minUnits"": 6, ""style"": 4, ""variables"": {""BonusArmor"": 65.0, ""BonusMR"": 65.0, ""BonusPercent"": 1.0, ""Duration"": 10.0, ""StatMultiplier"": 2.0}}, {""maxUnits"": 25000, ""minUnits"": 8, ""style"": 4, ""variables"": {""BonusArmor"": 125.0, ""BonusMR"": 125.0, ""BonusPercent"": 1.0, ""Duration"": 10.0, ""StatMultiplier"": 2.0}}]"
Set 9,9,base,TFTSet9,13.18,Set9_Bruiser,Bruiser,2|4|6,"Your units gain @TeamFlatHealth@ Health. Bruisers gain additional maximum Health.
(2) +10% max (scaleHealth)
(4) +45% max (scaleHealth)
(6) +80% max (scaleHealth)",Your units gain @TeamFlatHealth@ Health. Bruisers gain additional maximum Health.<br><br><expandRow>(@MinUnits@) +@BonusPercentHealth*100@% max %i:scaleHealth%</expandRow>,"[{""maxUnits"": 3, ""minUnits"": 2, ""style"": 1, ""variables"": {""BonusPercentHealth"": 0.10000000149011612, ""TeamFlatHealth"": 100.0}}, {""maxUnits"": 5, ""minUnits"": 4, ""style"": 3, ""variables"": {""BonusPercentHealth"": 0.44999998807907104, ""TeamFlatHealth"": 100.0}}, {""maxUnits"": 25000, ""minUnits"": 6, ""style"": 4, ""variables"": {""BonusPercentHealth"": 0.800000011920929, ""TeamFlatHealth"": 100.0}}]"
Set 9,9,base,TFTSet9,13.18,Set9_Challenger,Challenger,2|4|6|8,"Challengers gain bonus Attack Speed. When their target dies, Challengers dash to a new target and increase their Attack Speed bonus by @IncreasePct*100@% for @BurstDuration@ seconds.
(2) 30% (scaleAS)
(4) 60% (scaleAS)
(6) 95% (scaleAS)
(8) 140% (scaleAS)","Challengers gain bonus Attack Speed. When their target dies, Challengers dash to a new target and increase their Attack Speed bonus by @IncreasePct*100@% for @BurstDuration@ seconds.<br><br><expandRow>(@MinUnits@) @BonusAS@% %i:scaleAS%</expandRow>","[{""maxUnits"": 3, ""minUnits"": 2, ""style"": 1, ""variables"": {""BonusAS"": 30.0, ""BurstDuration"": 2.5, ""IncreasePct"": 0.5}}, {""maxUnits"": 5, ""minUnits"": 4, ""style"": 3, ""variables"": {""BonusAS"": 60.0, ""BurstDuration"": 2.5, ""IncreasePct"": 0.5}}, {""maxUnits"": 7, ""minUnits"": 6, ""style"": 4, ""variables"": {""BonusAS"": 95.0, ""BurstDuration"": 2.5, ""IncreasePct"": 0.5}}, {""maxUnits"": 25000, ""minUnits"": 8, ""style"": 4, ""variables"": {""BonusAS"": 140.0, ""BurstDuration"": 2.5, ""IncreasePct"": 0.5}}]"
Set 9,9,base,TFTSet9,13.18,Set9_Darkin,Darkin,1,"When Aatrox or the holder of the Darkin Blade dies, the Darkin Blade is equipped to the nearest allied champion, granting them @BonusHealth@ Health and @BonusOmnivamp*100@% Omnivamp.After being equipped to a champion for @RespawnTimer@ seconds, Aatrox will revive upon their death instead.","When Aatrox or the holder of the Darkin Blade dies, the Darkin Blade is equipped to the nearest allied champion, granting them @BonusHealth@ Health and @BonusOmnivamp*100@% Omnivamp.<br><br>After being equipped to a champion for @RespawnTimer@ seconds, Aatrox will revive upon their death instead.","[{""maxUnits"": 25000, ""minUnits"": 1, ""style"": 4, ""variables"": {""BonusHealth"": 350.0, ""BonusOmnivamp"": 0.15000000596046448, ""RespawnTimer"": 4.0}}]"
Set 9,9,base,TFTSet9,13.18,Set9_Deadeye,Deadeye,2|4|6,"Innate: +@BonusRange@ RangeEvery @ShotFrequency@ seconds, Deadeyes attack the enemy with the highest percent Health and deal bonus damage.
(2) +20% damage
(4) +65% damage
(6) +150% damage","<spellPassive>Innate:</spellPassive> +@BonusRange@ Range<br><br>Every @ShotFrequency@ seconds, Deadeyes attack the enemy with the highest percent Health and deal bonus damage.<br><br><expandRow>(@MinUnits@) +@DamageAmp*100@% damage</expandRow>","[{""maxUnits"": 3, ""minUnits"": 2, ""style"": 1, ""variables"": {""BonusRange"": 1.0, ""DamageAmp"": 0.20000000298023224, ""ShotFrequency"": 3.0}}, {""maxUnits"": 5, ""minUnits"": 4, ""style"": 4, ""variables"": {""BonusRange"": 1.0, ""DamageAmp"": 0.6499999761581421, ""ShotFrequency"": 3.0}}, {""maxUnits"": 25000, ""minUnits"": 6, ""style"": 5, ""variables"": {""BonusRange"": 1.0, ""DamageAmp"": 1.5, ""ShotFrequency"": 3.0}}]"
Set 9,9,base,TFTSet9,13.18,Set9_Demacia,Demacia,3|5|7|9,"Your strongest Demacians become Elite and equip a Radiant item each combat. Elites grant Armor and Magic Resist to themselves and adjacent allies, but this does not stack.(@MinUnits@) @NumElites@ Elite, +@BonusDefenses@ (scaleArmor), +@BonusDefenses@ (scaleMR)(@MinUnits@) @NumElites@ Elites, +@BonusDefenses@ (scaleArmor), +@BonusDefenses@ (scaleMR)(@MinUnits@) @NumElites@ Elites, +@BonusDefenses@ (scaleArmor), +@BonusDefenses@ (scaleMR)(@MinUnits@) @NumElites@ Elites, +@BonusDefenses@ (scaleArmor), +@BonusDefenses@ (scaleMR)Radiant items are stronger versions of full items.","Your strongest Demacians become Elite and equip a Radiant item each combat. Elites grant Armor and Magic Resist to themselves and adjacent allies, but this does not stack.<br><br><row>(@MinUnits@) @NumElites@ Elite, +@BonusDefenses@ %i:scaleArmor%, +@BonusDefenses@ %i:scaleMR%</row><br><row>(@MinUnits@) @NumElites@ Elites, +@BonusDefenses@ %i:scaleArmor%, +@BonusDefenses@ %i:scaleMR%</row><br><row>(@MinUnits@) @NumElites@ Elites, +@BonusDefenses@ %i:scaleArmor%, +@BonusDefenses@ %i:scaleMR%</row><br><row>(@MinUnits@) @NumElites@ Elites, +@BonusDefenses@ %i:scaleArmor%, +@BonusDefenses@ %i:scaleMR%</row><br><br><rules>Radiant items are stronger versions of full items.</rules>","[{""maxUnits"": 4, ""minUnits"": 3, ""style"": 1, ""variables"": {""BonusDefenses"": 5.0, ""NumElites"": 1.0}}, {""maxUnits"": 6, ""minUnits"": 5, ""style"": 3, ""variables"": {""BonusDefenses"": 15.0, ""NumElites"": 2.0}}, {""maxUnits"": 8, ""minUnits"": 7, ""style"": 4, ""variables"": {""BonusDefenses"": 35.0, ""NumElites"": 3.0}}, {""maxUnits"": 25000, ""minUnits"": 9, ""style"": 5, ""variables"": {""BonusDefenses"": 150.0, ""NumElites"": 6.0}}]"
Set 9,9,base,TFTSet9,13.18,Set9_Empress,Empress,1,"When Bel'Veth kills an enemy, they leave behind Void Coral that she will consume. The first Coral increases her maximum Health by @PercentBonusMaxHealth*100@%, while further Coral heals her @PercentHealthHeal*100@% maximum Health.When a Void Coral is consumed, she deals @PercentHealthMagicDamage*100@% maximum Health as magic damage to enemies within @HexRange@ hexes.","When Bel'Veth kills an enemy, they leave behind Void Coral that she will consume. The first Coral increases her maximum Health by @PercentBonusMaxHealth*100@%, while further Coral heals her @PercentHealthHeal*100@% maximum Health.<br><br>When a Void Coral is consumed, she deals @PercentHealthMagicDamage*100@% maximum Health as magic damage to enemies within @HexRange@ hexes.","[{""maxUnits"": 25000, ""minUnits"": 1, ""style"": 4, ""variables"": {""HexRange"": 2.0, ""PercentBonusMaxHealth"": 0.5, ""PercentHealthHeal"": 0.20000000298023224, ""PercentHealthMagicDamage"": 0.10000000149011612}}]"
Set 9,9,base,TFTSet9,13.18,Set9_Freljord,Freljord,2|3,"After @DelayTime@ seconds, an ice storm strikes the battlefield. Enemies take a percentage of their max Health as true damage and gain debuffs.(@MinUnits@) @PercentHealthDamage@% (scaleHealth), enemies are @ShredSunder@% Sundered and Shredded for @Duration@ seconds(@MinUnits@) @PercentHealthDamage@% (scaleHealth), enemies are also Stunned for @StunDuration@ secondsSunder: Reduce ArmorShred: Reduce Magic Resist","After @DelayTime@ seconds, an ice storm strikes the battlefield. Enemies take a percentage of their max Health as true damage and gain debuffs.<br><br><row>(@MinUnits@) @PercentHealthDamage@% %i:scaleHealth%, enemies are @ShredSunder@% <TFTKeyword>Sundered</TFTKeyword> and <TFTKeyword>Shredded</TFTKeyword></row> for @Duration@ seconds<br><row>(@MinUnits@) @PercentHealthDamage@% %i:scaleHealth%, enemies are also <TFTKeyword>Stunned</TFTKeyword> for @StunDuration@ seconds</row><br><br><rules><tftbold>Sunder</tftbold>: Reduce Armor<br><tftbold>Shred</tftbold>: Reduce Magic Resist</rules>","[{""maxUnits"": 2, ""minUnits"": 2, ""style"": 1, ""variables"": {""DelayTime"": 8.0, ""Duration"": 10.0, ""PercentHealthDamage"": 8.0, ""ShredSunder"": 30.0, ""{81ce23cf}"": 1.0}}, {""maxUnits"": 25000, ""minUnits"": 3, ""style"": 4, ""variables"": {""DelayTime"": 8.0, ""Duration"": 10.0, ""PercentHealthDamage"": 15.0, ""StunDuration"": 1.5, ""{81ce23cf}"": 2.0}}]"
Set 9,9,base,TFTSet9,13.18,Set9_Marksman,Gunner,2|4|6,"When Gunner champions attack, they gain bonus Attack Damage, up to @MaxStacks@ stacks.
(2) 6% (scaleAD) per stack
(4) 14% (scaleAD) per stack
(6) 25% (scaleAD) per stack","When Gunner champions attack, they gain bonus Attack Damage, up to @MaxStacks@ stacks.<br><br><expandRow>(@MinUnits@) @PercentAD@% %i:scaleAD% per stack</expandRow>","[{""maxUnits"": 3, ""minUnits"": 2, ""style"": 1, ""variables"": {""MaxStacks"": 8.0, ""PercentAD"": 6.0}}, {""maxUnits"": 5, ""minUnits"": 4, ""style"": 4, ""variables"": {""MaxStacks"": 8.0, ""PercentAD"": 14.0}}, {""maxUnits"": 25000, ""minUnits"": 6, ""style"": 4, ""variables"": {""MaxStacks"": 8.0, ""PercentAD"": 25.0}}]"
Set 9,9,base,TFTSet9,13.18,Set9_Preserver,Invoker,2|4|6|8,"Every @TickRate@ seconds, your units gain Mana.(@MinUnits@) @TeamMana@ (scaleMana) to all(@MinUnits@) Additional @SelfBonusMana@ to Invokers(@MinUnits@) @TeamMana@ (scaleMana) to all, additional @SelfBonusMana@ to Invokers(@MinUnits@) @TeamMana@ (scaleMana) to all, and start with an additional @TeamAP@ Ability Power","Every @TickRate@ seconds, your units gain Mana.<br><br><row>(@MinUnits@) @TeamMana@ %i:scaleMana% to all</row><br><row>(@MinUnits@) Additional @SelfBonusMana@ to Invokers</row><br><row>(@MinUnits@) @TeamMana@ %i:scaleMana% to all, additional @SelfBonusMana@ to Invokers</row><br><row>(@MinUnits@) @TeamMana@ %i:scaleMana% to all, and start with an additional @TeamAP@ Ability Power</row><br>","[{""maxUnits"": 3, ""minUnits"": 2, ""style"": 1, ""variables"": {""SelfBonusMana"": null, ""TeamAP"": null, ""TeamMana"": 5.0, ""TickRate"": 3.0}}, {""maxUnits"": 5, ""minUnits"": 4, ""style"": 3, ""variables"": {""SelfBonusMana"": 15.0, ""TeamAP"": null, ""TeamMana"": 5.0, ""TickRate"": 3.0}}, {""maxUnits"": 7, ""minUnits"": 6, ""style"": 4, ""variables"": {""SelfBonusMana"": 15.0, ""TeamAP"": null, ""TeamMana"": 15.0, ""TickRate"": 3.0}}, {""maxUnits"": 25000, ""minUnits"": 8, ""style"": 4, ""variables"": {""SelfBonusMana"": null, ""TeamAP"": 30.0, ""TeamMana"": 40.0, ""TickRate"": 3.0}}]"
Set 9,9,base,TFTSet9,13.18,Set9_Ionia,Ionia,3|6|9,"Each Ionian has a unique bonus within their Ability. Every @SpiritDuration@ seconds, a number of Ionians are enlightened to their spirit form, gaining @Mana@ mana and doubling stat bonuses for @SpiritDuration@ seconds.
(3) 100% Ionian bonus, 1 enlightened
(6) 200% Ionian bonus, 2 enlightened
(9) 380% Ionian bonus, 4 enlightened","Each Ionian has a unique bonus within their Ability. <br><br>Every @SpiritDuration@ seconds, a number of Ionians are enlightened to their spirit form, gaining @Mana@ mana and doubling stat bonuses for @SpiritDuration@ seconds.<br><br><expandRow>(@MinUnits@) @TooltipBonus*100@% Ionian bonus, @NumberOfSpirits@ enlightened</expandRow>","[{""maxUnits"": 5, ""minUnits"": 3, ""style"": 1, ""variables"": {""EmblemBonus"": 33.0, ""Mana"": 20.0, ""NumberOfSpirits"": 1.0, ""SpiritDuration"": 4.0, ""TooltipBonus"": 1.0, ""{18bfc1ac}"": 8.0, ""{1b8cd16a}"": 20.0, ""{27b17444}"": 25.0, ""{3fc62f6f}"": 2.0, ""{4df03474}"": 200.0, ""{53912082}"": 1.0, ""{7d34708f}"": 5.0, ""{b9a6ee1b}"": 15.0, ""{eb0c521b}"": 15.0, ""{ed124bdb}"": 25.0, ""{f6b4b588}"": 3.0}}, {""maxUnits"": 8, ""minUnits"": 6, ""style"": 4, ""variables"": {""EmblemBonus"": 66.0, ""Mana"": 20.0, ""NumberOfSpirits"": 2.0, ""SpiritDuration"": 4.0, ""TooltipBonus"": 2.0, ""{18bfc1ac}"": 16.0, ""{1b8cd16a}"": 40.0, ""{27b17444}"": 50.0, ""{3fc62f6f}"": 2.0, ""{4df03474}"": 400.0, ""{53912082}"": 1.0, ""{7d34708f}"": 10.0, ""{b9a6ee1b}"": 30.0, ""{eb0c521b}"": 30.0, ""{ed124bdb}"": 50.0, ""{f6b4b588}"": 6.0}}, {""maxUnits"": 25000, ""minUnits"": 9, ""style"": 5, ""variables"": {""EmblemBonus"": 125.4000015258789, ""Mana"": 20.0, ""NumberOfSpirits"": 4.0, ""SpiritDuration"": 4.0, ""TooltipBonus"": 3.799999952316284, ""{18bfc1ac}"": 34.20000076293945, ""{1b8cd16a}"": 76.0, ""{27b17444}"": 95.0, ""{3fc62f6f}"": 2.0, ""{4df03474}"": 760.0, ""{53912082}"": 1.0, ""{7d34708f}"": 19.0, ""{b9a6ee1b}"": 57.0, ""{eb0c521b}"": 57.0, ""{ed124bdb}"": 95.0, ""{f6b4b588}"": 11.399999618530273}}]"
Set 9,9,base,TFTSet9,13.18,Set9_Armorclad,Juggernaut,2|4|6,"Juggernaut champions take less damage as their Health decreases.
(2) 15% to 25% damage reduction
(4) 25% to 40% damage reduction
(6) 35% to 50% damage reduction",Juggernaut champions take less damage as their Health decreases.<br><br><expandRow>(@MinUnits@) @MinDR*100@% to @MaxDR*100@% damage reduction</expandRow>,"[{""maxUnits"": 3, ""minUnits"": 2, ""style"": 1, ""variables"": {""Duration"": 7.0, ""MaxDR"": 0.25, ""MinDR"": 0.15000000596046448}}, {""maxUnits"": 5, ""minUnits"": 4, ""style"": 3, ""variables"": {""Duration"": 7.0, ""MaxDR"": 0.4000000059604645, ""MinDR"": 0.25}}, {""maxUnits"": 25000, ""minUnits"": 6, ""style"": 4, ""variables"": {""Duration"": 7.0, ""MaxDR"": 0.5, ""MinDR"": 0.3499999940395355}}]"
Set 9,9,base,TFTSet9,13.18,Set9_Multicaster,Multicaster,2|4,Multicasters cast their Ability multiple times. Bonus casts have @DamageReduction*100@% reduced effectiveness.(@MinUnits@) @BonusCasts@ extra cast(@MinUnits@) @BonusCasts@ extra casts,Multicasters cast their Ability multiple times. Bonus casts have @DamageReduction*100@% reduced effectiveness.<br><br><row>(@MinUnits@) @BonusCasts@ extra cast</row><br><row>(@MinUnits@) @BonusCasts@ extra casts</row>,"[{""maxUnits"": 3, ""minUnits"": 2, ""style"": 1, ""variables"": {""BonusCasts"": 1.0, ""DamageReduction"": 0.6000000238418579}}, {""maxUnits"": 25000, ""minUnits"": 4, ""style"": 4, ""variables"": {""BonusCasts"": 2.0, ""DamageReduction"": 0.6000000238418579}}]"
Set 9,9,base,TFTSet9,13.18,Set9_Noxus,Noxus,3|5|7|9,"Noxus champions gain Health, Ability Power and Attack Damage. This is increased by @BonusRatio*100@% for each different opponent that either you have conquered in combat or is dead.
(3) 160 (scaleHealth), 16 (scaleAP), 16% (scaleAD)
(5) 300 (scaleHealth), 30 (scaleAP), 30% (scaleAD)
(7) 450 (scaleHealth), 45 (scaleAP), 45% (scaleAD)
(9) 750 (scaleHealth), 75 (scaleAP), 75% (scaleAD)Conquered bonus: @TFTUnitProperty.trait:TFT9_Trait_ConquerorBonus@% / @BonusRatio*700@%","Noxus champions gain Health, Ability Power and Attack Damage. This is increased by @BonusRatio*100@% for each different opponent that either you have conquered in combat or is dead.<br><br><expandRow>(@MinUnits@) @Health@ %i:scaleHealth%, @AP@ %i:scaleAP%, @AD@% %i:scaleAD%</expandRow><br><br><TFTTrackerLabel>Conquered bonus: @TFTUnitProperty.trait:TFT9_Trait_ConquerorBonus@% / @BonusRatio*700@%</TFTTrackerLabel>","[{""maxUnits"": 4, ""minUnits"": 3, ""style"": 1, ""variables"": {""AD"": 16.0, ""AP"": 16.0, ""BonusRatio"": 0.05000000074505806, ""Health"": 160.0}}, {""maxUnits"": 6, ""minUnits"": 5, ""style"": 3, ""variables"": {""AD"": 30.0, ""AP"": 30.0, ""BonusRatio"": 0.05000000074505806, ""Health"": 300.0}}, {""maxUnits"": 8, ""minUnits"": 7, ""style"": 4, ""variables"": {""AD"": 45.0, ""AP"": 45.0, ""BonusRatio"": 0.05000000074505806, ""Health"": 450.0}}, {""maxUnits"": 25000, ""minUnits"": 9, ""style"": 5, ""variables"": {""AD"": 75.0, ""AP"": 75.0, ""BonusRatio"": 0.05000000074505806, ""Health"": 750.0}}]"
Set 9,9,base,TFTSet9,13.18,Set9_Piltover,Piltover,3|6,"Gain the T-Hex. Every time you lose a player combat, the T-Hex gains Charges. Winning converts the Charges to Power for the T-Hex and grants you loot based on the number of Charges converted.(@MinUnits@) Gain the T-Hex.(@MinUnits@) Gain bonus loot every round. Each loss counts as 2 losses instead.","Gain the T-Hex. Every time you lose a player combat, the T-Hex gains Charges. Winning converts the Charges to Power for the T-Hex and grants you loot based on the number of Charges converted.<br><br><row>(@MinUnits@) Gain the T-Hex.</row><br><row>(@MinUnits@) Gain bonus loot every round. Each loss counts as 2 losses instead.</row>","[{""maxUnits"": 5, ""minUnits"": 3, ""style"": 4, ""variables"": {""{7714a401}"": null, ""{af532c9d}"": 1.0}}, {""maxUnits"": 25000, ""minUnits"": 6, ""style"": 5, ""variables"": {""{7714a401}"": 1.0, ""{af532c9d}"": 1.0}}]"
Set 9,9,base,TFTSet9,13.18,Set9_Redeemer,Redeemer,1,"Whenever an ally gains a Shield, Senna grants them @AttackSpeed*100@% stacking Attack Speed for the rest of combat.","Whenever an ally gains a Shield, Senna grants them @AttackSpeed*100@% stacking Attack Speed for the rest of combat.","[{""maxUnits"": 25000, ""minUnits"": 1, ""style"": 4, ""variables"": {""AttackSpeed"": 0.05999999865889549}}]"
Set 9,9,base,TFTSet9,13.18,Set9_Rogue,Rogue,2|4,"(@MinUnits@) When a Rogue falls below @HealthThreshold*100@% Health, they briefly become untargetable and dash to an enemy within @HexRange@ hexes (preferring enemy backline).(@MinUnits@) And a Rogue's damage bleeds their target for @BleedPct*100@% bonus magic damage over @BleedDuration@ seconds.","<row>(@MinUnits@) When a Rogue falls below @HealthThreshold*100@% Health, they briefly become untargetable and dash to an enemy within @HexRange@ hexes (preferring enemy backline).</row><br><row>(@MinUnits@) And a Rogue's damage bleeds their target for @BleedPct*100@% bonus magic damage over @BleedDuration@ seconds.</row>","[{""maxUnits"": 3, ""minUnits"": 2, ""style"": 1, ""variables"": {""BleedDuration"": null, ""BleedPct"": null, ""DamageReduction"": 100.0, ""HealthThreshold"": 0.5, ""HexRange"": 4.0, ""StealthDuration"": 1.5}}, {""maxUnits"": 25000, ""minUnits"": 4, ""style"": 4, ""variables"": {""BleedDuration"": 2.5, ""BleedPct"": 0.699999988079071, ""DamageReduction"": 100.0, ""HealthThreshold"": 0.5, ""HexRange"": 4.0, ""StealthDuration"": 1.5}}]"
Set 9,9,base,TFTSet9,13.18,Set9_ShadowIsles,Shadow Isles,2|4|6,"After dealing or receiving damage @DamageInstances@ times, Shadow Isles champions gain a Shield for @Duration@ seconds and become Spectral for the rest of combat. Spectral champions gain Mana every second.
(2) 45% (scaleHealth) Shield, 6 (scaleMana)
(4) 80% (scaleHealth) Shield, 12 (scaleMana)
(6) 115% (scaleHealth) Shield, 18 (scaleMana)","After dealing or receiving damage @DamageInstances@ times, Shadow Isles champions gain a Shield for @Duration@ seconds and become Spectral for the rest of combat. Spectral champions gain Mana every second.<br><br><expandRow>(@MinUnits@) @MaxHealthShield@% %i:scaleHealth% Shield, @ManaRegen@ %i:scaleMana%</expandRow>","[{""maxUnits"": 3, ""minUnits"": 2, ""style"": 1, ""variables"": {""DamageInstances"": 10.0, ""Duration"": 15.0, ""ManaRegen"": 6.0, ""MaxHealthShield"": 45.0, ""TickRate"": 1.0}}, {""maxUnits"": 5, ""minUnits"": 4, ""style"": 4, ""variables"": {""DamageInstances"": 10.0, ""Duration"": 15.0, ""ManaRegen"": 12.0, ""MaxHealthShield"": 80.0, ""TickRate"": 1.0}}, {""maxUnits"": 25000, ""minUnits"": 6, ""style"": 5, ""variables"": {""DamageInstances"": 10.0, ""Duration"": 15.0, ""ManaRegen"": 18.0, ""MaxHealthShield"": 115.0, ""TickRate"": 1.0}}]"
Set 9,9,base,TFTSet9,13.18,Set9_Shurima,Shurima,2|4|6|9,"Every @PulsePeriod@ seconds, Shurimans heal @HealthRegen*100@% maximum Health. After @SecondsToAscend@ seconds, select Shurimans Ascend and gain @BonusHealthPercent*100@% maximum Health and @BonusASPercent*100@% Attack Speed.(@MinUnits@) The strongest Shuriman Ascends(@MinUnits@) All Shurimans Ascend. +@AscensionStrengthBoost*100@% Ascension bonus(@MinUnits@) Instead, Ascend at combat start. +@AscensionStrengthBoost*100@% Ascension bonus(@MinUnits@) Ascend twice, at combat start and after @SecondsToAscend@ seconds. +@AscensionStrengthBoost*100@% Ascension bonus","Every @PulsePeriod@ seconds, Shurimans heal @HealthRegen*100@% maximum Health. After @SecondsToAscend@ seconds, select Shurimans Ascend and gain @BonusHealthPercent*100@% maximum Health and @BonusASPercent*100@% Attack Speed.<br><br><row>(@MinUnits@) The strongest Shuriman Ascends</row><br><row>(@MinUnits@) All Shurimans Ascend. +@AscensionStrengthBoost*100@% Ascension bonus</row><br><row>(@MinUnits@) Instead, Ascend at combat start. +@AscensionStrengthBoost*100@% Ascension bonus</row><br><row>(@MinUnits@) Ascend twice, at combat start and after @SecondsToAscend@ seconds. +@AscensionStrengthBoost*100@% Ascension bonus</row>","[{""maxUnits"": 3, ""minUnits"": 2, ""style"": 1, ""variables"": {""AscensionStrengthBoost"": null, ""BonusASPercent"": 0.30000001192092896, ""BonusHealthPercent"": 0.20000000298023224, ""HealthRegen"": 0.05000000074505806, ""PulsePeriod"": 4.0, ""SecondsToAscend"": 8.0, ""{e3dc0fc2}"": 2.0}}, {""maxUnits"": 5, ""minUnits"": 4, ""style"": 3, ""variables"": {""AscensionStrengthBoost"": 0.15000000596046448, ""BonusASPercent"": 0.30000001192092896, ""BonusHealthPercent"": 0.20000000298023224, ""HealthRegen"": 0.05000000074505806, ""PulsePeriod"": 4.0, ""SecondsToAscend"": 8.0, ""{e3dc0fc2}"": 2.0}}, {""maxUnits"": 8, ""minUnits"": 6, ""style"": 4, ""variables"": {""AscensionStrengthBoost"": 0.44999998807907104, ""BonusASPercent"": 0.30000001192092896, ""BonusHealthPercent"": 0.20000000298023224, ""HealthRegen"": 0.05000000074505806, ""PulsePeriod"": 4.0, ""SecondsToAscend"": 8.0, ""{e3dc0fc2}"": 2.0}}, {""maxUnits"": 25000, ""minUnits"": 9, ""style"": 5, ""variables"": {""AscensionStrengthBoost"": 0.75, ""BonusASPercent"": 0.30000001192092896, ""BonusHealthPercent"": 0.20000000298023224, ""HealthRegen"": 0.05000000074505806, ""PulsePeriod"": 4.0, ""SecondsToAscend"": 8.0, ""{e3dc0fc2}"": 2.0}}]"
Set 9,9,base,TFTSet9,13.18,Set9_Slayer,Slayer,2|4|6,"Slayers gain @Omnivamp@% Omnivamp.Slayers deal bonus damage, doubled against units below @HealthThreshold*100@% Health.
(2) +6% bonus damage
(4) +20% bonus damage
(6) +40% bonus damage","Slayers gain @Omnivamp@% Omnivamp.<br><br>Slayers deal bonus damage, doubled against units below @HealthThreshold*100@% Health.<br><br><expandRow>(@MinUnits@) +@BonusDamageBase@% bonus damage</expandRow>","[{""maxUnits"": 3, ""minUnits"": 2, ""style"": 1, ""variables"": {""BonusDamageBase"": 6.0, ""HealthThreshold"": 0.6600000262260437, ""Omnivamp"": 12.0}}, {""maxUnits"": 5, ""minUnits"": 4, ""style"": 3, ""variables"": {""BonusDamageBase"": 20.0, ""HealthThreshold"": 0.6600000262260437, ""Omnivamp"": 12.0}}, {""maxUnits"": 25000, ""minUnits"": 6, ""style"": 4, ""variables"": {""BonusDamageBase"": 40.0, ""HealthThreshold"": 0.6600000262260437, ""Omnivamp"": 12.0}}]"
Set 9,9,base,TFTSet9,13.18,Set9_Sorcerer,Sorcerer,2|4|6|8,"Sorcerers gain bonus Ability Power.When an enemy dies after being damaged by a Sorcerer, they deal a percentage of that enemy's maximum Health to another enemy.(@MinUnits@) @BonusAP@ (scaleAP); @HealthPct*100@% max (scaleHealth)(@MinUnits@) @BonusAP@ (scaleAP); @HealthPct*100@% max (scaleHealth)(@MinUnits@) @BonusAP@ (scaleAP); @HealthPct*100@% max (scaleHealth) to @TargetNum@ enemies(@MinUnits@) @BonusAP@ (scaleAP); @HealthPct*100@% max (scaleHealth) to @TargetNum@ enemies","Sorcerers gain bonus Ability Power.<br><br>When an enemy dies after being damaged by a Sorcerer, they deal a percentage of that enemy's maximum Health to another enemy.<br><br><row>(@MinUnits@) @BonusAP@ %i:scaleAP%; @HealthPct*100@% max %i:scaleHealth%</row><br><row>(@MinUnits@) @BonusAP@ %i:scaleAP%; @HealthPct*100@% max %i:scaleHealth%</row><br><row>(@MinUnits@) @BonusAP@ %i:scaleAP%; @HealthPct*100@% max %i:scaleHealth% to @TargetNum@ enemies</row><br><row>(@MinUnits@) @BonusAP@ %i:scaleAP%; @HealthPct*100@% max %i:scaleHealth% to @TargetNum@ enemies</row>","[{""maxUnits"": 3, ""minUnits"": 2, ""style"": 1, ""variables"": {""BonusAP"": 25.0, ""HealthPct"": 0.07000000029802322, ""TargetNum"": 1.0, ""{a34f32df}"": 3.0}}, {""maxUnits"": 5, ""minUnits"": 4, ""style"": 3, ""variables"": {""BonusAP"": 45.0, ""HealthPct"": 0.10000000149011612, ""TargetNum"": 1.0, ""{a34f32df}"": 3.0}}, {""maxUnits"": 7, ""minUnits"": 6, ""style"": 4, ""variables"": {""BonusAP"": 80.0, ""HealthPct"": 0.11999999731779099, ""TargetNum"": 2.0, ""{a34f32df}"": 3.0}}, {""maxUnits"": 25000, ""minUnits"": 8, ""style"": 4, ""variables"": {""BonusAP"": 125.0, ""HealthPct"": 0.15000000596046448, ""TargetNum"": 2.0, ""{a34f32df}"": 3.0}}]"
Set 9,9,base,TFTSet9,13.18,Set9_Strategist,Strategist,2|3|4|5,"Combat start: Allies in the front 2 rows gain a Shield for @ShieldDuration@ seconds. Allies in the back 2 rows gain Ability Power.
(2) 250 Shield; 15 (scaleAP)
(3) 400 Shield; 25 (scaleAP)
(4) 600 Shield; 40 (scaleAP)
(5) 900 Shield; 60 (scaleAP)",<spellPassive>Combat start:</spellPassive> Allies in the front 2 rows gain a Shield for @ShieldDuration@ seconds. Allies in the back 2 rows gain Ability Power.<br><br><expandRow>(@MinUnits@) @ShieldHP@ Shield; @BonusAP@ %i:scaleAP%</expandRow><br>,"[{""maxUnits"": 2, ""minUnits"": 2, ""style"": 1, ""variables"": {""BonusAP"": 15.0, ""ShieldDuration"": 15.0, ""ShieldHP"": 250.0}}, {""maxUnits"": 3, ""minUnits"": 3, ""style"": 3, ""variables"": {""BonusAP"": 25.0, ""ShieldDuration"": 15.0, ""ShieldHP"": 400.0}}, {""maxUnits"": 4, ""minUnits"": 4, ""style"": 4, ""variables"": {""BonusAP"": 40.0, ""ShieldDuration"": 15.0, ""ShieldHP"": 600.0}}, {""maxUnits"": 25000, ""minUnits"": 5, ""style"": 4, ""variables"": {""BonusAP"": 60.0, ""ShieldDuration"": 15.0, ""ShieldHP"": 900.0}}]"
Set 9,9,base,TFTSet9,13.18,Set9_Targon,Targon,2|3|4,"All of your units' healing and shielding is improved.
(2) 18% increased healing and shielding 
(3) 35% increased healing and shielding 
(4) 55% increased healing and shielding",All of your units' healing and shielding is improved.<br><br><expandRow>(@MinUnits@) @HealShieldIncrease*100@% increased healing and shielding </expandRow>,"[{""maxUnits"": 2, ""minUnits"": 2, ""style"": 1, ""variables"": {""HealShieldIncrease"": 0.18000000715255737}}, {""maxUnits"": 3, ""minUnits"": 3, ""style"": 4, ""variables"": {""HealShieldIncrease"": 0.3499999940395355}}, {""maxUnits"": 25000, ""minUnits"": 4, ""style"": 4, ""variables"": {""HealShieldIncrease"": 0.550000011920929}}]"
Set 9,9,base,TFTSet9,13.18,Set9_Technogenius,Technogenius,1,Gain a placeable Apex Turret with 3 upgrade slots. Upgrades to the Apex Turret will show up in your shop for @GoldCost@ gold. The Apex Turret shares Heimerdinger's Attack Speed and Ability Power.You may only have 1 Apex Turret.,Gain a placeable Apex Turret with 3 upgrade slots. Upgrades to the Apex Turret will show up in your shop for @GoldCost@ gold. The Apex Turret shares Heimerdinger's Attack Speed and Ability Power.<br><br><rules>You may only have 1 Apex Turret.</rules>,"[{""maxUnits"": 25000, ""minUnits"": 1, ""style"": 4, ""variables"": {""GoldCost"": 6.0, ""{8063e2fe}"": 1.0, ""{db5e6ace}"": 100.0}}]"
Set 9,9,base,TFTSet9,13.18,Set9b_Vanquisher,Vanquisher,2|4|6,"Damage from Vanquisher Abilities can critically strike. Vanquishers gain bonus Critical Strike Chance and Critical Strike Damage.
(2) 15% (scaleCrit) , 10% (scaleCritMult)
(4) 35% (scaleCrit) , 25% (scaleCritMult)
(6) 55% (scaleCrit) , 40% (scaleCritMult)","Damage from Vanquisher Abilities can critically strike. Vanquishers gain bonus Critical Strike Chance and Critical Strike Damage.<br><br><expandRow>(@MinUnits@) @BaseCritChance@% %i:scaleCrit% , @CritDmg@% %i:scaleCritMult%</expandRow><br>","[{""maxUnits"": 3, ""minUnits"": 2, ""style"": 1, ""variables"": {""BaseCritChance"": 15.0, ""CritDmg"": 10.0}}, {""maxUnits"": 5, ""minUnits"": 4, ""style"": 4, ""variables"": {""BaseCritChance"": 35.0, ""CritDmg"": 25.0}}, {""maxUnits"": 25000, ""minUnits"": 6, ""style"": 4, ""variables"": {""BaseCritChance"": 55.0, ""CritDmg"": 40.0}}]"
Set 9,9,base,TFTSet9,13.18,Set9_Void,Void,3|6|8,"Get a placeable void egg. At the start of combat, it hatches into an unspeakable horror and knocks up adjacent enemies.Each Void star level increases the horror's Health and Ability Power by @PercentHealthAPPerStarLevel*100@%. (@MinUnits@) Void Remora(@MinUnits@) Rift Herald(@MinUnits@) Baron Nashor","Get a placeable void egg. At the start of combat, it hatches into an unspeakable horror and knocks up adjacent enemies.<br><br>Each Void star level increases the horror's Health and Ability Power by @PercentHealthAPPerStarLevel*100@%. <br><br><row>(@MinUnits@) Void Remora</row><br><row>(@MinUnits@) Rift Herald</row><br><row>(@MinUnits@) Baron Nashor</row>","[{""maxUnits"": 5, ""minUnits"": 3, ""style"": 1, ""variables"": {""PercentHealthAPPerStarLevel"": 0.25, ""{a4dcb3da}"": 0.4000000059604645}}, {""maxUnits"": 7, ""minUnits"": 6, ""style"": 4, ""variables"": {""PercentHealthAPPerStarLevel"": 0.25, ""{a4dcb3da}"": 0.4000000059604645}}, {""maxUnits"": 25000, ""minUnits"": 8, ""style"": 4, ""variables"": {""PercentHealthAPPerStarLevel"": 0.25, ""{a4dcb3da}"": 0.4000000059604645}}]"
Set 9,9,base,TFTSet9,13.18,Set9_Wanderer,Wanderer,1,Ryze's ability changes depending on the Region Portal players voted for at the start of the game.,Ryze's ability changes depending on the Region Portal players voted for at the start of the game.,"[{""maxUnits"": 25000, ""minUnits"": 1, ""style"": 4, ""variables"": {}}]"
Set 9,9,base,TFTSet9,13.18,Set9_BandleCity,Yordle,3|5,"Your units gain @BonusAttackSpeed*100@% Attack Speed per star level.If you have three 3-star champions, your Yordles can become 4-star, which gives their Ability a wacky upgrade!(@MinUnits@) Your strongest 3-star Yordle(@MinUnits@) Two 3-star YordlesTies for most items are broken by the Yordle fielded most recently.","Your units gain @BonusAttackSpeed*100@% Attack Speed per star level.<br><br>If you have three 3-star champions, your Yordles can become 4-star, which gives their Ability a wacky upgrade!<br><br><row>(@MinUnits@) Your strongest 3-star Yordle</row><br><row>(@MinUnits@) Two 3-star Yordles</row><br><br><rules>Ties for most items are broken by the Yordle fielded most recently.</rules>","[{""maxUnits"": 4, ""minUnits"": 3, ""style"": 1, ""variables"": {""BonusAttackSpeed"": 0.10000000149011612, ""DodgeChance"": 100.0, ""DodgeDuration"": 2.0, ""ManaReduction"": 15.0, ""{25ec78e1}"": 1.0, ""{c235f1f1}"": 0.5, ""{eae1472b}"": 1.0}}, {""maxUnits"": 25000, ""minUnits"": 5, ""style"": 4, ""variables"": {""BonusAttackSpeed"": 0.10000000149011612, ""DodgeChance"": 100.0, ""DodgeDuration"": 2.0, ""ManaReduction"": 15.0, ""{25ec78e1}"": 2.0, ""{c235f1f1}"": 0.5, ""{eae1472b}"": 2.0}}]"
Set 9,9,base,TFTSet9,13.18,Set9_Zaun,Zaun,2|4|6,"Zaun champions create random chem-mods that only they can use. Champions can be modded once, and mods can be removed by benching or selling the champion.(@MinUnits@) Gain 1 chem-mod(@MinUnits@) Gain 2 chem-mods and Overcharge them(@MinUnits@) Gain 5 chem-mods and Overcharge them","Zaun champions create random chem-mods that only they can use. Champions can be modded once, and mods can be removed by benching or selling the champion.<br><br><row>(@MinUnits@) Gain 1 chem-mod</row><br><row>(@MinUnits@) Gain 2 chem-mods and Overcharge them</row><br><row>(@MinUnits@) Gain 5 chem-mods and Overcharge them</row><br>","[{""maxUnits"": 3, ""minUnits"": 2, ""style"": 1, ""variables"": {""{05b87026}"": 1.0, ""{dbf68e4f}"": null}}, {""maxUnits"": 5, ""minUnits"": 4, ""style"": 4, ""variables"": {""{05b87026}"": 2.0, ""{dbf68e4f}"": 1.0}}, {""maxUnits"": 25000, ""minUnits"": 6, ""style"": 4, ""variables"": {""{05b87026}"": 5.0, ""{dbf68e4f}"": 1.0}}]"
Set 9.5,9,mid,TFTSet9_Stage2,13.23,Set9_Bastion,Bastion,2|4|6|8,"Bastion champions gain Armor and Magic Resist. This is increased by @BonusPercent*100@% for the first @Duration@ seconds of combat.
(2) +20 (scaleArmor), +20 (scaleMR)
(4) +45 (scaleArmor), +45 (scaleMR)
(6) +75 (scaleArmor), +75 (scaleMR)
(8) +140 (scaleArmor), +140 (scaleMR)","Bastion champions gain Armor and Magic Resist. This is increased by @BonusPercent*100@% for the first @Duration@ seconds of combat.<br><br><expandRow>(@MinUnits@) +@BonusArmor@ %i:scaleArmor%, +@BonusArmor@ %i:scaleMR%</expandRow>","[{""maxUnits"": 3, ""minUnits"": 2, ""style"": 1, ""variables"": {""BonusArmor"": 20.0, ""BonusMR"": 20.0, ""BonusPercent"": 1.0, ""Duration"": 10.0, ""StatMultiplier"": 2.0}}, {""maxUnits"": 5, ""minUnits"": 4, ""style"": 3, ""variables"": {""BonusArmor"": 45.0, ""BonusMR"": 45.0, ""BonusPercent"": 1.0, ""Duration"": 10.0, ""StatMultiplier"": 2.0}}, {""maxUnits"": 7, ""minUnits"": 6, ""style"": 4, ""variables"": {""BonusArmor"": 75.0, ""BonusMR"": 75.0, ""BonusPercent"": 1.0, ""Duration"": 10.0, ""StatMultiplier"": 2.0}}, {""maxUnits"": 25000, ""minUnits"": 8, ""style"": 4, ""variables"": {""BonusArmor"": 140.0, ""BonusMR"": 140.0, ""BonusPercent"": 1.0, ""Duration"": 10.0, ""StatMultiplier"": 2.0}}]"
Set 9.5,9,mid,TFTSet9_Stage2,13.23,Set9b_Bilgewater,Bilgewater,3|5|7|9,"Bilgerat attacks and Abilities mark enemies. The mark stores a percentage of damage dealt to the enemy by Bilgerats.Marked enemies are struck by a cannonball after @BarrageInterval@ seconds, dealing the stored damage plus a flat value as physical damage.(@MinUnits@) @Damage@ + @DamagePercent@% damage dealt(@MinUnits@) @Damage@ + @DamagePercent@% damage dealt(@MinUnits@) @Damage@ + @DamagePercent@% damage dealt(@MinUnits@) @Damage@ + @DamagePercent@% damage dealt; nearby enemies take @SplashPercent@% of cannonball damage","Bilgerat attacks and Abilities mark enemies. The mark stores a percentage of damage dealt to the enemy by Bilgerats.<br><br>Marked enemies are struck by a cannonball after @BarrageInterval@ seconds, dealing the stored damage plus a flat value as <physicalDamage>physical damage</physicalDamage>.<br><br><row>(@MinUnits@) <physicalDamage>@Damage@</physicalDamage> + @DamagePercent@% damage dealt</row><br><row>(@MinUnits@) <physicalDamage>@Damage@</physicalDamage> + @DamagePercent@% damage dealt</row><br><row>(@MinUnits@) <physicalDamage>@Damage@</physicalDamage> + @DamagePercent@% damage dealt</row><br><row>(@MinUnits@) <physicalDamage>@Damage@</physicalDamage> + @DamagePercent@% damage dealt; nearby enemies take @SplashPercent@% of cannonball damage</row>","[{""maxUnits"": 4, ""minUnits"": 3, ""style"": 1, ""variables"": {""BarrageInterval"": 1.5, ""Damage"": 100.0, ""DamagePercent"": 40.0, ""SplashPercent"": null, ""{2aeb6df5}"": 1.0}}, {""maxUnits"": 6, ""minUnits"": 5, ""style"": 3, ""variables"": {""BarrageInterval"": 1.5, ""Damage"": 170.0, ""DamagePercent"": 60.0, ""SplashPercent"": null, ""{2aeb6df5}"": 2.0}}, {""maxUnits"": 8, ""minUnits"": 7, ""style"": 4, ""variables"": {""BarrageInterval"": 1.5, ""Damage"": 325.0, ""DamagePercent"": 70.0, ""SplashPercent"": null, ""{2aeb6df5}"": 3.0}}, {""maxUnits"": 25000, ""minUnits"": 9, ""style"": 5, ""variables"": {""BarrageInterval"": 1.5, ""Damage"": 999.0, ""DamagePercent"": 135.0, ""SplashPercent"": 50.0, ""{2aeb6df5}"": 4.0}}]"
Set 9.5,9,mid,TFTSet9_Stage2,13.23,Set9_Bruiser,Bruiser,2|3|4|6,"Your units gain @TeamFlatHealth@ Health. Bruisers gain additional maximum Health.
(2) +10% max (scaleHealth)
(3) +12% max (scaleHealth)
(4) +45% max (scaleHealth)
(6) +80% max (scaleHealth)",Your units gain @TeamFlatHealth@ Health. Bruisers gain additional maximum Health.<br><br><expandRow>(@MinUnits@) +@BonusPercentHealth*100@% max %i:scaleHealth%</expandRow>,"[{""maxUnits"": 2, ""minUnits"": 2, ""style"": 1, ""variables"": {""BonusPercentHealth"": 0.10000000149011612, ""TeamFlatHealth"": 100.0}}, {""maxUnits"": 3, ""minUnits"": 3, ""style"": 3, ""variables"": {""BonusPercentHealth"": 0.11999999731779099, ""TeamFlatHealth"": 100.0}}, {""maxUnits"": 5, ""minUnits"": 4, ""style"": 3, ""variables"": {""BonusPercentHealth"": 0.44999998807907104, ""TeamFlatHealth"": 100.0}}, {""maxUnits"": 25000, ""minUnits"": 6, ""style"": 4, ""variables"": {""BonusPercentHealth"": 0.800000011920929, ""TeamFlatHealth"": 100.0}}]"
Set 9.5,9,mid,TFTSet9_Stage2,13.23,Set9_Challenger,Challenger,2|4|6|8,"Challengers gain bonus Attack Speed. When their target dies, Challengers dash to a new target and increase their Attack Speed bonus by @IncreasePct*100@% for @BurstDuration@ seconds.
(2) 30% (scaleAS)
(4) 65% (scaleAS)
(6) 105% (scaleAS)
(8) 150% (scaleAS)","Challengers gain bonus Attack Speed. When their target dies, Challengers dash to a new target and increase their Attack Speed bonus by @IncreasePct*100@% for @BurstDuration@ seconds.<br><br><expandRow>(@MinUnits@) @BonusAS@% %i:scaleAS%</expandRow>","[{""maxUnits"": 3, ""minUnits"": 2, ""style"": 1, ""variables"": {""BonusAS"": 30.0, ""BurstDuration"": 2.5, ""IncreasePct"": 0.5}}, {""maxUnits"": 5, ""minUnits"": 4, ""style"": 3, ""variables"": {""BonusAS"": 65.0, ""BurstDuration"": 2.5, ""IncreasePct"": 0.5}}, {""maxUnits"": 7, ""minUnits"": 6, ""style"": 4, ""variables"": {""BonusAS"": 105.0, ""BurstDuration"": 2.5, ""IncreasePct"": 0.5}}, {""maxUnits"": 25000, ""minUnits"": 8, ""style"": 4, ""variables"": {""BonusAS"": 150.0, ""BurstDuration"": 2.5, ""IncreasePct"": 0.5}}]"
Set 9.5,9,mid,TFTSet9_Stage2,13.23,Set9b_Darkin,Darkin,1|2,"(@MinUnits@) Darkin are possessed by a weapon. When they die, the weapon possesses the nearest ally champion, granting them the weapon's power.(@MinUnits@) Weapon powers become @WeaponEffectBonus*100@% strongerWeapon powers are described in each Darkin's Ability tooltip.","<row>(@MinUnits@) Darkin are possessed by a weapon. When they die, the weapon possesses the nearest ally champion, granting them the weapon's power.</row><br><row>(@MinUnits@) Weapon powers become @WeaponEffectBonus*100@% stronger</row><br><br><rules>Weapon powers are described in each Darkin's Ability tooltip.</rules>","[{""maxUnits"": 1, ""minUnits"": 1, ""style"": 1, ""variables"": {""WeaponEffectBonus"": null, ""{86ee85af}"": 1.0}}, {""maxUnits"": 25000, ""minUnits"": 2, ""style"": 4, ""variables"": {""WeaponEffectBonus"": 0.5, ""{86ee85af}"": 1.0}}]"
Set 9.5,9,mid,TFTSet9_Stage2,13.23,Set9_Deadeye,Deadeye,2|4|6,"Innate: +@BonusRange@ RangeEvery @ShotFrequency@ seconds, Deadeyes attack the enemy with the highest percent Health and deal bonus damage.
(2) +20% damage
(4) +65% damage
(6) +150% damage","<spellPassive>Innate:</spellPassive> +@BonusRange@ Range<br><br>Every @ShotFrequency@ seconds, Deadeyes attack the enemy with the highest percent Health and deal bonus damage.<br><br><expandRow>(@MinUnits@) +@DamageAmp*100@% damage</expandRow>","[{""maxUnits"": 3, ""minUnits"": 2, ""style"": 1, ""variables"": {""BonusRange"": 1.0, ""DamageAmp"": 0.20000000298023224, ""ShotFrequency"": 3.0}}, {""maxUnits"": 5, ""minUnits"": 4, ""style"": 4, ""variables"": {""BonusRange"": 1.0, ""DamageAmp"": 0.6499999761581421, ""ShotFrequency"": 3.0}}, {""maxUnits"": 25000, ""minUnits"": 6, ""style"": 5, ""variables"": {""BonusRange"": 1.0, ""DamageAmp"": 1.5, ""ShotFrequency"": 3.0}}]"
Set 9.5,9,mid,TFTSet9_Stage2,13.23,Set9_Demacia,Demacia,3|5|7|9,"Your strongest Demacians become Elite and equip a Radiant item each combat. Elites grant Armor and Magic Resist to themselves and adjacent allies, but this does not stack.(@MinUnits@) @NumElites@ Elite, +@BonusDefenses@ (scaleArmor), +@BonusDefenses@ (scaleMR)(@MinUnits@) @NumElites@ Elites, +@BonusDefenses@ (scaleArmor), +@BonusDefenses@ (scaleMR)(@MinUnits@) @NumElites@ Elites, +@BonusDefenses@ (scaleArmor), +@BonusDefenses@ (scaleMR)(@MinUnits@) @NumElites@ Elites, +@BonusDefenses@ (scaleArmor), +@BonusDefenses@ (scaleMR)Radiant items are stronger versions of full items.","Your strongest Demacians become Elite and equip a Radiant item each combat. Elites grant Armor and Magic Resist to themselves and adjacent allies, but this does not stack.<br><br><row>(@MinUnits@) @NumElites@ Elite, +@BonusDefenses@ %i:scaleArmor%, +@BonusDefenses@ %i:scaleMR%</row><br><row>(@MinUnits@) @NumElites@ Elites, +@BonusDefenses@ %i:scaleArmor%, +@BonusDefenses@ %i:scaleMR%</row><br><row>(@MinUnits@) @NumElites@ Elites, +@BonusDefenses@ %i:scaleArmor%, +@BonusDefenses@ %i:scaleMR%</row><br><row>(@MinUnits@) @NumElites@ Elites, +@BonusDefenses@ %i:scaleArmor%, +@BonusDefenses@ %i:scaleMR%</row><br><br><rules>Radiant items are stronger versions of full items.</rules>","[{""maxUnits"": 4, ""minUnits"": 3, ""style"": 1, ""variables"": {""BonusDefenses"": 5.0, ""NumElites"": 1.0}}, {""maxUnits"": 6, ""minUnits"": 5, ""style"": 3, ""variables"": {""BonusDefenses"": 25.0, ""NumElites"": 2.0}}, {""maxUnits"": 8, ""minUnits"": 7, ""style"": 4, ""variables"": {""BonusDefenses"": 45.0, ""NumElites"": 3.0}}, {""maxUnits"": 25000, ""minUnits"": 9, ""style"": 5, ""variables"": {""BonusDefenses"": 150.0, ""NumElites"": 6.0}}]"
Set 9.5,9,mid,TFTSet9_Stage2,13.23,Set9_Empress,Empress,1,"When Bel'Veth kills an enemy, they leave behind Void Coral that she will consume. The first Coral increases her maximum Health by @PercentBonusMaxHealth*100@%, while further Coral heals her @PercentHealthHeal*100@% maximum Health.When a Void Coral is consumed, she deals @PercentHealthMagicDamage*100@% maximum Health as magic damage to enemies within @HexRange@ hexes.","When Bel'Veth kills an enemy, they leave behind Void Coral that she will consume. The first Coral increases her maximum Health by @PercentBonusMaxHealth*100@%, while further Coral heals her @PercentHealthHeal*100@% maximum Health.<br><br>When a Void Coral is consumed, she deals @PercentHealthMagicDamage*100@% maximum Health as magic damage to enemies within @HexRange@ hexes.","[{""maxUnits"": 25000, ""minUnits"": 1, ""style"": 4, ""variables"": {""HexRange"": 2.0, ""PercentBonusMaxHealth"": 0.5, ""PercentHealthHeal"": 0.20000000298023224, ""PercentHealthMagicDamage"": 0.10000000149011612}}]"
Set 9.5,9,mid,TFTSet9_Stage2,13.23,Set9_Freljord,Freljord,2|3,"After @DelayTime@ seconds, an ice storm strikes the battlefield. Enemies take a percentage of their max Health as true damage and gain debuffs.(@MinUnits@) @PercentHealthDamage@% (scaleHealth), enemies are @ShredSunder@% Sundered and Shredded for @Duration@ seconds(@MinUnits@) @PercentHealthDamage@% (scaleHealth), enemies are also Stunned for @StunDuration@ secondsSunder: Reduce ArmorShred: Reduce Magic Resist","After @DelayTime@ seconds, an ice storm strikes the battlefield. Enemies take a percentage of their max Health as true damage and gain debuffs.<br><br><row>(@MinUnits@) @PercentHealthDamage@% %i:scaleHealth%, enemies are @ShredSunder@% <TFTKeyword>Sundered</TFTKeyword> and <TFTKeyword>Shredded</TFTKeyword></row> for @Duration@ seconds<br><row>(@MinUnits@) @PercentHealthDamage@% %i:scaleHealth%, enemies are also <TFTKeyword>Stunned</TFTKeyword> for @StunDuration@ seconds</row><br><br><rules><tftbold>Sunder</tftbold>: Reduce Armor<br><tftbold>Shred</tftbold>: Reduce Magic Resist</rules>","[{""maxUnits"": 2, ""minUnits"": 2, ""style"": 1, ""variables"": {""DelayTime"": 8.0, ""Duration"": 10.0, ""PercentHealthDamage"": 10.0, ""ShredSunder"": 30.0, ""{81ce23cf}"": 1.0}}, {""maxUnits"": 25000, ""minUnits"": 3, ""style"": 4, ""variables"": {""DelayTime"": 8.0, ""Duration"": 10.0, ""PercentHealthDamage"": 18.0, ""StunDuration"": 1.5, ""{81ce23cf}"": 2.0}}]"
Set 9.5,9,mid,TFTSet9_Stage2,13.23,Set9_Marksman,Gunner,2|4|6,"When Gunner champions attack, they gain bonus Attack Damage, up to @MaxStacks@ stacks.
(2) 7% (scaleAD) per stack
(4) 13% (scaleAD) per stack
(6) 25% (scaleAD) per stack","When Gunner champions attack, they gain bonus Attack Damage, up to @MaxStacks@ stacks.<br><br><expandRow>(@MinUnits@) @PercentAD@% %i:scaleAD% per stack</expandRow>","[{""maxUnits"": 3, ""minUnits"": 2, ""style"": 1, ""variables"": {""MaxStacks"": 8.0, ""PercentAD"": 7.0}}, {""maxUnits"": 5, ""minUnits"": 4, ""style"": 4, ""variables"": {""MaxStacks"": 8.0, ""PercentAD"": 13.0}}, {""maxUnits"": 25000, ""minUnits"": 6, ""style"": 4, ""variables"": {""MaxStacks"": 8.0, ""PercentAD"": 25.0}}]"
Set 9.5,9,mid,TFTSet9_Stage2,13.23,Set9_Preserver,Invoker,2|4|6|8,"Every @TickRate@ seconds, your units gain Mana.(@MinUnits@) @TeamMana@ (scaleMana) to all(@MinUnits@) Additional @SelfBonusMana@ to Invokers(@MinUnits@) @TeamMana@ (scaleMana) to all, additional @SelfBonusMana@ to Invokers(@MinUnits@) @TeamMana@ (scaleMana) to all, and start with an additional @TeamAP@ Ability Power","Every @TickRate@ seconds, your units gain Mana.<br><br><row>(@MinUnits@) @TeamMana@ %i:scaleMana% to all</row><br><row>(@MinUnits@) Additional @SelfBonusMana@ to Invokers</row><br><row>(@MinUnits@) @TeamMana@ %i:scaleMana% to all, additional @SelfBonusMana@ to Invokers</row><br><row>(@MinUnits@) @TeamMana@ %i:scaleMana% to all, and start with an additional @TeamAP@ Ability Power</row><br>","[{""maxUnits"": 3, ""minUnits"": 2, ""style"": 1, ""variables"": {""SelfBonusMana"": null, ""TeamAP"": null, ""TeamMana"": 5.0, ""TickRate"": 3.0}}, {""maxUnits"": 5, ""minUnits"": 4, ""style"": 3, ""variables"": {""SelfBonusMana"": 15.0, ""TeamAP"": null, ""TeamMana"": 5.0, ""TickRate"": 3.0}}, {""maxUnits"": 7, ""minUnits"": 6, ""style"": 4, ""variables"": {""SelfBonusMana"": 15.0, ""TeamAP"": null, ""TeamMana"": 20.0, ""TickRate"": 3.0}}, {""maxUnits"": 25000, ""minUnits"": 8, ""style"": 4, ""variables"": {""SelfBonusMana"": null, ""TeamAP"": 30.0, ""TeamMana"": 40.0, ""TickRate"": 3.0}}]"
Set 9.5,9,mid,TFTSet9_Stage2,13.23,Set9_Ionia,Ionia,3|6|9,"Each Ionian has a unique bonus within their Ability. Every @SpiritDuration@ seconds, a number of Ionians are enlightened to their spirit form, gaining @Mana@ mana and doubling stat bonuses for @SpiritDuration@ seconds.
(3) 100% Ionian bonus, 1 enlightened
(6) 200% Ionian bonus, 2 enlightened
(9) 425% Ionian bonus, 4 enlightened","Each Ionian has a unique bonus within their Ability. <br><br>Every @SpiritDuration@ seconds, a number of Ionians are enlightened to their spirit form, gaining @Mana@ mana and doubling stat bonuses for @SpiritDuration@ seconds.<br><br><expandRow>(@MinUnits@) @TooltipBonus*100@% Ionian bonus, @NumberOfSpirits@ enlightened</expandRow>","[{""maxUnits"": 5, ""minUnits"": 3, ""style"": 1, ""variables"": {""EmblemBonus"": 25.0, ""Mana"": 20.0, ""NumberOfSpirits"": 1.0, ""SpiritDuration"": 4.0, ""TooltipBonus"": 1.0, ""{18bfc1ac}"": 8.0, ""{1b8cd16a}"": 25.0, ""{27b17444}"": 25.0, ""{3fc62f6f}"": 2.0, ""{4df03474}"": 180.0, ""{53912082}"": 1.0, ""{7d34708f}"": 5.0, ""{b9a6ee1b}"": 15.0, ""{eb0c521b}"": 15.0, ""{ed124bdb}"": 25.0, ""{f6b4b588}"": 3.0}}, {""maxUnits"": 8, ""minUnits"": 6, ""style"": 4, ""variables"": {""EmblemBonus"": 50.0, ""Mana"": 20.0, ""NumberOfSpirits"": 2.0, ""SpiritDuration"": 4.0, ""TooltipBonus"": 2.0, ""{18bfc1ac}"": 16.0, ""{1b8cd16a}"": 50.0, ""{27b17444}"": 50.0, ""{3fc62f6f}"": 2.0, ""{4df03474}"": 360.0, ""{53912082}"": 1.0, ""{7d34708f}"": 10.0, ""{b9a6ee1b}"": 30.0, ""{eb0c521b}"": 30.0, ""{ed124bdb}"": 50.0, ""{f6b4b588}"": 6.0}}, {""maxUnits"": 25000, ""minUnits"": 9, ""style"": 5, ""variables"": {""EmblemBonus"": 106.25, ""Mana"": 20.0, ""NumberOfSpirits"": 4.0, ""SpiritDuration"": 4.0, ""TooltipBonus"": 4.25, ""{18bfc1ac}"": 38.25, ""{1b8cd16a}"": 106.25, ""{27b17444}"": 106.25, ""{3fc62f6f}"": 2.0, ""{4df03474}"": 765.0, ""{53912082}"": 1.0, ""{7d34708f}"": 21.25, ""{b9a6ee1b}"": 63.75, ""{eb0c521b}"": 63.75, ""{ed124bdb}"": 106.25, ""{f6b4b588}"": 12.75}}]"
Set 9.5,9,mid,TFTSet9_Stage2,13.23,Set9_Ixtal,Ixtal,2|3|4,"Gain elemental hexes, which give a different bonus from game to game.","Gain elemental hexes, which give a different bonus from game to game.","[{""maxUnits"": 2, ""minUnits"": 2, ""style"": 1, ""variables"": {""ElectricCapstoneAmp"": 0.25, ""ElectricStunDuration"": 3.0, ""FireBurnPercent"": 1.0, ""FireCapstoneBurnPercent"": 2.0, ""FireCapstoneDamagePercent"": 1.7000000476837158, ""FireDamagePercent"": 1.0, ""FireDuration"": 5.0, ""IceBlockDuration"": 2.0, ""IceCapstoneHealthPercentDamage"": 0.3499999940395355, ""IceHealPercent"": 0.30000001192092896, ""IceHealthThreshold"": 30.0, ""NumberOfHexes"": 1.0, ""StoneBuffDuration"": 10.0, ""StoneCapstoneHeal"": 900.0, ""StoneDamageReduction"": 0.20000000298023224, ""WindAS"": 0.5, ""WindBuffDuration"": 5.0, ""WindCapstoneAS"": 1.0, ""WindCapstoneBuffDuration"": 10.0, ""WoodBonusHealth"": 40.0, ""WoodBonusHealthHR"": 40.0, ""WoodCapstoneStatGrowth"": 10.0, ""WoodCapstoneTicRate"": 2.0, ""WoodPercentHealth"": 0.10000000149011612, ""{dd25bb1b}"": 2.0}}, {""maxUnits"": 3, ""minUnits"": 3, ""style"": 4, ""variables"": {""ElectricCapstoneAmp"": 0.25, ""ElectricStunDuration"": 2.0, ""FireBurnPercent"": 1.0, ""FireCapstoneBurnPercent"": 2.0, ""FireCapstoneDamagePercent"": 1.7000000476837158, ""FireDamagePercent"": 1.0, ""FireDuration"": 5.0, ""IceBlockDuration"": 2.0, ""IceCapstoneHealthPercentDamage"": 0.3499999940395355, ""IceHealPercent"": 0.30000001192092896, ""IceHealthThreshold"": 30.0, ""NumberOfHexes"": 2.0, ""StoneBuffDuration"": 8.0, ""StoneCapstoneHeal"": 900.0, ""StoneDamageReduction"": 0.20000000298023224, ""WindAS"": 0.4000000059604645, ""WindBuffDuration"": 5.0, ""WindCapstoneAS"": 1.0, ""WindCapstoneBuffDuration"": 10.0, ""WoodBonusHealth"": 40.0, ""WoodBonusHealthHR"": 40.0, ""WoodCapstoneStatGrowth"": 10.0, ""WoodCapstoneTicRate"": 2.0, ""WoodPercentHealth"": 0.10000000149011612, ""{dd25bb1b}"": 2.0}}, {""maxUnits"": 25000, ""minUnits"": 4, ""style"": 4, ""variables"": {""ElectricCapstoneAmp"": 0.25, ""ElectricStunDuration"": 2.0, ""FireBurnPercent"": 1.0, ""FireCapstoneBurnPercent"": 2.0, ""FireCapstoneDamagePercent"": 1.7000000476837158, ""FireDamagePercent"": 1.0, ""FireDuration"": 5.0, ""IceBlockDuration"": 2.0, ""IceCapstoneHealthPercentDamage"": 0.3499999940395355, ""IceHealPercent"": 0.30000001192092896, ""IceHealthThreshold"": 30.0, ""NumberOfHexes"": 2.0, ""StoneBuffDuration"": 8.0, ""StoneCapstoneHeal"": 900.0, ""StoneDamageReduction"": 0.20000000298023224, ""WindAS"": 0.4000000059604645, ""WindBuffDuration"": 5.0, ""WindCapstoneAS"": 1.0, ""WindCapstoneBuffDuration"": 10.0, ""WoodBonusHealth"": 40.0, ""WoodBonusHealthHR"": 40.0, ""WoodCapstoneStatGrowth"": 10.0, ""WoodCapstoneTicRate"": 2.0, ""WoodPercentHealth"": 0.10000000149011612, ""{dd25bb1b}"": 2.0}}]"
Set 9.5,9,mid,TFTSet9_Stage2,13.23,Set9_Armorclad,Juggernaut,2|4|6,"Juggernaut champions take less damage as their Health decreases.
(2) 15% to 25% damage reduction
(4) 20% to 35% damage reduction
(6) 35% to 50% damage reduction",Juggernaut champions take less damage as their Health decreases.<br><br><expandRow>(@MinUnits@) @MinDR*100@% to @MaxDR*100@% damage reduction</expandRow>,"[{""maxUnits"": 3, ""minUnits"": 2, ""style"": 1, ""variables"": {""Duration"": 7.0, ""MaxDR"": 0.25, ""MinDR"": 0.15000000596046448}}, {""maxUnits"": 5, ""minUnits"": 4, ""style"": 3, ""variables"": {""Duration"": 7.0, ""MaxDR"": 0.3499999940395355, ""MinDR"": 0.20000000298023224}}, {""maxUnits"": 25000, ""minUnits"": 6, ""style"": 4, ""variables"": {""Duration"": 7.0, ""MaxDR"": 0.5, ""MinDR"": 0.3499999940395355}}]"
Set 9.5,9,mid,TFTSet9_Stage2,13.23,Set9_Multicaster,Multicaster,2|3|4,Multicasters cast their Ability 1 additional time. Bonus casts have reduced effectiveness.(@MinUnits@) @DamageReduction*100@% reduction(@MinUnits@) @DamageReduction*100@% reduction(@MinUnits@) @DamageReduction*100@% reduction. Attacks grant @ManaPerAuto@ bonus Mana.,Multicasters cast their Ability 1 additional time. Bonus casts have reduced effectiveness.<br><br><row>(@MinUnits@) @DamageReduction*100@% reduction</row><br><row>(@MinUnits@) @DamageReduction*100@% reduction</row><br><row>(@MinUnits@) @DamageReduction*100@% reduction. Attacks grant @ManaPerAuto@ bonus Mana.</row>,"[{""maxUnits"": 2, ""minUnits"": 2, ""style"": 1, ""variables"": {""BonusCasts"": 1.0, ""DamageReduction"": 0.550000011920929, ""ManaPerAuto"": null}}, {""maxUnits"": 3, ""minUnits"": 3, ""style"": 3, ""variables"": {""BonusCasts"": 1.0, ""DamageReduction"": 0.3499999940395355, ""ManaPerAuto"": null}}, {""maxUnits"": 25000, ""minUnits"": 4, ""style"": 4, ""variables"": {""BonusCasts"": 1.0, ""DamageReduction"": 0.3499999940395355, ""ManaPerAuto"": 5.0}}]"
Set 9.5,9,mid,TFTSet9_Stage2,13.23,Set9_Noxus,Noxus,3|5|7|9,"Noxus champions gain Health, Ability Power and Attack Damage. This is increased by @BonusRatio*100@% for each different opponent that either you have conquered in combat or is dead.
(3) 160 (scaleHealth), 16 (scaleAP), 16% (scaleAD)
(5) 300 (scaleHealth), 30 (scaleAP), 30% (scaleAD)
(7) 420 (scaleHealth), 42 (scaleAP), 42% (scaleAD)
(9) 750 (scaleHealth), 75 (scaleAP), 75% (scaleAD)Conquered bonus: @TFTUnitProperty.trait:TFT9_Trait_ConquerorBonus@% / @BonusRatio*700@%","Noxus champions gain Health, Ability Power and Attack Damage. This is increased by @BonusRatio*100@% for each different opponent that either you have conquered in combat or is dead.<br><br><expandRow>(@MinUnits@) @Health@ %i:scaleHealth%, @AP@ %i:scaleAP%, @AD@% %i:scaleAD%</expandRow><br><br><TFTTrackerLabel>Conquered bonus: @TFTUnitProperty.trait:TFT9_Trait_ConquerorBonus@% / @BonusRatio*700@%</TFTTrackerLabel>","[{""maxUnits"": 4, ""minUnits"": 3, ""style"": 1, ""variables"": {""AD"": 16.0, ""AP"": 16.0, ""BonusRatio"": 0.05000000074505806, ""Health"": 160.0}}, {""maxUnits"": 6, ""minUnits"": 5, ""style"": 3, ""variables"": {""AD"": 30.0, ""AP"": 30.0, ""BonusRatio"": 0.05000000074505806, ""Health"": 300.0}}, {""maxUnits"": 8, ""minUnits"": 7, ""style"": 4, ""variables"": {""AD"": 42.0, ""AP"": 42.0, ""BonusRatio"": 0.05000000074505806, ""Health"": 420.0}}, {""maxUnits"": 25000, ""minUnits"": 9, ""style"": 5, ""variables"": {""AD"": 75.0, ""AP"": 75.0, ""BonusRatio"": 0.05000000074505806, ""Health"": 750.0}}]"
Set 9.5,9,mid,TFTSet9_Stage2,13.23,Set9_Piltover,Piltover,3|6,"Gain the T-Hex. Every time you lose a player combat, the T-Hex gains Charges. Winning converts the Charges to Power for the T-Hex and grants you loot based on the number of Charges converted.(@MinUnits@) Gain the T-Hex.(@MinUnits@) Gain bonus loot every round. Each loss counts as 2 losses instead.","Gain the T-Hex. Every time you lose a player combat, the T-Hex gains Charges. Winning converts the Charges to Power for the T-Hex and grants you loot based on the number of Charges converted.<br><br><row>(@MinUnits@) Gain the T-Hex.</row><br><row>(@MinUnits@) Gain bonus loot every round. Each loss counts as 2 losses instead.</row>","[{""maxUnits"": 5, ""minUnits"": 3, ""style"": 4, ""variables"": {""{7714a401}"": null, ""{af532c9d}"": 1.0}}, {""maxUnits"": 25000, ""minUnits"": 6, ""style"": 5, ""variables"": {""{7714a401}"": 1.0, ""{af532c9d}"": 1.0}}]"
Set 9.5,9,mid,TFTSet9_Stage2,13.23,Set9_ReaverKing,Reaver King,1,Gangplank uses his cutlass passive when placed in the front 2 rows and his pistol passive when placed in the back 2 rows.,Gangplank uses his cutlass passive when placed in the front 2 rows and his pistol passive when placed in the back 2 rows.<br>,"[{""maxUnits"": 1, ""minUnits"": 1, ""style"": 4, ""variables"": {}}]"
Set 9.5,9,mid,TFTSet9_Stage2,13.23,Set9_Redeemer,Redeemer,1,"Whenever an ally gains a Shield, Senna grants them @AttackSpeed*100@% stacking Attack Speed for the rest of combat.","Whenever an ally gains a Shield, Senna grants them @AttackSpeed*100@% stacking Attack Speed for the rest of combat.","[{""maxUnits"": 25000, ""minUnits"": 1, ""style"": 4, ""variables"": {""AttackSpeed"": 0.05999999865889549}}]"
Set 9.5,9,mid,TFTSet9_Stage2,13.23,Set9_Rogue,Rogue,2|4,"(@MinUnits@) When a Rogue falls below @HealthThreshold*100@% Health, they briefly become untargetable and dash to an enemy within @HexRange@ hexes (preferring enemy backline).(@MinUnits@) And a Rogue's damage bleeds their target for @BleedPct*100@% bonus magic damage over @BleedDuration@ seconds.","<row>(@MinUnits@) When a Rogue falls below @HealthThreshold*100@% Health, they briefly become untargetable and dash to an enemy within @HexRange@ hexes (preferring enemy backline).</row><br><row>(@MinUnits@) And a Rogue's damage bleeds their target for @BleedPct*100@% bonus magic damage over @BleedDuration@ seconds.</row>","[{""maxUnits"": 3, ""minUnits"": 2, ""style"": 1, ""variables"": {""BleedDuration"": null, ""BleedPct"": null, ""DamageReduction"": 100.0, ""HealthThreshold"": 0.3499999940395355, ""HexRange"": 4.0, ""StealthDuration"": 1.5}}, {""maxUnits"": 25000, ""minUnits"": 4, ""style"": 4, ""variables"": {""BleedDuration"": 2.5, ""BleedPct"": 0.550000011920929, ""DamageReduction"": 100.0, ""HealthThreshold"": 0.5, ""HexRange"": 4.0, ""StealthDuration"": 1.5}}]"
Set 9.5,9,mid,TFTSet9_Stage2,13.23,Set9_ShadowIsles,Shadow Isles,2|4|6,"After dealing or receiving damage @DamageInstances@ times, Shadow Isles champions gain a Shield for @Duration@ seconds and become Spectral for the rest of combat. Spectral champions gain Mana every second.
(2) 45% (scaleHealth) Shield, 6 (scaleMana)
(4) 80% (scaleHealth) Shield, 12 (scaleMana)
(6) 115% (scaleHealth) Shield, 18 (scaleMana)","After dealing or receiving damage @DamageInstances@ times, Shadow Isles champions gain a Shield for @Duration@ seconds and become Spectral for the rest of combat. Spectral champions gain Mana every second.<br><br><expandRow>(@MinUnits@) @MaxHealthShield@% %i:scaleHealth% Shield, @ManaRegen@ %i:scaleMana%</expandRow>","[{""maxUnits"": 3, ""minUnits"": 2, ""style"": 1, ""variables"": {""DamageInstances"": 10.0, ""Duration"": 15.0, ""ManaRegen"": 6.0, ""MaxHealthShield"": 45.0, ""TickRate"": 1.0}}, {""maxUnits"": 5, ""minUnits"": 4, ""style"": 4, ""variables"": {""DamageInstances"": 10.0, ""Duration"": 15.0, ""ManaRegen"": 12.0, ""MaxHealthShield"": 80.0, ""TickRate"": 1.0}}, {""maxUnits"": 25000, ""minUnits"": 6, ""style"": 5, ""variables"": {""DamageInstances"": 10.0, ""Duration"": 15.0, ""ManaRegen"": 18.0, ""MaxHealthShield"": 115.0, ""TickRate"": 1.0}}]"
Set 9.5,9,mid,TFTSet9_Stage2,13.23,Set9_Shurima,Shurima,2|4|6|9,"Every @PulsePeriod@ seconds, Shurimans heal @HealthRegen*100@% maximum Health. After @SecondsToAscend@ seconds, select Shurimans Ascend and gain @BonusHealthPercent*100@% maximum Health and @BonusASPercent*100@% Attack Speed.(@MinUnits@) The strongest Shuriman Ascends(@MinUnits@) All Shurimans Ascend. +@AscensionStrengthBoost*100@% Ascension bonus(@MinUnits@) Instead, Ascend at combat start. +@AscensionStrengthBoost*100@% Ascension bonus(@MinUnits@) Ascend twice, at combat start and after @SecondsToAscend@ seconds. +@AscensionStrengthBoost*100@% Ascension bonus","Every @PulsePeriod@ seconds, Shurimans heal @HealthRegen*100@% maximum Health. After @SecondsToAscend@ seconds, select Shurimans Ascend and gain @BonusHealthPercent*100@% maximum Health and @BonusASPercent*100@% Attack Speed.<br><br><row>(@MinUnits@) The strongest Shuriman Ascends</row><br><row>(@MinUnits@) All Shurimans Ascend. +@AscensionStrengthBoost*100@% Ascension bonus</row><br><row>(@MinUnits@) Instead, Ascend at combat start. +@AscensionStrengthBoost*100@% Ascension bonus</row><br><row>(@MinUnits@) Ascend twice, at combat start and after @SecondsToAscend@ seconds. +@AscensionStrengthBoost*100@% Ascension bonus</row>","[{""maxUnits"": 3, ""minUnits"": 2, ""style"": 1, ""variables"": {""AscensionStrengthBoost"": null, ""BonusASPercent"": 0.30000001192092896, ""BonusHealthPercent"": 0.20000000298023224, ""HealthRegen"": 0.05000000074505806, ""PulsePeriod"": 4.0, ""SecondsToAscend"": 8.0, ""{e3dc0fc2}"": 2.0}}, {""maxUnits"": 5, ""minUnits"": 4, ""style"": 3, ""variables"": {""AscensionStrengthBoost"": 0.30000001192092896, ""BonusASPercent"": 0.30000001192092896, ""BonusHealthPercent"": 0.20000000298023224, ""HealthRegen"": 0.05000000074505806, ""PulsePeriod"": 4.0, ""SecondsToAscend"": 8.0, ""{e3dc0fc2}"": 2.0}}, {""maxUnits"": 8, ""minUnits"": 6, ""style"": 4, ""variables"": {""AscensionStrengthBoost"": 0.6000000238418579, ""BonusASPercent"": 0.30000001192092896, ""BonusHealthPercent"": 0.20000000298023224, ""HealthRegen"": 0.05000000074505806, ""PulsePeriod"": 4.0, ""SecondsToAscend"": 8.0, ""{e3dc0fc2}"": 2.0}}, {""maxUnits"": 25000, ""minUnits"": 9, ""style"": 5, ""variables"": {""AscensionStrengthBoost"": 1.1100000143051147, ""BonusASPercent"": 0.30000001192092896, ""BonusHealthPercent"": 0.20000000298023224, ""HealthRegen"": 0.05000000074505806, ""PulsePeriod"": 4.0, ""SecondsToAscend"": 8.0, ""{e3dc0fc2}"": 2.0}}]"
Set 9.5,9,mid,TFTSet9_Stage2,13.23,Set9_Slayer,Slayer,2|4|6,"Slayers gain @Omnivamp@% Omnivamp.Slayers deal bonus damage, doubled against units below @HealthThreshold*100@% Health.
(2) +6% bonus damage
(4) +20% bonus damage
(6) +40% bonus damage","Slayers gain @Omnivamp@% Omnivamp.<br><br>Slayers deal bonus damage, doubled against units below @HealthThreshold*100@% Health.<br><br><expandRow>(@MinUnits@) +@BonusDamageBase@% bonus damage</expandRow>","[{""maxUnits"": 3, ""minUnits"": 2, ""style"": 1, ""variables"": {""BonusDamageBase"": 6.0, ""HealthThreshold"": 0.6600000262260437, ""Omnivamp"": 12.0}}, {""maxUnits"": 5, ""minUnits"": 4, ""style"": 3, ""variables"": {""BonusDamageBase"": 20.0, ""HealthThreshold"": 0.6600000262260437, ""Omnivamp"": 12.0}}, {""maxUnits"": 25000, ""minUnits"": 6, ""style"": 4, ""variables"": {""BonusDamageBase"": 40.0, ""HealthThreshold"": 0.6600000262260437, ""Omnivamp"": 12.0}}]"
Set 9.5,9,mid,TFTSet9_Stage2,13.23,Set9_Sorcerer,Sorcerer,2|4|6|8,"Sorcerers gain bonus Ability Power.When an enemy dies after being damaged by a Sorcerer, they deal a percentage of that enemy's maximum Health to another enemy.(@MinUnits@) @BonusAP@ (scaleAP); @HealthPct*100@% max (scaleHealth)(@MinUnits@) @BonusAP@ (scaleAP); @HealthPct*100@% max (scaleHealth)(@MinUnits@) @BonusAP@ (scaleAP); @HealthPct*100@% max (scaleHealth) to @TargetNum@ enemies(@MinUnits@) @BonusAP@ (scaleAP); @HealthPct*100@% max (scaleHealth) to @TargetNum@ enemies","Sorcerers gain bonus Ability Power.<br><br>When an enemy dies after being damaged by a Sorcerer, they deal a percentage of that enemy's maximum Health to another enemy.<br><br><row>(@MinUnits@) @BonusAP@ %i:scaleAP%; @HealthPct*100@% max %i:scaleHealth%</row><br><row>(@MinUnits@) @BonusAP@ %i:scaleAP%; @HealthPct*100@% max %i:scaleHealth%</row><br><row>(@MinUnits@) @BonusAP@ %i:scaleAP%; @HealthPct*100@% max %i:scaleHealth% to @TargetNum@ enemies</row><br><row>(@MinUnits@) @BonusAP@ %i:scaleAP%; @HealthPct*100@% max %i:scaleHealth% to @TargetNum@ enemies</row>","[{""maxUnits"": 3, ""minUnits"": 2, ""style"": 1, ""variables"": {""BonusAP"": 25.0, ""HealthPct"": 0.07000000029802322, ""TargetNum"": 1.0, ""{a34f32df}"": 3.0}}, {""maxUnits"": 5, ""minUnits"": 4, ""style"": 3, ""variables"": {""BonusAP"": 50.0, ""HealthPct"": 0.10000000149011612, ""TargetNum"": 1.0, ""{a34f32df}"": 3.0}}, {""maxUnits"": 7, ""minUnits"": 6, ""style"": 4, ""variables"": {""BonusAP"": 90.0, ""HealthPct"": 0.11999999731779099, ""TargetNum"": 2.0, ""{a34f32df}"": 3.0}}, {""maxUnits"": 25000, ""minUnits"": 8, ""style"": 4, ""variables"": {""BonusAP"": 135.0, ""HealthPct"": 0.15000000596046448, ""TargetNum"": 2.0, ""{a34f32df}"": 3.0}}]"
Set 9.5,9,mid,TFTSet9_Stage2,13.23,Set9_Strategist,Strategist,2|3|4|5,"Combat start: Allies in the front 2 rows gain a Shield for @ShieldDuration@ seconds. Allies in the back 2 rows gain Ability Power.
(2) 250 Shield; 15 (scaleAP)
(3) 400 Shield; 25 (scaleAP)
(4) 600 Shield; 40 (scaleAP)
(5) 900 Shield; 60 (scaleAP)",<spellPassive>Combat start:</spellPassive> Allies in the front 2 rows gain a Shield for @ShieldDuration@ seconds. Allies in the back 2 rows gain Ability Power.<br><br><expandRow>(@MinUnits@) @ShieldHP@ Shield; @BonusAP@ %i:scaleAP%</expandRow><br>,"[{""maxUnits"": 2, ""minUnits"": 2, ""style"": 1, ""variables"": {""BonusAP"": 15.0, ""ShieldDuration"": 15.0, ""ShieldHP"": 250.0}}, {""maxUnits"": 3, ""minUnits"": 3, ""style"": 3, ""variables"": {""BonusAP"": 25.0, ""ShieldDuration"": 15.0, ""ShieldHP"": 400.0}}, {""maxUnits"": 4, ""minUnits"": 4, ""style"": 4, ""variables"": {""BonusAP"": 40.0, ""ShieldDuration"": 15.0, ""ShieldHP"": 600.0}}, {""maxUnits"": 25000, ""minUnits"": 5, ""style"": 4, ""variables"": {""BonusAP"": 60.0, ""ShieldDuration"": 15.0, ""ShieldHP"": 900.0}}]"
Set 9.5,9,mid,TFTSet9_Stage2,13.23,Set9_Targon,Targon,2|3|4,"All of your units' healing and shielding is improved.
(2) 18% increased healing and shielding 
(3) 35% increased healing and shielding 
(4) 60% increased healing and shielding",All of your units' healing and shielding is improved.<br><br><expandRow>(@MinUnits@) @HealShieldIncrease*100@% increased healing and shielding </expandRow>,"[{""maxUnits"": 2, ""minUnits"": 2, ""style"": 1, ""variables"": {""HealShieldIncrease"": 0.18000000715255737}}, {""maxUnits"": 3, ""minUnits"": 3, ""style"": 4, ""variables"": {""HealShieldIncrease"": 0.3499999940395355}}, {""maxUnits"": 25000, ""minUnits"": 4, ""style"": 4, ""variables"": {""HealShieldIncrease"": 0.6000000238418579}}]"
Set 9.5,9,mid,TFTSet9_Stage2,13.23,Set9_Technogenius,Technogenius,1,Gain a placeable Apex Turret with 3 upgrade slots. Upgrades to the Apex Turret will show up in your shop for @GoldCost@ gold. The Apex Turret shares Heimerdinger's Attack Speed and Ability Power.You may only have 1 Apex Turret.,Gain a placeable Apex Turret with 3 upgrade slots. Upgrades to the Apex Turret will show up in your shop for @GoldCost@ gold. The Apex Turret shares Heimerdinger's Attack Speed and Ability Power.<br><br><rules>You may only have 1 Apex Turret.</rules>,"[{""maxUnits"": 25000, ""minUnits"": 1, ""style"": 4, ""variables"": {""GoldCost"": 6.0, ""{8063e2fe}"": 1.0, ""{db5e6ace}"": 100.0}}]"
Set 9.5,9,mid,TFTSet9_Stage2,13.23,Set9b_Vanquisher,Vanquisher,2|4|6,"Damage from Vanquisher Abilities can critically strike. Vanquishers gain bonus Critical Strike Chance and Critical Strike Damage.
(2) 15% (scaleCrit) , 15% (scaleCritMult)
(4) 35% (scaleCrit) , 35% (scaleCritMult)
(6) 55% (scaleCrit) , 55% (scaleCritMult)","Damage from Vanquisher Abilities can critically strike. Vanquishers gain bonus Critical Strike Chance and Critical Strike Damage.<br><br><expandRow>(@MinUnits@) @BaseCritChance@% %i:scaleCrit% , @CritDmg@% %i:scaleCritMult%</expandRow><br>","[{""maxUnits"": 3, ""minUnits"": 2, ""style"": 1, ""variables"": {""BaseCritChance"": 15.0, ""CritDmg"": 15.0}}, {""maxUnits"": 5, ""minUnits"": 4, ""style"": 4, ""variables"": {""BaseCritChance"": 35.0, ""CritDmg"": 35.0}}, {""maxUnits"": 25000, ""minUnits"": 6, ""style"": 4, ""variables"": {""BaseCritChance"": 55.0, ""CritDmg"": 55.0}}]"
Set 9.5,9,mid,TFTSet9_Stage2,13.23,Set9_Void,Void,3|6|8,"Get a placeable void egg. At the start of combat, it hatches into an unspeakable horror and knocks up adjacent enemies.Each Void star level increases the horror's Health and Ability Power by @PercentHealthAPPerStarLevel*100@%. (@MinUnits@) Void Remora(@MinUnits@) Rift Herald(@MinUnits@) Baron Nashor","Get a placeable void egg. At the start of combat, it hatches into an unspeakable horror and knocks up adjacent enemies.<br><br>Each Void star level increases the horror's Health and Ability Power by @PercentHealthAPPerStarLevel*100@%. <br><br><row>(@MinUnits@) Void Remora</row><br><row>(@MinUnits@) Rift Herald</row><br><row>(@MinUnits@) Baron Nashor</row>","[{""maxUnits"": 5, ""minUnits"": 3, ""style"": 1, ""variables"": {""PercentHealthAPPerStarLevel"": 0.25, ""{a4dcb3da}"": 0.4000000059604645}}, {""maxUnits"": 7, ""minUnits"": 6, ""style"": 4, ""variables"": {""PercentHealthAPPerStarLevel"": 0.25, ""{a4dcb3da}"": 0.4000000059604645}}, {""maxUnits"": 25000, ""minUnits"": 8, ""style"": 4, ""variables"": {""PercentHealthAPPerStarLevel"": 0.25, ""{a4dcb3da}"": 0.4000000059604645}}]"
Set 9.5,9,mid,TFTSet9_Stage2,13.23,Set9_Wanderer,Wanderer,1,Ryze's ability changes depending on the Region Portal players voted for at the start of the game.,Ryze's ability changes depending on the Region Portal players voted for at the start of the game.,"[{""maxUnits"": 25000, ""minUnits"": 1, ""style"": 4, ""variables"": {}}]"
Set 9.5,9,mid,TFTSet9_Stage2,13.23,Set9_BandleCity,Yordle,3|5,"Your units gain @BonusAttackSpeed*100@% Attack Speed per star level.If you have three 3-star champions, your Yordles can become 4-star, which gives their Ability a wacky upgrade!(@MinUnits@) Your strongest 3-star Yordle(@MinUnits@) Two 3-star YordlesTies for most items are broken by the Yordle fielded most recently.","Your units gain @BonusAttackSpeed*100@% Attack Speed per star level.<br><br>If you have three 3-star champions, your Yordles can become 4-star, which gives their Ability a wacky upgrade!<br><br><row>(@MinUnits@) Your strongest 3-star Yordle</row><br><row>(@MinUnits@) Two 3-star Yordles</row><br><br><rules>Ties for most items are broken by the Yordle fielded most recently.</rules>","[{""maxUnits"": 4, ""minUnits"": 3, ""style"": 1, ""variables"": {""BonusAttackSpeed"": 0.10000000149011612, ""DodgeChance"": 100.0, ""DodgeDuration"": 2.0, ""ManaReduction"": 15.0, ""{25ec78e1}"": 1.0, ""{c235f1f1}"": 0.5, ""{eae1472b}"": 1.0}}, {""maxUnits"": 25000, ""minUnits"": 5, ""style"": 4, ""variables"": {""BonusAttackSpeed"": 0.10000000149011612, ""DodgeChance"": 100.0, ""DodgeDuration"": 2.0, ""ManaReduction"": 15.0, ""{25ec78e1}"": 2.0, ""{c235f1f1}"": 0.5, ""{eae1472b}"": 2.0}}]"
Set 9.5,9,mid,TFTSet9_Stage2,13.23,Set9_Zaun,Zaun,2|4|6,"Zaun champions create random chem-mods that only they can use. Champions can be modded once, and mods can be removed by benching or selling the champion.(@MinUnits@) Gain 1 chem-mod(@MinUnits@) Gain 2 chem-mods and Overcharge them(@MinUnits@) Gain 5 chem-mods and Overcharge them","Zaun champions create random chem-mods that only they can use. Champions can be modded once, and mods can be removed by benching or selling the champion.<br><br><row>(@MinUnits@) Gain 1 chem-mod</row><br><row>(@MinUnits@) Gain 2 chem-mods and Overcharge them</row><br><row>(@MinUnits@) Gain 5 chem-mods and Overcharge them</row><br>","[{""maxUnits"": 3, ""minUnits"": 2, ""style"": 1, ""variables"": {""{05b87026}"": 1.0, ""{dbf68e4f}"": null}}, {""maxUnits"": 5, ""minUnits"": 4, ""style"": 4, ""variables"": {""{05b87026}"": 2.0, ""{dbf68e4f}"": 1.0}}, {""maxUnits"": 25000, ""minUnits"": 6, ""style"": 4, ""variables"": {""{05b87026}"": 5.0, ""{dbf68e4f}"": 1.0}}]"
Set 10,10,base,TFTSet10,14.5,Set10_8Bit,8-bit,2|4|6,"Keep score of your team's damage dealt. For each high score you beat, 8-bit champions gain Attack Damage.(@MinUnits@) @AttackDamage@% (scaleAD)(@MinUnits@) @AttackDamage@% (scaleAD)(@MinUnits@) @AttackDamage@% (scaleAD) and unlock a final high score, that rewards you with a grand prize.Bonus: @TFTUnitProperty.trait:TFT10_Trait_8bit_CurrentBonus@% (scaleAD) (@TFTUnitProperty.trait:TFT10_Trait_8bit_StackCount@/@NumHighScores@)","Keep score of your team's damage dealt. For each high score you beat, 8-bit champions gain Attack&nbsp;Damage.<br><br><row>(@MinUnits@) @AttackDamage@% %i:scaleAD%</row><br><row>(@MinUnits@) @AttackDamage@% %i:scaleAD%</row><br><row>(@MinUnits@) @AttackDamage@% %i:scaleAD% and unlock a final high score, that rewards you with a grand prize.</row><br><br>Bonus: @TFTUnitProperty.trait:TFT10_Trait_8bit_CurrentBonus@% %i:scaleAD% (@TFTUnitProperty.trait:TFT10_Trait_8bit_StackCount@/@NumHighScores@)","[{""maxUnits"": 3, ""minUnits"": 2, ""style"": 1, ""variables"": {""AttackDamage"": 5.0, ""NumHighScores"": 10.0, ""{07d8a23c}"": 10000.0, ""{1898a704}"": 2500.0, ""{23107b0a}"": 35000.0, ""{32c611e7}"": 20000.0, ""{32f494a9}"": 5000.0, ""{3ac63386}"": 170000.0, ""{4e4bda72}"": 62500.0, ""{4ff425ef}"": 42500.0, ""{57358459}"": 500.0, ""{5bf0a783}"": 125000.0, ""{5bf63cb6}"": 10000.0, ""{711044ee}"": 1000.0, ""{73092577}"": 345678.0, ""{7422b321}"": 85000.0, ""{7741f7e8}"": 85000.0, ""{83f7600e}"": 225000.0, ""{849cb125}"": 55000.0, ""{c876dba0}"": 27500.0, ""{cb973c66}"": 199999.0, ""{cb98e839}"": 112500.0, ""{e291f403}"": 5000.0, ""{f20af5b5}"": 17500.0}}, {""maxUnits"": 5, ""minUnits"": 4, ""style"": 4, ""variables"": {""AttackDamage"": 9.0, ""NumHighScores"": 10.0, ""{07d8a23c}"": 10000.0, ""{1898a704}"": 2500.0, ""{23107b0a}"": 35000.0, ""{32c611e7}"": 20000.0, ""{32f494a9}"": 5000.0, ""{3ac63386}"": 170000.0, ""{4e4bda72}"": 62500.0, ""{4ff425ef}"": 42500.0, ""{57358459}"": 500.0, ""{5bf0a783}"": 125000.0, ""{5bf63cb6}"": 10000.0, ""{711044ee}"": 1000.0, ""{73092577}"": 345678.0, ""{7422b321}"": 85000.0, ""{7741f7e8}"": 85000.0, ""{83f7600e}"": 225000.0, ""{849cb125}"": 55000.0, ""{c876dba0}"": 27500.0, ""{cb973c66}"": 199999.0, ""{cb98e839}"": 112500.0, ""{e291f403}"": 5000.0, ""{f20af5b5}"": 17500.0}}, {""maxUnits"": 25000, ""minUnits"": 6, ""style"": 4, ""variables"": {""AttackDamage"": 14.0, ""NumHighScores"": 10.0, ""{07d8a23c}"": 10000.0, ""{1898a704}"": 2500.0, ""{23107b0a}"": 35000.0, ""{32c611e7}"": 20000.0, ""{32f494a9}"": 5000.0, ""{3ac63386}"": 170000.0, ""{4e4bda72}"": 62500.0, ""{4ff425ef}"": 42500.0, ""{57358459}"": 500.0, ""{5bf0a783}"": 125000.0, ""{5bf63cb6}"": 10000.0, ""{711044ee}"": 1000.0, ""{73092577}"": 345678.0, ""{7422b321}"": 85000.0, ""{7741f7e8}"": 85000.0, ""{83f7600e}"": 225000.0, ""{849cb125}"": 55000.0, ""{c876dba0}"": 27500.0, ""{cb973c66}"": 199999.0, ""{cb98e839}"": 112500.0, ""{e291f403}"": 5000.0, ""{f20af5b5}"": 17500.0}}]"
Set 10,10,base,TFTSet10,14.5,Set10_Deadeye,Big Shot,2|4|6,"Big Shots gain Attack Damage, which increases for @Duration@ seconds when they use their Ability.
(2) 10% (scaleAD), 40% after casting
(4) 20% (scaleAD), 80% after casting
(6) 40% (scaleAD), 160% after casting","Big Shots gain Attack Damage, which increases for @Duration@ seconds when they use their Ability.<br><br><expandRow>(@MinUnits@) @PercentAD*100@% %i:scaleAD%, @PercentADEmpowered*100@% after casting</expandRow>","[{""maxUnits"": 3, ""minUnits"": 2, ""style"": 1, ""variables"": {""Duration"": 3.0, ""PercentAD"": 0.10000000149011612, ""PercentADEmpowered"": 0.4000000059604645}}, {""maxUnits"": 5, ""minUnits"": 4, ""style"": 4, ""variables"": {""Duration"": 3.0, ""PercentAD"": 0.20000000298023224, ""PercentADEmpowered"": 0.800000011920929}}, {""maxUnits"": 25000, ""minUnits"": 6, ""style"": 4, ""variables"": {""Duration"": 3.0, ""PercentAD"": 0.4000000059604645, ""PercentADEmpowered"": 1.600000023841858}}]"
Set 10,10,base,TFTSet10,14.5,Set10_Breakout,Breakout,1,(unique) Akali is a member of K/DA or True Damage depending on which trait has more fielded champions. She gains a different Ability depending on which form she takes.,(unique) Akali is a member of K/DA or True Damage depending on which trait has more fielded champions. She gains a different Ability depending on which form she takes. ,"[{""maxUnits"": 25000, ""minUnits"": 1, ""style"": 6, ""variables"": {}}]"
Set 10,10,base,TFTSet10,14.5,Set10_Brawler,Bruiser,2|4|6,"Your team gains @TeamFlatHealth@ Health. Bruisers gain bonus max Health.
(2) 20% max (scaleHealth)
(4) 45% max (scaleHealth)
(6) 90% max (scaleHealth)",Your team gains @TeamFlatHealth@ Health. Bruisers gain bonus max Health.<br><br><expandRow>(@MinUnits@) @BonusPercentHealth*100@% max %i:scaleHealth%</expandRow>,"[{""maxUnits"": 3, ""minUnits"": 2, ""style"": 1, ""variables"": {""BonusPercentHealth"": 0.20000000298023224, ""TeamFlatHealth"": 100.0}}, {""maxUnits"": 5, ""minUnits"": 4, ""style"": 3, ""variables"": {""BonusPercentHealth"": 0.44999998807907104, ""TeamFlatHealth"": 100.0}}, {""maxUnits"": 25000, ""minUnits"": 6, ""style"": 4, ""variables"": {""BonusPercentHealth"": 0.8999999761581421, ""TeamFlatHealth"": 100.0}}]"
Set 10,10,base,TFTSet10,14.5,Set10_Country,Country,3|5|7,"When your team loses @HealthRatio*100@% of their Health, call a Dreadsteed that empowers your team. Each Country star level increases the Dreadsteed's Health and Attack Damage.(@MinUnits@) Dreadsteed(@MinUnits@) Midnight Dreadsteed(@MinUnits@) Infernal Invocation Dreadsteed","When your team loses @HealthRatio*100@% of their Health, call a Dreadsteed that empowers your team. Each Country star&nbsp;level increases the Dreadsteed's Health and Attack&nbsp;Damage.<br><br><row>(@MinUnits@) Dreadsteed</row><br><row>(@MinUnits@) Midnight Dreadsteed</row><br><row>(@MinUnits@) Infernal Invocation Dreadsteed</row>","[{""maxUnits"": 4, ""minUnits"": 3, ""style"": 1, ""variables"": {""BonusResists"": null, ""HealthRatio"": 0.30000001192092896, ""Level"": 1.0, ""{de1b2c92}"": 0.20000000298023224}}, {""maxUnits"": 6, ""minUnits"": 5, ""style"": 4, ""variables"": {""BonusResists"": 15.0, ""HealthRatio"": 0.30000001192092896, ""Level"": 2.0, ""{de1b2c92}"": 0.20000000298023224}}, {""maxUnits"": 25000, ""minUnits"": 7, ""style"": 4, ""variables"": {""BonusResists"": 50.0, ""HealthRatio"": 0.30000001192092896, ""Level"": 3.0, ""{de1b2c92}"": 0.20000000298023224}}]"
Set 10,10,base,TFTSet10,14.5,Set10_CrowdDive,Crowd Diver,2|4|6,"After Crowd Divers die, they leap onto the furthest enemy, dealing @JumpDamage@ magic damage. Enemies within @StunRange@ hex are Stunned for @StunDuration@ seconds.They also deal bonus damage, increased by @BonusPerSecond*100@% each second.
(2) 12% bonus damage
(4) 30% bonus damage
(6) 50% bonus damage","After Crowd Divers die, they leap onto the furthest enemy, dealing <magicDamage>@JumpDamage@</magicDamage> magic damage. Enemies within @StunRange@ hex are Stunned for @StunDuration@ seconds.<br><br>They also deal bonus damage, increased by @BonusPerSecond*100@% each second.<br><br><expandRow>(@MinUnits@) @BaseBonus*100@% bonus damage</expandRow>","[{""maxUnits"": 3, ""minUnits"": 2, ""style"": 1, ""variables"": {""BaseBonus"": 0.11999999731779099, ""BonusPerSecond"": 0.009999999776482582, ""JumpDamage"": 300.0, ""StunDuration"": 1.5, ""StunRange"": 1.0}}, {""maxUnits"": 5, ""minUnits"": 4, ""style"": 4, ""variables"": {""BaseBonus"": 0.30000001192092896, ""BonusPerSecond"": 0.009999999776482582, ""JumpDamage"": 300.0, ""StunDuration"": 1.5, ""StunRange"": 1.0}}, {""maxUnits"": 25000, ""minUnits"": 6, ""style"": 4, ""variables"": {""BaseBonus"": 0.5, ""BonusPerSecond"": 0.009999999776482582, ""JumpDamage"": 300.0, ""StunDuration"": 1.5, ""StunRange"": 1.0}}]"
Set 10,10,base,TFTSet10,14.5,Set10_Dazzler,Dazzler,2|4|6,"Dazzlers' Abilities reduce their target's damage by @DamageDecrease*100@% and deal bonus magic damage over @Duration@ seconds.
(2) 20% magic damage
(4) 60% magic damage
(6) 100% magic damage",Dazzlers' Abilities reduce their target's damage by @DamageDecrease*100@% and deal bonus magic damage over @Duration@ seconds.<br><br><expandRow>(@MinUnits@) <magicDamage>@DOTPercent*100@%</magicDamage> magic damage</expandRow>,"[{""maxUnits"": 3, ""minUnits"": 2, ""style"": 1, ""variables"": {""DOTPercent"": 0.20000000298023224, ""DamageDecrease"": 0.10000000149011612, ""Duration"": 2.0}}, {""maxUnits"": 5, ""minUnits"": 4, ""style"": 4, ""variables"": {""DOTPercent"": 0.6000000238418579, ""DamageDecrease"": 0.10000000149011612, ""Duration"": 2.0}}, {""maxUnits"": 25000, ""minUnits"": 6, ""style"": 4, ""variables"": {""DOTPercent"": 1.0, ""DamageDecrease"": 0.10000000149011612, ""Duration"": 2.0}}]"
Set 10,10,base,TFTSet10,14.5,Set10_Funk,Disco,3|4|5|6,"Summon a movable Disco Ball. Combat start: Allies next to it gain Attack Speed and healing immediately and every @TickRate@ seconds.(@MinUnits@) @AttackSpeed*100@% (scaleAS) and @Healing*100@% max (scaleHealth)(@MinUnits@) @AttackSpeed*100@% (scaleAS) and @Healing*100@% max (scaleHealth)(@MinUnits@) 2 Disco Balls, @AttackSpeed*100@% (scaleAS) and @Healing*100@% max (scaleHealth)(@MinUnits@) @AttackSpeed*100@% (scaleAS) and @Healing*100@% max (scaleHealth)","Summon a movable Disco Ball. <br><br>Combat start: Allies next to it gain Attack Speed and healing immediately and every @TickRate@ seconds.<br><br><row>(@MinUnits@) @AttackSpeed*100@% %i:scaleAS% and @Healing*100@% max %i:scaleHealth%</row><br><row>(@MinUnits@) @AttackSpeed*100@% %i:scaleAS% and @Healing*100@% max %i:scaleHealth%</row><br><row>(@MinUnits@) 2 Disco Balls, @AttackSpeed*100@% %i:scaleAS% and @Healing*100@% max %i:scaleHealth%</row><br><row>(@MinUnits@) @AttackSpeed*100@% %i:scaleAS% and @Healing*100@% max %i:scaleHealth%</row>","[{""maxUnits"": 3, ""minUnits"": 3, ""style"": 1, ""variables"": {""AttackSpeed"": 0.05000000074505806, ""Healing"": 0.019999999552965164, ""HexRadius"": 1.0, ""TickRate"": 3.0, ""{11b35e1c}"": 1.0}}, {""maxUnits"": 4, ""minUnits"": 4, ""style"": 3, ""variables"": {""AttackSpeed"": 0.07999999821186066, ""Healing"": 0.029999999329447746, ""HexRadius"": 1.0, ""TickRate"": 3.0, ""{11b35e1c}"": 1.0}}, {""maxUnits"": 5, ""minUnits"": 5, ""style"": 4, ""variables"": {""AttackSpeed"": 0.11999999731779099, ""Healing"": 0.029999999329447746, ""HexRadius"": 1.0, ""TickRate"": 3.0, ""{11b35e1c}"": 2.0}}, {""maxUnits"": 25000, ""minUnits"": 6, ""style"": 4, ""variables"": {""AttackSpeed"": 0.20000000298023224, ""Healing"": 0.03999999910593033, ""HexRadius"": 1.0, ""TickRate"": 3.0, ""{11b35e1c}"": 2.0}}]"
Set 10,10,base,TFTSet10,14.5,Set10_EDM,EDM,2|3|4|5,"Use the EDM selector item to choose an EDM champion and see the frequency for each.At the selected champion's frequency, your EDM champions cast the selected Ability with modified effectiveness.(@MinUnits@) @EDMstats*100@% effectiveness(@MinUnits@) @EDMstats*100@% effectiveness(@MinUnits@) @EDMstats*100@% effectiveness, -@EDMtimereduction@ second(@MinUnits@) @EDMstats*100@% effectiveness, -@EDMtimereduction@ second","Use the EDM selector item to choose an EDM champion and see the frequency for each.<br><br>At the selected champion's frequency, your EDM champions cast the selected Ability with modified effectiveness.<br><br><row>(@MinUnits@) @EDMstats*100@% effectiveness</row><br><row>(@MinUnits@) @EDMstats*100@% effectiveness</row><br><row>(@MinUnits@) @EDMstats*100@% effectiveness, -@EDMtimereduction@ second</row><br><row>(@MinUnits@) @EDMstats*100@% effectiveness, -@EDMtimereduction@ second</row>","[{""maxUnits"": 2, ""minUnits"": 2, ""style"": 1, ""variables"": {""EDMstats"": 0.8999999761581421, ""{1d0f36aa}"": 3.5, ""{34753da8}"": 8.0, ""{52707149}"": 2.5, ""{b7559eb7}"": 2.0, ""{d8f28e45}"": 8.0, ""{d9fae949}"": 1.0, ""{f40f819b}"": 8.0, ""{fb62799b}"": 6.0}}, {""maxUnits"": 3, ""minUnits"": 3, ""style"": 1, ""variables"": {""EDMstats"": 1.100000023841858, ""{1d0f36aa}"": 3.5, ""{34753da8}"": 8.0, ""{52707149}"": 2.5, ""{b7559eb7}"": 2.0, ""{d8f28e45}"": 8.0, ""{d9fae949}"": 1.0, ""{f40f819b}"": 8.0, ""{fb62799b}"": 6.0}}, {""maxUnits"": 4, ""minUnits"": 4, ""style"": 3, ""variables"": {""EDMstats"": 1.2000000476837158, ""EDMtimereduction"": 1.0, ""{1d0f36aa}"": 3.5, ""{34753da8}"": 8.0, ""{52707149}"": 2.5, ""{b7559eb7}"": 2.0, ""{d8f28e45}"": 8.0, ""{d9fae949}"": 1.0, ""{f40f819b}"": 8.0, ""{fb62799b}"": 6.0}}, {""maxUnits"": 25000, ""minUnits"": 5, ""style"": 4, ""variables"": {""EDMstats"": 1.350000023841858, ""EDMtimereduction"": 1.0, ""{1d0f36aa}"": 3.5, ""{34753da8}"": 8.0, ""{52707149}"": 2.5, ""{b7559eb7}"": 2.0, ""{d8f28e45}"": 8.0, ""{d9fae949}"": 1.0, ""{f40f819b}"": 8.0, ""{fb62799b}"": 6.0}}]"
Set 10,10,base,TFTSet10,14.5,Set10_Edgelord,Edgelord,3|5|7,"Edgelords gain Attack Speed, which doubles when their target drops below @HealthRatio*100@% Health. Edgelords with 1-hex range also dash through them on their next attack. 
(3) 30% (scaleAS)
(5) 55% (scaleAS)
(7) 85% (scaleAS)","Edgelords gain Attack Speed, which doubles when their target drops below @HealthRatio*100@% Health. Edgelords with 1-hex range also dash through them on their next&nbsp;attack. <br><br><expandRow>(@MinUnits@) @AttackSpeed*100@% %i:scaleAS%</expandRow><br>","[{""maxUnits"": 4, ""minUnits"": 3, ""style"": 1, ""variables"": {""ADRatio"": 2.0, ""AttackSpeed"": 0.30000001192092896, ""HealthRatio"": 0.5}}, {""maxUnits"": 6, ""minUnits"": 5, ""style"": 3, ""variables"": {""ADRatio"": 2.0, ""AttackSpeed"": 0.550000011920929, ""HealthRatio"": 0.5}}, {""maxUnits"": 25000, ""minUnits"": 7, ""style"": 4, ""variables"": {""ADRatio"": 2.0, ""AttackSpeed"": 0.8500000238418579, ""HealthRatio"": 0.5}}]"
Set 10,10,base,TFTSet10,14.5,Set10_Emo,Emo,2|4|6,"Emo champions' Abilities cost less Mana to cast, and they gain Mana whenever an allied champion dies.(@MinUnits@) @InitialMana@% less, gain @StackingMana@ (scaleMana)(@MinUnits@) @InitialMana@% less, gain @StackingMana@ (scaleMana)(@MinUnits@) @BonusAP@ (scaleAP); @InitialMana@% less, gain @StackingMana@ (scaleMana)","Emo champions' Abilities cost less Mana to cast, and they gain Mana whenever an allied champion dies.<br><br><row>(@MinUnits@) @InitialMana@%&nbsp;less, gain @StackingMana@&nbsp;%i:scaleMana%</row><br><row>(@MinUnits@) @InitialMana@%&nbsp;less, gain @StackingMana@&nbsp;%i:scaleMana%</row><br><row>(@MinUnits@) @BonusAP@&nbsp;%i:scaleAP%; @InitialMana@% less, gain @StackingMana@&nbsp;%i:scaleMana% </row>","[{""maxUnits"": 3, ""minUnits"": 2, ""style"": 1, ""variables"": {""InitialMana"": 20.0, ""StackingMana"": 20.0}}, {""maxUnits"": 5, ""minUnits"": 4, ""style"": 4, ""variables"": {""InitialMana"": 30.0, ""StackingMana"": 30.0}}, {""maxUnits"": 25000, ""minUnits"": 6, ""style"": 4, ""variables"": {""BonusAP"": 20.0, ""InitialMana"": 40.0, ""StackingMana"": 40.0}}]"
Set 10,10,base,TFTSet10,14.5,Set10_Executioner,Executioner,2|4|6,"Executioner Abilities can critically strike and they gain Critical Strike Damage. Their Critical Strike Chance is increased based on their target's missing Health.
(2) 5% (scaleCritMult). Up to 25% (scaleCrit)
(4) 15% (scaleCritMult). Up to 80% (scaleCrit)
(6) 30% (scaleCritMult). Up to 160% (scaleCrit)",Executioner Abilities can critically strike and they gain Critical Strike Damage. Their Critical Strike Chance is increased based on their target's missing Health.<br><br><expandRow>(@MinUnits@) @CRIT_DAMAGE*100@% %i:scaleCritMult%. Up to @CRIT_PERCENT*100@% %i:scaleCrit%</expandRow>,"[{""maxUnits"": 3, ""minUnits"": 2, ""style"": 1, ""variables"": {""CRIT_DAMAGE"": 0.05000000074505806, ""CRIT_PERCENT"": 0.25}}, {""maxUnits"": 5, ""minUnits"": 4, ""style"": 3, ""variables"": {""CRIT_DAMAGE"": 0.15000000596046448, ""CRIT_PERCENT"": 0.800000011920929}}, {""maxUnits"": 25000, ""minUnits"": 6, ""style"": 4, ""variables"": {""CRIT_DAMAGE"": 0.30000001192092896, ""CRIT_PERCENT"": 1.600000023841858}}]"
Set 10,10,base,TFTSet10,14.5,Set10_Guardian,Guardian,2|4|6,"Once per combat at @PercentHealthThreshold@% Health, Guardians shield themselves and their closest ally for a percent of their max Health.
(2) 25%
(4) 45%
(6) 70%","Once per combat at @PercentHealthThreshold@% Health, Guardians shield themselves and their closest ally for a percent of their max Health.<br><br><expandRow>(@MinUnits@) @ShieldPercentAmount@%</expandRow>","[{""maxUnits"": 3, ""minUnits"": 2, ""style"": 1, ""variables"": {""PercentHealthThreshold"": 50.0, ""ShieldPercentAmount"": 25.0}}, {""maxUnits"": 5, ""minUnits"": 4, ""style"": 3, ""variables"": {""PercentHealthThreshold"": 50.0, ""ShieldPercentAmount"": 45.0}}, {""maxUnits"": 25000, ""minUnits"": 6, ""style"": 4, ""variables"": {""PercentHealthThreshold"": 50.0, ""ShieldPercentAmount"": 70.0}}]"
Set 10,10,base,TFTSet10,14.5,Set10_PopBand,Heartsteel,3|5|7|10,"Earn Hearts by killing enemies. Gain even more by losing player combat. Every @RoundCount@ player combats, convert Hearts into powerful rewards! (@MinUnits@) @PercentHeartRate@x Hearts(@MinUnits@) @PercentHeartRate@x Hearts(@MinUnits@) @PercentHeartRate@x Hearts(@MinUnits@) @PercentHeartRate@x Hearts, Gain rewards every round and keep @HeartKeepPercentage*100@% of your Hearts!","Earn Hearts by killing enemies. Gain even more by losing player combat. Every @RoundCount@ player combats, convert Hearts into powerful rewards! <br><br><row>(@MinUnits@) @PercentHeartRate@x Hearts</row><br><row>(@MinUnits@) @PercentHeartRate@x Hearts</row><br><row>(@MinUnits@) @PercentHeartRate@x Hearts</row><br><row>(@MinUnits@) @PercentHeartRate@x Hearts, Gain rewards every round and keep @HeartKeepPercentage*100@% of your Hearts!</row>","[{""maxUnits"": 4, ""minUnits"": 3, ""style"": 1, ""variables"": {""HeartKeepPercentage"": null, ""PercentHeartRate"": 1.0, ""RoundCount"": 4.0, ""RoundCount_HR"": 3.0, ""{035b49c7}"": 25.0, ""{0ed79bac}"": 3.0, ""{1aba31d0}"": 1.0, ""{270aa35b}"": 80.0, ""{2f144a72}"": 30.0, ""{3b93f5f0}"": 40.0, ""{3d93f916}"": 25.0, ""{3e93faa9}"": 32.0, ""{3f93fc3c}"": 10.0, ""{4093fdcf}"": 18.0, ""{56e499e0}"": 1.0, ""{5f254a07}"": 1.0, ""{776acd0e}"": 10.0, ""{7e97c18b}"": null, ""{877a0743}"": 2.0, ""{989d8904}"": 20.0, ""{a0fc9505}"": 40.0, ""{a4f2dc1d}"": 1.0, ""{c83c7511}"": 15.0, ""{cd492c59}"": 4.0, ""{d0ba644e}"": 2.0, ""{d2e59737}"": 0.5, ""{e4b74e78}"": 50.0, ""{ef5a2d30}"": 1.0, ""{f05a2ec3}"": 1.0, ""{f45a350f}"": 1.0, ""{f55a36a2}"": 1.0, ""{f65a3835}"": 1.0}}, {""maxUnits"": 6, ""minUnits"": 5, ""style"": 3, ""variables"": {""HeartKeepPercentage"": null, ""PercentHeartRate"": 2.0, ""RoundCount"": 4.0, ""RoundCount_HR"": 3.0, ""{035b49c7}"": 25.0, ""{0ed79bac}"": 3.0, ""{1aba31d0}"": 1.0, ""{270aa35b}"": 80.0, ""{2f144a72}"": 30.0, ""{3b93f5f0}"": 40.0, ""{3d93f916}"": 25.0, ""{3e93faa9}"": 32.0, ""{3f93fc3c}"": 10.0, ""{4093fdcf}"": 18.0, ""{56e499e0}"": 1.0, ""{5f254a07}"": 1.0, ""{776acd0e}"": 10.0, ""{7e97c18b}"": null, ""{877a0743}"": 2.0, ""{989d8904}"": 20.0, ""{a0fc9505}"": 40.0, ""{a4f2dc1d}"": 1.0, ""{c83c7511}"": 15.0, ""{cd492c59}"": 4.0, ""{d0ba644e}"": 2.0, ""{d2e59737}"": 0.5, ""{e4b74e78}"": 50.0, ""{ef5a2d30}"": 1.0, ""{f05a2ec3}"": 1.0, ""{f45a350f}"": 1.0, ""{f55a36a2}"": 1.0, ""{f65a3835}"": 1.0}}, {""maxUnits"": 9, ""minUnits"": 7, ""style"": 4, ""variables"": {""HeartKeepPercentage"": null, ""PercentHeartRate"": 5.5, ""RoundCount"": 4.0, ""RoundCount_HR"": 3.0, ""{035b49c7}"": 25.0, ""{0ed79bac}"": 3.0, ""{1aba31d0}"": 1.0, ""{270aa35b}"": 80.0, ""{2f144a72}"": 30.0, ""{3b93f5f0}"": 40.0, ""{3d93f916}"": 25.0, ""{3e93faa9}"": 32.0, ""{3f93fc3c}"": 10.0, ""{4093fdcf}"": 18.0, ""{56e499e0}"": 1.0, ""{5f254a07}"": 1.0, ""{776acd0e}"": 10.0, ""{7e97c18b}"": null, ""{877a0743}"": 2.0, ""{989d8904}"": 20.0, ""{a0fc9505}"": 40.0, ""{a4f2dc1d}"": 1.0, ""{c83c7511}"": 15.0, ""{cd492c59}"": 4.0, ""{d0ba644e}"": 2.0, ""{d2e59737}"": 0.5, ""{e4b74e78}"": 50.0, ""{ef5a2d30}"": 1.0, ""{f05a2ec3}"": 1.0, ""{f45a350f}"": 1.0, ""{f55a36a2}"": 1.0, ""{f65a3835}"": 1.0}}, {""maxUnits"": 25000, ""minUnits"": 10, ""style"": 5, ""variables"": {""HeartKeepPercentage"": 0.800000011920929, ""PercentHeartRate"": 18.0, ""RoundCount"": 4.0, ""RoundCount_HR"": 3.0, ""{035b49c7}"": 25.0, ""{0ed79bac}"": 3.0, ""{1aba31d0}"": 1.0, ""{270aa35b}"": 80.0, ""{2f144a72}"": 30.0, ""{3b93f5f0}"": 40.0, ""{3d93f916}"": 25.0, ""{3e93faa9}"": 32.0, ""{3f93fc3c}"": 10.0, ""{4093fdcf}"": 18.0, ""{56e499e0}"": 1.0, ""{5f254a07}"": 1.0, ""{776acd0e}"": 10.0, ""{7e97c18b}"": 1.0, ""{877a0743}"": 2.0, ""{989d8904}"": 20.0, ""{a0fc9505}"": 40.0, ""{a4f2dc1d}"": 1.0, ""{c83c7511}"": 15.0, ""{cd492c59}"": 4.0, ""{d0ba644e}"": 2.0, ""{d2e59737}"": 0.5, ""{e4b74e78}"": 50.0, ""{ef5a2d30}"": 1.0, ""{f05a2ec3}"": 1.0, ""{f45a350f}"": 1.0, ""{f55a36a2}"": 1.0, ""{f65a3835}"": 1.0}}]"
Set 10,10,base,TFTSet10,14.5,Set10_Hyperpop,Hyperpop,1|2|3|4,"When Hyperpop champions use an Ability, they grant Mana and @BuffDuration@ seconds of Attack Speed to their @NumOfAllies@ closest allies.
(1) 5 (scaleMana) and 10% (scaleAS)
(2) 10 (scaleMana) and 20% (scaleAS)
(3) 15 (scaleMana) and 35% (scaleAS)
(4) 20 (scaleMana) and 60% (scaleAS)","When Hyperpop champions use an Ability, they grant Mana and @BuffDuration@ seconds of Attack Speed to their @NumOfAllies@ closest allies.<br><br><expandRow>(@MinUnits@) @Mana@ %i:scaleMana% and @AS*100@% %i:scaleAS%</expandRow>","[{""maxUnits"": 1, ""minUnits"": 1, ""style"": 1, ""variables"": {""AS"": 0.10000000149011612, ""BuffDuration"": 4.0, ""Mana"": 5.0, ""NumOfAllies"": 2.0}}, {""maxUnits"": 2, ""minUnits"": 2, ""style"": 4, ""variables"": {""AS"": 0.20000000298023224, ""BuffDuration"": 4.0, ""Mana"": 10.0, ""NumOfAllies"": 2.0}}, {""maxUnits"": 3, ""minUnits"": 3, ""style"": 4, ""variables"": {""AS"": 0.3499999940395355, ""BuffDuration"": 4.0, ""Mana"": 15.0, ""NumOfAllies"": 2.0}}, {""maxUnits"": 25000, ""minUnits"": 4, ""style"": 4, ""variables"": {""AS"": 0.6000000238418579, ""BuffDuration"": 4.0, ""Mana"": 20.0, ""NumOfAllies"": 2.0}}]"
Set 10,10,base,TFTSet10,14.5,Set10_IllBeats,ILLBEATS,1,"(unique) Gain @1Star@/@2Star@/@3Star@ placeable Spirit Tentacles, based on Illaoi's star level. Tentacles gain Illaoi's bonus Armor and Magic Resist.","(unique) Gain @1Star@/@2Star@/@3Star@ placeable Spirit Tentacles, based on Illaoi's star level. Tentacles gain Illaoi's bonus Armor and Magic Resist.","[{""maxUnits"": 1, ""minUnits"": 1, ""style"": 6, ""variables"": {""1Star"": 2.0, ""2Star"": 2.0, ""3Star"": 8.0}}]"
Set 10,10,base,TFTSet10,14.5,Set10_Jazz,Jazz,2|3|4,"For each active trait (except uniques), your team gains bonus Health and deals bonus damage.
(2) 1.5% (scaleHealth), 1% Damage
(3) 2.5% (scaleHealth), 1.5% Damage
(4) 4% (scaleHealth), 2% DamageBonus Health: @TFTUnitProperty.trait:TFT10_Trait_Jazz_TraitTracker_CurrentBonus@%Bonus Damage: @TFTUnitProperty.trait:TFT10_Trait_Jazz_TraitTracker_CurrentBonus_Damage@%","For each active trait (except uniques), your team gains bonus Health and deals bonus damage.<br><br><expandRow>(@MinUnits@) @BonusHealth*100@% %i:scaleHealth%, @BonusDamage*100@% Damage</expandRow><br><br>Bonus Health: @TFTUnitProperty.trait:TFT10_Trait_Jazz_TraitTracker_CurrentBonus@%<br>Bonus Damage: @TFTUnitProperty.trait:TFT10_Trait_Jazz_TraitTracker_CurrentBonus_Damage@%","[{""maxUnits"": 2, ""minUnits"": 2, ""style"": 1, ""variables"": {""BonusDamage"": 0.009999999776482582, ""BonusHealth"": 0.014999999664723873}}, {""maxUnits"": 3, ""minUnits"": 3, ""style"": 3, ""variables"": {""BonusDamage"": 0.014999999664723873, ""BonusHealth"": 0.02500000037252903}}, {""maxUnits"": 25000, ""minUnits"": 4, ""style"": 4, ""variables"": {""BonusDamage"": 0.019999999552965164, ""BonusHealth"": 0.03999999910593033}}]"
Set 10,10,base,TFTSet10,14.5,Set10_KDA,K/DA,3|5|7|10,"Your team gains max Health, Ability Power, and Attack Damage if they are in a lighted hex. K/DA champions gain double!(@MinUnits@) @BonusMaxHealth*100@% max (scaleHealth), @BonusAP@% (scaleAP)(scaleAD)(@MinUnits@) @BonusMaxHealth*100@% max (scaleHealth), @BonusAP@% (scaleAP)(scaleAD)(@MinUnits@) @BonusMaxHealth*100@% max (scaleHealth), @BonusAP@% (scaleAP)(scaleAD)(@MinUnits@) @BonusMaxHealth*100@% max (scaleHealth), @BonusAP@% (scaleAP)(scaleAD), @ManaPerSecond@ mana per second","Your team gains max Health, Ability Power, and Attack Damage if they are in a lighted hex. K/DA champions gain double!<br><br><row>(@MinUnits@) @BonusMaxHealth*100@% max %i:scaleHealth%, @BonusAP@%&nbsp;%i:scaleAP%%i:scaleAD%</row><br><row>(@MinUnits@) @BonusMaxHealth*100@% max %i:scaleHealth%, @BonusAP@%&nbsp;%i:scaleAP%%i:scaleAD%</row><br><row>(@MinUnits@) @BonusMaxHealth*100@% max %i:scaleHealth%, @BonusAP@%&nbsp;%i:scaleAP%%i:scaleAD%</row><br><row>(@MinUnits@) @BonusMaxHealth*100@% max %i:scaleHealth%, @BonusAP@%&nbsp;%i:scaleAP%%i:scaleAD%, @ManaPerSecond@ mana per second </row>","[{""maxUnits"": 4, ""minUnits"": 3, ""style"": 1, ""variables"": {""BonusAP"": 9.0, ""BonusMaxHealth"": 0.09000000357627869, ""ManaPerSecond"": null, ""{158db106}"": 2.0}}, {""maxUnits"": 6, ""minUnits"": 5, ""style"": 3, ""variables"": {""BonusAP"": 15.0, ""BonusMaxHealth"": 0.15000000596046448, ""ManaPerSecond"": null, ""{158db106}"": 2.0}}, {""maxUnits"": 9, ""minUnits"": 7, ""style"": 4, ""variables"": {""BonusAP"": 27.0, ""BonusMaxHealth"": 0.27000001072883606, ""ManaPerSecond"": null, ""{158db106}"": 2.0}}, {""maxUnits"": 25000, ""minUnits"": 10, ""style"": 5, ""variables"": {""BonusAP"": 45.0, ""BonusMaxHealth"": 0.44999998807907104, ""ManaPerSecond"": 10.0, ""{158db106}"": 2.0}}]"
Set 10,10,base,TFTSet10,14.5,Set10_Classical,Maestro,1,"(unique) The Maestro always attacks at a fixed pace, converting @BonusAttackSpeed@% bonus Attack Speed into @BonusAttackDamage@% Attack Damage.","(unique) The Maestro always attacks at a fixed pace, converting @BonusAttackSpeed@% bonus Attack Speed into @BonusAttackDamage@% Attack Damage. ","[{""maxUnits"": 25000, ""minUnits"": 1, ""style"": 6, ""variables"": {""BonusAttackDamage"": 0.699999988079071, ""BonusAttackSpeed"": 1.0, ""ManaPerAttack"": 10.0, ""{3c4f17cb}"": 0.8999999761581421, ""{48d42308}"": 2.0}}]"
Set 10,10,base,TFTSet10,14.5,Set10_DJ,Mixmaster,1,(unique) Choose a mode that changes the Mixmaster's attacks and Ability!,(unique) Choose a mode that changes the Mixmaster's attacks and Ability!,"[{""maxUnits"": 25000, ""minUnits"": 1, ""style"": 6, ""variables"": {}}]"
Set 10,10,base,TFTSet10,14.5,Set10_Fighter,Mosher,2|4|6|8,"Moshers gain Attack Speed and Omnivamp, which increases up to @AmountIncrease*100@% based on their missing Health. 
(2) 20% (scaleAS), 10% Omnivamp 
(4) 40% (scaleAS), 15% Omnivamp 
(6) 70% (scaleAS), 20% Omnivamp 
(8) 125% (scaleAS), 30% Omnivamp Omnivamp: Heal for percentage of damage dealt","Moshers gain Attack Speed and <TFTKeyword>Omnivamp</TFTKeyword>, which increases up to @AmountIncrease*100@% based on their missing Health. <br><br><expandRow>(@MinUnits@) @FighterAS@% %i:scaleAS%, @FighterVamp@% Omnivamp </expandRow><br><br><rules>Omnivamp: Heal for percentage of damage dealt</rules>","[{""maxUnits"": 3, ""minUnits"": 2, ""style"": 1, ""variables"": {""AmountIncrease"": 1.0, ""FighterAS"": 20.0, ""FighterVamp"": 10.0}}, {""maxUnits"": 5, ""minUnits"": 4, ""style"": 3, ""variables"": {""AmountIncrease"": 1.0, ""FighterAS"": 40.0, ""FighterVamp"": 15.0}}, {""maxUnits"": 7, ""minUnits"": 6, ""style"": 4, ""variables"": {""AmountIncrease"": 1.0, ""FighterAS"": 70.0, ""FighterVamp"": 20.0}}, {""maxUnits"": 25000, ""minUnits"": 8, ""style"": 4, ""variables"": {""AmountIncrease"": 1.0, ""FighterAS"": 125.0, ""FighterVamp"": 30.0}}]"
Set 10,10,base,TFTSet10,14.5,Set10_Pentakill,Pentakill,3|5|7|10,"Pentakill champions reduce incoming damage by 15% and deal bonus damage. For each champion kill, a Pentakill champion rocks out and increases their damage bonus by @Kill_Bonus*100@%.On the @Kill_Count@th kill, all Pentakill champions rock out and your team gains @Attack_Speed*100@% Attack Speed.(@MinUnits@) @Bonus_Damage*100@% bonus damage(@MinUnits@) @Bonus_Damage*100@% bonus damage(@MinUnits@) @Bonus_Damage*100@% bonus damage(@MinUnits@) 50% damage reduction and @Bonus_Damage*100@% bonus damage","Pentakill champions reduce incoming damage by 15% and deal bonus damage. For each champion kill, a Pentakill champion rocks out and increases their damage bonus by @Kill_Bonus*100@%.<br><br>On the @Kill_Count@th kill, all Pentakill champions rock out and your team gains @Attack_Speed*100@% Attack Speed.<br><br><row>(@MinUnits@) @Bonus_Damage*100@% bonus damage</row><br><row>(@MinUnits@) @Bonus_Damage*100@% bonus damage</row><br><row>(@MinUnits@) @Bonus_Damage*100@% bonus damage</row><br><row>(@MinUnits@) 50% damage reduction and @Bonus_Damage*100@% bonus damage</row>","[{""maxUnits"": 4, ""minUnits"": 3, ""style"": 1, ""variables"": {""Attack_Speed"": 0.5, ""BONUS_DAMAGE"": 0.15000000596046448, ""Kill_Bonus"": 0.25, ""Kill_Count"": 5.0, ""{0082059a}"": 0.15000000596046448}}, {""maxUnits"": 6, ""minUnits"": 5, ""style"": 3, ""variables"": {""Attack_Speed"": 0.5, ""BONUS_DAMAGE"": 0.30000001192092896, ""Kill_Bonus"": 0.25, ""Kill_Count"": 5.0, ""{0082059a}"": 0.15000000596046448}}, {""maxUnits"": 9, ""minUnits"": 7, ""style"": 4, ""variables"": {""Attack_Speed"": 0.5, ""BONUS_DAMAGE"": 0.44999998807907104, ""Kill_Bonus"": 0.25, ""Kill_Count"": 5.0, ""{0082059a}"": 0.15000000596046448}}, {""maxUnits"": 25000, ""minUnits"": 10, ""style"": 5, ""variables"": {""Attack_Speed"": 0.5, ""BONUS_DAMAGE"": 0.9900000095367432, ""Kill_Bonus"": 0.25, ""Kill_Count"": 5.0, ""{0082059a}"": 0.5}}]"
Set 10,10,base,TFTSet10,14.5,Set10_PunkRock,Punk,2|4|6,"Punks gain bonus Health and Attack Damage, which increases by 1% every time you spend gold on a Shop reroll.After Punks fight in combat, your 1st Shop reroll costs 1 gold and grants @FIRST_ROLL_BONUS@% bonus instead!
(2) 180 (scaleHealth) and 18% (scaleAD)
(4) 300 (scaleHealth) and 30% (scaleAD)
(6) 420 (scaleHealth) and 42% (scaleAD)Current Bonus: @TFTUnitProperty.trait:TFT10_Punk_CurrentBonus@%@TFTUnitProperty.trait:TFT10_Punk_CurrentHealthBonus@ (scaleHealth) and @TFTUnitProperty.trait:TFT10_Punk_CurrentADBonus@% (scaleAD)","Punks gain bonus Health and Attack Damage, which increases by 1% every time you spend gold on a Shop reroll.<br><br>After Punks fight in combat, your 1st Shop reroll costs 1 gold and grants @FIRST_ROLL_BONUS@% bonus instead!<br><br><expandRow>(@MinUnits@) @BONUS_HEALTH@ %i:scaleHealth% and @BONUS_AD_AP*100@% %i:scaleAD%</expandRow><br><br>Current Bonus: @TFTUnitProperty.trait:TFT10_Punk_CurrentBonus@%<br>@TFTUnitProperty.trait:TFT10_Punk_CurrentHealthBonus@ %i:scaleHealth% and @TFTUnitProperty.trait:TFT10_Punk_CurrentADBonus@% %i:scaleAD%","[{""maxUnits"": 3, ""minUnits"": 2, ""style"": 1, ""variables"": {""BONUS_AD_AP"": 0.18000000715255737, ""BONUS_HEALTH"": 180.0, ""FIRST_ROLL_BONUS"": 3.0, ""{6f204280}"": 1.0}}, {""maxUnits"": 5, ""minUnits"": 4, ""style"": 4, ""variables"": {""BONUS_AD_AP"": 0.30000001192092896, ""BONUS_HEALTH"": 300.0, ""FIRST_ROLL_BONUS"": 3.0, ""{6f204280}"": 1.0}}, {""maxUnits"": 25000, ""minUnits"": 6, ""style"": 4, ""variables"": {""BONUS_AD_AP"": 0.41999998688697815, ""BONUS_HEALTH"": 420.0, ""FIRST_ROLL_BONUS"": 3.0, ""{6f204280}"": 1.0}}]"
Set 10,10,base,TFTSet10,14.5,Set10_Quickshot,Rapidfire,2|4|6,"Your team gains @TeamwideAttackSpeed*100@% Attack Speed.Rapidfire champions gain more on every attack, up to @MaxStacks@ stacks.
(2) 4% (scaleAS)
(4) 9% (scaleAS)
(6) 16% (scaleAS)","Your team gains @TeamwideAttackSpeed*100@% Attack Speed.<br><br>Rapidfire champions gain more on every attack, up to @MaxStacks@ stacks.<br><br><expandRow>(@MinUnits@) @PercentAS*100@% %i:scaleAS%</expandRow>","[{""maxUnits"": 3, ""minUnits"": 2, ""style"": 1, ""variables"": {""MaxStacks"": 10.0, ""PercentAS"": 0.03999999910593033, ""TeamwideAttackSpeed"": 0.10000000149011612}}, {""maxUnits"": 5, ""minUnits"": 4, ""style"": 3, ""variables"": {""MaxStacks"": 10.0, ""PercentAS"": 0.09000000357627869, ""TeamwideAttackSpeed"": 0.10000000149011612}}, {""maxUnits"": 25000, ""minUnits"": 6, ""style"": 4, ""variables"": {""MaxStacks"": 10.0, ""PercentAS"": 0.1599999964237213, ""TeamwideAttackSpeed"": 0.10000000149011612}}]"
Set 10,10,base,TFTSet10,14.5,Set10_Sentinel,Sentinel,2|4|6|8,"Your team gains Armor and Magic Resist. Sentinels gain double.
(2) 16 (scaleArmor), 16 (scaleMR)
(4) 35 (scaleArmor), 35 (scaleMR)
(6) 55 (scaleArmor), 55 (scaleMR)
(8) 100 (scaleArmor), 100 (scaleMR)","Your team gains Armor and Magic Resist. Sentinels gain double.<br><br><expandRow>(@MinUnits@) @BonusArmor@ %i:scaleArmor%, @BonusArmor@ %i:scaleMR%</expandRow>","[{""maxUnits"": 3, ""minUnits"": 2, ""style"": 1, ""variables"": {""BonusArmor"": 16.0, ""{a624ed1a}"": 32.0}}, {""maxUnits"": 5, ""minUnits"": 4, ""style"": 3, ""variables"": {""BonusArmor"": 35.0, ""{a624ed1a}"": 70.0}}, {""maxUnits"": 7, ""minUnits"": 6, ""style"": 4, ""variables"": {""BonusArmor"": 55.0, ""{a624ed1a}"": 110.0}}, {""maxUnits"": 25000, ""minUnits"": 8, ""style"": 4, ""variables"": {""BonusArmor"": 100.0, ""{a624ed1a}"": 200.0}}]"
Set 10,10,base,TFTSet10,14.5,Set10_Spellweaver,Spellweaver,3|5|7|9,"Your team gains @TeamwideAP@ Ability Power. Spellweavers gain more, plus extra Ability Power whenever a Spellweaver casts an Ability.
(3) +20 (scaleAP), +1 (scaleAP) per cast
(5) +35 (scaleAP), +2 (scaleAP) per cast
(7) +80 (scaleAP), +4 (scaleAP) per cast
(9) +130 (scaleAP), +6 (scaleAP) per cast","Your team gains @TeamwideAP@ Ability Power. Spellweavers gain more, plus extra Ability Power whenever a Spellweaver casts an Ability.<br><br><expandRow>(@MinUnits@) +@AP@ %i:scaleAP%, +@BonusAP@ %i:scaleAP% per cast</expandRow>","[{""maxUnits"": 4, ""minUnits"": 3, ""style"": 1, ""variables"": {""AP"": 20.0, ""BonusAP"": 1.0, ""TeamwideAP"": 15.0}}, {""maxUnits"": 6, ""minUnits"": 5, ""style"": 3, ""variables"": {""AP"": 35.0, ""BonusAP"": 2.0, ""TeamwideAP"": 15.0}}, {""maxUnits"": 8, ""minUnits"": 7, ""style"": 4, ""variables"": {""AP"": 80.0, ""BonusAP"": 4.0, ""TeamwideAP"": 15.0}}, {""maxUnits"": 25000, ""minUnits"": 9, ""style"": 4, ""variables"": {""AP"": 130.0, ""BonusAP"": 6.0, ""TeamwideAP"": 15.0}}]"
Set 10,10,base,TFTSet10,14.5,Set10_Superfan,Superfan,3|4|5,Superfans improve your Headliner! (@MinUnits@) Headliner gets a completed item (@MinUnits@) Headliner gets @HealthBonus@ (scaleHealth) and @OmnivampBonus*100@% Omnivamp (@MinUnits@) Item upgrades to radiantOmnivamp: Heal for percentage of damage dealt,Superfans improve your Headliner!<br><br><row> (@MinUnits@) Headliner gets a completed item</row><br><row> (@MinUnits@) Headliner gets @HealthBonus@ %i:scaleHealth% and @OmnivampBonus*100@% <TFTKeyword>Omnivamp</TFTKeyword></row><br><row> (@MinUnits@) Item upgrades to radiant</row><br><br><rules>Omnivamp: Heal for percentage of damage dealt</rules>,"[{""maxUnits"": 3, ""minUnits"": 3, ""style"": 1, ""variables"": {""HealthBonus"": 250.0, ""OmnivampBonus"": 0.15000000596046448}}, {""maxUnits"": 4, ""minUnits"": 4, ""style"": 3, ""variables"": {""HealthBonus"": 250.0, ""OmnivampBonus"": 0.15000000596046448}}, {""maxUnits"": 25000, ""minUnits"": 5, ""style"": 4, ""variables"": {""HealthBonus"": 250.0, ""OmnivampBonus"": 0.15000000596046448}}]"
Set 10,10,base,TFTSet10,14.5,Set10_TrueDamage,True Damage,2|4|6|9,"True Damage champions deal bonus true damage. If they are holding an item, they gain a unique Bling Bonus for their Ability.(@MinUnits@) @BONUS_DAMAGE*100@% damage(@MinUnits@) @BONUS_DAMAGE*100@% damage(@MinUnits@) @BONUS_DAMAGE*100@% damage(@MinUnits@) @BONUS_DAMAGE*100@% damage, Bling Bonuses go Platinum!","True Damage champions deal bonus true damage. If they are holding an item, they gain a unique Bling Bonus for their Ability.<br><br><row>(@MinUnits@) <trueDamage>@BONUS_DAMAGE*100@%</trueDamage> damage</row><br><row>(@MinUnits@) <trueDamage>@BONUS_DAMAGE*100@%</trueDamage> damage</row><br><row>(@MinUnits@) <trueDamage>@BONUS_DAMAGE*100@%</trueDamage> damage</row><br><row>(@MinUnits@) <trueDamage>@BONUS_DAMAGE*100@%</trueDamage> damage, Bling Bonuses go&nbsp;Platinum!</row>","[{""maxUnits"": 3, ""minUnits"": 2, ""style"": 1, ""variables"": {""BLING_BONUS"": 1.0, ""BONUS_DAMAGE"": 0.15000000596046448, ""{d1eaafe0}"": null}}, {""maxUnits"": 5, ""minUnits"": 4, ""style"": 3, ""variables"": {""BLING_BONUS"": 1.0, ""BONUS_DAMAGE"": 0.30000001192092896, ""{d1eaafe0}"": null}}, {""maxUnits"": 8, ""minUnits"": 6, ""style"": 4, ""variables"": {""BLING_BONUS"": 1.0, ""BONUS_DAMAGE"": 0.44999998807907104, ""{d1eaafe0}"": null}}, {""maxUnits"": 25000, ""minUnits"": 9, ""style"": 5, ""variables"": {""BLING_BONUS"": 1.0, ""BONUS_DAMAGE"": 0.9900000095367432, ""{d1eaafe0}"": 1.0}}]"
Set 10,10,base,TFTSet10,14.5,Set10_TwoSides,Wildcard,1,"(unique) If you win player combat, Kayn becomes the Shadow Assassin. If not, he becomes Rhaast. You receive a reward based on his form every time he kills @NumOfKills@ enemy champions. Shadow Assassin: @AssassinGoldPerKill@gRhaast: @RhaastPlayerHealthPerKill@ player health","(unique) If you win player combat, Kayn becomes the Shadow Assassin. If not, he becomes Rhaast. You receive a reward based on his form every time he kills @NumOfKills@ enemy champions. <br><br><TFTBonus enabled=TFT10_WildcardShadowAssassin alternate=rules>Shadow Assassin: @AssassinGoldPerKill@g</TFTBonus><br><TFTBonus enabled=TFT10_WildcardRhaast alternate=rules>Rhaast: @RhaastPlayerHealthPerKill@ player health</TFTBonus>","[{""maxUnits"": 25000, ""minUnits"": 1, ""style"": 6, ""variables"": {""AssassinGoldPerKill"": 5.0, ""NumOfKills"": 2.0, ""RhaastPlayerHealthPerKill"": 2.0}}]"
Set 11,11,base,TFTSet11,14.15,TFT11_Altruist,Altruist,2|3|4,"Altruists heal the lowest Health ally for @PercentDamageToHeal*100@% of damage they deal. Your team gains Armor and Magic Resist.
(2) 10 (scaleArmor)(scaleMR)
(3) 20 (scaleArmor)(scaleMR)
(4) 40 (scaleArmor)(scaleMR)",Altruists heal the lowest Health ally for @PercentDamageToHeal*100@% of damage they deal. Your team gains Armor and Magic Resist.<br><br><expandRow>(@MinUnits@) @Resists@&nbsp;%i:scaleArmor%%i:scaleMR%</expandRow>,"[{""maxUnits"": 2, ""minUnits"": 2, ""style"": 1, ""variables"": {""PercentDamageToHeal"": 0.15000000596046448, ""Resists"": 10.0}}, {""maxUnits"": 3, ""minUnits"": 3, ""style"": 3, ""variables"": {""PercentDamageToHeal"": 0.15000000596046448, ""Resists"": 20.0}}, {""maxUnits"": 25000, ""minUnits"": 4, ""style"": 4, ""variables"": {""PercentDamageToHeal"": 0.15000000596046448, ""Resists"": 40.0}}]"
Set 11,11,base,TFTSet11,14.15,TFT11_Arcanist,Arcanist,2|4|6|8,Arcanists gain Ability Power and grant Ability Power to allies.(@MinUnits@) @TeamAbilityPower@ (scaleAP) to all allies.(@MinUnits@) @ArcanistAbilityPower@ (scaleAP) for Arcanists; @TeamAbilityPower@ (scaleAP) for others(@MinUnits@) @ArcanistAbilityPower@ (scaleAP) for Arcanists; @TeamAbilityPower@ (scaleAP) for others(@MinUnits@) @ArcanistAbilityPower@ (scaleAP) for Arcanists; @TeamAbilityPower@ (scaleAP) for others,Arcanists gain Ability&nbsp;Power and grant Ability&nbsp;Power to allies.<br><br><row>(@MinUnits@) @TeamAbilityPower@&nbsp;%i:scaleAP% to all allies.</row><br><row>(@MinUnits@) @ArcanistAbilityPower@&nbsp;%i:scaleAP% for Arcanists; @TeamAbilityPower@&nbsp;%i:scaleAP% for others</row><br><row>(@MinUnits@) @ArcanistAbilityPower@&nbsp;%i:scaleAP% for Arcanists; @TeamAbilityPower@&nbsp;%i:scaleAP% for others</row><br><row>(@MinUnits@) @ArcanistAbilityPower@&nbsp;%i:scaleAP% for Arcanists; @TeamAbilityPower@&nbsp;%i:scaleAP% for others</row>,"[{""maxUnits"": 3, ""minUnits"": 2, ""style"": 1, ""variables"": {""ArcanistAbilityPower"": 20.0, ""TeamAbilityPower"": 20.0}}, {""maxUnits"": 5, ""minUnits"": 4, ""style"": 3, ""variables"": {""ArcanistAbilityPower"": 50.0, ""TeamAbilityPower"": 20.0}}, {""maxUnits"": 7, ""minUnits"": 6, ""style"": 4, ""variables"": {""ArcanistAbilityPower"": 90.0, ""TeamAbilityPower"": 50.0}}, {""maxUnits"": 25000, ""minUnits"": 8, ""style"": 4, ""variables"": {""ArcanistAbilityPower"": 135.0, ""TeamAbilityPower"": 135.0}}]"
Set 11,11,base,TFTSet11,14.15,TFT11_Artist,Artist,1,The Artist paints the champion you place in a special bench slot. Get a 1-star copy of the champion placed there when the Artist's work is complete.Rounds to Complete = Unit Cost,The Artist paints the champion you place in a special bench slot. Get a 1-star copy of the champion placed there when the Artist's work is complete.<br><br><TFTBonus>Rounds to Complete&nbsp;= Unit Cost</TFTBonus>,"[{""maxUnits"": 25000, ""minUnits"": 1, ""style"": 6, ""variables"": {""ExtraTurns"": null}}]"
Set 11,11,base,TFTSet11,14.15,TFT11_Behemoth,Behemoth,2|4|6|8,"Behemoths gain increased Armor and Magic Resist. Whenever a Behemoth dies, the nearest Behemoth gains @BonusPercent*100@% more for @Duration@ seconds.
(2) 25 (scaleArmor)(scaleMR)
(4) 55 (scaleArmor)(scaleMR)
(6) 85 (scaleArmor)(scaleMR)
(8) 115 (scaleArmor)(scaleMR)","Behemoths gain increased Armor and Magic&nbsp;Resist. Whenever a Behemoth dies, the nearest Behemoth gains @BonusPercent*100@% more for @Duration@ seconds.<br><br><expandRow>(@MinUnits@) @Defenses@&nbsp;%i:scaleArmor%%i:scaleMR%</expandRow><br>","[{""maxUnits"": 3, ""minUnits"": 2, ""style"": 1, ""variables"": {""BonusPercent"": 0.5, ""Defenses"": 25.0, ""Duration"": 8.0, ""{2af8e84f}"": 1.0}}, {""maxUnits"": 5, ""minUnits"": 4, ""style"": 3, ""variables"": {""BonusPercent"": 0.5, ""Defenses"": 55.0, ""Duration"": 8.0, ""{2af8e84f}"": 1.0}}, {""maxUnits"": 7, ""minUnits"": 6, ""style"": 4, ""variables"": {""BonusPercent"": 0.5, ""Defenses"": 85.0, ""Duration"": 8.0, ""{2af8e84f}"": 1.0}}, {""maxUnits"": 25000, ""minUnits"": 8, ""style"": 4, ""variables"": {""BonusPercent"": 0.5, ""Defenses"": 115.0, ""Duration"": 8.0, ""{2af8e84f}"": 1.0}}]"
Set 11,11,base,TFTSet11,14.15,TFT11_Bruiser,Bruiser,2|4|6|8,"Your team gains @TeamBonusHealth@ maximum Health. Bruisers gain additional maximum Health. (@MinUnits@) @BonusPercentHealth*100@% (scaleHealth)(@MinUnits@) @BonusPercentHealth*100@% (scaleHealth)(@MinUnits@) @BonusPercentHealth*100@% (scaleHealth)(@MinUnits@) @BonusPercentHealth*100@% (scaleHealth); Every @RefreshSeconds@ seconds, Bruisers deal @SlamPercentHealth*100@% (scaleHealth) bonus physical damage on their next attack.","Your team gains @TeamBonusHealth@ maximum Health. Bruisers gain additional maximum Health. <br><br><row>(@MinUnits@) @BonusPercentHealth*100@%&nbsp;%i:scaleHealth%</row><br><row>(@MinUnits@) @BonusPercentHealth*100@%&nbsp;%i:scaleHealth%</row><br><row>(@MinUnits@) @BonusPercentHealth*100@%&nbsp;%i:scaleHealth%</row><br><row>(@MinUnits@) @BonusPercentHealth*100@%&nbsp;%i:scaleHealth%; Every @RefreshSeconds@&nbsp;seconds, Bruisers deal @SlamPercentHealth*100@%&nbsp;%i:scaleHealth% bonus physical&nbsp;damage on their next attack.</row>","[{""maxUnits"": 3, ""minUnits"": 2, ""style"": 1, ""variables"": {""BonusPercentHealth"": 0.20000000298023224, ""RefreshSeconds"": 3.0, ""SlamPercentHealth"": null, ""TeamBonusHealth"": 100.0}}, {""maxUnits"": 5, ""minUnits"": 4, ""style"": 3, ""variables"": {""BonusPercentHealth"": 0.4000000059604645, ""RefreshSeconds"": 3.0, ""SlamPercentHealth"": null, ""TeamBonusHealth"": 100.0}}, {""maxUnits"": 7, ""minUnits"": 6, ""style"": 3, ""variables"": {""BonusPercentHealth"": 0.6499999761581421, ""RefreshSeconds"": 3.0, ""SlamPercentHealth"": null, ""TeamBonusHealth"": 100.0}}, {""maxUnits"": 25000, ""minUnits"": 8, ""style"": 4, ""variables"": {""BonusPercentHealth"": 0.800000011920929, ""RefreshSeconds"": 3.0, ""SlamPercentHealth"": 0.05999999865889549, ""TeamBonusHealth"": 100.0}}]"
Set 11,11,base,TFTSet11,14.15,TFT11_Dragonlord,Dragonlord,2|3|4|5,"After @FirstDelay@ seconds of combat, the Dragon strikes the board, dealing true damage to enemies and granting all allies Attack Speed for the rest of combat.(@MinUnits@) @TrueDamageHPRatio*100@% (scaleHealth) damage, @AttackSpeedBuff*100@% (scaleAS).(@MinUnits@) @TrueDamageHPRatio*100@% (scaleHealth) damage, @AttackSpeedBuff*100@% (scaleAS).(@MinUnits@) @TrueDamageHPRatio*100@% (scaleHealth) damage and Stuns for @StunDuration@ seconds.(@MinUnits@) @TrueDamageHPRatio*100@% (scaleHealth) damage, @AttackSpeedBuff*100@% (scaleAS).","After @FirstDelay@ seconds of combat, the Dragon strikes the board, dealing true damage to enemies and granting all allies Attack Speed for the rest of combat.<br><br><row>(@MinUnits@) <trueDamage>@TrueDamageHPRatio*100@%&nbsp;%i:scaleHealth%</trueDamage> damage, @AttackSpeedBuff*100@% %i:scaleAS%.</row><br><row>(@MinUnits@) <trueDamage>@TrueDamageHPRatio*100@%&nbsp;%i:scaleHealth%</trueDamage> damage, @AttackSpeedBuff*100@% %i:scaleAS%.</row><br><row>(@MinUnits@) <trueDamage>@TrueDamageHPRatio*100@%&nbsp;%i:scaleHealth%</trueDamage> damage and Stuns for @StunDuration@ seconds.</row><br><row>(@MinUnits@) <trueDamage>@TrueDamageHPRatio*100@%&nbsp;%i:scaleHealth%</trueDamage> damage, @AttackSpeedBuff*100@% %i:scaleAS%.</row>","[{""maxUnits"": 2, ""minUnits"": 2, ""style"": 1, ""variables"": {""ASDuration"": 60.0, ""AttackSpeedBuff"": 0.11999999731779099, ""FirstDelay"": 8.0, ""TrueDamageHPRatio"": 0.05000000074505806, ""{81ce23cf}"": 1.0}}, {""maxUnits"": 3, ""minUnits"": 3, ""style"": 3, ""variables"": {""ASDuration"": 60.0, ""AttackSpeedBuff"": 0.18000000715255737, ""FirstDelay"": 8.0, ""StunDuration"": 1.25, ""TrueDamageHPRatio"": 0.10000000149011612, ""{81ce23cf}"": 2.0}}, {""maxUnits"": 4, ""minUnits"": 4, ""style"": 3, ""variables"": {""ASDuration"": 60.0, ""AttackSpeedBuff"": 0.18000000715255737, ""FirstDelay"": 8.0, ""StunDuration"": 1.5, ""TrueDamageHPRatio"": 0.10000000149011612, ""{81ce23cf}"": 3.0}}, {""maxUnits"": 25000, ""minUnits"": 5, ""style"": 4, ""variables"": {""ASDuration"": 60.0, ""AttackSpeedBuff"": 0.44999998807907104, ""FirstDelay"": 8.0, ""StunDuration"": 1.5, ""TrueDamageHPRatio"": 0.15000000596046448, ""{81ce23cf}"": 3.0}}]"
Set 11,11,base,TFTSet11,14.15,TFT11_Dryad,Dryad,2|4|6,"Dryads gain Ability Power and @StartingHealth@ Health. Each enemy death grants permanent additional Health.
(2) 15 (scaleAP); 3 (scaleHealth) per enemy death
(4) 30 (scaleAP); 7 (scaleHealth) per enemy death
(6) 55 (scaleAP); 10 (scaleHealth) per enemy death(Total health: @TFTUnitProperty.trait:TFT11_Trait_DryadHealth@ (scaleHealth))(Enemies killed: @TFTUnitProperty.trait:TFT11_Trait_DryadCompost@)",Dryads gain Ability Power and @StartingHealth@ Health. Each enemy death grants permanent additional Health.<br><br><expandRow>(@MinUnits@) @AP@&nbsp;%i:scaleAP%; @HealthPerCompost@&nbsp;%i:scaleHealth% per enemy death</expandRow><br><br><TFTTrackerLabel>(Total health: @TFTUnitProperty.trait:TFT11_Trait_DryadHealth@&nbsp;%i:scaleHealth%)</TFTTrackerLabel><br><TFTTrackerLabel>(Enemies killed: @TFTUnitProperty.trait:TFT11_Trait_DryadCompost@)</TFTTrackerLabel><br>,"[{""maxUnits"": 3, ""minUnits"": 2, ""style"": 1, ""variables"": {""AP"": 15.0, ""Duration"": 4.0, ""HealthPerCompost"": 3.0, ""HealthPerCompostHR"": 4.0, ""StartingHealth"": 150.0, ""StartingHealthHR"": 150.0}}, {""maxUnits"": 5, ""minUnits"": 4, ""style"": 4, ""variables"": {""AP"": 30.0, ""Duration"": 4.0, ""HealthPerCompost"": 7.0, ""HealthPerCompostHR"": 12.0, ""StartingHealth"": 150.0, ""StartingHealthHR"": 150.0}}, {""maxUnits"": 25000, ""minUnits"": 6, ""style"": 4, ""variables"": {""AP"": 55.0, ""Duration"": 4.0, ""HealthPerCompost"": 10.0, ""HealthPerCompostHR"": 20.0, ""StartingHealth"": 150.0, ""StartingHealthHR"": 150.0}}]"
Set 11,11,base,TFTSet11,14.15,TFT11_Duelist,Duelist,2|4|6|8,"Duelists gain Attack Speed on each attack, stacking up to @MaxStacks@ times.(@MinUnits@) @AttackSpeedPercent*100@% (scaleAS)(@MinUnits@) @AttackSpeedPercent*100@% (scaleAS)(@MinUnits@) @AttackSpeedPercent*100@% (scaleAS); Duelists take @DamageReduction*100@% less damage(@MinUnits@) @AttackSpeedPercent*100@% (scaleAS); Duelists take @DamageReduction*100@% less damage","Duelists gain Attack&nbsp;Speed on each attack, stacking up to @MaxStacks@&nbsp;times.<br><br><row>(@MinUnits@) @AttackSpeedPercent*100@%&nbsp;%i:scaleAS%</row><br><row>(@MinUnits@) @AttackSpeedPercent*100@%&nbsp;%i:scaleAS%</row><br><row>(@MinUnits@) @AttackSpeedPercent*100@%&nbsp;%i:scaleAS%; Duelists take @DamageReduction*100@%&nbsp;less damage</row><br><row>(@MinUnits@) @AttackSpeedPercent*100@%&nbsp;%i:scaleAS%; Duelists take @DamageReduction*100@%&nbsp;less damage</row>","[{""maxUnits"": 3, ""minUnits"": 2, ""style"": 1, ""variables"": {""AttackSpeedPercent"": 0.05000000074505806, ""DamageReduction"": null, ""MaxStacks"": 12.0}}, {""maxUnits"": 5, ""minUnits"": 4, ""style"": 3, ""variables"": {""AttackSpeedPercent"": 0.09000000357627869, ""DamageReduction"": null, ""MaxStacks"": 12.0}}, {""maxUnits"": 7, ""minUnits"": 6, ""style"": 4, ""variables"": {""AttackSpeedPercent"": 0.12999999523162842, ""DamageReduction"": 0.11999999731779099, ""MaxStacks"": 12.0}}, {""maxUnits"": 25000, ""minUnits"": 8, ""style"": 4, ""variables"": {""AttackSpeedPercent"": 0.18000000715255737, ""DamageReduction"": 0.18000000715255737, ""MaxStacks"": 12.0}}]"
Set 11,11,base,TFTSet11,14.15,TFT11_Exalted,Exalted,3|5,"Your team gains @BaseDamageAmp@% bonus damage, plus more based on your level.After combat, store XP in a Soul Core. Sell the Core to claim the XP.(@MinUnits@) @DamageAmpPerLevel@% damage per level, @BaseAmountXP@ XP.(@MinUnits@) @DamageAmpPerLevel@% damage per level, @BaseAmountXP@ XP.(Current bonus: @TFTUnitProperty.trait:TFT11_Trait_Exalted_CurrentBonus@%). Each game a different set of units is Exalted.","Your team gains @BaseDamageAmp@% bonus damage, plus more based on your level.<br><br>After combat, store XP in a Soul Core. Sell the Core to claim the XP.<br><br><row>(@MinUnits@) @DamageAmpPerLevel@% damage per level, @BaseAmountXP@ XP.</row><br><row>(@MinUnits@) @DamageAmpPerLevel@% damage per level, @BaseAmountXP@ XP.</row><br><br>(<TFTBonus>Current bonus: @TFTUnitProperty.trait:TFT11_Trait_Exalted_CurrentBonus@%</TFTBonus>). <br><br><rules>Each game a different set of units is Exalted.</rules>","[{""maxUnits"": 4, ""minUnits"": 3, ""style"": 3, ""variables"": {""BaseAmountXP"": 1.0, ""BaseDamageAmp"": 7.0, ""DamageAmpPerLevel"": 1.0, ""HRGold"": 2.0, ""{ca5fd6df}"": 1.0}}, {""maxUnits"": 25000, ""minUnits"": 5, ""style"": 4, ""variables"": {""BaseAmountXP"": 2.0, ""BaseDamageAmp"": 7.0, ""DamageAmpPerLevel"": 3.0, ""HRGold"": 4.0, ""{ca5fd6df}"": 3.0}}]"
Set 11,11,base,TFTSet11,14.15,TFT11_Fated,Fated,3|5|7|10,Hover one Fated unit over another to form a pair and unlock a Fated Bonus. Your pair gains @PairHPBonus*100@% (scaleHealth).(@MinUnits@) Pair gets the Fated Bonus. (@MinUnits@) All Fated champions get @BondIncreasePercent*100@% of the Fated Bonus (@MinUnits@) All Fated champions get @BondIncreasePercent*100@% of the Fated Bonus (@MinUnits@) All Fated champions gain @BondIncreasePercent*100@% of EVERY Fated Bonus,Hover one Fated unit over another to form a pair and unlock a <TFTBonus>Fated Bonus</TFTBonus>. Your pair gains @PairHPBonus*100@% %i:scaleHealth%.<br><br><row>(@MinUnits@) Pair gets the Fated Bonus. </row><br><row>(@MinUnits@) All Fated champions get @BondIncreasePercent*100@% of the Fated Bonus </row><br><row>(@MinUnits@) All Fated champions get @BondIncreasePercent*100@% of the Fated Bonus </row><br><row>(@MinUnits@) All Fated champions gain @BondIncreasePercent*100@% of EVERY Fated Bonus </row>,"[{""maxUnits"": 4, ""minUnits"": 3, ""style"": 1, ""variables"": {""BondIncreasePercent"": 1.0, ""PairHPBonus"": 0.20000000298023224, ""{55f4e448}"": 0.20000000298023224, ""{89fffd48}"": 1.0, ""{f75cc2d4}"": null}}, {""maxUnits"": 6, ""minUnits"": 5, ""style"": 3, ""variables"": {""BondIncreasePercent"": 2.0, ""PairHPBonus"": 0.20000000298023224, ""{55f4e448}"": 0.20000000298023224, ""{89fffd48}"": 1.0, ""{f75cc2d4}"": 1.0}}, {""maxUnits"": 9, ""minUnits"": 7, ""style"": 4, ""variables"": {""BondIncreasePercent"": 3.0, ""PairHPBonus"": 0.20000000298023224, ""{55f4e448}"": 0.20000000298023224, ""{89fffd48}"": 1.0, ""{f75cc2d4}"": 1.0}}, {""maxUnits"": 25000, ""minUnits"": 10, ""style"": 5, ""variables"": {""BondIncreasePercent"": 3.0, ""PairHPBonus"": 0.20000000298023224, ""{55f4e448}"": 0.20000000298023224, ""{89fffd48}"": 1.0, ""{f75cc2d4}"": 1.0}}]"
Set 11,11,base,TFTSet11,14.15,TFT11_Fortune,Fortune,3|5|7,"When you lose a player combat, gain Luck. The more fights in a row you lose, the more Luck you get.Lose Luck when you win. (@MinUnits@) Roll a die; in that many player combats, hold a Festival where you may convert your Luck into rewards.(@MinUnits@) Heal @Heal@ player health at the start of each player combat. @TFTUnitProperty.:TFT11_Trait_Fortune7Tooltip@Each Festival, roll a new die.","When you lose a player combat, gain Luck. The more fights in a row you lose, the more Luck you get.<br><br>Lose Luck when you win. <br><br><row>(@MinUnits@) Roll a die; in that many player combats, hold a Festival where you may convert your Luck into rewards.</row><br><row>(@MinUnits@) Heal @Heal@ player health at the start of each player combat. </row><br><row>@TFTUnitProperty.:TFT11_Trait_Fortune7Tooltip@</row><br><br><rules>Each Festival, roll a new die.</rules>","[{""maxUnits"": 4, ""minUnits"": 3, ""style"": 1, ""variables"": {""Heal"": null, ""HealDU"": null, ""HealHR"": null, ""WinPenalty"": 0.10000000149011612, ""{02dd7588}"": 5.0, ""{03dd771b}"": 4.0, ""{04dd78ae}"": 4.0, ""{05dd7a41}"": 3.0, ""{06dd7bd4}"": 3.0, ""{07dd7d67}"": 1.0, ""{1483b8b4}"": 1.0, ""{15b17b97}"": null, ""{7b8c990e}"": 6.0}}, {""maxUnits"": 6, ""minUnits"": 5, ""style"": 4, ""variables"": {""Heal"": 2.0, ""HealDU"": 1.0, ""HealHR"": 1.0, ""WinPenalty"": 0.10000000149011612, ""{02dd7588}"": 5.0, ""{03dd771b}"": 4.0, ""{04dd78ae}"": 4.0, ""{05dd7a41}"": 3.0, ""{06dd7bd4}"": 3.0, ""{07dd7d67}"": 1.0, ""{1483b8b4}"": 1.0, ""{15b17b97}"": null, ""{7b8c990e}"": 6.0}}, {""maxUnits"": 25000, ""minUnits"": 7, ""style"": 4, ""variables"": {""Heal"": 2.0, ""HealDU"": 1.0, ""HealHR"": 1.0, ""WinPenalty"": null, ""{02dd7588}"": 5.0, ""{03dd771b}"": 4.0, ""{04dd78ae}"": 4.0, ""{05dd7a41}"": 3.0, ""{06dd7bd4}"": 3.0, ""{07dd7d67}"": 1.0, ""{1483b8b4}"": 1.0, ""{7b8c990e}"": 1.0, ""{ac1f138b}"": 12.0}}]"
Set 11,11,base,TFTSet11,14.15,TFT11_Ghostly,Ghostly,2|4|6|8,"Upon dealing or taking damage @NumInstances@ times, Ghostly units send @NumSpectres@ spectres to haunt nearby enemies and heal @HealingPercent*100@% max Health every @TickRate@ seconds. Haunted enemies take bonus damage for each spectre on them, and pass spectres on death.
(2) 5% per spectre
(4) 10% per spectre
(6) 16% per spectre
(8) 36% per spectre","Upon dealing or taking damage @NumInstances@ times, Ghostly units send @NumSpectres@ spectres to haunt nearby enemies and heal @HealingPercent*100@%&nbsp;max Health every @TickRate@ seconds. <br><br>Haunted enemies take bonus damage for each spectre on them, and pass spectres on death.<br><br><expandRow>(@MinUnits@) @DamagePercent*100@% per spectre</expandRow>","[{""maxUnits"": 3, ""minUnits"": 2, ""style"": 1, ""variables"": {""DamagePercent"": 0.05000000074505806, ""HealingPercent"": 0.019999999552965164, ""NumInstances"": 5.0, ""NumSpectres"": 2.0, ""TickRate"": 2.0}}, {""maxUnits"": 5, ""minUnits"": 4, ""style"": 3, ""variables"": {""DamagePercent"": 0.10000000149011612, ""HealingPercent"": 0.019999999552965164, ""NumInstances"": 5.0, ""NumSpectres"": 2.0, ""TickRate"": 2.0}}, {""maxUnits"": 7, ""minUnits"": 6, ""style"": 4, ""variables"": {""DamagePercent"": 0.1599999964237213, ""HealingPercent"": 0.019999999552965164, ""NumInstances"": 5.0, ""NumSpectres"": 2.0, ""TickRate"": 2.0}}, {""maxUnits"": 25000, ""minUnits"": 8, ""style"": 4, ""variables"": {""DamagePercent"": 0.36000001430511475, ""HealingPercent"": 0.019999999552965164, ""NumInstances"": 5.0, ""NumSpectres"": 2.0, ""TickRate"": 2.0}}]"
Set 11,11,base,TFTSet11,14.15,TFT11_Great,Great,1,"Every @CastCount@ casts, Wukong grows his weapon, modifying his Abilities.","Every @CastCount@ casts, Wukong grows his weapon, modifying his Abilities.","[{""maxUnits"": 25000, ""minUnits"": 1, ""style"": 6, ""variables"": {""CastCount"": 3.0}}]"
Set 11,11,base,TFTSet11,14.15,TFT11_Heavenly,Heavenly,2|3|4|5|6|7,"Heavenly units grant unique stats to your team, increased for each Heavenly unit in play. Heavenly units gain @SelfishHeavenlyBonus*100@% more.
(2) 100% bonus.
(3) 110% bonus.
(4) 125% bonus.
(5) 145% bonus.
(6) 170% bonus.
(7) 200% bonus.Kha'Zix - (scaleCrit) @TFTUnitProperty.trait:TFT11_Trait_Heavenly_Crit@%Malphite - (scaleArmor) (scaleMR) @TFTUnitProperty.trait:TFT11_Trait_Heavenly_Defenses@Neeko - (scaleHealth) @TFTUnitProperty.trait:TFT11_Trait_Heavenly_Health@Qiyana - (scaleAD) @TFTUnitProperty.trait:TFT11_Trait_Heavenly_AD@%Soraka - (scaleAP) @TFTUnitProperty.trait:TFT11_Trait_Heavenly_AP@%Wukong - (scaleAS) @TFTUnitProperty.trait:TFT11_Trait_Heavenly_AS@%Emblem - Omnivamp @TFTUnitProperty.trait:TFT11_Trait_Heavenly_Omnivamp@%","Heavenly units grant unique stats to your team, increased for each Heavenly unit in play. <br><br>Heavenly units gain @SelfishHeavenlyBonus*100@% more.<br><br><expandRow>(@MinUnits@) <TFTGuildActive>@HeavenlyBonus*100@%</TFTGuildActive>&nbsp;bonus.</expandRow><br><br><TFTGuildActive enabled=TFT11_Trait_Heavenly_ActiveCrit alternate=TFTGuildInactive>Kha'Zix - </TFTGuildActive>&nbsp;%i:scaleCrit% <spellActive enabled=TFT11_Trait_Heavenly_ActiveCrit alternate=TFTGuildInactive>@TFTUnitProperty.trait:TFT11_Trait_Heavenly_Crit@%</spellActive><br><TFTGuildActive enabled=TFT11_Trait_Heavenly_ActiveDefenses alternate=TFTGuildInactive>Malphite - </TFTGuildActive>&nbsp;%i:scaleArmor%&nbsp;%i:scaleMR% <spellActive enabled=TFT11_Trait_Heavenly_ActiveDefenses alternate=TFTGuildInactive>@TFTUnitProperty.trait:TFT11_Trait_Heavenly_Defenses@</spellActive><br><TFTGuildActive enabled=TFT11_Trait_Heavenly_ActiveHealth alternate=TFTGuildInactive>Neeko - </TFTGuildActive>&nbsp;%i:scaleHealth% <spellActive enabled=TFT11_Trait_Heavenly_ActiveHealth alternate=TFTGuildInactive>@TFTUnitProperty.trait:TFT11_Trait_Heavenly_Health@</spellActive><br><TFTGuildActive enabled=TFT11_Trait_Heavenly_ActiveAttackDamage alternate=TFTGuildInactive>Qiyana - </TFTGuildActive>&nbsp;%i:scaleAD% <spellActive enabled=TFT11_Trait_Heavenly_ActiveAttackDamage alternate=TFTGuildInactive>@TFTUnitProperty.trait:TFT11_Trait_Heavenly_AD@%</spellActive><br><TFTGuildActive enabled=TFT11_Trait_Heavenly_ActiveAP alternate=TFTGuildInactive>Soraka - </TFTGuildActive>&nbsp;%i:scaleAP% <spellActive enabled=TFT11_Trait_Heavenly_ActiveAP alternate=TFTGuildInactive>@TFTUnitProperty.trait:TFT11_Trait_Heavenly_AP@%</spellActive><br><TFTGuildActive enabled=TFT11_Trait_Heavenly_ActiveAttackSpeed alternate=TFTGuildInactive>Wukong - </TFTGuildActive>&nbsp;%i:scaleAS% <spellActive enabled=TFT11_Trait_Heavenly_ActiveAttackSpeed alternate=TFTGuildInactive>@TFTUnitProperty.trait:TFT11_Trait_Heavenly_AS@%</spellActive><br><TFTGuildActive enabled=TFT11_Trait_Heavenly_ActiveOmnivamp alternate=TFTGuildInactive>Emblem - &nbsp;Omnivamp </TFTGuildActive><spellActive enabled=TFT11_Trait_Heavenly_ActiveOmnivamp alternate=TFTGuildInactive>@TFTUnitProperty.trait:TFT11_Trait_Heavenly_Omnivamp@%</spellActive>","[{""maxUnits"": 2, ""minUnits"": 2, ""style"": 1, ""variables"": {""HeavenlyBonus"": 1.0, ""SelfishHeavenlyBonus"": 0.699999988079071, ""{13f889ae}"": 1.0, ""{19e47528}"": 10.0, ""{26ac6bc4}"": 1.0, ""{3c9e3624}"": 5.0, ""{414a2beb}"": 10.0, ""{4803a4eb}"": 10.0, ""{912546f4}"": 10.0, ""{a8a84fe9}"": 60.0, ""{f82ecbac}"": 8.0}}, {""maxUnits"": 3, ""minUnits"": 3, ""style"": 3, ""variables"": {""HeavenlyBonus"": 1.100000023841858, ""SelfishHeavenlyBonus"": 0.699999988079071, ""{13f889ae}"": 1.0, ""{19e47528}"": 10.0, ""{26ac6bc4}"": 1.0, ""{3c9e3624}"": 5.0, ""{414a2beb}"": 10.0, ""{4803a4eb}"": 10.0, ""{912546f4}"": 10.0, ""{a8a84fe9}"": 60.0, ""{f82ecbac}"": 8.0}}, {""maxUnits"": 4, ""minUnits"": 4, ""style"": 3, ""variables"": {""HeavenlyBonus"": 1.25, ""SelfishHeavenlyBonus"": 0.699999988079071, ""{13f889ae}"": 1.0, ""{19e47528}"": 10.0, ""{26ac6bc4}"": 1.0, ""{3c9e3624}"": 5.0, ""{414a2beb}"": 10.0, ""{4803a4eb}"": 10.0, ""{912546f4}"": 10.0, ""{a8a84fe9}"": 60.0, ""{f82ecbac}"": 8.0}}, {""maxUnits"": 5, ""minUnits"": 5, ""style"": 3, ""variables"": {""HeavenlyBonus"": 1.4500000476837158, ""SelfishHeavenlyBonus"": 0.699999988079071, ""{13f889ae}"": 1.0, ""{19e47528}"": 10.0, ""{26ac6bc4}"": 1.0, ""{3c9e3624}"": 5.0, ""{414a2beb}"": 10.0, ""{4803a4eb}"": 10.0, ""{912546f4}"": 10.0, ""{a8a84fe9}"": 60.0, ""{f82ecbac}"": 8.0}}, {""maxUnits"": 6, ""minUnits"": 6, ""style"": 4, ""variables"": {""HeavenlyBonus"": 1.7000000476837158, ""SelfishHeavenlyBonus"": 0.699999988079071, ""{13f889ae}"": 1.0, ""{19e47528}"": 10.0, ""{26ac6bc4}"": 1.0, ""{3c9e3624}"": 5.0, ""{414a2beb}"": 10.0, ""{4803a4eb}"": 10.0, ""{912546f4}"": 10.0, ""{a8a84fe9}"": 60.0, ""{f82ecbac}"": 8.0}}, {""maxUnits"": 25000, ""minUnits"": 7, ""style"": 4, ""variables"": {""HeavenlyBonus"": 2.0, ""SelfishHeavenlyBonus"": 0.699999988079071, ""{13f889ae}"": 1.0, ""{19e47528}"": 10.0, ""{26ac6bc4}"": 1.0, ""{3c9e3624}"": 5.0, ""{414a2beb}"": 10.0, ""{4803a4eb}"": 10.0, ""{912546f4}"": 10.0, ""{a8a84fe9}"": 60.0, ""{f82ecbac}"": 8.0}}]"
Set 11,11,base,TFTSet11,14.15,TFT11_InkShadow,Inkshadow,3|5|7,"Gain unique Inkshadow items. Inkshadow champions gain @PercentBuff@% bonus damage and damage reduction.(@MinUnits@) @TFTUnitProperty.trait:TFT11_Trait_Inkshadow_Item1@(@MinUnits@) @TFTUnitProperty.trait:TFT11_Trait_Inkshadow_Item2@ and @IncreasedPercentBuff@% more bonus damage and damage reduction (@MinUnits@) @TFTUnitProperty.trait:TFT11_Trait_Inkshadow_Item3@, @TFTUnitProperty.trait:TFT11_Trait_Inkshadow_Item4@, and @IncreasedPercentBuff@% more bonus damage and damage reduction.","Gain unique Inkshadow items. Inkshadow champions gain @PercentBuff@% bonus damage and damage reduction.<br><br><row>(@MinUnits@) @TFTUnitProperty.trait:TFT11_Trait_Inkshadow_Item1@</row><br><row>(@MinUnits@) @TFTUnitProperty.trait:TFT11_Trait_Inkshadow_Item2@ and @IncreasedPercentBuff@% more bonus damage and damage reduction </row><br><row>(@MinUnits@) @TFTUnitProperty.trait:TFT11_Trait_Inkshadow_Item3@, @TFTUnitProperty.trait:TFT11_Trait_Inkshadow_Item4@, and @IncreasedPercentBuff@% more bonus damage and damage reduction.</row>","[{""maxUnits"": 4, ""minUnits"": 3, ""style"": 1, ""variables"": {""IncreasedPercentBuff"": null, ""PercentBuff"": 5.0, ""{5ff50860}"": 1.0}}, {""maxUnits"": 6, ""minUnits"": 5, ""style"": 3, ""variables"": {""IncreasedPercentBuff"": 11.0, ""PercentBuff"": 5.0, ""{5ff50860}"": 2.0}}, {""maxUnits"": 25000, ""minUnits"": 7, ""style"": 4, ""variables"": {""IncreasedPercentBuff"": 17.0, ""PercentBuff"": 5.0, ""{5ff50860}"": 4.0}}]"
Set 11,11,base,TFTSet11,14.15,TFT11_Invoker,Invoker,2|4|6,"Every @TickRate@ seconds, your units gain Mana.(@MinUnits@) @TeamMana@ (scaleMana) to all allies.(@MinUnits@) @InvokerMana@ (scaleMana) to Invokers; @TeamMana@ (scaleMana) to others.(@MinUnits@) @InvokerMana@ (scaleMana) to Invokers; @TeamMana@ (scaleMana) to others.","Every @TickRate@ seconds, your units gain Mana.<br><br><row>(@MinUnits@) @TeamMana@&nbsp;%i:scaleMana% to all allies.</row><br><row>(@MinUnits@) @InvokerMana@&nbsp;%i:scaleMana% to Invokers; @TeamMana@&nbsp;%i:scaleMana% to others.</row><br><row>(@MinUnits@) @InvokerMana@&nbsp;%i:scaleMana% to Invokers; @TeamMana@&nbsp;%i:scaleMana% to others.</row>","[{""maxUnits"": 3, ""minUnits"": 2, ""style"": 1, ""variables"": {""InvokerMana"": 5.0, ""TeamAP"": null, ""TeamMana"": 5.0, ""TickRate"": 3.0}}, {""maxUnits"": 5, ""minUnits"": 4, ""style"": 3, ""variables"": {""InvokerMana"": 20.0, ""TeamAP"": null, ""TeamMana"": 5.0, ""TickRate"": 3.0}}, {""maxUnits"": 25000, ""minUnits"": 6, ""style"": 4, ""variables"": {""InvokerMana"": 35.0, ""TeamAP"": null, ""TeamMana"": 20.0, ""TickRate"": 3.0}}]"
Set 11,11,base,TFTSet11,14.15,TFT11_Lovers,Lovers,1,"Change which Lover takes the field depending on whether they are placed in the front or back 2 rows. When the fielded Lover casts, the other provides a bonus effect.Front: Altruist RakanBack: Trickshot Xayah","Change which Lover takes the field depending on whether they are placed in the front or back 2 rows. <br><br>When the fielded Lover casts, the other provides a bonus&nbsp;effect.<br><br>Front: Altruist Rakan<br>Back: Trickshot Xayah","[{""maxUnits"": 1, ""minUnits"": 1, ""style"": 6, ""variables"": {""{034c4dbb}"": 1500.0, ""{2c6cd0ff}"": 200.0, ""{6f3d98c0}"": 1000.0, ""{73f5f8da}"": 200.0, ""{91da68d9}"": 300.0, ""{9e4b847c}"": 3.0, ""{ce0fa894}"": 150.0}}]"
Set 11,11,base,TFTSet11,14.15,TFT11_Mythic,Mythic,3|5|7|10,"Mythic champions gain Health, Ability Power, and Attack Damage.After 4 player combats, they become Epic, increasing the bonus by @Multiplier*100@%.(@MinUnits@) +@HealthPct*100@% (scaleHealth), @AP@% (scaleAP)(scaleAD)(@MinUnits@) +@HealthPct*100@% (scaleHealth), @AP@% (scaleAP)(scaleAD)(@MinUnits@) +@HealthPct*100@% (scaleHealth), @AP@% (scaleAP)(scaleAD)(@MinUnits@) Instantly become Epic. The bonus is increased by @PrismaticMultiplier*100@% instead.","Mythic champions gain Health, Ability Power, and Attack Damage.<br><br>After 4 player combats, they become Epic, increasing the bonus by @Multiplier*100@%.<br><br><row>(@MinUnits@) +@HealthPct*100@%&nbsp;%i:scaleHealth%, @AP@%&nbsp;%i:scaleAP%%i:scaleAD%</row><br><row>(@MinUnits@) +@HealthPct*100@%&nbsp;%i:scaleHealth%, @AP@%&nbsp;%i:scaleAP%%i:scaleAD%</row><br><row>(@MinUnits@) +@HealthPct*100@%&nbsp;%i:scaleHealth%, @AP@%&nbsp;%i:scaleAP%%i:scaleAD%</row><br><row>(@MinUnits@) Instantly become Epic. The bonus is increased by @PrismaticMultiplier*100@% instead.</row>","[{""maxUnits"": 4, ""minUnits"": 3, ""style"": 1, ""variables"": {""AP"": 11.0, ""HealthPct"": 0.07999999821186066, ""Multiplier"": 0.5}}, {""maxUnits"": 6, ""minUnits"": 5, ""style"": 3, ""variables"": {""AP"": 22.0, ""HealthPct"": 0.18000000715255737, ""Multiplier"": 0.5}}, {""maxUnits"": 9, ""minUnits"": 7, ""style"": 4, ""variables"": {""AP"": 35.0, ""HealthPct"": 0.25, ""Multiplier"": 0.5}}, {""maxUnits"": 25000, ""minUnits"": 10, ""style"": 5, ""variables"": {""AP"": 35.0, ""HealthPct"": 0.25, ""Multiplier"": 0.5, ""PrismaticMultiplier"": 2.5}}]"
Set 11,11,base,TFTSet11,14.15,TFT11_Porcelain,Porcelain,2|4|6,"After casting, Porcelain champions boil, gaining Attack Speed and taking less damage for @Duration@ seconds.
(2) 30% (scaleAS); 20% reduced damage
(4) 55% (scaleAS); 33% reduced damage
(6) 100% (scaleAS); 50% reduced damage","After casting, Porcelain champions boil, gaining Attack Speed and taking less damage for @Duration@&nbsp;seconds.<br><br><expandRow>(@MinUnits@) @AS*100@%&nbsp;%i:scaleAS%; @DR*100@%&nbsp;reduced damage</expandRow><br>","[{""maxUnits"": 3, ""minUnits"": 2, ""style"": 1, ""variables"": {""AS"": 0.30000001192092896, ""DR"": 0.20000000298023224, ""Duration"": 4.0}}, {""maxUnits"": 5, ""minUnits"": 4, ""style"": 4, ""variables"": {""AS"": 0.550000011920929, ""DR"": 0.33000001311302185, ""Duration"": 4.0}}, {""maxUnits"": 25000, ""minUnits"": 6, ""style"": 4, ""variables"": {""AS"": 1.0, ""DR"": 0.5, ""Duration"": 4.0}}]"
Set 11,11,base,TFTSet11,14.15,TFT11_Reaper,Reaper,2|4,"(@MinUnits@) Reapers' Abilities can critically strike and they gain @CritChance*100@% Critical Strike Chance.(@MinUnits@) Additionally, Reapers bleed enemies for @BleedDamage*100@% bonus true damage over @Duration@ seconds.","<row>(@MinUnits@) Reapers' Abilities can critically strike and they gain @CritChance*100@% Critical Strike Chance.</row><br><row>(@MinUnits@) Additionally, Reapers bleed enemies for @BleedDamage*100@% bonus true damage over @Duration@&nbsp;seconds.</row><br>","[{""maxUnits"": 3, ""minUnits"": 2, ""style"": 1, ""variables"": {""BleedDamage"": null, ""CritChance"": 0.25, ""Duration"": 2.0}}, {""maxUnits"": 25000, ""minUnits"": 4, ""style"": 4, ""variables"": {""BleedDamage"": 0.5, ""CritChance"": 0.25, ""Duration"": 2.0}}]"
Set 11,11,base,TFTSet11,14.15,TFT11_Sage,Sage,2|3|4|5,"Combat start: Allies in the front 2 rows gain Omnivamp. Allies in the back 2 rows gain Ability Power.
(2) 12% Omnivamp, 15 (scaleAP)
(3) 20% Omnivamp, 30 (scaleAP)
(4) 30% Omnivamp, 45 (scaleAP)
(5) 45% Omnivamp, 75 (scaleAP)","Combat start: Allies in the front 2&nbsp;rows gain Omnivamp. Allies in the back 2&nbsp;rows gain Ability&nbsp;Power.<br><br><expandRow>(@MinUnits@) @Omnivamp*100@%&nbsp;Omnivamp, @APAmount@&nbsp;%i:scaleAP%</expandRow>","[{""maxUnits"": 2, ""minUnits"": 2, ""style"": 1, ""variables"": {""APAmount"": 15.0, ""Omnivamp"": 0.11999999731779099}}, {""maxUnits"": 3, ""minUnits"": 3, ""style"": 3, ""variables"": {""APAmount"": 30.0, ""Omnivamp"": 0.20000000298023224}}, {""maxUnits"": 4, ""minUnits"": 4, ""style"": 4, ""variables"": {""APAmount"": 45.0, ""Omnivamp"": 0.30000001192092896}}, {""maxUnits"": 25000, ""minUnits"": 5, ""style"": 4, ""variables"": {""APAmount"": 75.0, ""Omnivamp"": 0.44999998807907104}}]"
Set 11,11,base,TFTSet11,14.15,TFT11_Sniper,Sniper,2|4|6,Innate: Snipers gain @HexRangeIncrease@ Attack Range. Snipers deal more damage to targets farther away.(@MinUnits@) @PercentDamageIncrease@% damage per hex.(@MinUnits@) @PercentDamageIncrease@% damage per hex.(@MinUnits@) @PercentDamageIncrease@% damage per hex. Snipers gain an additional @BonusHexRangeIncrease@ Attack Range.,Innate: Snipers gain @HexRangeIncrease@&nbsp;Attack&nbsp;Range. <br><br>Snipers deal more damage to targets farther away.<br><br><row>(@MinUnits@) @PercentDamageIncrease@%&nbsp;damage per hex.</row><br><row>(@MinUnits@) @PercentDamageIncrease@%&nbsp;damage per hex.</row><br><row>(@MinUnits@) @PercentDamageIncrease@%&nbsp;damage per hex. Snipers gain an additional @BonusHexRangeIncrease@ Attack Range.</row>,"[{""maxUnits"": 3, ""minUnits"": 2, ""style"": 1, ""variables"": {""BonusHexRangeIncrease"": null, ""HexRangeIncrease"": 1.0, ""PercentDamageIncrease"": 8.0}}, {""maxUnits"": 5, ""minUnits"": 4, ""style"": 3, ""variables"": {""BonusHexRangeIncrease"": null, ""HexRangeIncrease"": 1.0, ""PercentDamageIncrease"": 17.899999618530273}}, {""maxUnits"": 25000, ""minUnits"": 6, ""style"": 4, ""variables"": {""BonusHexRangeIncrease"": 2.0, ""HexRangeIncrease"": 1.0, ""PercentDamageIncrease"": 34.70000076293945}}]"
Set 11,11,base,TFTSet11,14.15,TFT11_SpiritWalker,Spirit Walker,1,"The first time the Spirit Walker drops below @RevivePercent*100@% Health, he unleashes the rage within, healing to full Health, gaining increased movement speed, and changing his Ability from Ram Slam to Tiger Strikes.","The first time the Spirit Walker drops below @RevivePercent*100@% Health, he unleashes the rage within, healing to full Health, gaining increased movement speed, and changing his Ability from Ram Slam to Tiger Strikes.","[{""maxUnits"": 25000, ""minUnits"": 1, ""style"": 6, ""variables"": {""DamageReduction"": 100.0, ""OmnivampPercent"": null, ""RevivePercent"": 0.5}}]"
Set 11,11,base,TFTSet11,14.15,TFT11_Storyweaver,Storyweaver,3|5|7|10,Storyweavers summon a Hero named Kayle and evolve her. Storyweavers gain max Health.(@MinUnits@) Pick a supportive effect. @Health@ (scaleHealth)(@MinUnits@) Pick a combat effect. @Health@ (scaleHealth)(@MinUnits@) Pick a combat effect. @Health@ (scaleHealth)(@MinUnits@) Ascend. @Health@ (scaleHealth)Each Storyweaver star level increases Kayle's Health and Ability Power. Kayle gets @BonusASPerStage*100@% Attack Speed for each game Stage.,Storyweavers summon a Hero named Kayle and evolve her. Storyweavers gain max Health.<br><br><row>(@MinUnits@) Pick a supportive effect. @Health@&nbsp;%i:scaleHealth%</row><br><row>(@MinUnits@) Pick a combat effect. @Health@&nbsp;%i:scaleHealth%</row><br><row>(@MinUnits@) Pick a combat effect. @Health@&nbsp;%i:scaleHealth%</row><br><row>(@MinUnits@) Ascend. @Health@&nbsp;%i:scaleHealth%</row><br><br><rules>Each Storyweaver star level increases Kayle's Health and Ability Power. Kayle gets @BonusASPerStage*100@% Attack Speed for each game Stage.</rules>,"[{""maxUnits"": 4, ""minUnits"": 3, ""style"": 1, ""variables"": {""BonusASPerStage"": 0.15000000596046448, ""Health"": 60.0, ""{3609554d}"": 3.0, ""{6cf32d7f}"": 100.0, ""{8f92bd7b}"": 1.0, ""{a4d5374e}"": 10.0, ""{b0332b0a}"": 20.0, ""{b7c5b67d}"": 25.0, ""{cdd2f157}"": 3.0, ""{de1b2c92}"": 0.10000000149011612}}, {""maxUnits"": 6, ""minUnits"": 5, ""style"": 3, ""variables"": {""BonusASPerStage"": 0.15000000596046448, ""Health"": 100.0, ""{3609554d}"": 3.0, ""{6cf32d7f}"": 100.0, ""{8f92bd7b}"": 1.0, ""{a4d5374e}"": 10.0, ""{b0332b0a}"": 20.0, ""{b7c5b67d}"": 25.0, ""{cdd2f157}"": 3.0, ""{de1b2c92}"": 0.10000000149011612}}, {""maxUnits"": 9, ""minUnits"": 7, ""style"": 4, ""variables"": {""BonusASPerStage"": 0.15000000596046448, ""Health"": 150.0, ""{3609554d}"": 3.0, ""{6cf32d7f}"": 100.0, ""{8f92bd7b}"": 1.0, ""{a4d5374e}"": 10.0, ""{b0332b0a}"": 20.0, ""{b7c5b67d}"": 25.0, ""{cdd2f157}"": 3.0, ""{de1b2c92}"": 0.10000000149011612}}, {""maxUnits"": 25000, ""minUnits"": 10, ""style"": 5, ""variables"": {""BonusASPerStage"": 0.15000000596046448, ""Health"": 250.0, ""{3609554d}"": 3.0, ""{6cf32d7f}"": 100.0, ""{8f92bd7b}"": 1.0, ""{a4d5374e}"": 10.0, ""{b0332b0a}"": 20.0, ""{b7c5b67d}"": 25.0, ""{cdd2f157}"": 3.0, ""{de1b2c92}"": 0.10000000149011612}}]"
Set 11,11,base,TFTSet11,14.15,TFT11_Trickshot,Trickshot,2|4,Trickshots' abilities ricochet. Each ricochet deals a percentage of the previous bounce's damage.(@MinUnits@) @MaxBounces@ ricochet; @PercentDamage*100@% of previous damage(@MinUnits@) @MaxBounces@ ricochets; @PercentDamage*100@% of previous damage,Trickshots' abilities ricochet. Each ricochet deals a percentage of the previous bounce's damage.<br><br><row>(@MinUnits@) @MaxBounces@&nbsp;ricochet; @PercentDamage*100@% of previous damage</row><br><row>(@MinUnits@) @MaxBounces@&nbsp;ricochets; @PercentDamage*100@% of previous damage</row>,"[{""maxUnits"": 3, ""minUnits"": 2, ""style"": 1, ""variables"": {""MaxBounces"": 1.0, ""PercentDamage"": 0.44999998807907104}}, {""maxUnits"": 25000, ""minUnits"": 4, ""style"": 4, ""variables"": {""MaxBounces"": 2.0, ""PercentDamage"": 0.6000000238418579}}]"
Set 11,11,base,TFTSet11,14.15,TFT11_TrickshotAltruist,Trickshot/Altruist,1,"Place in the back two rows to get Trickshot, place in the front two rows to get Altruist!","Place in the back two rows to get Trickshot, place in the front two rows to get Altruist!","[{""maxUnits"": 25000, ""minUnits"": 1, ""style"": 6, ""variables"": {}}]"
Set 11,11,base,TFTSet11,14.15,TFT11_Umbral,Umbral,2|4|6|9,"The moon illuminates hexes, Shielding units placed in them at the start of combat. Umbral units in illuminated hexes execute low Health enemies.(@MinUnits@) @ShieldAmount@ Shield; @DesireExecuteThreshhold@% Health execute(@MinUnits@) @ShieldAmount@ Shield; @DesireExecuteThreshhold@% Health execute. More hexes are illuminated (@MinUnits@) @ShieldAmount@ Shield; @DesireExecuteThreshhold@% Health execute. Illuminate the whole board(@MinUnits@) Executed enemies have a @DesireExecuteRewardPercent*100@% chance to drop loot; @DesireExecuteThreshhold@% Health execute","The moon illuminates hexes, Shielding units placed in them at the start of combat. <br><br>Umbral units in illuminated hexes execute low Health enemies.<br><br><row>(@MinUnits@) @ShieldAmount@&nbsp;Shield; @DesireExecuteThreshhold@% Health execute</row><br><row>(@MinUnits@) @ShieldAmount@&nbsp;Shield; @DesireExecuteThreshhold@% Health execute. More hexes are illuminated </row><br><row>(@MinUnits@) @ShieldAmount@&nbsp;Shield; @DesireExecuteThreshhold@% Health execute. Illuminate the whole board</row><br><row>(@MinUnits@) Executed enemies have a @DesireExecuteRewardPercent*100@% chance to drop loot; @DesireExecuteThreshhold@% Health execute </row>","[{""maxUnits"": 3, ""minUnits"": 2, ""style"": 1, ""variables"": {""DesireExecuteRewardPercent"": null, ""DesireExecuteThreshhold"": 10.0, ""ShieldAmount"": 200.0}}, {""maxUnits"": 5, ""minUnits"": 4, ""style"": 3, ""variables"": {""DesireExecuteRewardPercent"": null, ""DesireExecuteThreshhold"": 18.0, ""ShieldAmount"": 450.0}}, {""maxUnits"": 8, ""minUnits"": 6, ""style"": 4, ""variables"": {""DesireExecuteRewardPercent"": null, ""DesireExecuteThreshhold"": 25.0, ""ShieldAmount"": 900.0}}, {""maxUnits"": 25000, ""minUnits"": 9, ""style"": 5, ""variables"": {""DesireExecuteRewardPercent"": 1.0, ""DesireExecuteRewardPercentHR"": 1.0, ""DesireExecuteThreshhold"": 60.0, ""ShieldAmount"": 1000.0, ""{b84914bf}"": 0.25}}]"
Set 11,11,base,TFTSet11,14.15,TFT11_Warden,Warden,2|4|6|8,"Wardens take less damage. For the first @Duration@ seconds of combat, they take an additional @StartOfCombatDRPercent@% less damage. 
(2) 10% less damage
(4) 22% less damage
(6) 35% less damage
(8) 45% less damage","Wardens take less damage. For the first @Duration@&nbsp;seconds of combat, they take an additional @StartOfCombatDRPercent@% less damage. <br><br><expandRow>(@MinUnits@) @DRPercent@% less damage</expandRow>","[{""maxUnits"": 3, ""minUnits"": 2, ""style"": 1, ""variables"": {""DRPercent"": 10.0, ""Duration"": 10.0, ""StartOfCombatDRPercent"": 18.0}}, {""maxUnits"": 5, ""minUnits"": 4, ""style"": 3, ""variables"": {""DRPercent"": 22.0, ""Duration"": 10.0, ""StartOfCombatDRPercent"": 18.0}}, {""maxUnits"": 7, ""minUnits"": 6, ""style"": 4, ""variables"": {""DRPercent"": 35.0, ""Duration"": 10.0, ""StartOfCombatDRPercent"": 18.0}}, {""maxUnits"": 25000, ""minUnits"": 8, ""style"": 4, ""variables"": {""DRPercent"": 45.0, ""Duration"": 10.0, ""StartOfCombatDRPercent"": 18.0}}]"
Set 12,12,base,TFTSet12,14.22,TFT12_Arcana,Arcana,2|3|4|5,Use the Arcana signifier item to choose a High Arcana champion. Each Arcana grants power based on a different condition.Gain power for:Ahri: Fielding 3-star champions.Hecarim: Equipping items.Tahm Kench: Activating traits.Xerath: Purchasing Charms.Emblem: Equipping Spatula items.,Use the Arcana signifier item to choose a High Arcana champion. Each Arcana grants power based on a different condition.<br><br>Gain power for:<br><scaleLevel>Ahri:</scaleLevel> Fielding 3-star champions.<br><scaleLevel>Hecarim:</scaleLevel> Equipping items.<br><scaleLevel>Tahm Kench:</scaleLevel> Activating traits.<br><scaleLevel>Xerath:</scaleLevel> Purchasing Charms.<br><scaleLevel>Emblem:</scaleLevel> Equipping Spatula items.,"[{""maxUnits"": 2, ""minUnits"": 2, ""style"": 1, ""variables"": {""AhriAbilityPowerBase"": 10.0, ""AhriAbilityPowerPer3Star"": 5.0, ""EmblemBonusDamageBase"": 0.07999999821186066, ""EmblemBonusDamagePerSpat"": 0.019999999552965164, ""HecarimDRAmount"": 0.07999999821186066, ""HecarimPercAD"": 0.10000000149011612, ""TahmKenchHPPerTrait"": 20.0, ""XerathNumCharms"": 3.0, ""XerathNumCharmsHR"": 2.0, ""XerathPVEDamage"": 0.18000000715255737, ""XerathScalingDamage"": 0.019999999552965164}}, {""maxUnits"": 3, ""minUnits"": 3, ""style"": 3, ""variables"": {""AhriAbilityPowerBase"": 15.0, ""AhriAbilityPowerPer3Star"": 8.0, ""EmblemBonusDamageBase"": 0.11999999731779099, ""EmblemBonusDamagePerSpat"": 0.029999999329447746, ""HecarimDRAmount"": 0.07999999821186066, ""HecarimPercAD"": 0.25, ""TahmKenchHPPerTrait"": 40.0, ""XerathNumCharms"": 3.0, ""XerathNumCharmsHR"": 2.0, ""XerathPVEDamage"": 0.30000001192092896, ""XerathScalingDamage"": 0.029999999329447746}}, {""maxUnits"": 4, ""minUnits"": 4, ""style"": 5, ""variables"": {""AhriAbilityPowerBase"": 20.0, ""AhriAbilityPowerPer3Star"": 12.0, ""EmblemBonusDamageBase"": 0.18000000715255737, ""EmblemBonusDamagePerSpat"": 0.03999999910593033, ""HecarimDRAmount"": 0.07999999821186066, ""HecarimPercAD"": 0.44999998807907104, ""TahmKenchHPPerTrait"": 60.0, ""XerathNumCharms"": 3.0, ""XerathNumCharmsHR"": 2.0, ""XerathPVEDamage"": 0.41999998688697815, ""XerathScalingDamage"": 0.04500000178813934}}, {""maxUnits"": 25000, ""minUnits"": 5, ""style"": 5, ""variables"": {""AhriAbilityPowerBase"": 25.0, ""AhriAbilityPowerPer3Star"": 18.0, ""EmblemBonusDamageBase"": 0.25, ""EmblemBonusDamagePerSpat"": 0.05999999865889549, ""HecarimDRAmount"": 0.07999999821186066, ""HecarimPercAD"": 0.699999988079071, ""TahmKenchHPPerTrait"": 105.0, ""XerathNumCharms"": 3.0, ""XerathNumCharmsHR"": 2.0, ""XerathPVEDamage"": 0.6000000238418579, ""XerathScalingDamage"": 0.07000000029802322}}]"
Set 12,12,base,TFTSet12,14.22,TFT12_Ascendant,Ascendant,1,"(1) Ascendant Charms can appear in your shop. The odds increase by @PercentageChancePerPlayerCombat@% after player combat, up to @MaxPercentageChance@%. When you buy one, the odds reset.Current Odds: @TFTUnitProperty.trait:TFT12_AscendantOdds@%","(1) Ascendant Charms can appear in your shop. The odds increase by @PercentageChancePerPlayerCombat@% after player combat, up to @MaxPercentageChance@%. When you buy one, the odds reset.<br><br>Current Odds: @TFTUnitProperty.trait:TFT12_AscendantOdds@%<br><br>","[{""maxUnits"": 25000, ""minUnits"": 1, ""style"": 4, ""variables"": {""MaxPercentageChance"": 50.0, ""PercentageChancePerPlayerCombat"": 12.0}}]"
Set 12,12,base,TFTSet12,14.22,TFT12_Bastion,Bastion,2|4|6|8,"Your team gains (scaleArmor)(scaleMR) @TeamwideResists@ Armor and Magic Resist.Bastions gain more, and the value doubles in the first @Duration@ seconds of combat.(@MinUnits@) @BonusArmor@ (scaleArmor)(scaleMR)(@MinUnits@) @BonusArmor@ (scaleArmor)(scaleMR)(@MinUnits@) @BonusArmor@ (scaleArmor)(scaleMR)(@MinUnits@) @BonusArmor@ (scaleArmor)(scaleMR) and @NumUnits@ champions starting combat in the back 2 rows are invulnerable until 4 Bastions die","Your team gains %i:scaleArmor%%i:scaleMR% @TeamwideResists@ Armor and Magic Resist.<br><br>Bastions gain more, and the value doubles in the first @Duration@ seconds of combat.<br><br><row>(@MinUnits@) @BonusArmor@ %i:scaleArmor%%i:scaleMR%</row><br><row>(@MinUnits@) @BonusArmor@ %i:scaleArmor%%i:scaleMR%</row><br><row>(@MinUnits@) @BonusArmor@ %i:scaleArmor%%i:scaleMR%</row><br><row>(@MinUnits@) @BonusArmor@ %i:scaleArmor%%i:scaleMR% and @NumUnits@ champions starting combat in the back 2 rows are invulnerable until 4 Bastions die</row> ","[{""maxUnits"": 3, ""minUnits"": 2, ""style"": 1, ""variables"": {""BonusArmor"": 15.0, ""BonusMR"": 15.0, ""BonusPercent"": 1.0, ""Duration"": 10.0, ""StatMultiplier"": 2.0, ""TeamwideResists"": 10.0}}, {""maxUnits"": 5, ""minUnits"": 4, ""style"": 3, ""variables"": {""BonusArmor"": 45.0, ""BonusMR"": 45.0, ""BonusPercent"": 1.0, ""Duration"": 10.0, ""StatMultiplier"": 2.0, ""TeamwideResists"": 10.0}}, {""maxUnits"": 7, ""minUnits"": 6, ""style"": 5, ""variables"": {""BonusArmor"": 100.0, ""BonusMR"": 100.0, ""BonusPercent"": 1.0, ""Duration"": 10.0, ""StatMultiplier"": 2.0, ""TeamwideResists"": 10.0}}, {""maxUnits"": 25000, ""minUnits"": 8, ""style"": 5, ""variables"": {""BonusArmor"": 200.0, ""BonusMR"": 200.0, ""BonusPercent"": 1.0, ""Duration"": 10.0, ""NumUnits"": 2.0, ""StatMultiplier"": 2.0, ""TeamwideResists"": 10.0, ""{bbbf5140}"": 4.0}}]"
Set 12,12,base,TFTSet12,14.22,TFT12_BatQueen,Bat Queen,1,"When Morgana's bats kill an enemy, they have a @PercentChanceToAbduct@% chance to abduct a 1-star copy of it.In Choncc's Treasure, the chance to abduct increases at stage 3-1 and 4-1.","When Morgana's bats kill an enemy, they have a @PercentChanceToAbduct@% chance to abduct a 1-star copy of it.<ShowIfCustom.Set=TFTSetEventCT><br><br>In Choncc's Treasure, the chance to abduct increases at stage 3-1 and 4-1.</ShowIfCustom.Set=TFTSetEventCT>","[{""maxUnits"": 25000, ""minUnits"": 1, ""style"": 4, ""variables"": {""PercentChanceToAbduct"": 40.0, ""PercentChanceToAbductCTR2"": 1.0, ""PercentChanceToAbductCTR3"": 20.0, ""{bb84a0b7}"": 100.0}}]"
Set 12,12,base,TFTSet12,14.22,TFT12_Explorer,Best Friends,1,Norra summons Yuumi to help your team! She can be attached to allies by holding her over them. Yuumi shares her Ability Power with Norra and dies when Norra does.,Norra summons Yuumi to help your team! She can be attached to allies by holding her over them. Yuumi shares her Ability Power with Norra and dies when Norra does.,"[{""maxUnits"": 25000, ""minUnits"": 1, ""style"": 4, ""variables"": {}}]"
Set 12,12,base,TFTSet12,14.22,TFT12_Blaster,Blaster,2|4|6,"Blasters gain (scaleDA) Damage Amp, which increases for @Duration@ seconds after casting their Ability.
(2) 15% (scaleDA); 30% during burst
(4) 35% (scaleDA); 65% during burst
(6) 60% (scaleDA); 100% during burst","Blasters gain %i:scaleDA% Damage Amp, which increases for @Duration@ seconds after casting their Ability.<br><br><expandRow>(@MinUnits@) @BaseDamageAmp*100@% %i:scaleDA%; @DamageAmpAfterCasting*100@% during burst</expandRow>","[{""maxUnits"": 3, ""minUnits"": 2, ""style"": 1, ""variables"": {""BaseDamageAmp"": 0.15000000596046448, ""DamageAmpAfterCasting"": 0.30000001192092896, ""Duration"": 3.0}}, {""maxUnits"": 5, ""minUnits"": 4, ""style"": 3, ""variables"": {""BaseDamageAmp"": 0.3499999940395355, ""DamageAmpAfterCasting"": 0.6499999761581421, ""Duration"": 3.0}}, {""maxUnits"": 25000, ""minUnits"": 6, ""style"": 5, ""variables"": {""BaseDamageAmp"": 0.6000000238418579, ""DamageAmpAfterCasting"": 1.0, ""Duration"": 3.0}}]"
Set 12,12,base,TFTSet12,14.22,TFT12_Chrono,Chrono,2|4|6,"Chronos gain @BaseAP@ (scaleAP) Ability Power. Combat start: begin a @Timer@ second countdown, which speeds up by @SecondsPerCast@ second after each Chrono Ability cast. At the end of the countdown, gain a special effect:(@MinUnits@) Your team heals @MaxHealthHeal*100@% (scaleHealth); Chronos gain @BonusAP@ (scaleAP)(@MinUnits@) AND freeze time for @FreezeDuration@ seconds, Chronos keep fighting and gain @BonusAP@ (scaleAP) (@MinUnits@) Freeze time for @FreezeDuration@ seconds, your team heals @TimeHeal*100@% (scaleHealth); Chronos keep fighting and gain @BonusAP@ (scaleAP) and @BonusAS@% (scaleAS)","Chronos gain @BaseAP@ %i:scaleAP% Ability Power. <br><br>Combat start: begin a @Timer@ second countdown, which speeds up by @SecondsPerCast@ second after each Chrono Ability cast. At the end of the countdown, gain a special effect:<br><br><row>(@MinUnits@) Your team heals @MaxHealthHeal*100@% %i:scaleHealth%; Chronos gain @BonusAP@ %i:scaleAP%</row><br><row>(@MinUnits@) AND freeze time for @FreezeDuration@ seconds, Chronos keep fighting and gain @BonusAP@ %i:scaleAP% </row><br><row>(@MinUnits@) Freeze time for @FreezeDuration@ seconds, your team heals @TimeHeal*100@% %i:scaleHealth%; Chronos keep fighting and gain @BonusAP@ %i:scaleAP% and @BonusAS@% %i:scaleAS%</row>","[{""maxUnits"": 3, ""minUnits"": 2, ""style"": 1, ""variables"": {""BaseAP"": 15.0, ""BonusAP"": 20.0, ""BonusAS"": null, ""FreezeDuration"": null, ""MaxHealthHeal"": 0.15000000596046448, ""SecondsPerCast"": 1.0, ""TimeHeal"": null, ""Timer"": 10.0}}, {""maxUnits"": 5, ""minUnits"": 4, ""style"": 3, ""variables"": {""BaseAP"": 15.0, ""BonusAP"": 55.0, ""BonusAS"": null, ""FreezeDuration"": 3.0, ""MaxHealthHeal"": 0.15000000596046448, ""SecondsPerCast"": 1.0, ""TimeHeal"": null, ""Timer"": 10.0}}, {""maxUnits"": 25000, ""minUnits"": 6, ""style"": 5, ""variables"": {""BaseAP"": 15.0, ""BonusAP"": 70.0, ""BonusAS"": 35.0, ""FreezeDuration"": 4.0, ""MaxHealthHeal"": 0.15000000596046448, ""SecondsPerCast"": 1.0, ""TimeHeal"": 1.0, ""Timer"": 10.0}}]"
Set 12,12,base,TFTSet12,14.22,TFT12_Dragon,Dragon,2|3,(@MinUnits@) Dragon attacks and Abilities @BurnPercent@% Burn and Wound enemies for @BurnWoundDuration@ seconds.(@MinUnits@) The power of friendship upgrades all dragon Abilities!Burn: Deals a percent of the target's max Health as true damage every second,<row>(@MinUnits@) Dragon attacks and Abilities @BurnPercent@% <TFTKeyword>Burn</TFTKeyword> and <TFTKeyword>Wound</TFTKeyword> enemies for @BurnWoundDuration@ seconds.</row><br><row>(@MinUnits@) The power of friendship upgrades all dragon Abilities!</row><br><br><rules>Burn: Deals a percent of the target's max Health as true damage every second</rules>,"[{""maxUnits"": 2, ""minUnits"": 2, ""style"": 3, ""variables"": {""BurnPercent"": 1.0, ""BurnWoundDuration"": 5.0, ""WoundPercent"": 33.0}}, {""maxUnits"": 25000, ""minUnits"": 3, ""style"": 5, ""variables"": {""BurnPercent"": 2.0, ""BurnWoundDuration"": 5.0, ""WoundPercent"": 33.0}}]"
Set 12,12,base,TFTSet12,14.22,TFT12_Druid,Druid,1,"Wukong does not have a trait bonus, but instead has a powerful Ability and increased stats.","Wukong does not have a trait bonus, but instead has a powerful Ability and increased stats. ","[{""maxUnits"": 25000, ""minUnits"": 1, ""style"": 5, ""variables"": {}}]"
Set 12,12,base,TFTSet12,14.22,TFT12_Eldritch,Eldritch,3|5|7|10,"When your team loses @HealthRatio*100@% of their Health, an Old God awakens. It gains @PercentHealthPerStarLevel*100@% Health and @APPerStarLevel*100@% Ability Power for each Eldritch star level.(@MinUnits@) The Tainted Golem(@MinUnits@) The Dark Monolith(@MinUnits@) The Many-Eyed Beast(@MinUnits@) The Stormbringer","When your team loses @HealthRatio*100@% of their Health, an Old God awakens. It gains @PercentHealthPerStarLevel*100@% Health and @APPerStarLevel*100@% Ability&nbsp;Power for each Eldritch star level.<br><br><row>(@MinUnits@) The Tainted Golem</row><br><row>(@MinUnits@) The Dark Monolith</row><br><row>(@MinUnits@) The Many-Eyed Beast</row><br><row>(@MinUnits@) The Stormbringer</row>","[{""maxUnits"": 4, ""minUnits"": 3, ""style"": 1, ""variables"": {""APPerStarLevel"": 0.10000000149011612, ""HealthRatio"": 0.20000000298023224, ""PercentHealthPerStarLevel"": 0.25, ""{ded459ba}"": 2.0}}, {""maxUnits"": 6, ""minUnits"": 5, ""style"": 3, ""variables"": {""APPerStarLevel"": 0.10000000149011612, ""HealthRatio"": 0.20000000298023224, ""PercentHealthPerStarLevel"": 0.25, ""{ded459ba}"": 2.0}}, {""maxUnits"": 9, ""minUnits"": 7, ""style"": 5, ""variables"": {""APPerStarLevel"": 0.10000000149011612, ""HealthRatio"": 0.20000000298023224, ""PercentHealthPerStarLevel"": 0.25, ""{ded459ba}"": 2.0}}, {""maxUnits"": 25000, ""minUnits"": 10, ""style"": 6, ""variables"": {""APPerStarLevel"": 0.10000000149011612, ""HealthRatio"": 0.20000000298023224, ""PercentHealthPerStarLevel"": 0.25, ""{ded459ba}"": 2.0}}]"
Set 12,12,base,TFTSet12,14.22,TFT12_Faerie,Faerie,3|5|7|9,"Faeries gain (scaleHealth) Health and create special items that become stronger with trait tiers. (@MinUnits@) @BonusHealth@ (scaleHealth), Gain Queen's Crown that grants @DamageAmp*100@% (scaleDA) Damage Amp(@MinUnits@) @BonusHealth@ (scaleHealth), Crown @DamageAmp*100@% (scaleDA), Gain Queenguard's Armor(@MinUnits@) @BonusHealth@ (scaleHealth), Crown @DamageAmp*100@% (scaleDA), Gain a 2nd Crown(@MinUnits@) @BonusHealth@ (scaleHealth), Crown @DamageAmp*100@% (scaleDA), Items become RadiantOnly Faeries can hold Faerie items.","Faeries gain %i:scaleHealth% Health and create special items that become stronger with trait tiers. <br><br><row>(@MinUnits@) @BonusHealth@ %i:scaleHealth%, Gain Queen's Crown that grants @DamageAmp*100@% %i:scaleDA% Damage Amp</row><br><row>(@MinUnits@) @BonusHealth@ %i:scaleHealth%, Crown @DamageAmp*100@% %i:scaleDA%, Gain Queenguard's Armor</row><br><row>(@MinUnits@) @BonusHealth@ %i:scaleHealth%, Crown @DamageAmp*100@% %i:scaleDA%, Gain a 2nd Crown</row><br><row>(@MinUnits@) @BonusHealth@ %i:scaleHealth%, Crown @DamageAmp*100@% %i:scaleDA%, Items become Radiant</row><br><br><rules>Only Faeries can hold Faerie items.</rules>","[{""maxUnits"": 4, ""minUnits"": 3, ""style"": 1, ""variables"": {""BonusHealth"": 150.0, ""DamageAmp"": 0.30000001192092896, ""{10c8d947}"": 1.0, ""{d0c29d53}"": null}}, {""maxUnits"": 6, ""minUnits"": 5, ""style"": 3, ""variables"": {""BonusHealth"": 400.0, ""DamageAmp"": 0.44999998807907104, ""{10c8d947}"": 1.0, ""{d0c29d53}"": 1.0}}, {""maxUnits"": 8, ""minUnits"": 7, ""style"": 5, ""variables"": {""BonusHealth"": 700.0, ""DamageAmp"": 0.6000000238418579, ""{10c8d947}"": 2.0, ""{d0c29d53}"": 1.0}}, {""maxUnits"": 25000, ""minUnits"": 9, ""style"": 5, ""variables"": {""BonusHealth"": 999.0, ""DamageAmp"": 0.6600000262260437, ""{10c8d947}"": 2.0, ""{d0c29d53}"": 1.0}}]"
Set 12,12,base,TFTSet12,14.22,TFT12_Frost,Frost,3|5|7|9,"Frost champions gain (scaleAP) Ability Power and (scaleAD) Attack Damage. The first few enemies to die become allied ice soldiers which lure enemy attacks if they are within range and retargeting.(@MinUnits@) @BonusStats@ (scaleAP)(scaleAD), @NumStatues@ soldier(@MinUnits@) @BonusStats@ (scaleAP)(scaleAD), @NumStatues@ soldiers(@MinUnits@) @BonusStats@ (scaleAP)(scaleAD), @NumStatues@ soldiers, soldiers explode on death(@MinUnits@) @BonusStats@ (scaleAP)(scaleAD), @NumStatues@ soldiers, explosion power doublesSoldiers have @HealthPerStage@ Health per stage.","Frost champions gain %i:scaleAP% Ability Power and %i:scaleAD% Attack Damage. The first few enemies to die become allied ice soldiers which lure enemy attacks if they are within range and retargeting.<br><br><row>(@MinUnits@) @BonusStats@ %i:scaleAP%%i:scaleAD%, @NumStatues@ soldier</row><br><row>(@MinUnits@) @BonusStats@ %i:scaleAP%%i:scaleAD%, @NumStatues@ soldiers</row><br><row>(@MinUnits@) @BonusStats@ %i:scaleAP%%i:scaleAD%, @NumStatues@ soldiers, soldiers explode on death</row><br><row>(@MinUnits@) @BonusStats@ %i:scaleAP%%i:scaleAD%, @NumStatues@ soldiers, explosion power doubles</row><br><br><rules>Soldiers have @HealthPerStage@ Health per stage.</rules>","[{""maxUnits"": 4, ""minUnits"": 3, ""style"": 1, ""variables"": {""BonusStats"": 16.0, ""HealthPerStage"": 200.0, ""NumStatues"": 1.0, ""{559bdc3f}"": null, ""{76553676}"": 110.0}}, {""maxUnits"": 6, ""minUnits"": 5, ""style"": 3, ""variables"": {""BonusStats"": 40.0, ""HealthPerStage"": 200.0, ""NumStatues"": 2.0, ""{559bdc3f}"": null, ""{76553676}"": 110.0}}, {""maxUnits"": 8, ""minUnits"": 7, ""style"": 5, ""variables"": {""BonusStats"": 55.0, ""HealthPerStage"": 200.0, ""NumStatues"": 3.0, ""{559bdc3f}"": 1.0, ""{76553676}"": 110.0}}, {""maxUnits"": 25000, ""minUnits"": 9, ""style"": 5, ""variables"": {""BonusStats"": 90.0, ""HealthPerStage"": 200.0, ""NumStatues"": 4.0, ""{559bdc3f}"": 1.0, ""{76553676}"": 110.0}}]"
Set 12,12,base,TFTSet12,14.22,TFT12_Honeymancy,Honeymancy,3|5|7,"Honeymancers gain @MiniCount@ Bees that deal magic damage to their target every @Period@ seconds. Each Bee deals damage based on the damage a Honeymancer deals and takes.When a Honeymancer dies, they leave @NumTransfers@ Bees that follow nearby Honeymancers for the rest of combat.(@MinUnits@) @BonusDamage*100@% of damage dealt, @DamageReceived*100@% of damage taken(@MinUnits@) @BonusDamage*100@% of damage dealt, @DamageReceived*100@% of damage taken(@MinUnits@) @BonusDamage*100@% of damage dealt, @DamageReceived*100@% of damage taken. Bees deal damage twice as often.","Honeymancers gain @MiniCount@ Bees that deal magic damage to their target every @Period@ seconds. Each Bee deals damage based on the damage a Honeymancer deals and takes.<br><br>When a Honeymancer dies, they leave @NumTransfers@ Bees that follow nearby Honeymancers for the rest of combat.<br><br><row>(@MinUnits@) @BonusDamage*100@% of damage dealt, @DamageReceived*100@% of damage taken</row><br><row>(@MinUnits@) @BonusDamage*100@% of damage dealt, @DamageReceived*100@% of damage taken</row><br><row>(@MinUnits@) @BonusDamage*100@% of damage dealt, @DamageReceived*100@% of damage taken. Bees deal damage twice as often.</row>","[{""maxUnits"": 4, ""minUnits"": 3, ""style"": 1, ""variables"": {""BonusDamage"": 0.07000000029802322, ""DamageReceived"": 0.029999999329447746, ""MiniCount"": 5.0, ""NumTransfers"": 2.0, ""Period"": 3.0}}, {""maxUnits"": 6, ""minUnits"": 5, ""style"": 5, ""variables"": {""BonusDamage"": 0.12999999523162842, ""DamageReceived"": 0.05000000074505806, ""MiniCount"": 5.0, ""NumTransfers"": 2.0, ""Period"": 3.0}}, {""maxUnits"": 25000, ""minUnits"": 7, ""style"": 5, ""variables"": {""BonusDamage"": 0.20000000298023224, ""DamageReceived"": 0.10000000149011612, ""MiniCount"": 5.0, ""NumTransfers"": 2.0, ""Period"": 1.5}}]"
Set 12,12,base,TFTSet12,14.22,TFT12_Hunter,Hunter,2|4|6,"Hunters gain (scaleAD) Attack Damage, increased the first time they get a takedown each combat.(@MinUnits@) @BaseAD@% (scaleAD), @BonusADAfterTakedown@% after takedown(@MinUnits@) @BaseAD@% (scaleAD), @BonusADAfterTakedown@% after takedown(@MinUnits@) @BaseAD@% (scaleAD), @BonusADAfterTakedown@% after takedown. Also gain @BaseAS*100@% (scaleAS).","Hunters gain %i:scaleAD% Attack Damage, increased the first time they get a takedown each combat.<br><br><row>(@MinUnits@) @BaseAD@% %i:scaleAD%, @BonusADAfterTakedown@% after takedown</row><br><row>(@MinUnits@) @BaseAD@% %i:scaleAD%, @BonusADAfterTakedown@% after takedown</row><br><row>(@MinUnits@) @BaseAD@% %i:scaleAD%, @BonusADAfterTakedown@% after takedown. Also gain @BaseAS*100@% %i:scaleAS%.</row>","[{""maxUnits"": 3, ""minUnits"": 2, ""style"": 1, ""variables"": {""BaseAD"": 15.0, ""BaseAS"": null, ""BonusADAfterTakedown"": 35.0}}, {""maxUnits"": 5, ""minUnits"": 4, ""style"": 3, ""variables"": {""BaseAD"": 40.0, ""BaseAS"": null, ""BonusADAfterTakedown"": 70.0}}, {""maxUnits"": 25000, ""minUnits"": 6, ""style"": 5, ""variables"": {""BaseAD"": 65.0, ""BaseAS"": 0.20000000298023224, ""BonusADAfterTakedown"": 100.0}}]"
Set 12,12,base,TFTSet12,14.22,TFT12_Incantor,Incantor,2|4,"Your team gains @TeamwideAP@ (scaleAP) Ability Power. When Incantors attack or cast, all Incantors gain stacks of (scaleAP) up to @MaxStacks@. Every other attack grants @StacksPerAttack@ stack, and each Ability cast grants @StacksPerCast@ stacks.(@MinUnits@) @BonusAPPerStack@ (scaleAP) per stack(@MinUnits@) @BonusAPPerStack@ (scaleAP) per stack; your team gains @TeamwideAP@ (scaleAP)","Your team gains @TeamwideAP@ %i:scaleAP% Ability Power. <br><br>When Incantors attack or cast, all Incantors gain stacks of %i:scaleAP% up to @MaxStacks@. Every other attack grants @StacksPerAttack@ stack, and each Ability cast grants @StacksPerCast@ stacks.<br><br><row>(@MinUnits@) @BonusAPPerStack@ %i:scaleAP% per stack</row><br><row>(@MinUnits@) @BonusAPPerStack@ %i:scaleAP% per stack; your team gains @TeamwideAP@ %i:scaleAP% </row><br>","[{""maxUnits"": 3, ""minUnits"": 2, ""style"": 1, ""variables"": {""BonusAPPerStack"": 1.0, ""MaxStacks"": 40.0, ""StacksPerAttack"": 1.0, ""StacksPerCast"": 5.0, ""TeamwideAP"": 10.0}}, {""maxUnits"": 25000, ""minUnits"": 4, ""style"": 5, ""variables"": {""BonusAPPerStack"": 2.0, ""MaxStacks"": 40.0, ""StacksPerAttack"": 1.0, ""StacksPerCast"": 5.0, ""TeamwideAP"": 30.0}}]"
Set 12,12,base,TFTSet12,14.22,TFT12_Mage,Mage,3|5|7|10,"Mages cast their Abilities twice and have modified total (scaleAP) Ability Power.(@MinUnits@) @APMultiplier*100@% (scaleAP)(@MinUnits@) @APMultiplier*100@% (scaleAP)(@MinUnits@) @APMultiplier*100@% (scaleAP)(@MinUnits@) @APMultiplier*100@% (scaleAP), Mages cast MUCH more frequently","Mages cast their Abilities twice and have modified total %i:scaleAP% Ability Power.<br><br><row>(@MinUnits@) @APMultiplier*100@% %i:scaleAP%</row><br><row>(@MinUnits@) @APMultiplier*100@% %i:scaleAP%</row><br><row>(@MinUnits@) @APMultiplier*100@% %i:scaleAP%</row><br><row>(@MinUnits@) @APMultiplier*100@% %i:scaleAP%, Mages cast MUCH more frequently</row>","[{""maxUnits"": 4, ""minUnits"": 3, ""style"": 1, ""variables"": {""APMultiplier"": 0.8500000238418579}}, {""maxUnits"": 6, ""minUnits"": 5, ""style"": 3, ""variables"": {""APMultiplier"": 0.949999988079071}}, {""maxUnits"": 9, ""minUnits"": 7, ""style"": 5, ""variables"": {""APMultiplier"": 1.100000023841858}}, {""maxUnits"": 25000, ""minUnits"": 10, ""style"": 6, ""variables"": {""APMultiplier"": 2.0, ""MaxMana"": 20.0}}]"
Set 12,12,base,TFTSet12,14.22,TFT12_Multistriker,Multistriker,3|5|7|9,Multistrikers' attacks have a chance to trigger @NumBonusAttacks@ extra attacks.(@MinUnits@) @ProcChance@% chance(@MinUnits@) @ProcChance@% chance(@MinUnits@) @ProcChance@% chance; heal @OnHitHealPerc*100@% max Health every attack(@MinUnits@) @ProcChance@% chance; heal @OnHitHealPerc*100@% max Health every attack,Multistrikers' attacks have a chance to trigger @NumBonusAttacks@ extra attacks.<br><br><row>(@MinUnits@) @ProcChance@% chance</row><br><row>(@MinUnits@) @ProcChance@% chance</row><br><row>(@MinUnits@) @ProcChance@% chance; heal @OnHitHealPerc*100@% max Health every attack</row><br><row>(@MinUnits@) @ProcChance@% chance; heal @OnHitHealPerc*100@% max Health every attack</row>,"[{""maxUnits"": 4, ""minUnits"": 3, ""style"": 1, ""variables"": {""NumBonusAttacks"": 2.0, ""OnHitHealPerc"": null, ""ProcChance"": 25.0, ""{d1702d87}"": 5.0}}, {""maxUnits"": 6, ""minUnits"": 5, ""style"": 3, ""variables"": {""NumBonusAttacks"": 2.0, ""OnHitHealPerc"": null, ""ProcChance"": 65.0, ""{d1702d87}"": 2.0}}, {""maxUnits"": 8, ""minUnits"": 7, ""style"": 5, ""variables"": {""NumBonusAttacks"": 2.0, ""OnHitHealPerc"": 0.029999999329447746, ""ProcChance"": 80.0, ""{d1702d87}"": 2.0}}, {""maxUnits"": 25000, ""minUnits"": 9, ""style"": 5, ""variables"": {""NumBonusAttacks"": 2.0, ""OnHitHealPerc"": 0.10000000149011612, ""ProcChance"": 100.0, ""{d1702d87}"": 1.0}}]"
Set 12,12,base,TFTSet12,14.22,TFT12_Portal,Portal,3|6|8|10,"Combat start: Portal champions Shield for @ShieldDuration@ seconds. Objects from other dimensions fly out of a portal every few seconds to help allies and disrupt enemies. The portal becomes @IncreasePerStarLevel*100@% stronger for each Portal champion's star level.(@MinUnits@) @ShieldAmount@ Shield, Small portal(@MinUnits@) @ShieldAmount@ Shield, Medium portal(@MinUnits@) @ShieldAmount@ Shield, Large portal(@MinUnits@) @ShieldAmount@ Shield, GIGA portal","Combat start: Portal champions Shield for @ShieldDuration@ seconds. <br><br>Objects from other dimensions fly out of a portal every few seconds to help allies and disrupt enemies. The portal becomes @IncreasePerStarLevel*100@% stronger for each Portal champion's star level.<br><br><row>(@MinUnits@) @ShieldAmount@ Shield, Small portal</row><br><row>(@MinUnits@) @ShieldAmount@ Shield, Medium portal</row><br><row>(@MinUnits@) @ShieldAmount@ Shield, Large portal</row><br><row>(@MinUnits@) @ShieldAmount@ Shield, GIGA portal</row>","[{""maxUnits"": 5, ""minUnits"": 3, ""style"": 1, ""variables"": {""IncreasePerStarLevel"": 0.07999999821186066, ""ShieldAmount"": 200.0, ""ShieldDuration"": 15.0, ""{1c398cc4}"": -1.0, ""{1cef2dd3}"": -1.0, ""{3046ead5}"": 20.0, ""{45159ecf}"": null, ""{5434973a}"": 6.0, ""{5ef635e6}"": -1.0, ""{701cab4b}"": 4.0, ""{712aea13}"": 3.0, ""{8dda82aa}"": 1.0, ""{b3ce40a1}"": 0.07000000029802322, ""{bd89f2be}"": null, ""{f5e12b9a}"": 75.0}}, {""maxUnits"": 7, ""minUnits"": 6, ""style"": 3, ""variables"": {""IncreasePerStarLevel"": 0.07999999821186066, ""ShieldAmount"": 450.0, ""ShieldDuration"": 15.0, ""{1c398cc4}"": -1.0, ""{1cef2dd3}"": -1.0, ""{3046ead5}"": 30.0, ""{45159ecf}"": null, ""{5434973a}"": 6.0, ""{5ef635e6}"": 1.0, ""{701cab4b}"": 3.0, ""{712aea13}"": 4.0, ""{8dda82aa}"": 1.0, ""{b3ce40a1}"": 0.09000000357627869, ""{bd89f2be}"": null, ""{f5e12b9a}"": 200.0}}, {""maxUnits"": 9, ""minUnits"": 8, ""style"": 5, ""variables"": {""IncreasePerStarLevel"": 0.07999999821186066, ""ShieldAmount"": 700.0, ""ShieldDuration"": 15.0, ""{1c398cc4}"": 1.0, ""{1cef2dd3}"": -1.0, ""{3046ead5}"": 40.0, ""{45159ecf}"": 2.0, ""{5434973a}"": 6.0, ""{5ef635e6}"": 2.0, ""{701cab4b}"": 3.0, ""{712aea13}"": 4.0, ""{8dda82aa}"": 1.0, ""{b3ce40a1}"": 0.10999999940395355, ""{bd89f2be}"": null, ""{f5e12b9a}"": 250.0}}, {""maxUnits"": 25000, ""minUnits"": 10, ""style"": 6, ""variables"": {""IncreasePerStarLevel"": 0.07999999821186066, ""ShieldAmount"": 1500.0, ""ShieldDuration"": 15.0, ""{1c398cc4}"": 2.0, ""{1cef2dd3}"": 1.0, ""{3046ead5}"": 55.0, ""{45159ecf}"": 5.0, ""{5434973a}"": 6.0, ""{5ef635e6}"": 3.0, ""{701cab4b}"": 2.25, ""{712aea13}"": 10.0, ""{8dda82aa}"": 1.0, ""{b3ce40a1}"": 0.15000000596046448, ""{bd89f2be}"": null, ""{f5e12b9a}"": 800.0}}]"
Set 12,12,base,TFTSet12,14.22,TFT12_Preserver,Preserver,2|3|4|5,"Your team heals for a percent of their max (scaleHealth) Health every @Duration@ seconds. If they're full Health, restore (scaleMana) Mana instead.Preservers gain double the amount.
(2) 2% (scaleHealth) or 3% (scaleMana)
(3) 4% (scaleHealth) or 5% (scaleMana)
(4) 6% (scaleHealth) or 7% (scaleMana)
(5) 8% (scaleHealth) or 10% (scaleMana)","Your team heals for a percent of their max %i:scaleHealth% Health every @Duration@ seconds. If they're full Health, restore %i:scaleMana% Mana instead.<br><br>Preservers gain double the amount.<br><br><br><expandRow>(@MinUnits@) @HealthPct*100@% %i:scaleHealth% or @ManaPct*100@% %i:scaleMana%</expandRow>","[{""maxUnits"": 2, ""minUnits"": 2, ""style"": 1, ""variables"": {""Duration"": 3.0, ""HealthPct"": 0.019999999552965164, ""ManaPct"": 0.029999999329447746, ""{f2de56c8}"": 2.0}}, {""maxUnits"": 3, ""minUnits"": 3, ""style"": 3, ""variables"": {""Duration"": 3.0, ""HealthPct"": 0.03999999910593033, ""ManaPct"": 0.05000000074505806, ""{f2de56c8}"": 2.0}}, {""maxUnits"": 4, ""minUnits"": 4, ""style"": 3, ""variables"": {""Duration"": 3.0, ""HealthPct"": 0.05999999865889549, ""ManaPct"": 0.07000000029802322, ""{f2de56c8}"": 2.0}}, {""maxUnits"": 25000, ""minUnits"": 5, ""style"": 5, ""variables"": {""Duration"": 3.0, ""HealthPct"": 0.07999999821186066, ""ManaPct"": 0.10000000149011612, ""{f2de56c8}"": 2.0}}]"
Set 12,12,base,TFTSet12,14.22,TFT12_Pyro,Pyro,2|3|4|5,"Your team gains @BaseASPct@% (scaleAS) Attack Speed. Pyro champions gain more (scaleAS) and execute enemies under @ExecutePct@% Health.For each kill, Pyro champions create an infernal cinder that you collect the next round. For every @NumCinders@ cinders you collect, your team gains @ASPctPerNumCinders@% more (scaleAS).(@MinUnits@) @PyroUnitAS@% (scaleAS)(@MinUnits@) @PyroUnitAS@% (scaleAS)(@MinUnits@) @PyroUnitAS@% (scaleAS)(@MinUnits@) @PyroUnitAS@% (scaleAS) and execute under @ExecutePct@% HealthCinders collected: @TFTUnitProperty.trait:TFT12_PyroCindersCollected@Team (scaleAS): @TFTUnitProperty.trait:TFT12_PyroAttackSpeed@%","Your team gains @BaseASPct@% %i:scaleAS% Attack Speed. Pyro champions gain more %i:scaleAS% and execute enemies under @ExecutePct@% Health.<br><br>For each kill, Pyro champions create an infernal cinder that you collect the next round. For every @NumCinders@ cinders you collect, your team gains @ASPctPerNumCinders@% more %i:scaleAS%.<br><br><row>(@MinUnits@) @PyroUnitAS@% %i:scaleAS%</row><br><row>(@MinUnits@) @PyroUnitAS@% %i:scaleAS%</row><br><row>(@MinUnits@) @PyroUnitAS@% %i:scaleAS%</row><br><row>(@MinUnits@) @PyroUnitAS@% %i:scaleAS% and execute under @ExecutePct@% Health</row><br><br>Cinders collected: @TFTUnitProperty.trait:TFT12_PyroCindersCollected@<br>Team %i:scaleAS%: @TFTUnitProperty.trait:TFT12_PyroAttackSpeed@%","[{""maxUnits"": 2, ""minUnits"": 2, ""style"": 1, ""variables"": {""ASPctPerNumCinders"": 2.0, ""BaseASPct"": 3.0, ""ExecutePct"": 10.0, ""NumCinders"": 5.0, ""NumCindersHR"": 3.0, ""PyroUnitAS"": 5.0}}, {""maxUnits"": 3, ""minUnits"": 3, ""style"": 3, ""variables"": {""ASPctPerNumCinders"": 2.0, ""BaseASPct"": 3.0, ""ExecutePct"": 10.0, ""NumCinders"": 5.0, ""NumCindersHR"": 3.0, ""PyroUnitAS"": 25.0}}, {""maxUnits"": 4, ""minUnits"": 4, ""style"": 5, ""variables"": {""ASPctPerNumCinders"": 2.0, ""BaseASPct"": 3.0, ""ExecutePct"": 10.0, ""NumCinders"": 5.0, ""NumCindersHR"": 3.0, ""PyroUnitAS"": 50.0}}, {""maxUnits"": 25000, ""minUnits"": 5, ""style"": 5, ""variables"": {""ASPctPerNumCinders"": 2.0, ""BaseASPct"": 3.0, ""ExecutePct"": 15.0, ""NumCinders"": 5.0, ""NumCindersHR"": 3.0, ""PyroUnitAS"": 65.0}}]"
Set 12,12,base,TFTSet12,14.22,TFT12_Ravenous,Ravenous,1,"Briar gains (scaleDA) @TOOLTIPDamageAmpPerHealth*100@% Damage Amp for each player health you are missing. Each round, gain a Light Snack to give her @BriarHealthGain@ (scaleHealth) in exchange for @TacticianHealthToFeed@ of your player health.In Choncc's Treasure, Light Snack's effect will be enhanced at stage 3-1 and 4-1.","Briar gains %i:scaleDA% @TOOLTIPDamageAmpPerHealth*100@% Damage Amp for each player health you are missing. Each round, gain a Light Snack to give her <scaleHealth>@BriarHealthGain@ %i:scaleHealth%</scaleHealth> in exchange for @TacticianHealthToFeed@ of your player health.<ShowIfCustom.Set=TFTSetEventCT><br><br>In Choncc's Treasure, Light Snack's effect will be enhanced at stage 3-1 and 4-1.</ShowIfCustom.Set=TFTSetEventCT>","[{""maxUnits"": 25000, ""minUnits"": 1, ""style"": 4, ""variables"": {""BriarHealthGain"": 180.0, ""BriarHealthGainCTR2"": 60.0, ""BriarHealthGainCTR3"": 120.0, ""BriarHealthGainDU"": 250.0, ""BriarHealthGainHR"": 250.0, ""GoldToFeedPvE"": 3.0, ""TOOLTIPDamageAmpPerHealth"": 0.00800000037997961, ""TOOLTIPDamageAmpPerHealthDU"": 0.00800000037997961, ""TOOLTIPDamageAmpPerHealthHR"": 0.03999999910593033, ""TOOLTIPDamageAmpPvE"": 0.4000000059604645, ""TacticianHealthToFeed"": 3.0, ""TacticianHealthToFeedCTR2"": 1.0, ""TacticianHealthToFeedCTR3"": 2.0, ""TacticianHealthToFeedDU"": 2.0, ""TacticianHealthToFeedHR"": 1.0}}]"
Set 12,12,base,TFTSet12,14.22,TFT12_Relic,Relic,1,"After combat, Milio has a 40/60/100% chance to convert a temporary relic component into a real component.","After combat, Milio has a 40/60/100% chance to convert a temporary relic component into a real component.","[{""maxUnits"": 5, ""minUnits"": 1, ""style"": 4, ""variables"": {}}]"
Set 12,12,base,TFTSet12,14.22,TFT12_Scholar,Scholar,2|4|6,"Scholars gain bonus (scaleMana) Mana on attack and (scaleAP) Ability Power.(@MinUnits@) @ManaPerAttack@ (scaleMana) per attack, @AP@ (scaleAP)(@MinUnits@) @ManaPerAttack@ (scaleMana) per attack, @AP@ (scaleAP)(@MinUnits@) @ManaPerAttack@ (scaleMana) per attack, @AP@ (scaleAP), and Abilities heal an ally for @AllyHealing*100@% of damage dealt","Scholars gain bonus %i:scaleMana% Mana on attack and %i:scaleAP% Ability Power.<br><br><row>(@MinUnits@) @ManaPerAttack@ %i:scaleMana% per attack, @AP@ %i:scaleAP%</row><br><row>(@MinUnits@) @ManaPerAttack@ %i:scaleMana% per attack, @AP@ %i:scaleAP%</row><br><row>(@MinUnits@) @ManaPerAttack@ %i:scaleMana% per attack, @AP@ %i:scaleAP%, and Abilities heal an ally for @AllyHealing*100@% of damage dealt</row>","[{""maxUnits"": 3, ""minUnits"": 2, ""style"": 1, ""variables"": {""AP"": 10.0, ""ManaPerAttack"": 3.0}}, {""maxUnits"": 5, ""minUnits"": 4, ""style"": 3, ""variables"": {""AP"": 20.0, ""ManaPerAttack"": 5.0}}, {""maxUnits"": 25000, ""minUnits"": 6, ""style"": 5, ""variables"": {""AP"": 20.0, ""AllyHealing"": 0.10000000149011612, ""ManaPerAttack"": 10.0}}]"
Set 12,12,base,TFTSet12,14.22,TFT12_Shapeshifter,Shapeshifter,2|4|6|8|10,"Shapeshifters gain (scaleHealth) max Health. After their first Ability cast, they triple this effect. (@MinUnits@) @BonusHealthRatio*100@% (scaleHealth)(@MinUnits@) @BonusHealthRatio*100@% (scaleHealth)(@MinUnits@) @BonusHealthRatio*100@% (scaleHealth)(@MinUnits@) @BonusHealthRatio*100@% (scaleHealth), and heal @MaxHeal*100@% (scaleHealth) every @HealDuration@ seconds(@MinUnits@) @BonusHealthRatio*100@% (scaleHealth), and heal @MaxHeal*100@% (scaleHealth) every @HealDuration@ seconds","Shapeshifters gain %i:scaleHealth% max Health. After their first Ability cast, they triple this effect. <br><br><row>(@MinUnits@) @BonusHealthRatio*100@% %i:scaleHealth%</row><br><row>(@MinUnits@) @BonusHealthRatio*100@% %i:scaleHealth%</row><br><row>(@MinUnits@) @BonusHealthRatio*100@% %i:scaleHealth%</row><br><row>(@MinUnits@) @BonusHealthRatio*100@% %i:scaleHealth%, and heal @MaxHeal*100@% %i:scaleHealth% every @HealDuration@ seconds</row><br><row>(@MinUnits@) @BonusHealthRatio*100@% %i:scaleHealth%, and heal @MaxHeal*100@% %i:scaleHealth% every @HealDuration@ seconds</row><br>","[{""maxUnits"": 3, ""minUnits"": 2, ""style"": 1, ""variables"": {""BonusHealthRatio"": 0.10000000149011612}}, {""maxUnits"": 5, ""minUnits"": 4, ""style"": 3, ""variables"": {""BonusHealthRatio"": 0.18000000715255737}}, {""maxUnits"": 7, ""minUnits"": 6, ""style"": 5, ""variables"": {""BonusHealthRatio"": 0.27000001072883606}}, {""maxUnits"": 9, ""minUnits"": 8, ""style"": 5, ""variables"": {""BonusHealthRatio"": 0.33000001311302185, ""HealDuration"": 2.0, ""MaxHeal"": 0.029999999329447746}}, {""maxUnits"": 25000, ""minUnits"": 10, ""style"": 6, ""variables"": {""BonusHealthRatio"": 0.6600000262260437, ""HealDuration"": 2.0, ""MaxHeal"": 0.05000000074505806}}]"
Set 12,12,base,TFTSet12,14.22,TFT12_Sugarcraft,Sugarcraft,2|4|6|8,"Sugarcrafters build a layer cake from sugar. Gain sugar for each component your champions are holding after player combat.They gain (scaleAD) Attack Damage and (scaleAP) Ability Power, increased by @BonusRatio*100@% for each cake layer. When the cake has reached @MaxLayers@ layers, gain treats instead!(@MinUnits@) @SugarMultiplier@ sugar, @BaseAPAD@ (scaleAD)(scaleAP)(@MinUnits@) @SugarMultiplier@ sugar, @BaseAPAD@ (scaleAD)(scaleAP)(@MinUnits@) @SugarMultiplier@ sugar, @BaseAPAD@ (scaleAD)(scaleAP), team gains @BonusHealth@ (scaleHealth)(@MinUnits@) @SugarMultiplier@ sugar, @BaseAPAD@ (scaleAD)(scaleAP), team gains @BonusHealth@ (scaleHealth)Total: @TFTUnitProperty.trait:TFT12_Pastry_BonusStats@ (scaleAD)(scaleAP)Layers: @TFTUnitProperty.trait:TFT12_Pastry_NumLayers@ / @MaxLayers@Sugar per round: @TFTUnitProperty.trait:TFT12_Pastry_SugarToAdd@ = @TFTUnitProperty.trait:TFT12_Pastry_TotalComponents@ components x @TFTUnitProperty.trait:TFT12_Pastry_TraitSugarMult@ from trait","Sugarcrafters build a layer cake from sugar. Gain sugar for each component your champions are holding after player combat.<br><br>They gain %i:scaleAD% Attack Damage and %i:scaleAP% Ability Power, increased by @BonusRatio*100@% for each cake layer. When the cake has reached @MaxLayers@ layers, gain treats instead!<br><br><row>(@MinUnits@) @SugarMultiplier@ sugar, @BaseAPAD@ %i:scaleAD%%i:scaleAP%</row><br><row>(@MinUnits@) @SugarMultiplier@ sugar, @BaseAPAD@ %i:scaleAD%%i:scaleAP%</row><br><row>(@MinUnits@) @SugarMultiplier@ sugar, @BaseAPAD@ %i:scaleAD%%i:scaleAP%, team gains @BonusHealth@ %i:scaleHealth%</row><br><row>(@MinUnits@) @SugarMultiplier@ sugar, @BaseAPAD@ %i:scaleAD%%i:scaleAP%, team gains @BonusHealth@ %i:scaleHealth%</row><br><br>Total: <TFTBonus>@TFTUnitProperty.trait:TFT12_Pastry_BonusStats@</TFTBonus> %i:scaleAD%%i:scaleAP%<br>Layers: <TFTBonus>@TFTUnitProperty.trait:TFT12_Pastry_NumLayers@</TFTBonus> / @MaxLayers@<br>Sugar per round: <TFTBonus>@TFTUnitProperty.trait:TFT12_Pastry_SugarToAdd@</TFTBonus> = @TFTUnitProperty.trait:TFT12_Pastry_TotalComponents@ components x @TFTUnitProperty.trait:TFT12_Pastry_TraitSugarMult@ from trait<br><br>","[{""maxUnits"": 3, ""minUnits"": 2, ""style"": 1, ""variables"": {""BaseAPAD"": 22.0, ""BonusRatio"": 0.10000000149011612, ""MaxLayers"": 7.0, ""SugarMultiplier"": 3.0, ""SugarMultiplierHR"": 6.0, ""SugarMultiplierPVE"": 1.0, ""{b552d0f6}"": 400.0}}, {""maxUnits"": 5, ""minUnits"": 4, ""style"": 3, ""variables"": {""BaseAPAD"": 33.0, ""BonusRatio"": 0.10000000149011612, ""MaxLayers"": 7.0, ""SugarMultiplier"": 4.0, ""SugarMultiplierHR"": 8.0, ""SugarMultiplierPVE"": 3.0, ""{b552d0f6}"": 400.0}}, {""maxUnits"": 7, ""minUnits"": 6, ""style"": 5, ""variables"": {""BaseAPAD"": 36.0, ""BonusHealth"": 100.0, ""BonusRatio"": 0.10000000149011612, ""MaxLayers"": 7.0, ""SugarMultiplier"": 6.0, ""SugarMultiplierHR"": 12.0, ""SugarMultiplierPVE"": 5.0, ""{b552d0f6}"": 400.0}}, {""maxUnits"": 25000, ""minUnits"": 8, ""style"": 6, ""variables"": {""BaseAPAD"": 50.0, ""BonusHealth"": 500.0, ""BonusRatio"": 0.10000000149011612, ""MaxLayers"": 7.0, ""SugarMultiplier"": 10.0, ""SugarMultiplierHR"": 20.0, ""SugarMultiplierPVE"": 7.0, ""{b552d0f6}"": 400.0}}]"
Set 12,12,base,TFTSet12,14.22,TFT12_Vanguard,Vanguard,2|4|6,Vanguards gain @DamageReductionPct*100@% (scaleDR) Durability while Shielded. Combat start and at @HealthThreshold*100@% Health: Gain a Shield for a percent of max Health for @ShieldDuration@ seconds.(@MinUnits@) @ShieldPercentAmount*100@% max Health(@MinUnits@) @ShieldPercentAmount*100@% max Health(@MinUnits@) @ShieldPercentAmount*100@% max Health; 15% (scaleDR) while Shielded,Vanguards gain @DamageReductionPct*100@% %i:scaleDR% Durability while Shielded. <br><br>Combat start and at @HealthThreshold*100@%&nbsp;Health: Gain a Shield for a percent of max Health for @ShieldDuration@&nbsp;seconds.<br><br><row>(@MinUnits@) @ShieldPercentAmount*100@% max Health</row><br><row>(@MinUnits@) @ShieldPercentAmount*100@% max Health</row><br><row>(@MinUnits@) @ShieldPercentAmount*100@% max Health; 15% %i:scaleDR% while Shielded</row>,"[{""maxUnits"": 3, ""minUnits"": 2, ""style"": 1, ""variables"": {""DamageReductionPct"": 0.10000000149011612, ""HealthThreshold"": 0.5, ""ShieldDuration"": 10.0, ""ShieldPercentAmount"": 0.18000000715255737}}, {""maxUnits"": 5, ""minUnits"": 4, ""style"": 3, ""variables"": {""DamageReductionPct"": 0.10000000149011612, ""HealthThreshold"": 0.5, ""ShieldDuration"": 10.0, ""ShieldPercentAmount"": 0.3499999940395355}}, {""maxUnits"": 25000, ""minUnits"": 6, ""style"": 5, ""variables"": {""DamageReductionPct"": 0.15000000596046448, ""HealthThreshold"": 0.5, ""ShieldDuration"": 10.0, ""ShieldPercentAmount"": 0.5}}]"
Set 12,12,base,TFTSet12,14.22,TFT12_Warrior,Warrior,2|4|6,"Warriors gain (scaleSV) Omnivamp and (scaleDA) Damage Amp. When Warriors drop below @HealthThreshold*100@% health, they gain double (scaleDA).(@MinUnits@) @Omnivamp*100@% (scaleSV), @BonusDamage*100@% (scaleDA)(@MinUnits@) @Omnivamp*100@% (scaleSV), @BonusDamage*100@% (scaleDA)(@MinUnits@) @Omnivamp*100@% (scaleSV), @BonusDamage*100@% (scaleDA), also gain @DamageReduction*100@% (scaleDR) Durability","Warriors gain %i:scaleSV% Omnivamp and %i:scaleDA% Damage Amp. When Warriors drop below @HealthThreshold*100@% health, they gain double %i:scaleDA%.<br><br><row>(@MinUnits@) @Omnivamp*100@% %i:scaleSV%, @BonusDamage*100@% %i:scaleDA%</row><br><row>(@MinUnits@) @Omnivamp*100@% %i:scaleSV%, @BonusDamage*100@% %i:scaleDA%</row><br><row>(@MinUnits@) @Omnivamp*100@% %i:scaleSV%, @BonusDamage*100@% %i:scaleDA%, also gain @DamageReduction*100@% %i:scaleDR% Durability</row>","[{""maxUnits"": 3, ""minUnits"": 2, ""style"": 1, ""variables"": {""BonusDamage"": 0.10000000149011612, ""HealthThreshold"": 0.699999988079071, ""Omnivamp"": 0.10000000149011612, ""{2c0ea008}"": 2.0}}, {""maxUnits"": 5, ""minUnits"": 4, ""style"": 3, ""variables"": {""BonusDamage"": 0.20000000298023224, ""HealthThreshold"": 0.699999988079071, ""Omnivamp"": 0.20000000298023224, ""{2c0ea008}"": 2.0}}, {""maxUnits"": 25000, ""minUnits"": 6, ""style"": 5, ""variables"": {""BonusDamage"": 0.25, ""DamageReduction"": 0.15000000596046448, ""HealthThreshold"": 0.699999988079071, ""Omnivamp"": 0.25, ""{2c0ea008}"": 2.0}}]"
Set 12,12,base,TFTSet12,14.22,TFT12_Witchcraft,Witchcraft,2|4|6|8,"Witch Abilities apply a curse to enemies for @CurseDuration@ seconds. When a cursed enemy dies, the curse spreads to the nearest enemy.Cursed enemies become:(@MinUnits@) smaller, losing @MaxHealthReduce@ (scaleHealth)(@MinUnits@) AND green, taking @CurseHealPct@% of their max Health as magic damage per second(@MinUnits@) AND frail, taking @TrueDamagePct@% bonus true damage from Witches(@MinUnits@) AND a frog, stunned for @FrogPolymorphDuration@ seconds every @FrogPolymorphCooldown@ seconds. All other curse effects are increased by @ChaseIncreasePercent@%.","Witch Abilities apply a curse to enemies for @CurseDuration@ seconds. When a cursed enemy dies, the curse spreads to the nearest enemy.<br><br>Cursed enemies become:<br><br><row>(@MinUnits@) smaller, losing @MaxHealthReduce@ %i:scaleHealth%</row><br><row>(@MinUnits@) AND green, taking @CurseHealPct@% of their max Health as magic damage per second</row><br><row>(@MinUnits@) AND frail, taking @TrueDamagePct@% bonus true damage from Witches</row><br><row>(@MinUnits@) AND a frog, stunned for @FrogPolymorphDuration@ seconds every @FrogPolymorphCooldown@ seconds. All other curse effects are increased by @ChaseIncreasePercent@%.</row>","[{""maxUnits"": 3, ""minUnits"": 2, ""style"": 1, ""variables"": {""ChaseIncreasePercent"": null, ""CurseDuration"": 4.0, ""CurseHealPct"": null, ""FrogPolymorphCooldown"": null, ""FrogPolymorphDuration"": null, ""MaxHealthReduce"": 120.0, ""TrueDamagePct"": null}}, {""maxUnits"": 5, ""minUnits"": 4, ""style"": 3, ""variables"": {""ChaseIncreasePercent"": null, ""CurseDuration"": 4.0, ""CurseHealPct"": 6.0, ""FrogPolymorphCooldown"": null, ""FrogPolymorphDuration"": null, ""MaxHealthReduce"": 120.0, ""TrueDamagePct"": null}}, {""maxUnits"": 7, ""minUnits"": 6, ""style"": 5, ""variables"": {""ChaseIncreasePercent"": null, ""CurseDuration"": 4.0, ""CurseHealPct"": 6.0, ""FrogPolymorphCooldown"": null, ""FrogPolymorphDuration"": null, ""MaxHealthReduce"": 120.0, ""TrueDamagePct"": 25.0}}, {""maxUnits"": 25000, ""minUnits"": 8, ""style"": 5, ""variables"": {""ChaseIncreasePercent"": 50.0, ""CurseDuration"": 4.0, ""CurseHealPct"": 6.0, ""FrogPolymorphCooldown"": 8.0, ""FrogPolymorphDuration"": 2.0, ""MaxHealthReduce"": 120.0, ""TrueDamagePct"": 25.0}}]"
Set 13,13,base,TFTSet13,15.6,TFT13_Academy,Academy,3|4|5|6,"The Academy sponsors 3 items each game.Copies of sponsored items grant bonus max Health and Damage Amp. Academy units holding sponsored items gain double the amount, plus an additional @BaseValues*100@% Health and Damage Amp.(@MinUnits@) @PercentIncreaseSponsored*100@% (scaleHealth) (scaleDA);gain 1 sponsored item.(@MinUnits@) @PercentIncreaseSponsored*100@% (scaleHealth) (scaleDA);gain 1 sponsored item.(@MinUnits@) @PercentIncreaseSponsored*100@% (scaleHealth) (scaleDA);gain 1 sponsored item.(@MinUnits@) @PercentIncreaseSponsored*100@% (scaleHealth) (scaleDA)","The Academy sponsors 3 items each game.<br><br>Copies of sponsored items grant bonus max Health and Damage Amp. Academy units holding sponsored items gain double the amount, plus an additional @BaseValues*100@% Health and Damage Amp.<br><br><row>(@MinUnits@) @PercentIncreaseSponsored*100@% %i:scaleHealth% %i:scaleDA%;<br>gain 1 sponsored item.</row><br><row>(@MinUnits@) @PercentIncreaseSponsored*100@% %i:scaleHealth% %i:scaleDA%;<br>gain 1 sponsored item.</row><br><row>(@MinUnits@) @PercentIncreaseSponsored*100@% %i:scaleHealth% %i:scaleDA%;<br>gain 1 sponsored item.</row><br><row>(@MinUnits@) @PercentIncreaseSponsored*100@% %i:scaleHealth% %i:scaleDA%</row>","[{""maxUnits"": 3, ""minUnits"": 3, ""style"": 1, ""variables"": {""BaseValues"": 0.05000000074505806, ""NumOfItems"": 1.0, ""PercentIncreaseSponsored"": 0.019999999552965164}}, {""maxUnits"": 4, ""minUnits"": 4, ""style"": 3, ""variables"": {""BaseValues"": 0.05000000074505806, ""NumOfItems"": 2.0, ""PercentIncreaseSponsored"": 0.029999999329447746}}, {""maxUnits"": 5, ""minUnits"": 5, ""style"": 5, ""variables"": {""BaseValues"": 0.05000000074505806, ""NumOfItems"": 3.0, ""PercentIncreaseSponsored"": 0.05000000074505806}}, {""maxUnits"": 25000, ""minUnits"": 6, ""style"": 5, ""variables"": {""BaseValues"": 0.05000000074505806, ""NumOfItems"": 3.0, ""PercentIncreaseSponsored"": 0.09000000357627869}}]"
Set 13,13,base,TFTSet13,15.6,TFT13_Ambusher,Ambusher,2|3|4|5,"Damage from Ambushers' Abilities can critically strike. They also gain bonus Critical Strike Chance and Critical Strike Damage.(@MinUnits@) @CritChance*100@% (scaleCrit), @CritDamage*100@% (scaleCritMult)(@MinUnits@) @CritChance*100@% (scaleCrit), @CritDamage*100@% (scaleCritMult)(@MinUnits@) @CritChance*100@% (scaleCrit), @CritDamage*100@% (scaleCritMult)(@MinUnits@) @CritChance*100@% (scaleCrit), @CritDamage*100@% (scaleCritMult); also gain @DamageReductionPct*100@% Durability","Damage from Ambushers' Abilities can critically strike. They also gain bonus Critical Strike Chance and Critical Strike Damage.<br><br><row>(@MinUnits@) @CritChance*100@%&nbsp;%i:scaleCrit%, @CritDamage*100@%&nbsp;%i:scaleCritMult%</row><br><row>(@MinUnits@) @CritChance*100@%&nbsp;%i:scaleCrit%, @CritDamage*100@%&nbsp;%i:scaleCritMult%</row><br><row>(@MinUnits@) @CritChance*100@%&nbsp;%i:scaleCrit%, @CritDamage*100@%&nbsp;%i:scaleCritMult%</row><br><row>(@MinUnits@) @CritChance*100@%&nbsp;%i:scaleCrit%, @CritDamage*100@%&nbsp;%i:scaleCritMult%; also gain @DamageReductionPct*100@% Durability</row>","[{""maxUnits"": 2, ""minUnits"": 2, ""style"": 1, ""variables"": {""CritChance"": 0.25, ""CritDamage"": 0.10000000149011612}}, {""maxUnits"": 3, ""minUnits"": 3, ""style"": 3, ""variables"": {""CritChance"": 0.3499999940395355, ""CritDamage"": 0.20000000298023224}}, {""maxUnits"": 4, ""minUnits"": 4, ""style"": 3, ""variables"": {""CritChance"": 0.44999998807907104, ""CritDamage"": 0.25}}, {""maxUnits"": 25000, ""minUnits"": 5, ""style"": 5, ""variables"": {""CritChance"": 0.550000011920929, ""CritDamage"": 0.25, ""DamageReductionPct"": 0.15000000596046448}}]"
Set 13,13,base,TFTSet13,15.6,TFT13_Martialist,Artillerist,2|4|6,"Every @NumOfAttacks@ attacks, Artillerists launch a rocket that deals @PercentDamage*100@% Attack Damage around the target. They also gain Attack Damage.(@MinUnits@) @AD*100@% (scaleAD)(@MinUnits@) @AD*100@% (scaleAD)(@MinUnits@) @AD*100@% (scaleAD), Launch a rocket every @NumOfAttacks@ attacks that deals double damage.","Every @NumOfAttacks@ attacks, Artillerists launch a rocket that deals @PercentDamage*100@% Attack Damage around the target. They also gain Attack Damage.<br><br><row>(@MinUnits@) @AD*100@% %i:scaleAD%</row><br><row>(@MinUnits@) @AD*100@%&nbsp;%i:scaleAD%</row><br><row>(@MinUnits@) @AD*100@%&nbsp;%i:scaleAD%, Launch a rocket every @NumOfAttacks@ attacks that deals double&nbsp;damage.</row>","[{""maxUnits"": 3, ""minUnits"": 2, ""style"": 1, ""variables"": {""AD"": 0.10000000149011612, ""NumOfAttacks"": 5.0, ""PercentDamage"": 1.25}}, {""maxUnits"": 5, ""minUnits"": 4, ""style"": 5, ""variables"": {""AD"": 0.44999998807907104, ""NumOfAttacks"": 5.0, ""PercentDamage"": 1.25}}, {""maxUnits"": 25000, ""minUnits"": 6, ""style"": 5, ""variables"": {""AD"": 0.699999988079071, ""NumOfAttacks"": 3.0, ""PercentDamage"": 2.5}}]"
Set 13,13,base,TFTSet13,15.6,TFT13_Hextech,Automata,2|4|6,"Automata gain a crystal when they deal damage. At @TriggerNumCrystals@ crystals, they blast their current target, dealing magic damage + @ConversionDamagePct*100@% of damage dealt since the previous blast and reset. They also gain Armor and Magic Resist.
(2) 150 damage, 25 (scaleArmor)(scaleMR)
(4) 450 damage, 60 (scaleArmor)(scaleMR)
(6) 1337 damage, 111 (scaleArmor)(scaleMR)","Automata gain a crystal when they deal damage. At @TriggerNumCrystals@&nbsp;crystals, they blast their current target, dealing magic damage + <magicDamage>@ConversionDamagePct*100@%</magicDamage> of damage dealt since the previous blast and reset. They also gain Armor and Magic&nbsp;Resist.<br><br><expandRow>(@MinUnits@) <magicDamage>@MagicDamage@</magicDamage> damage, @Resists@&nbsp;%i:scaleArmor%%i:scaleMR%</expandRow>","[{""maxUnits"": 3, ""minUnits"": 2, ""style"": 1, ""variables"": {""ConversionDamagePct"": 0.25, ""MagicDamage"": 150.0, ""Resists"": 25.0, ""TriggerNumCrystals"": 20.0, ""{a142f31c}"": 1.0}}, {""maxUnits"": 5, ""minUnits"": 4, ""style"": 3, ""variables"": {""ConversionDamagePct"": 0.25, ""MagicDamage"": 450.0, ""Resists"": 60.0, ""TriggerNumCrystals"": 20.0, ""{a142f31c}"": 1.0}}, {""maxUnits"": 25000, ""minUnits"": 6, ""style"": 5, ""variables"": {""ConversionDamagePct"": 0.25, ""MagicDamage"": 1337.0, ""Resists"": 111.0, ""TriggerNumCrystals"": 20.0, ""{a142f31c}"": 1.0}}]"
Set 13,13,base,TFTSet13,15.6,TFT13_Cabal,Black Rose,3|4|5|7,"(@MinUnits@) Summon a chained Sion. He is freed after @NumCastsToUnlock@ casts from Black Rose units or when he drops below @PercentHealthUnlock*100@% health.(@MinUnits@) Sion grows stronger and his enemies take more damage from Black Rose units.(@MinUnits@) Sion unleashes dark magic and heals to full Health when freed.(@MinUnits@) When Sion dies, he restores to life with power beyond death!Each Black Rose champion's star level increases Sion's power","<row>(@MinUnits@) Summon a chained Sion. He is freed after @NumCastsToUnlock@ casts from Black Rose units or when he drops below @PercentHealthUnlock*100@% health.</row><br><row>(@MinUnits@) Sion grows stronger and his enemies take more damage from Black Rose units.</row><br><row>(@MinUnits@) Sion unleashes dark magic and heals to full Health when freed.</row><br><row>(@MinUnits@) When Sion dies, he restores to life with power beyond death!</row><br><br><rules>Each Black Rose champion's star level increases Sion's power</rules>","[{""maxUnits"": 3, ""minUnits"": 3, ""style"": 1, ""variables"": {""NumCastsToUnlock"": 5.0, ""PercentHealthPerStarLevel"": 0.15000000596046448, ""PercentHealthUnlock"": 0.6499999761581421, ""{2c6be05c}"": 0.15000000596046448, ""{2e45fc86}"": 40.0, ""{85b293ec}"": 0.3499999940395355, ""{92ef9cd7}"": 4.0}}, {""maxUnits"": 4, ""minUnits"": 4, ""style"": 3, ""variables"": {""NumCastsToUnlock"": 5.0, ""PercentHealthPerStarLevel"": 0.15000000596046448, ""PercentHealthUnlock"": 0.6499999761581421, ""{2c6be05c}"": 0.15000000596046448, ""{2e45fc86}"": 45.0, ""{85b293ec}"": 0.3499999940395355, ""{92ef9cd7}"": 4.0}}, {""maxUnits"": 6, ""minUnits"": 5, ""style"": 5, ""variables"": {""NumCastsToUnlock"": 5.0, ""PercentHealthPerStarLevel"": 0.15000000596046448, ""PercentHealthUnlock"": 0.6499999761581421, ""{2c6be05c}"": 0.15000000596046448, ""{2e45fc86}"": 50.0, ""{85b293ec}"": 0.3499999940395355, ""{92ef9cd7}"": 4.0}}, {""maxUnits"": 25000, ""minUnits"": 7, ""style"": 5, ""variables"": {""NumCastsToUnlock"": 5.0, ""PercentHealthPerStarLevel"": 0.15000000596046448, ""PercentHealthUnlock"": 0.6499999761581421, ""{2c6be05c}"": 0.15000000596046448, ""{2e45fc86}"": 100.0, ""{85b293ec}"": 0.3499999940395355, ""{92ef9cd7}"": 4.0}}]"
Set 13,13,base,TFTSet13,15.6,TFT13_Bruiser,Bruiser,2|4|6,"Your team gains @TeamFlatHealth@ max Health. Bruisers gain more.
(2) 20% (scaleHealth)
(4) 45% (scaleHealth)
(6) 80% (scaleHealth)",Your team gains @TeamFlatHealth@ max Health. Bruisers gain more.<br><br><expandRow>(@MinUnits@) @BonusPercentHealth*100@%&nbsp;%i:scaleHealth%</expandRow>,"[{""maxUnits"": 3, ""minUnits"": 2, ""style"": 1, ""variables"": {""BonusPercentHealth"": 0.20000000298023224, ""TeamFlatHealth"": 100.0}}, {""maxUnits"": 5, ""minUnits"": 4, ""style"": 3, ""variables"": {""BonusPercentHealth"": 0.44999998807907104, ""TeamFlatHealth"": 100.0}}, {""maxUnits"": 25000, ""minUnits"": 6, ""style"": 5, ""variables"": {""BonusPercentHealth"": 0.800000011920929, ""TeamFlatHealth"": 100.0}}]"
Set 13,13,base,TFTSet13,15.6,TFT13_Crime,Chem-Baron,3|4|5|6,"Gain Shimmer after each player combat. If your loss streak is at least @MinStreakLength@, gain more.At each stack of @ShimmerBreakpoint@ Shimmer, the Black Market offers you contraband that only Chem-Barons can use. Chem-Barons gain max Health for each Black Market you pass on.
(3) 15 or 35; 20 (scaleHealth)
(4) 15 or 50; 60 (scaleHealth)
(5) 20 or 70; 100 (scaleHealth)
(6) 25 or 90; 150 (scaleHealth)Markets Skipped: @TFTUnitProperty.trait:TFT13_Crime_PassedMarkets@Current Health: @TFTUnitProperty.trait:TFT13_Crime_CurrentHealth@ (scaleHealth)","Gain Shimmer after each player combat. If your loss streak is at least @MinStreakLength@, gain more.<br><br>At each stack of @ShimmerBreakpoint@ Shimmer, the Black Market offers you contraband that only Chem-Barons can use. Chem-Barons gain max Health for each Black Market you pass on.<br><br><expandRow>(@MinUnits@) @ShimmerPerCombat@ or @ShimmerPerCombatStreaking@; @HealthPerSkip@&nbsp;%i:scaleHealth%</expandRow><br><br><rules>Markets Skipped: @TFTUnitProperty.trait:TFT13_Crime_PassedMarkets@</rules><br><rules>Current Health: @TFTUnitProperty.trait:TFT13_Crime_CurrentHealth@&nbsp;%i:scaleHealth%</rules>","[{""maxUnits"": 3, ""minUnits"": 3, ""style"": 1, ""variables"": {""HealthPerSkip"": 20.0, ""MinStreakLength"": 3.0, ""ShimmerBreakpoint"": 100.0, ""ShimmerPerCombat"": 15.0, ""ShimmerPerCombatStreaking"": 35.0, ""ShimmerPerCombatStreaking_HR"": 50.0, ""ShimmerPerCombat_HR"": 25.0, ""ShimmerPerDeath_PVE"": 1.0, ""ShimmerPerRound_PVE"": 15.0, ""{ca503187}"": 25.0, ""{ecbc38fd}"": 1.0, ""{f94716e7}"": 10.0}}, {""maxUnits"": 4, ""minUnits"": 4, ""style"": 3, ""variables"": {""HealthPerSkip"": 60.0, ""MinStreakLength"": 3.0, ""ShimmerBreakpoint"": 100.0, ""ShimmerPerCombat"": 15.0, ""ShimmerPerCombatStreaking"": 50.0, ""ShimmerPerCombatStreaking_HR"": 60.0, ""ShimmerPerCombat_HR"": 30.0, ""ShimmerPerDeath_PVE"": 1.0, ""ShimmerPerRound_PVE"": 20.0, ""{ca503187}"": 35.0, ""{ecbc38fd}"": 1.0, ""{f94716e7}"": 10.0}}, {""maxUnits"": 5, ""minUnits"": 5, ""style"": 5, ""variables"": {""HealthPerSkip"": 100.0, ""MinStreakLength"": 3.0, ""ShimmerBreakpoint"": 100.0, ""ShimmerPerCombat"": 20.0, ""ShimmerPerCombatStreaking"": 70.0, ""ShimmerPerCombatStreaking_HR"": 70.0, ""ShimmerPerCombat_HR"": 35.0, ""ShimmerPerDeath_PVE"": 2.0, ""ShimmerPerRound_PVE"": 30.0, ""{ca503187}"": 50.0, ""{ecbc38fd}"": 1.0, ""{f94716e7}"": 15.0}}, {""maxUnits"": 25000, ""minUnits"": 6, ""style"": 5, ""variables"": {""HealthPerSkip"": 150.0, ""MinStreakLength"": 3.0, ""ShimmerBreakpoint"": 100.0, ""ShimmerPerCombat"": 25.0, ""ShimmerPerCombatStreaking"": 90.0, ""ShimmerPerCombatStreaking_HR"": 90.0, ""ShimmerPerCombat_HR"": 45.0, ""ShimmerPerDeath_PVE"": 3.0, ""ShimmerPerRound_PVE"": 40.0, ""{ca503187}"": 70.0, ""{ecbc38fd}"": 1.0, ""{f94716e7}"": 20.0}}]"
Set 13,13,base,TFTSet13,15.6,TFT13_Warband,Conqueror,2|4|6|9,"Conquerors' takedowns grant stacks of Conquest. After gaining enough Conquest, open War Chests full of loot!Conquerors gain Attack Damage and Ability Power, increased by @PercentIncreasePerChest*100@% for each War Chest opened.
(2) 22% (scaleAD)(scaleAP); 1x Conquest
(4) 33% (scaleAD)(scaleAP); 3x Conquest
(6) 40% (scaleAD)(scaleAP); 6x Conquest
(9) 120% (scaleAD)(scaleAP); 20x ConquestWar Chests Opened: @TFTUnitProperty.trait:TFT13_Warband_ChestsCompleted@Current Stats: @TFTUnitProperty.trait:TFT13_Warband_CurrentADAP@% (scaleAD)(scaleAP)","Conquerors' takedowns grant stacks of Conquest. After gaining enough Conquest, open War Chests full of loot!<br><br>Conquerors gain Attack Damage and Ability Power, increased by @PercentIncreasePerChest*100@% for each War Chest opened.<br><br><expandRow>(@MinUnits@) @ADAPBase*100@%&nbsp;%i:scaleAD%%i:scaleAP%; @StacksPerKill@x&nbsp;Conquest</expandRow><br><br><rules>War Chests Opened: @TFTUnitProperty.trait:TFT13_Warband_ChestsCompleted@</rules><br><rules>Current Stats: @TFTUnitProperty.trait:TFT13_Warband_CurrentADAP@%&nbsp;%i:scaleAD%%i:scaleAP%</rules><br>","[{""maxUnits"": 3, ""minUnits"": 2, ""style"": 1, ""variables"": {""ADAPBase"": 0.2199999988079071, ""PercentIncreasePerChest"": 0.07999999821186066, ""StacksPerKill"": 1.0}}, {""maxUnits"": 5, ""minUnits"": 4, ""style"": 3, ""variables"": {""ADAPBase"": 0.33000001311302185, ""PercentIncreasePerChest"": 0.07999999821186066, ""StacksPerKill"": 3.0}}, {""maxUnits"": 8, ""minUnits"": 6, ""style"": 5, ""variables"": {""ADAPBase"": 0.4000000059604645, ""PercentIncreasePerChest"": 0.07999999821186066, ""StacksPerKill"": 6.0}}, {""maxUnits"": 25000, ""minUnits"": 9, ""style"": 6, ""variables"": {""ADAPBase"": 1.2000000476837158, ""PercentIncreasePerChest"": 0.07999999821186066, ""StacksPerKill"": 20.0}}]"
Set 13,13,base,TFTSet13,15.6,TFT13_Infused,Dominator,2|4|6,"Combat start: Dominators gain a Shield for @ShieldDuration@ seconds.When Dominators cast, they gain stacking Ability Power based on the Mana spent.
(2) 350 Shield, 25% (scaleAP)
(4) 550 Shield, 45% (scaleAP)
(6) 800 Shield, 65% (scaleAP)","Combat start: Dominators gain a Shield for @ShieldDuration@ seconds.<br><br>When Dominators cast, they gain stacking Ability Power based on the Mana spent.<br><br><expandRow>(@MinUnits@) @ShieldAmount@ Shield, @APPercent*100@%&nbsp;%i:scaleAP%</expandRow>","[{""maxUnits"": 3, ""minUnits"": 2, ""style"": 1, ""variables"": {""APPercent"": 0.25, ""ShieldAmount"": 350.0, ""ShieldDuration"": 15.0}}, {""maxUnits"": 5, ""minUnits"": 4, ""style"": 3, ""variables"": {""APPercent"": 0.44999998807907104, ""ShieldAmount"": 550.0, ""ShieldDuration"": 15.0}}, {""maxUnits"": 25000, ""minUnits"": 6, ""style"": 5, ""variables"": {""APPercent"": 0.6499999761581421, ""ShieldAmount"": 800.0, ""ShieldDuration"": 15.0}}]"
Set 13,13,base,TFTSet13,15.6,TFT13_Ambassador,Emissary,1|4,"This trait is active only when you have exactly 1 or 4 unique Emissaries. (@MinUnits@) Gain that Emissary's bonus(@MinUnits@) Gain all bonuses. Emissaries gain @BonusHealth@ (scaleHealth) and @SelfishDamageAmp*100@% (scaleDA)Ambessa: Allies gain @AmbessaArmor@ Armor and Magic Resist for each opponent defeated. (@TFTUnitProperty.trait:TFT13_Ambassador_PlayersDefeated@/7)Garen: On Combat Start, Garen and allies to his left and right gain @GarenHealthPercent*100@% of his max Health.Nami: Allies' attacks grant @NamiMana@ bonus Mana.Tristana: Allies gain @StarAS*100@% Attack Speed per star level.","This trait is active only when you have exactly 1 or 4 unique Emissaries. <br><br><row>(@MinUnits@) Gain that Emissary's bonus</row><br><row>(@MinUnits@) Gain all bonuses. Emissaries gain @BonusHealth@&nbsp;%i:scaleHealth% and @SelfishDamageAmp*100@%&nbsp;%i:scaleDA%</row><br><br><TFTGuildActive enabled=TFT13_Trait_Ambassador_ActiveDomina alternate=TFTGuildInactive>Ambessa: Allies gain @AmbessaArmor@ Armor and Magic Resist for each opponent defeated. (@TFTUnitProperty.trait:TFT13_Ambassador_PlayersDefeated@/7)</TFTGuildActive><br><br><TFTGuildActive enabled=TFT13_Trait_Ambassador_ActiveJarvan alternate=TFTGuildInactive>Garen: On Combat Start, Garen and allies to his left and right gain @GarenHealthPercent*100@% of his max Health.</TFTGuildActive><br><br><TFTGuildActive enabled=TFT13_Trait_Ambassador_ActiveNami alternate=TFTGuildInactive>Nami: Allies' attacks grant @NamiMana@ bonus Mana.</TFTGuildActive><br><br><TFTGuildActive enabled=TFT13_Trait_Ambassador_ActiveTristana alternate=TFTGuildInactive>Tristana: Allies gain @StarAS*100@% Attack Speed per star level.</TFTGuildActive>","[{""maxUnits"": 1, ""minUnits"": 1, ""style"": 1, ""variables"": {""AmbessaArmor"": 2.0, ""AmbessaArmor_PVE"": 4.0, ""BonusAS"": null, ""BonusHealth"": 250.0, ""CCImmuneDuration"": 8.0, ""GarenHealthPercent"": 0.11999999731779099, ""NamiMana"": 3.0, ""SelfishDamageAmp"": 0.20000000298023224, ""StarAS"": 0.05999999865889549, ""{3854f478}"": 2.0, ""{4b20f990}"": null, ""{845be53a}"": 4.0}}, {""maxUnits"": 4, ""minUnits"": 4, ""style"": 5, ""variables"": {""AmbessaArmor"": 2.0, ""AmbessaArmor_PVE"": 4.0, ""BonusAS"": null, ""BonusHealth"": 250.0, ""CCImmuneDuration"": 8.0, ""GarenHealthPercent"": 0.11999999731779099, ""NamiMana"": 3.0, ""SelfishDamageAmp"": 0.20000000298023224, ""StarAS"": 0.05999999865889549, ""{3854f478}"": 2.0, ""{4b20f990}"": null, ""{845be53a}"": 4.0}}]"
Set 13,13,base,TFTSet13,15.6,TFT13_Squad,Enforcer,2|4|6|8|10,"Combat Start: Enforcers gain Shield and Damage Amp. The highest Health enemy units become WANTED! When a Wanted enemy dies, Enforcers gain @AttackSpeedPerWantedKill*100@% Attack Speed.(@MinUnits@) @NumOfWantedEnemies@ unit; @PercentMaxHealthShield*100*100@% (scaleHealth), @BaseDA*100@% (scaleDA)(@MinUnits@) @NumOfWantedEnemies@ units; @PercentMaxHealthShield*100*100@% (scaleHealth), @BaseDA*100@% (scaleDA)(@MinUnits@) @NumOfWantedEnemies@ units; @PercentMaxHealthShield*100*100@% (scaleHealth), @BaseDA*100@% (scaleDA)(@MinUnits@) @NumOfWantedEnemies@ units; @PercentMaxHealthShield*100*100@% (scaleHealth), @BaseDA*100@% (scaleDA)(@MinUnits@) ALL enemies; @PercentMaxHealthShield*100*100@% (scaleHealth), @BaseDA*100@% (scaleDA); Combat Start: Confiscate all enemy items!","Combat Start: Enforcers gain Shield and Damage Amp. The highest Health enemy units become <i>WANTED!</i> <br><br>When a Wanted enemy dies, Enforcers gain @AttackSpeedPerWantedKill*100@% Attack Speed.<br><br><row>(@MinUnits@) @NumOfWantedEnemies@&nbsp;unit; @PercentMaxHealthShield*100*100@%&nbsp;%i:scaleHealth%,&nbsp;@BaseDA*100@%&nbsp;%i:scaleDA%</row><br><row>(@MinUnits@) @NumOfWantedEnemies@&nbsp;units; @PercentMaxHealthShield*100*100@%&nbsp;%i:scaleHealth%,&nbsp;@BaseDA*100@%&nbsp;%i:scaleDA%</row><br><row>(@MinUnits@) @NumOfWantedEnemies@&nbsp;units; @PercentMaxHealthShield*100*100@%&nbsp;%i:scaleHealth%,&nbsp;@BaseDA*100@%&nbsp;%i:scaleDA%</row><br><row>(@MinUnits@) @NumOfWantedEnemies@&nbsp;units; @PercentMaxHealthShield*100*100@%&nbsp;%i:scaleHealth%,&nbsp;@BaseDA*100@%&nbsp;%i:scaleDA%</row><br><row>(@MinUnits@) ALL enemies; @PercentMaxHealthShield*100*100@%&nbsp;%i:scaleHealth%, @BaseDA*100@%&nbsp;%i:scaleDA%; Combat Start: Confiscate all enemy&nbsp;items!</row>","[{""maxUnits"": 3, ""minUnits"": 2, ""style"": 1, ""variables"": {""AttackSpeedPerWantedKill"": 0.30000001192092896, ""BaseDA"": 0.11999999731779099, ""NumOfWantedEnemies"": 1.0, ""PercentMaxHealthShield"": 0.11999999731779099, ""{36b1550f}"": null, ""{9edd4912}"": null}}, {""maxUnits"": 5, ""minUnits"": 4, ""style"": 3, ""variables"": {""AttackSpeedPerWantedKill"": 0.30000001192092896, ""BaseDA"": 0.20000000298023224, ""NumOfWantedEnemies"": 2.0, ""PercentMaxHealthShield"": 0.2199999988079071, ""{36b1550f}"": null, ""{9edd4912}"": null}}, {""maxUnits"": 7, ""minUnits"": 6, ""style"": 5, ""variables"": {""AttackSpeedPerWantedKill"": 0.30000001192092896, ""BaseDA"": 0.33000001311302185, ""NumOfWantedEnemies"": 4.0, ""PercentMaxHealthShield"": 0.33000001311302185, ""{36b1550f}"": null, ""{9edd4912}"": null}}, {""maxUnits"": 9, ""minUnits"": 8, ""style"": 5, ""variables"": {""AttackSpeedPerWantedKill"": 0.30000001192092896, ""BaseDA"": 0.4399999976158142, ""NumOfWantedEnemies"": 5.0, ""PercentMaxHealthShield"": 0.4399999976158142, ""{36b1550f}"": null, ""{9edd4912}"": null}}, {""maxUnits"": 25000, ""minUnits"": 10, ""style"": 6, ""variables"": {""AttackSpeedPerWantedKill"": 0.30000001192092896, ""BaseDA"": 1.5, ""NumOfWantedEnemies"": 99.0, ""PercentMaxHealthShield"": 1.0, ""{36b1550f}"": null, ""{9edd4912}"": 1.0}}]"
Set 13,13,base,TFTSet13,15.6,TFT13_Experiment,Experiment,3|5|7,"Gain Laboratory hexes on your board.Combat start: Experiments standing on Laboratory hexes gain the Experiment bonuses of all Experiments on Laboratory hexes, plus max Health.(@MinUnits@) @NumLaboratory@ Laboratories, @MaxHealth@ (scaleHealth)(@MinUnits@) @NumLaboratory@ Laboratories, @MaxHealth@ (scaleHealth)(@MinUnits@) Experiment bonuses increase by @ExperimentBonusIncrease*100@%!","Gain Laboratory hexes on your board.<br><br>Combat start: Experiments standing on Laboratory hexes gain the Experiment bonuses of all Experiments on Laboratory hexes, plus max Health.<br><br><row>(@MinUnits@) @NumLaboratory@ Laboratories, @MaxHealth@&nbsp;%i:scaleHealth%</row><br><row>(@MinUnits@) @NumLaboratory@ Laboratories, @MaxHealth@&nbsp;%i:scaleHealth%</row><br><row>(@MinUnits@) Experiment bonuses increase by @ExperimentBonusIncrease*100@%!</row>","[{""maxUnits"": 4, ""minUnits"": 3, ""style"": 1, ""variables"": {""ExperimentBonusIncrease"": null, ""MaxHealth"": 100.0, ""NumLaboratory"": 2.0, ""{a02e81c2}"": 1.149999976158142}}, {""maxUnits"": 6, ""minUnits"": 5, ""style"": 5, ""variables"": {""ExperimentBonusIncrease"": null, ""MaxHealth"": 450.0, ""NumLaboratory"": 3.0, ""{a02e81c2}"": 1.2999999523162842}}, {""maxUnits"": 25000, ""minUnits"": 7, ""style"": 5, ""variables"": {""ExperimentBonusIncrease"": 1.0, ""MaxHealth"": 450.0, ""NumLaboratory"": 3.0, ""{a02e81c2}"": 1.5}}]"
Set 13,13,base,TFTSet13,15.6,TFT13_Family,Family,3|4|5,"Family members support each other, reducing their max Mana and gaining extra bonuses.(@MinUnits@) @ManaReduction*100@% reduction, @DamageReduction*100@% (scaleDR)(@MinUnits@) @ManaReduction*100@% reduction, @AttackSpeed*100@% (scaleAS)(@MinUnits@) @ManaReduction*100@% reduction, heist on topside! After combat, progress the heist, increased for each surviving Family member!@TFTUnitProperty.trait:TFT13_JunkerKing_SelfDestructTRA@","Family members support each other, reducing their max Mana and gaining extra bonuses.<br><br><row>(@MinUnits@) @ManaReduction*100@% reduction, @DamageReduction*100@%&nbsp;%i:scaleDR%</row><br><row>(@MinUnits@) @ManaReduction*100@% reduction, @AttackSpeed*100@%&nbsp;%i:scaleAS%</row><br><row>(@MinUnits@) @ManaReduction*100@% reduction, heist on topside! After combat, progress the heist, increased for each surviving Family&nbsp;member!</row><br><br><rules>@TFTUnitProperty.trait:TFT13_JunkerKing_SelfDestructTRA@</rules>","[{""maxUnits"": 3, ""minUnits"": 3, ""style"": 5, ""variables"": {""AttackSpeed"": 0.20000000298023224, ""DamageReduction"": 0.20000000298023224, ""ManaReduction"": 0.25}}, {""maxUnits"": 4, ""minUnits"": 4, ""style"": 5, ""variables"": {""AttackSpeed"": 0.20000000298023224, ""DamageReduction"": 0.20000000298023224, ""ManaReduction"": 0.30000001192092896}}, {""maxUnits"": 25000, ""minUnits"": 5, ""style"": 5, ""variables"": {""AttackSpeed"": 0.20000000298023224, ""DamageReduction"": 0.20000000298023224, ""ManaReduction"": 0.4000000059604645, ""{01fcc30b}"": 0.75, ""{217874f1}"": 2.5, ""{43cb93dd}"": 1.25, ""{46c3fc24}"": 1.5, ""{6fc9f267}"": 17.0, ""{8173be81}"": 2.0, ""{9000fe5b}"": 2.0, ""{92029cea}"": 0.5}}]"
Set 13,13,base,TFTSet13,15.6,TFT13_Hoverboard,Firelight,2|3|4,"Every @Duration@ seconds, Firelights dash. While dashing, they attack with infinite range and heal a percentage of the damage taken since their last dash.(@MinUnits@) @PercentDamageTakenHeal*100@% of damage taken(@MinUnits@) @PercentDamageTakenHeal*100@% of damage taken(@MinUnits@) @PercentDamageTakenHeal*100@% of damage taken. While dashing, gain a massive burst of Attack Speed.","Every @Duration@ seconds, Firelights dash. While dashing, they attack with infinite range and heal a percentage of the damage taken since their last dash.<br><br><row>(@MinUnits@) @PercentDamageTakenHeal*100@% of damage taken</row><br><row>(@MinUnits@) @PercentDamageTakenHeal*100@% of damage taken</row><br><row>(@MinUnits@) @PercentDamageTakenHeal*100@% of damage taken. While dashing, gain a massive burst of Attack Speed.</row>","[{""maxUnits"": 2, ""minUnits"": 2, ""style"": 1, ""variables"": {""Duration"": 6.0, ""PercentDamageTakenHeal"": 0.25, ""{0a9a9714}"": null, ""{3c0d594a}"": 1.0}}, {""maxUnits"": 3, ""minUnits"": 3, ""style"": 5, ""variables"": {""Duration"": 6.0, ""PercentDamageTakenHeal"": 0.4000000059604645, ""{0a9a9714}"": null, ""{3c0d594a}"": 1.0}}, {""maxUnits"": 25000, ""minUnits"": 4, ""style"": 5, ""variables"": {""Duration"": 6.0, ""PercentDamageTakenHeal"": 0.44999998807907104, ""{0a9a9714}"": 3.5, ""{3c0d594a}"": 1.0}}]"
Set 13,13,base,TFTSet13,15.6,TFT13_FormSwapper,Form Swapper,2|3|4,"Innate: Form Swappers change their stats and ability based on if they're placed in the front 2 rows or back 2 rows.Frontline Form Swappers gain Durability. Backline Form Swappers gain Damage Amp.
(2) 15% (scaleDR) or 20% (scaleDA)
(3) 22% (scaleDR) or 30% (scaleDA)
(4) 33% (scaleDR) or 44% (scaleDA)",Innate: Form Swappers change their stats and ability based on if they're placed in the front 2 rows or back 2&nbsp;rows.<br><br>Frontline Form Swappers gain Durability. Backline Form Swappers gain Damage&nbsp;Amp.<br><br><expandRow>(@MinUnits@) @DR*100@%&nbsp;%i:scaleDR% or @DA*100@%&nbsp;%i:scaleDA%</expandRow>,"[{""maxUnits"": 2, ""minUnits"": 2, ""style"": 1, ""variables"": {""DA"": 0.20000000298023224, ""DR"": 0.15000000596046448}}, {""maxUnits"": 3, ""minUnits"": 3, ""style"": 3, ""variables"": {""DA"": 0.30000001192092896, ""DR"": 0.2199999988079071}}, {""maxUnits"": 25000, ""minUnits"": 4, ""style"": 5, ""variables"": {""DA"": 0.4399999976158142, ""DR"": 0.33000001311302185}}]"
Set 13,13,base,TFTSet13,15.6,TFT13_Teamup_Geniuses,Geniuses,2,"When Heimerdinger casts, Ekko releases @NumEkkoAfterImages@ afterimages, each dealing @ReducedEkkoDamage*100@% damage. When Ekko casts, Heimerdinger fires @NumHeimerMissiles@ missiles, each dealing @ReducedHeimerDamage*100@% damage.","When Heimerdinger casts, Ekko releases @NumEkkoAfterImages@ afterimages, each dealing @ReducedEkkoDamage*100@% damage. When Ekko casts, Heimerdinger fires @NumHeimerMissiles@ missiles, each dealing @ReducedHeimerDamage*100@% damage. ","[{""maxUnits"": 25000, ""minUnits"": 2, ""style"": 4, ""variables"": {""NumEkkoAfterImages"": 3.0, ""NumHeimerMissiles"": 3.0, ""ReducedEkkoDamage"": 0.5, ""ReducedHeimerDamage"": 1.5}}]"
Set 13,13,base,TFTSet13,15.6,TFT13_HighRoller,High Roller,1,"When casting, Sevika rolls a random Jinx modification to her Ability and gains @Durability*100@% Durability for @Duration@ seconds.Mods:-Rocket: Launch @Bonus1NumRockets@ rockets that deal @Bonus1RocketDamage@ physical damage each-Shield: Gain @Bonus2ShieldAmount@ Shield for @Bonus2ShieldDuration@ seconds-Coin: Gain @Bonus4Gold@ gold-Triple: Enhance her rolled ability!In Choncc's Treasure, the Coin modification grants less gold in earlier stages.","When casting, Sevika rolls a random Jinx modification to her Ability and gains @Durability*100@% Durability for @Duration@ seconds.<br><br>Mods:<br>-Rocket: Launch @Bonus1NumRockets@ rockets that deal @Bonus1RocketDamage@ physical damage each<br>-Shield: Gain @Bonus2ShieldAmount@ Shield for @Bonus2ShieldDuration@ seconds<br>-Coin: Gain @Bonus4Gold@ gold<br>-Triple: Enhance her rolled ability!<br><br><ShowIfCustom.Set=TFTSetEventCT>In Choncc's Treasure, the Coin modification grants less gold in earlier stages.</ShowIfCustom.Set=TFTSetEventCT>","[{""maxUnits"": 25000, ""minUnits"": 1, ""style"": 4, ""variables"": {""Bonus1NumRockets"": 8.0, ""Bonus1RocketDamage"": 100.0, ""Bonus2ShieldAmount"": 500.0, ""Bonus2ShieldDuration"": 4.0, ""Bonus4Gold"": 3.0, ""Durability"": 0.800000011920929, ""Duration"": 1.5, ""{01148678}"": 0.3499999940395355, ""{267deafa}"": 0.3499999940395355, ""{52aec87f}"": 0.10000000149011612, ""{592d23e5}"": 0.3499999940395355, ""{699f6a87}"": 0.20000000298023224, ""{9ad9e572}"": 0.004999999888241291, ""{9b22c5ec}"": null, ""{bcedb441}"": 1.5, ""{e1fc0fa1}"": 0.24500000476837158, ""{e640e05f}"": 0.4000000059604645}}]"
Set 13,13,base,TFTSet13,15.6,TFT13_JunkerKing,Junker King,1,"Every @NumRounds1Star@ rounds, open an armory to purchase permanent upgrades to your strongest Rumble's mech.Rounds Until Upgrade: @TFTUnitProperty.trait:TFT13_JunkerKing_RoundsUntilOpening@","Every @NumRounds1Star@ rounds, open an armory to purchase permanent upgrades to your strongest Rumble's&nbsp;mech.<br><br><rules>Rounds Until Upgrade: @TFTUnitProperty.trait:TFT13_JunkerKing_RoundsUntilOpening@</rules>","[{""maxUnits"": 25000, ""minUnits"": 1, ""style"": 4, ""variables"": {""NumRounds1Star"": 3.0, ""NumRounds1Star_HR"": 2.0, ""{7b91cfd3}"": 2.0, ""{da177dfb}"": 1.0, ""{ea33712c}"": 3.0, ""{ed4fa85a}"": 1.0}}]"
Set 13,13,base,TFTSet13,15.6,TFT13_Teamup_Mentorship,Martial Law,2,"When Ambessa casts, Caitlyn fires an empowered attack at the target, dealing @CaitAD*100@% damage. Ambessa gains @ADShare*100@% of Caitlyn's Attack Damage.","When Ambessa casts, Caitlyn fires an empowered attack at the target, dealing @CaitAD*100@% damage. Ambessa gains @ADShare*100@% of Caitlyn's Attack Damage.","[{""maxUnits"": 25000, ""minUnits"": 2, ""style"": 4, ""variables"": {""ADShare"": 0.18000000715255737, ""CaitAD"": 2.0}}]"
Set 13,13,base,TFTSet13,15.6,TFT13_Teamup_Menaces,Menaces,2,"Powder gains Dominator but no longer benefits from Family. When her monkey explodes, it creates @NumMonstrosities@ of Silco's monstrosities.","Powder gains Dominator but no longer benefits from Family. When her monkey explodes, it creates @NumMonstrosities@ of Silco's monstrosities.","[{""maxUnits"": 25000, ""minUnits"": 2, ""style"": 4, ""variables"": {""NumMonstrosities"": 3.0}}]"
Set 13,13,base,TFTSet13,15.6,TFT13_Pugilist,Pit Fighter,2|4|6|8,"Pit Fighters gain @OmnivampPercent*100@% Omnivamp and deal bonus true damage. Once per combat at @HealthThreshold*100@% Health, they heal a percentage of their max Health over @Duration@ seconds.
(2) 6% true damage, 10% (scaleHealth)
(4) 12% true damage, 35% (scaleHealth)
(6) 22% true damage, 55% (scaleHealth)
(8) 35% true damage, 80% (scaleHealth)","Pit Fighters gain @OmnivampPercent*100@% Omnivamp and deal bonus true damage. Once per combat at @HealthThreshold*100@% Health, they heal a percentage of their max Health over @Duration@ seconds.<br><br><expandRow>(@MinUnits@) @TrueDamagePercent*100@%&nbsp;true damage, @HealPercent*100@%&nbsp;%i:scaleHealth%</expandRow>","[{""maxUnits"": 3, ""minUnits"": 2, ""style"": 1, ""variables"": {""Duration"": 2.0, ""HealPercent"": 0.10000000149011612, ""HealthThreshold"": 0.5, ""OmnivampPercent"": 0.15000000596046448, ""TrueDamagePercent"": 0.05999999865889549}}, {""maxUnits"": 5, ""minUnits"": 4, ""style"": 3, ""variables"": {""Duration"": 2.0, ""HealPercent"": 0.3499999940395355, ""HealthThreshold"": 0.5, ""OmnivampPercent"": 0.15000000596046448, ""TrueDamagePercent"": 0.11999999731779099}}, {""maxUnits"": 7, ""minUnits"": 6, ""style"": 5, ""variables"": {""Duration"": 2.0, ""HealPercent"": 0.550000011920929, ""HealthThreshold"": 0.5, ""OmnivampPercent"": 0.15000000596046448, ""TrueDamagePercent"": 0.2199999988079071}}, {""maxUnits"": 25000, ""minUnits"": 8, ""style"": 5, ""variables"": {""Duration"": 2.0, ""HealPercent"": 0.800000011920929, ""HealthThreshold"": 0.5, ""OmnivampPercent"": 0.15000000596046448, ""TrueDamagePercent"": 0.3499999940395355}}]"
Set 13,13,base,TFTSet13,15.6,TFT13_Challenger,Quickstriker,2|3|4,"Quickstrikers move faster and gain Attack Speed, based on their target's missing Health.(@MinUnits@) @MinBonusAS*100@-@MaxBonusAS*100@% (scaleAS)(@MinUnits@) @MinBonusAS*100@-@MaxBonusAS*100@% (scaleAS)(@MinUnits@) @MinBonusAS*100@-@MaxBonusAS*100@% (scaleAS). On target death, Quickstrikers dash to a new target and gain @ShieldAmount@ shield for @ShieldDuration@ seconds.","Quickstrikers move faster and gain Attack Speed, based on their target's missing Health.<br><br><row>(@MinUnits@) @MinBonusAS*100@-@MaxBonusAS*100@%&nbsp;%i:scaleAS%</row><br><row>(@MinUnits@) @MinBonusAS*100@-@MaxBonusAS*100@%&nbsp;%i:scaleAS%</row><br><row>(@MinUnits@) @MinBonusAS*100@-@MaxBonusAS*100@%&nbsp;%i:scaleAS%. On target death, Quickstrikers dash to a new target and gain @ShieldAmount@ shield for @ShieldDuration@&nbsp;seconds. </row>","[{""maxUnits"": 2, ""minUnits"": 2, ""style"": 1, ""variables"": {""MaxBonusAS"": 0.6000000238418579, ""MinBonusAS"": 0.20000000298023224, ""{0e9453af}"": null, ""{bdb9953b}"": 200.0}}, {""maxUnits"": 3, ""minUnits"": 3, ""style"": 3, ""variables"": {""MaxBonusAS"": 0.800000011920929, ""MinBonusAS"": 0.30000001192092896, ""{0e9453af}"": null, ""{bdb9953b}"": 200.0}}, {""maxUnits"": 25000, ""minUnits"": 4, ""style"": 5, ""variables"": {""MaxBonusAS"": 1.0, ""MinBonusAS"": 0.4000000059604645, ""ShieldAmount"": 200.0, ""ShieldDuration"": 3.0, ""{0e9453af}"": null, ""{bdb9953b}"": 200.0}}]"
Set 13,13,base,TFTSet13,15.6,TFT13_Rebel,Rebel,3|5|7|10,"Rebels gain @MaxHealthIncrease*100@% max Health.After your team loses @PercentHealthTrigger*100@% of their Health, a smoke signal appears, granting Rebels @BurstAS*100@% Attack Speed for @BurstDuration@ seconds and extra power for the rest of combat.(@MinUnits@) @ADAP*100@% (scaleAD)(scaleAP)(@MinUnits@) @ADAP*100@% (scaleAD)(scaleAP), @PercentMaxHealthBonus*100@% (scaleHealth)(@MinUnits@) @ADAP*100@% (scaleAD)(scaleAP), @PercentMaxHealthBonus*100@% (scaleHealth), and Stun all enemies for @StunDuration@ seconds(@MinUnits@) The smoke signal triggers at Combat Start and every @ForceDuration@ seconds.","Rebels gain @MaxHealthIncrease*100@% max Health.<br><br>After your team loses @PercentHealthTrigger*100@% of their Health, a smoke signal appears, granting Rebels @BurstAS*100@% Attack Speed for @BurstDuration@ seconds and extra power for the rest of&nbsp;combat.<br><br><row>(@MinUnits@) @ADAP*100@%&nbsp;%i:scaleAD%%i:scaleAP%</row><br><row>(@MinUnits@) @ADAP*100@%&nbsp;%i:scaleAD%%i:scaleAP%, @PercentMaxHealthBonus*100@%&nbsp;%i:scaleHealth%</row><br><row>(@MinUnits@) @ADAP*100@%&nbsp;%i:scaleAD%%i:scaleAP%, @PercentMaxHealthBonus*100@%&nbsp;%i:scaleHealth%, and Stun all enemies for @StunDuration@&nbsp;seconds</row><br><row>(@MinUnits@) The smoke signal triggers at Combat Start and every @ForceDuration@&nbsp;seconds.</row>","[{""maxUnits"": 4, ""minUnits"": 3, ""style"": 1, ""variables"": {""ADAP"": 0.20000000298023224, ""BurstAS"": 0.6000000238418579, ""BurstDuration"": 5.0, ""ForceDuration"": null, ""MaxHealthIncrease"": 0.15000000596046448, ""PercentHealthTrigger"": 0.25, ""PercentMaxHealthBonus"": null, ""StunDuration"": null, ""{1ec59053}"": null}}, {""maxUnits"": 6, ""minUnits"": 5, ""style"": 3, ""variables"": {""ADAP"": 0.4000000059604645, ""BurstAS"": 0.6000000238418579, ""BurstDuration"": 5.0, ""ForceDuration"": null, ""MaxHealthIncrease"": 0.15000000596046448, ""PercentHealthTrigger"": 0.25, ""PercentMaxHealthBonus"": 0.11999999731779099, ""StunDuration"": null, ""{1ec59053}"": null}}, {""maxUnits"": 9, ""minUnits"": 7, ""style"": 5, ""variables"": {""ADAP"": 0.44999998807907104, ""BurstAS"": 0.6000000238418579, ""BurstDuration"": 5.0, ""ForceDuration"": null, ""MaxHealthIncrease"": 0.15000000596046448, ""PercentHealthTrigger"": 0.25, ""PercentMaxHealthBonus"": 0.15000000596046448, ""StunDuration"": 2.0, ""{1ec59053}"": null}}, {""maxUnits"": 25000, ""minUnits"": 10, ""style"": 6, ""variables"": {""ADAP"": 0.5, ""BurstAS"": 0.6000000238418579, ""BurstDuration"": 5.0, ""ForceDuration"": 12.0, ""MaxHealthIncrease"": 0.15000000596046448, ""PercentHealthTrigger"": 0.25, ""PercentMaxHealthBonus"": 0.30000001192092896, ""StunDuration"": 2.0, ""{1ec59053}"": 1.0}}]"
Set 13,13,base,TFTSet13,15.6,TFT13_Teamup_Reunion,Reunion,2,"When Vi casts, Ekko releases 3 afterimages towards her target each dealing @EkkoAfterImageReducedDamage*100@% damage. When Ekko casts, Vi slams an earthquake towards his target dealing @ViEarthquakeReducedDamage*100@% damage.","When Vi casts, Ekko releases 3 afterimages towards her target each dealing @EkkoAfterImageReducedDamage*100@% damage. When Ekko casts, Vi slams an earthquake towards his target dealing @ViEarthquakeReducedDamage*100@% damage.","[{""maxUnits"": 25000, ""minUnits"": 2, ""style"": 4, ""variables"": {""EkkoAfterImageReducedDamage"": 0.4000000059604645, ""ViEarthquakeReducedDamage"": 1.0}}]"
Set 13,13,base,TFTSet13,15.6,TFT13_Scrap,Scrap,2|4|6|9,"Combat start: Components held by Scrap units temporarily turn into full items. Scrap units gain Shield for @ShieldDuration@ seconds for each component held by your team, including those that make up a full item.(@MinUnits@) @NumComponents@ component, @HPShieldAmount@ Shield(@MinUnits@) @NumComponents@ components, @HPShieldAmount@ Shield(@MinUnits@) All components, and full items become lucky! @HPShieldAmount@ Shield(@MinUnits@) Generate Radiant items! @HPShieldAmount@ ShieldShield Amount: @TFTUnitProperty.:TFT13_Trait_Scrap_ShieldTotal@","Combat start: Components held by Scrap units temporarily turn into full items. Scrap units gain Shield for @ShieldDuration@ seconds for each component held by your team, including those that make up a full item.<br><br><row>(@MinUnits@) @NumComponents@ component, @HPShieldAmount@ Shield</row><br><row>(@MinUnits@) @NumComponents@ components, @HPShieldAmount@ Shield</row><br><row>(@MinUnits@) All components, and full items become lucky! @HPShieldAmount@ Shield</row><br><row>(@MinUnits@) Generate Radiant items! @HPShieldAmount@ Shield</row><br><br><rules>Shield Amount:&nbsp;@TFTUnitProperty.:TFT13_Trait_Scrap_ShieldTotal@ </rules> <br>","[{""maxUnits"": 3, ""minUnits"": 2, ""style"": 1, ""variables"": {""HPShieldAmount"": 25.0, ""NumComponents"": 1.0, ""ShieldDuration"": 24.0, ""{659aef8d}"": null, ""{7607faeb}"": 25.0, ""{7e2474c8}"": null}}, {""maxUnits"": 5, ""minUnits"": 4, ""style"": 3, ""variables"": {""HPShieldAmount"": 35.0, ""NumComponents"": 3.0, ""ShieldDuration"": 24.0, ""{659aef8d}"": null, ""{7607faeb}"": 35.0, ""{7e2474c8}"": null}}, {""maxUnits"": 8, ""minUnits"": 6, ""style"": 5, ""variables"": {""HPShieldAmount"": 45.0, ""NumComponents"": 20.0, ""ShieldDuration"": 24.0, ""{659aef8d}"": 1.0, ""{7607faeb}"": 45.0, ""{7e2474c8}"": null}}, {""maxUnits"": 25000, ""minUnits"": 9, ""style"": 5, ""variables"": {""HPShieldAmount"": 60.0, ""NumComponents"": 20.0, ""ShieldDuration"": 24.0, ""{659aef8d}"": 1.0, ""{7607faeb}"": 60.0, ""{7e2474c8}"": 1.0}}]"
Set 13,13,base,TFTSet13,15.6,TFT13_Titan,Sentinel,2|4|6,"Your team gains Armor and Magic Resist. Sentinels gain triple.
(2) 12 (scaleArmor)(scaleMR)
(4) 25 (scaleArmor)(scaleMR)
(6) 42 (scaleArmor)(scaleMR)",Your team gains Armor and Magic Resist. Sentinels gain triple.<br><br><expandRow>(@MinUnits@) @BonusArmor@&nbsp;%i:scaleArmor%%i:scaleMR%</expandRow>,"[{""maxUnits"": 3, ""minUnits"": 2, ""style"": 1, ""variables"": {""BonusArmor"": 12.0, ""{5921fc26}"": 2.0}}, {""maxUnits"": 5, ""minUnits"": 4, ""style"": 3, ""variables"": {""BonusArmor"": 25.0, ""{5921fc26}"": 2.0}}, {""maxUnits"": 25000, ""minUnits"": 6, ""style"": 5, ""variables"": {""BonusArmor"": 42.0, ""{5921fc26}"": 2.0}}]"
Set 13,13,base,TFTSet13,15.6,TFT13_Teamup_Sisters,Sisters,2,"When Jinx scores a takedown, Vi gains @ADBuff*100@% bonus Attack Damage for @ViDuration@ seconds. When Vi scores a takedown, Jinx gains @ASBuff*100@% bonus Attack Speed for @JinxDuration@ seconds.","When Jinx scores a takedown, Vi gains @ADBuff*100@% bonus Attack Damage for @ViDuration@ seconds. When Vi scores a takedown, Jinx gains @ASBuff*100@% bonus Attack Speed for @JinxDuration@ seconds.","[{""maxUnits"": 25000, ""minUnits"": 2, ""style"": 4, ""variables"": {""ADBuff"": 0.800000011920929, ""ASBuff"": 0.800000011920929, ""JinxDuration"": 10.0, ""ViDuration"": 10.0}}]"
Set 13,13,base,TFTSet13,15.6,TFT13_Sniper,Sniper,2|4|6,Snipers gain Damage Amp and deal more damage to targets farther away.(@MinUnits@) @BaseDamageAmp*100@% (scaleDA); @PercentDamageIncrease@% damage per hex(@MinUnits@) @BaseDamageAmp*100@% (scaleDA); @PercentDamageIncrease@% damage per hex(@MinUnits@) @BaseDamageAmp*100@% (scaleDA); @PercentDamageIncrease@% damage per hex; Snipers gain +@BonusHexRangeIncrease@ Attack Range,Snipers gain Damage Amp and deal more damage to targets farther away.<br><br><row>(@MinUnits@) @BaseDamageAmp*100@%&nbsp;%i:scaleDA%; @PercentDamageIncrease@%&nbsp;damage per hex</row><br><row>(@MinUnits@) @BaseDamageAmp*100@%&nbsp;%i:scaleDA%; @PercentDamageIncrease@%&nbsp;damage per hex</row><br><row>(@MinUnits@) @BaseDamageAmp*100@%&nbsp;%i:scaleDA%; @PercentDamageIncrease@%&nbsp;damage per hex; Snipers gain +@BonusHexRangeIncrease@ Attack Range</row>,"[{""maxUnits"": 3, ""minUnits"": 2, ""style"": 1, ""variables"": {""BaseDamageAmp"": 0.05000000074505806, ""BonusHexRangeIncrease"": null, ""PercentDamageIncrease"": 5.0}}, {""maxUnits"": 5, ""minUnits"": 4, ""style"": 5, ""variables"": {""BaseDamageAmp"": 0.3499999940395355, ""BonusHexRangeIncrease"": null, ""PercentDamageIncrease"": 10.0}}, {""maxUnits"": 25000, ""minUnits"": 6, ""style"": 5, ""variables"": {""BaseDamageAmp"": 0.75, ""BonusHexRangeIncrease"": 5.0, ""PercentDamageIncrease"": 20.0}}]"
Set 13,13,base,TFTSet13,15.6,TFT13_Sorcerer,Sorcerer,2|4|6,"Your team gains @TeamAP@ Ability Power. Sorcerers gain more.(@MinUnits@) @BaseAP@ (scaleAP)(@MinUnits@) @BaseAP@ (scaleAP)(@MinUnits@) @BaseAP@ (scaleAP), Abilities reduce their target's damage by @DamageDecrease*100@% for @DamageDecreaseDuration@ seconds","Your team gains @TeamAP@ Ability Power. Sorcerers gain more.<br><br><row>(@MinUnits@) @BaseAP@&nbsp;%i:scaleAP%</row><br><row>(@MinUnits@) @BaseAP@&nbsp;%i:scaleAP%</row><br><row>(@MinUnits@) @BaseAP@&nbsp;%i:scaleAP%, Abilities reduce their target's damage by @DamageDecrease*100@% for @DamageDecreaseDuration@&nbsp;seconds</row>","[{""maxUnits"": 3, ""minUnits"": 2, ""style"": 1, ""variables"": {""BaseAP"": 20.0, ""TeamAP"": 10.0}}, {""maxUnits"": 5, ""minUnits"": 4, ""style"": 3, ""variables"": {""BaseAP"": 55.0, ""TeamAP"": 10.0}}, {""maxUnits"": 25000, ""minUnits"": 6, ""style"": 5, ""variables"": {""BaseAP"": 90.0, ""DamageDecrease"": 0.20000000298023224, ""DamageDecreaseDuration"": 3.0, ""TeamAP"": 10.0}}]"
Set 13,13,base,TFTSet13,15.6,TFT13_Teamup_UnlikelyDuo,Unlikely Duo,2,"Jinx and Sevika gain @AD*100@% Attack Damage and @Health@ Health. Whenever one casts, they grant the other @Mana@ mana. Sevika's arm is luckier.","Jinx and Sevika gain @AD*100@% Attack Damage and @Health@ Health. Whenever one casts, they grant the other @Mana@ mana. Sevika's arm is luckier.","[{""maxUnits"": 25000, ""minUnits"": 2, ""style"": 4, ""variables"": {""AD"": 0.10000000149011612, ""Health"": 100, ""Mana"": 10, ""{1e90fa01}"": 0.10000000149011612}}]"
Set 13,13,base,TFTSet13,15.6,TFT13_Invoker,Visionary,2|4|6,"Whenever Visionaries gain Mana, they gain more.(@MinUnits@) @EnlightenedBonusMana*100@% (scaleMana)(@MinUnits@) @EnlightenedBonusMana*100@% (scaleMana)(@MinUnits@) @EnlightenedBonusMana*100@% (scaleMana), Abilities heal an ally for @AllyHealing*100@% of damage dealt","Whenever Visionaries gain Mana, they gain more.<br><br><row>(@MinUnits@) @EnlightenedBonusMana*100@% %i:scaleMana%</row><br><row>(@MinUnits@) @EnlightenedBonusMana*100@%&nbsp;%i:scaleMana%</row><br><row>(@MinUnits@) @EnlightenedBonusMana*100@%&nbsp;%i:scaleMana%, Abilities heal an ally for @AllyHealing*100@% of damage dealt</row><br>","[{""maxUnits"": 3, ""minUnits"": 2, ""style"": 1, ""variables"": {""EnlightenedBonusMana"": 0.25}}, {""maxUnits"": 5, ""minUnits"": 4, ""style"": 3, ""variables"": {""EnlightenedBonusMana"": 0.5}}, {""maxUnits"": 25000, ""minUnits"": 6, ""style"": 5, ""variables"": {""AllyHealing"": 0.1599999964237213, ""EnlightenedBonusMana"": 0.75}}]"
Set 13,13,base,TFTSet13,15.6,TFT13_Watcher,Watcher,2|4|6,"Watchers gain Durability, increased while above @HealthBreakpoint*100@% Health.
(2) 15% or 30% (scaleDR)
(4) 25% or 45% (scaleDR)
(6) 40% or 50% (scaleDR)","Watchers gain Durability, increased while above @HealthBreakpoint*100@%&nbsp;Health.<br><br><expandRow>(@MinUnits@) @BaseDR*100@% or @IncreasedDR*100@%&nbsp;%i:scaleDR%</expandRow><br>","[{""maxUnits"": 3, ""minUnits"": 2, ""style"": 1, ""variables"": {""BaseDR"": 0.15000000596046448, ""HealthBreakpoint"": 0.5, ""IncreasedDR"": 0.30000001192092896}}, {""maxUnits"": 5, ""minUnits"": 4, ""style"": 3, ""variables"": {""BaseDR"": 0.25, ""HealthBreakpoint"": 0.5, ""IncreasedDR"": 0.44999998807907104}}, {""maxUnits"": 25000, ""minUnits"": 6, ""style"": 5, ""variables"": {""BaseDR"": 0.4000000059604645, ""HealthBreakpoint"": 0.5, ""IncreasedDR"": 0.5}}]"
Set 13,13,base,TFTSet13,15.6,TFT13_Teamup_BloodBrothers,What Could Have Been,2,Vander gains @TFTTrait.TFT13_Teamup_BloodBrothers.1:MaxHealthGainPerCast@ permanent max Health for each time Silco casts. Silco gains @TFTTrait.TFT13_Teamup_BloodBrothers.1:APGainPerDeath@ permanent Ability Power for each time Vander dies.Bonuses: @TFTUnitProperty.trait:TFT13_Sidekick_BloodBrothers_HealthGained@ (scaleHealth) | @TFTUnitProperty.trait:TFT13_Sidekick_BloodBrothers_APGained@ (scaleAP),Vander gains @TFTTrait.TFT13_Teamup_BloodBrothers.1:MaxHealthGainPerCast@ permanent max Health for each time Silco casts. Silco gains @TFTTrait.TFT13_Teamup_BloodBrothers.1:APGainPerDeath@ permanent Ability Power for each time Vander dies.<br><br>Bonuses: @TFTUnitProperty.trait:TFT13_Sidekick_BloodBrothers_HealthGained@ %i:scaleHealth% | @TFTUnitProperty.trait:TFT13_Sidekick_BloodBrothers_APGained@ %i:scaleAP%,"[{""maxUnits"": 25000, ""minUnits"": 2, ""style"": 4, ""variables"": {""APGainPerDeath"": 6.0, ""MaxHealthGainPerCast"": 30.0}}]"
Set 13.5,13,mid,TFTSet13_Evolved,15.6,TFT13_Academy,Academy,3|4|5|6,"The Academy sponsors 3 items each game.Copies of sponsored items grant bonus max Health and Damage Amp. Academy units holding sponsored items gain double the amount, plus an additional @BaseValues*100@% Health and Damage Amp.(@MinUnits@) @PercentIncreaseSponsored*100@% (scaleHealth) (scaleDA);gain 1 sponsored item.(@MinUnits@) @PercentIncreaseSponsored*100@% (scaleHealth) (scaleDA);gain 1 sponsored item.(@MinUnits@) @PercentIncreaseSponsored*100@% (scaleHealth) (scaleDA);gain 1 sponsored item.(@MinUnits@) @PercentIncreaseSponsored*100@% (scaleHealth) (scaleDA)","The Academy sponsors 3 items each game.<br><br>Copies of sponsored items grant bonus max Health and Damage Amp. Academy units holding sponsored items gain double the amount, plus an additional @BaseValues*100@% Health and Damage Amp.<br><br><row>(@MinUnits@) @PercentIncreaseSponsored*100@% %i:scaleHealth% %i:scaleDA%;<br>gain 1 sponsored item.</row><br><row>(@MinUnits@) @PercentIncreaseSponsored*100@% %i:scaleHealth% %i:scaleDA%;<br>gain 1 sponsored item.</row><br><row>(@MinUnits@) @PercentIncreaseSponsored*100@% %i:scaleHealth% %i:scaleDA%;<br>gain 1 sponsored item.</row><br><row>(@MinUnits@) @PercentIncreaseSponsored*100@% %i:scaleHealth% %i:scaleDA%</row>","[{""maxUnits"": 3, ""minUnits"": 3, ""style"": 1, ""variables"": {""BaseValues"": 0.05000000074505806, ""NumOfItems"": 1.0, ""PercentIncreaseSponsored"": 0.019999999552965164}}, {""maxUnits"": 4, ""minUnits"": 4, ""style"": 3, ""variables"": {""BaseValues"": 0.05000000074505806, ""NumOfItems"": 2.0, ""PercentIncreaseSponsored"": 0.029999999329447746}}, {""maxUnits"": 5, ""minUnits"": 5, ""style"": 5, ""variables"": {""BaseValues"": 0.05000000074505806, ""NumOfItems"": 3.0, ""PercentIncreaseSponsored"": 0.05000000074505806}}, {""maxUnits"": 25000, ""minUnits"": 6, ""style"": 5, ""variables"": {""BaseValues"": 0.05000000074505806, ""NumOfItems"": 3.0, ""PercentIncreaseSponsored"": 0.09000000357627869}}]"
Set 13.5,13,mid,TFTSet13_Evolved,15.6,TFT13_Ambusher,Ambusher,2|3|4|5,"Damage from Ambushers' Abilities can critically strike. They also gain bonus Critical Strike Chance and Critical Strike Damage.(@MinUnits@) @CritChance*100@% (scaleCrit), @CritDamage*100@% (scaleCritMult)(@MinUnits@) @CritChance*100@% (scaleCrit), @CritDamage*100@% (scaleCritMult)(@MinUnits@) @CritChance*100@% (scaleCrit), @CritDamage*100@% (scaleCritMult)(@MinUnits@) @CritChance*100@% (scaleCrit), @CritDamage*100@% (scaleCritMult); also gain @DamageReductionPct*100@% Durability","Damage from Ambushers' Abilities can critically strike. They also gain bonus Critical Strike Chance and Critical Strike Damage.<br><br><row>(@MinUnits@) @CritChance*100@%&nbsp;%i:scaleCrit%, @CritDamage*100@%&nbsp;%i:scaleCritMult%</row><br><row>(@MinUnits@) @CritChance*100@%&nbsp;%i:scaleCrit%, @CritDamage*100@%&nbsp;%i:scaleCritMult%</row><br><row>(@MinUnits@) @CritChance*100@%&nbsp;%i:scaleCrit%, @CritDamage*100@%&nbsp;%i:scaleCritMult%</row><br><row>(@MinUnits@) @CritChance*100@%&nbsp;%i:scaleCrit%, @CritDamage*100@%&nbsp;%i:scaleCritMult%; also gain @DamageReductionPct*100@% Durability</row>","[{""maxUnits"": 2, ""minUnits"": 2, ""style"": 1, ""variables"": {""CritChance"": 0.25, ""CritDamage"": 0.10000000149011612}}, {""maxUnits"": 3, ""minUnits"": 3, ""style"": 3, ""variables"": {""CritChance"": 0.3499999940395355, ""CritDamage"": 0.20000000298023224}}, {""maxUnits"": 4, ""minUnits"": 4, ""style"": 3, ""variables"": {""CritChance"": 0.44999998807907104, ""CritDamage"": 0.25}}, {""maxUnits"": 25000, ""minUnits"": 5, ""style"": 5, ""variables"": {""CritChance"": 0.550000011920929, ""CritDamage"": 0.25, ""DamageReductionPct"": 0.15000000596046448}}]"
Set 13.5,13,mid,TFTSet13_Evolved,15.6,TFT13_Martialist,Artillerist,2|4|6,"Every @NumOfAttacks@ attacks, Artillerists launch a rocket that deals @PercentDamage*100@% Attack Damage around the target. They also gain Attack Damage.(@MinUnits@) @AD*100@% (scaleAD)(@MinUnits@) @AD*100@% (scaleAD)(@MinUnits@) @AD*100@% (scaleAD), Launch a rocket every @NumOfAttacks@ attacks that deals double damage.","Every @NumOfAttacks@ attacks, Artillerists launch a rocket that deals @PercentDamage*100@% Attack Damage around the target. They also gain Attack Damage.<br><br><row>(@MinUnits@) @AD*100@% %i:scaleAD%</row><br><row>(@MinUnits@) @AD*100@%&nbsp;%i:scaleAD%</row><br><row>(@MinUnits@) @AD*100@%&nbsp;%i:scaleAD%, Launch a rocket every @NumOfAttacks@ attacks that deals double&nbsp;damage.</row>","[{""maxUnits"": 3, ""minUnits"": 2, ""style"": 1, ""variables"": {""AD"": 0.10000000149011612, ""NumOfAttacks"": 5.0, ""PercentDamage"": 1.25}}, {""maxUnits"": 5, ""minUnits"": 4, ""style"": 5, ""variables"": {""AD"": 0.44999998807907104, ""NumOfAttacks"": 5.0, ""PercentDamage"": 1.25}}, {""maxUnits"": 25000, ""minUnits"": 6, ""style"": 5, ""variables"": {""AD"": 0.699999988079071, ""NumOfAttacks"": 3.0, ""PercentDamage"": 2.5}}]"
Set 13.5,13,mid,TFTSet13_Evolved,15.6,TFT13_Hextech,Automata,2|4|6,"Automata gain a crystal when they deal damage. At @TriggerNumCrystals@ crystals, they blast their current target, dealing magic damage + @ConversionDamagePct*100@% of damage dealt since the previous blast and reset. They also gain Armor and Magic Resist.
(2) 150 damage, 25 (scaleArmor)(scaleMR)
(4) 450 damage, 60 (scaleArmor)(scaleMR)
(6) 1337 damage, 111 (scaleArmor)(scaleMR)","Automata gain a crystal when they deal damage. At @TriggerNumCrystals@&nbsp;crystals, they blast their current target, dealing magic damage + <magicDamage>@ConversionDamagePct*100@%</magicDamage> of damage dealt since the previous blast and reset. They also gain Armor and Magic&nbsp;Resist.<br><br><expandRow>(@MinUnits@) <magicDamage>@MagicDamage@</magicDamage> damage, @Resists@&nbsp;%i:scaleArmor%%i:scaleMR%</expandRow>","[{""maxUnits"": 3, ""minUnits"": 2, ""style"": 1, ""variables"": {""ConversionDamagePct"": 0.25, ""MagicDamage"": 150.0, ""Resists"": 25.0, ""TriggerNumCrystals"": 20.0, ""{a142f31c}"": 1.0}}, {""maxUnits"": 5, ""minUnits"": 4, ""style"": 3, ""variables"": {""ConversionDamagePct"": 0.25, ""MagicDamage"": 450.0, ""Resists"": 60.0, ""TriggerNumCrystals"": 20.0, ""{a142f31c}"": 1.0}}, {""maxUnits"": 25000, ""minUnits"": 6, ""style"": 5, ""variables"": {""ConversionDamagePct"": 0.25, ""MagicDamage"": 1337.0, ""Resists"": 111.0, ""TriggerNumCrystals"": 20.0, ""{a142f31c}"": 1.0}}]"
Set 13.5,13,mid,TFTSet13_Evolved,15.6,TFT13_MissMageTrait,Banished Mage,1,"The first time you would be eliminated, if Mel has cast @MinimumCasts@ times during player combat this game, she saves you and you remain alive. Afterwards, Mel permanently gains @ProcDamageAmp*100@% Damage Amp.@TFTUnitProperty.:TFT13_MissMageTrait_TrackerTRA@","The first time you would be eliminated, if Mel has cast @MinimumCasts@ times during player combat this game, she saves you and you remain alive. <br><br>Afterwards, Mel permanently gains @ProcDamageAmp*100@% Damage Amp.<br><br>@TFTUnitProperty.:TFT13_MissMageTrait_TrackerTRA@","[{""maxUnits"": 25000, ""minUnits"": 1, ""style"": 4, ""variables"": {""MinimumCasts"": 12.0, ""MinimumCastsDU"": 12.0, ""MinimumCastsHR"": 6.0, ""MissMageHealDU"": 15.0, ""ProcDamageAmp"": 0.10000000149011612, ""ProcDamageAmpDU"": 0.10000000149011612, ""ProcDamageAmpHR"": 0.10000000149011612, ""{00885e86}"": 1.0}}]"
Set 13.5,13,mid,TFTSet13_Evolved,15.6,TFT13_Teamup_Betrayal,Betrayal,2,"Maddie always targets Ambessa's target with her Ability and attacks. Every round where either gets at least @NumKills@ kills, gain a Maddie.","Maddie always targets Ambessa's target with her Ability and attacks. Every round where either gets at least @NumKills@ kills, gain a Maddie.","[{""maxUnits"": 25000, ""minUnits"": 2, ""style"": 4, ""variables"": {""NumKills"": 2.0}}]"
Set 13.5,13,mid,TFTSet13_Evolved,15.6,TFT13_Cabal,Black Rose,3|4|5|7,"(@MinUnits@) Summon a chained Sion. He is freed after @NumCastsToUnlock@ casts from Black Rose units or when he drops below @PercentHealthUnlock*100@% health.(@MinUnits@) Sion grows stronger and his enemies take more damage from Black Rose units.(@MinUnits@) Sion unleashes dark magic and heals to full Health when freed.(@MinUnits@) When Sion dies, he restores to life with power beyond death!Each Black Rose champion's star level increases Sion's power","<row>(@MinUnits@) Summon a chained Sion. He is freed after @NumCastsToUnlock@ casts from Black Rose units or when he drops below @PercentHealthUnlock*100@% health.</row><br><row>(@MinUnits@) Sion grows stronger and his enemies take more damage from Black Rose units.</row><br><row>(@MinUnits@) Sion unleashes dark magic and heals to full Health when freed.</row><br><row>(@MinUnits@) When Sion dies, he restores to life with power beyond death!</row><br><br><rules>Each Black Rose champion's star level increases Sion's power</rules>","[{""maxUnits"": 3, ""minUnits"": 3, ""style"": 1, ""variables"": {""NumCastsToUnlock"": 5.0, ""PercentHealthPerStarLevel"": 0.15000000596046448, ""PercentHealthUnlock"": 0.6499999761581421, ""{2c6be05c}"": 0.15000000596046448, ""{2e45fc86}"": 40.0, ""{85b293ec}"": 0.3499999940395355, ""{92ef9cd7}"": 4.0}}, {""maxUnits"": 4, ""minUnits"": 4, ""style"": 3, ""variables"": {""NumCastsToUnlock"": 5.0, ""PercentHealthPerStarLevel"": 0.15000000596046448, ""PercentHealthUnlock"": 0.6499999761581421, ""{2c6be05c}"": 0.15000000596046448, ""{2e45fc86}"": 45.0, ""{85b293ec}"": 0.3499999940395355, ""{92ef9cd7}"": 4.0}}, {""maxUnits"": 6, ""minUnits"": 5, ""style"": 5, ""variables"": {""NumCastsToUnlock"": 5.0, ""PercentHealthPerStarLevel"": 0.15000000596046448, ""PercentHealthUnlock"": 0.6499999761581421, ""{2c6be05c}"": 0.15000000596046448, ""{2e45fc86}"": 50.0, ""{85b293ec}"": 0.3499999940395355, ""{92ef9cd7}"": 4.0}}, {""maxUnits"": 25000, ""minUnits"": 7, ""style"": 5, ""variables"": {""NumCastsToUnlock"": 5.0, ""PercentHealthPerStarLevel"": 0.15000000596046448, ""PercentHealthUnlock"": 0.6499999761581421, ""{2c6be05c}"": 0.15000000596046448, ""{2e45fc86}"": 100.0, ""{85b293ec}"": 0.3499999940395355, ""{92ef9cd7}"": 4.0}}]"
Set 13.5,13,mid,TFTSet13_Evolved,15.6,TFT13_BloodHunter,Blood Hunter,1,"Warwick devours enemies that drop below @EnemyHealthPercentThreshold*100@% Health, healing him for @DevourHealing@ and granting him @ManaPerKill@ Mana.","Warwick devours enemies that drop below @EnemyHealthPercentThreshold*100@%&nbsp;Health, healing him for @DevourHealing@ and granting him @ManaPerKill@&nbsp;Mana.","[{""maxUnits"": 25000, ""minUnits"": 1, ""style"": 4, ""variables"": {""DevourHealing"": 450.0, ""EnemyHealthPercentThreshold"": 0.11999999731779099, ""ManaPerKill"": 50.0, ""{84534a47}"": 5.0}}]"
Set 13.5,13,mid,TFTSet13_Evolved,15.6,TFT13_Bruiser,Bruiser,2|4|6,"Your team gains @TeamFlatHealth@ max Health. Bruisers gain more.
(2) 20% (scaleHealth)
(4) 45% (scaleHealth)
(6) 80% (scaleHealth)",Your team gains @TeamFlatHealth@ max Health. Bruisers gain more.<br><br><expandRow>(@MinUnits@) @BonusPercentHealth*100@%&nbsp;%i:scaleHealth%</expandRow>,"[{""maxUnits"": 3, ""minUnits"": 2, ""style"": 1, ""variables"": {""BonusPercentHealth"": 0.20000000298023224, ""TeamFlatHealth"": 100.0}}, {""maxUnits"": 5, ""minUnits"": 4, ""style"": 3, ""variables"": {""BonusPercentHealth"": 0.44999998807907104, ""TeamFlatHealth"": 100.0}}, {""maxUnits"": 25000, ""minUnits"": 6, ""style"": 5, ""variables"": {""BonusPercentHealth"": 0.800000011920929, ""TeamFlatHealth"": 100.0}}]"
Set 13.5,13,mid,TFTSet13_Evolved,15.6,TFT13_Crime,Chem-Baron,3|4|5|6,"Gain Shimmer after each player combat. If your loss streak is at least @MinStreakLength@, gain more.At each stack of @ShimmerBreakpoint@ Shimmer, the Black Market offers you contraband that only Chem-Barons can use. Chem-Barons gain max Health for each Black Market you pass on.
(3) 15 or 35; 20 (scaleHealth)
(4) 15 or 50; 60 (scaleHealth)
(5) 20 or 70; 100 (scaleHealth)
(6) 25 or 90; 150 (scaleHealth)Markets Skipped: @TFTUnitProperty.trait:TFT13_Crime_PassedMarkets@Current Health: @TFTUnitProperty.trait:TFT13_Crime_CurrentHealth@ (scaleHealth)","Gain Shimmer after each player combat. If your loss streak is at least @MinStreakLength@, gain more.<br><br>At each stack of @ShimmerBreakpoint@ Shimmer, the Black Market offers you contraband that only Chem-Barons can use. Chem-Barons gain max Health for each Black Market you pass on.<br><br><expandRow>(@MinUnits@) @ShimmerPerCombat@ or @ShimmerPerCombatStreaking@; @HealthPerSkip@&nbsp;%i:scaleHealth%</expandRow><br><br><rules>Markets Skipped: @TFTUnitProperty.trait:TFT13_Crime_PassedMarkets@</rules><br><rules>Current Health: @TFTUnitProperty.trait:TFT13_Crime_CurrentHealth@&nbsp;%i:scaleHealth%</rules>","[{""maxUnits"": 3, ""minUnits"": 3, ""style"": 1, ""variables"": {""HealthPerSkip"": 20.0, ""MinStreakLength"": 3.0, ""ShimmerBreakpoint"": 100.0, ""ShimmerPerCombat"": 15.0, ""ShimmerPerCombatStreaking"": 35.0, ""ShimmerPerCombatStreaking_HR"": 50.0, ""ShimmerPerCombat_HR"": 25.0, ""ShimmerPerDeath_PVE"": 1.0, ""ShimmerPerRound_PVE"": 15.0, ""{ca503187}"": 25.0, ""{ecbc38fd}"": 1.0, ""{f94716e7}"": 10.0}}, {""maxUnits"": 4, ""minUnits"": 4, ""style"": 3, ""variables"": {""HealthPerSkip"": 60.0, ""MinStreakLength"": 3.0, ""ShimmerBreakpoint"": 100.0, ""ShimmerPerCombat"": 15.0, ""ShimmerPerCombatStreaking"": 50.0, ""ShimmerPerCombatStreaking_HR"": 60.0, ""ShimmerPerCombat_HR"": 30.0, ""ShimmerPerDeath_PVE"": 1.0, ""ShimmerPerRound_PVE"": 20.0, ""{ca503187}"": 35.0, ""{ecbc38fd}"": 1.0, ""{f94716e7}"": 10.0}}, {""maxUnits"": 5, ""minUnits"": 5, ""style"": 5, ""variables"": {""HealthPerSkip"": 100.0, ""MinStreakLength"": 3.0, ""ShimmerBreakpoint"": 100.0, ""ShimmerPerCombat"": 20.0, ""ShimmerPerCombatStreaking"": 70.0, ""ShimmerPerCombatStreaking_HR"": 70.0, ""ShimmerPerCombat_HR"": 35.0, ""ShimmerPerDeath_PVE"": 2.0, ""ShimmerPerRound_PVE"": 30.0, ""{ca503187}"": 50.0, ""{ecbc38fd}"": 1.0, ""{f94716e7}"": 15.0}}, {""maxUnits"": 25000, ""minUnits"": 6, ""style"": 5, ""variables"": {""HealthPerSkip"": 150.0, ""MinStreakLength"": 3.0, ""ShimmerBreakpoint"": 100.0, ""ShimmerPerCombat"": 25.0, ""ShimmerPerCombatStreaking"": 90.0, ""ShimmerPerCombatStreaking_HR"": 90.0, ""ShimmerPerCombat_HR"": 45.0, ""ShimmerPerDeath_PVE"": 3.0, ""ShimmerPerRound_PVE"": 40.0, ""{ca503187}"": 70.0, ""{ecbc38fd}"": 1.0, ""{f94716e7}"": 20.0}}]"
Set 13.5,13,mid,TFTSet13_Evolved,15.6,TFT13_Warband,Conqueror,2|4|6|9,"Conquerors' takedowns grant stacks of Conquest. After gaining enough Conquest, open War Chests full of loot!Conquerors gain Attack Damage and Ability Power, increased by @PercentIncreasePerChest*100@% for each War Chest opened.
(2) 22% (scaleAD)(scaleAP); 1x Conquest
(4) 33% (scaleAD)(scaleAP); 3x Conquest
(6) 40% (scaleAD)(scaleAP); 6x Conquest
(9) 120% (scaleAD)(scaleAP); 20x ConquestWar Chests Opened: @TFTUnitProperty.trait:TFT13_Warband_ChestsCompleted@Current Stats: @TFTUnitProperty.trait:TFT13_Warband_CurrentADAP@% (scaleAD)(scaleAP)","Conquerors' takedowns grant stacks of Conquest. After gaining enough Conquest, open War Chests full of loot!<br><br>Conquerors gain Attack Damage and Ability Power, increased by @PercentIncreasePerChest*100@% for each War Chest opened.<br><br><expandRow>(@MinUnits@) @ADAPBase*100@%&nbsp;%i:scaleAD%%i:scaleAP%; @StacksPerKill@x&nbsp;Conquest</expandRow><br><br><rules>War Chests Opened: @TFTUnitProperty.trait:TFT13_Warband_ChestsCompleted@</rules><br><rules>Current Stats: @TFTUnitProperty.trait:TFT13_Warband_CurrentADAP@%&nbsp;%i:scaleAD%%i:scaleAP%</rules><br>","[{""maxUnits"": 3, ""minUnits"": 2, ""style"": 1, ""variables"": {""ADAPBase"": 0.2199999988079071, ""PercentIncreasePerChest"": 0.07999999821186066, ""StacksPerKill"": 1.0}}, {""maxUnits"": 5, ""minUnits"": 4, ""style"": 3, ""variables"": {""ADAPBase"": 0.33000001311302185, ""PercentIncreasePerChest"": 0.07999999821186066, ""StacksPerKill"": 3.0}}, {""maxUnits"": 8, ""minUnits"": 6, ""style"": 5, ""variables"": {""ADAPBase"": 0.4000000059604645, ""PercentIncreasePerChest"": 0.07999999821186066, ""StacksPerKill"": 6.0}}, {""maxUnits"": 25000, ""minUnits"": 9, ""style"": 6, ""variables"": {""ADAPBase"": 1.2000000476837158, ""PercentIncreasePerChest"": 0.07999999821186066, ""StacksPerKill"": 20.0}}]"
Set 13.5,13,mid,TFTSet13_Evolved,15.6,TFT13_Infused,Dominator,2|4|6,"Combat start: Dominators gain a Shield for @ShieldDuration@ seconds.When Dominators cast, they gain stacking Ability Power based on the Mana spent.
(2) 350 Shield, 25% (scaleAP)
(4) 550 Shield, 45% (scaleAP)
(6) 800 Shield, 65% (scaleAP)","Combat start: Dominators gain a Shield for @ShieldDuration@ seconds.<br><br>When Dominators cast, they gain stacking Ability Power based on the Mana spent.<br><br><expandRow>(@MinUnits@) @ShieldAmount@ Shield, @APPercent*100@%&nbsp;%i:scaleAP%</expandRow>","[{""maxUnits"": 3, ""minUnits"": 2, ""style"": 1, ""variables"": {""APPercent"": 0.25, ""ShieldAmount"": 350.0, ""ShieldDuration"": 15.0}}, {""maxUnits"": 5, ""minUnits"": 4, ""style"": 3, ""variables"": {""APPercent"": 0.44999998807907104, ""ShieldAmount"": 550.0, ""ShieldDuration"": 15.0}}, {""maxUnits"": 25000, ""minUnits"": 6, ""style"": 5, ""variables"": {""APPercent"": 0.6499999761581421, ""ShieldAmount"": 800.0, ""ShieldDuration"": 15.0}}]"
Set 13.5,13,mid,TFTSet13_Evolved,15.6,TFT13_Ambassador,Emissary,1|4,"This trait is active only when you have exactly 1 or 4 unique Emissaries. (@MinUnits@) Gain that Emissary's bonus(@MinUnits@) Gain all bonuses. Emissaries gain @BonusHealth@ (scaleHealth) and @SelfishDamageAmp*100@% (scaleDA)Ambessa: Allies gain @AmbessaArmor@ Armor and Magic Resist for each opponent defeated. (@TFTUnitProperty.trait:TFT13_Ambassador_PlayersDefeated@/7)Garen: On Combat Start, Garen and allies to his left and right gain @GarenHealthPercent*100@% of his max Health.Nami: Allies' attacks grant @NamiMana@ bonus Mana.Tristana: Allies gain @StarAS*100@% Attack Speed per star level.","This trait is active only when you have exactly 1 or 4 unique Emissaries. <br><br><row>(@MinUnits@) Gain that Emissary's bonus</row><br><row>(@MinUnits@) Gain all bonuses. Emissaries gain @BonusHealth@&nbsp;%i:scaleHealth% and @SelfishDamageAmp*100@%&nbsp;%i:scaleDA%</row><br><br><TFTGuildActive enabled=TFT13_Trait_Ambassador_ActiveDomina alternate=TFTGuildInactive>Ambessa: Allies gain @AmbessaArmor@ Armor and Magic Resist for each opponent defeated. (@TFTUnitProperty.trait:TFT13_Ambassador_PlayersDefeated@/7)</TFTGuildActive><br><br><TFTGuildActive enabled=TFT13_Trait_Ambassador_ActiveJarvan alternate=TFTGuildInactive>Garen: On Combat Start, Garen and allies to his left and right gain @GarenHealthPercent*100@% of his max Health.</TFTGuildActive><br><br><TFTGuildActive enabled=TFT13_Trait_Ambassador_ActiveNami alternate=TFTGuildInactive>Nami: Allies' attacks grant @NamiMana@ bonus Mana.</TFTGuildActive><br><br><TFTGuildActive enabled=TFT13_Trait_Ambassador_ActiveTristana alternate=TFTGuildInactive>Tristana: Allies gain @StarAS*100@% Attack Speed per star level.</TFTGuildActive>","[{""maxUnits"": 1, ""minUnits"": 1, ""style"": 1, ""variables"": {""AmbessaArmor"": 2.0, ""AmbessaArmor_PVE"": 4.0, ""BonusAS"": null, ""BonusHealth"": 250.0, ""CCImmuneDuration"": 8.0, ""GarenHealthPercent"": 0.11999999731779099, ""NamiMana"": 3.0, ""SelfishDamageAmp"": 0.20000000298023224, ""StarAS"": 0.05999999865889549, ""{3854f478}"": 2.0, ""{4b20f990}"": null, ""{845be53a}"": 4.0}}, {""maxUnits"": 4, ""minUnits"": 4, ""style"": 5, ""variables"": {""AmbessaArmor"": 2.0, ""AmbessaArmor_PVE"": 4.0, ""BonusAS"": null, ""BonusHealth"": 250.0, ""CCImmuneDuration"": 8.0, ""GarenHealthPercent"": 0.11999999731779099, ""NamiMana"": 3.0, ""SelfishDamageAmp"": 0.20000000298023224, ""StarAS"": 0.05999999865889549, ""{3854f478}"": 2.0, ""{4b20f990}"": null, ""{845be53a}"": 4.0}}]"
Set 13.5,13,mid,TFTSet13_Evolved,15.6,TFT13_Squad,Enforcer,2|4|6|8|10,"Combat Start: Enforcers gain Shield and Damage Amp. The highest Health enemy units become WANTED! When a Wanted enemy dies, Enforcers gain @AttackSpeedPerWantedKill*100@% Attack Speed.(@MinUnits@) @NumOfWantedEnemies@ unit; @PercentMaxHealthShield*100*100@% (scaleHealth), @BaseDA*100@% (scaleDA)(@MinUnits@) @NumOfWantedEnemies@ units; @PercentMaxHealthShield*100*100@% (scaleHealth), @BaseDA*100@% (scaleDA)(@MinUnits@) @NumOfWantedEnemies@ units; @PercentMaxHealthShield*100*100@% (scaleHealth), @BaseDA*100@% (scaleDA)(@MinUnits@) @NumOfWantedEnemies@ units; @PercentMaxHealthShield*100*100@% (scaleHealth), @BaseDA*100@% (scaleDA)(@MinUnits@) ALL enemies; @PercentMaxHealthShield*100*100@% (scaleHealth), @BaseDA*100@% (scaleDA); Combat Start: Confiscate all enemy items!","Combat Start: Enforcers gain Shield and Damage Amp. The highest Health enemy units become <i>WANTED!</i> <br><br>When a Wanted enemy dies, Enforcers gain @AttackSpeedPerWantedKill*100@% Attack Speed.<br><br><row>(@MinUnits@) @NumOfWantedEnemies@&nbsp;unit; @PercentMaxHealthShield*100*100@%&nbsp;%i:scaleHealth%,&nbsp;@BaseDA*100@%&nbsp;%i:scaleDA%</row><br><row>(@MinUnits@) @NumOfWantedEnemies@&nbsp;units; @PercentMaxHealthShield*100*100@%&nbsp;%i:scaleHealth%,&nbsp;@BaseDA*100@%&nbsp;%i:scaleDA%</row><br><row>(@MinUnits@) @NumOfWantedEnemies@&nbsp;units; @PercentMaxHealthShield*100*100@%&nbsp;%i:scaleHealth%,&nbsp;@BaseDA*100@%&nbsp;%i:scaleDA%</row><br><row>(@MinUnits@) @NumOfWantedEnemies@&nbsp;units; @PercentMaxHealthShield*100*100@%&nbsp;%i:scaleHealth%,&nbsp;@BaseDA*100@%&nbsp;%i:scaleDA%</row><br><row>(@MinUnits@) ALL enemies; @PercentMaxHealthShield*100*100@%&nbsp;%i:scaleHealth%, @BaseDA*100@%&nbsp;%i:scaleDA%; Combat Start: Confiscate all enemy&nbsp;items!</row>","[{""maxUnits"": 3, ""minUnits"": 2, ""style"": 1, ""variables"": {""AttackSpeedPerWantedKill"": 0.30000001192092896, ""BaseDA"": 0.11999999731779099, ""NumOfWantedEnemies"": 1.0, ""PercentMaxHealthShield"": 0.11999999731779099, ""{36b1550f}"": null, ""{9edd4912}"": null}}, {""maxUnits"": 5, ""minUnits"": 4, ""style"": 3, ""variables"": {""AttackSpeedPerWantedKill"": 0.30000001192092896, ""BaseDA"": 0.20000000298023224, ""NumOfWantedEnemies"": 2.0, ""PercentMaxHealthShield"": 0.2199999988079071, ""{36b1550f}"": null, ""{9edd4912}"": null}}, {""maxUnits"": 7, ""minUnits"": 6, ""style"": 5, ""variables"": {""AttackSpeedPerWantedKill"": 0.30000001192092896, ""BaseDA"": 0.33000001311302185, ""NumOfWantedEnemies"": 4.0, ""PercentMaxHealthShield"": 0.33000001311302185, ""{36b1550f}"": null, ""{9edd4912}"": null}}, {""maxUnits"": 9, ""minUnits"": 8, ""style"": 5, ""variables"": {""AttackSpeedPerWantedKill"": 0.30000001192092896, ""BaseDA"": 0.4399999976158142, ""NumOfWantedEnemies"": 5.0, ""PercentMaxHealthShield"": 0.4399999976158142, ""{36b1550f}"": null, ""{9edd4912}"": null}}, {""maxUnits"": 25000, ""minUnits"": 10, ""style"": 6, ""variables"": {""AttackSpeedPerWantedKill"": 0.30000001192092896, ""BaseDA"": 1.5, ""NumOfWantedEnemies"": 99.0, ""PercentMaxHealthShield"": 1.0, ""{36b1550f}"": null, ""{9edd4912}"": 1.0}}]"
Set 13.5,13,mid,TFTSet13_Evolved,15.6,TFT13_Experiment,Experiment,3|5|7,"Gain Laboratory hexes on your board.Combat start: Experiments standing on Laboratory hexes gain the Experiment bonuses of all Experiments on Laboratory hexes, plus max Health.(@MinUnits@) @NumLaboratory@ Laboratories, @MaxHealth@ (scaleHealth)(@MinUnits@) @NumLaboratory@ Laboratories, @MaxHealth@ (scaleHealth)(@MinUnits@) Experiment bonuses increase by @ExperimentBonusIncrease*100@%!","Gain Laboratory hexes on your board.<br><br>Combat start: Experiments standing on Laboratory hexes gain the Experiment bonuses of all Experiments on Laboratory hexes, plus max Health.<br><br><row>(@MinUnits@) @NumLaboratory@ Laboratories, @MaxHealth@&nbsp;%i:scaleHealth%</row><br><row>(@MinUnits@) @NumLaboratory@ Laboratories, @MaxHealth@&nbsp;%i:scaleHealth%</row><br><row>(@MinUnits@) Experiment bonuses increase by @ExperimentBonusIncrease*100@%!</row>","[{""maxUnits"": 4, ""minUnits"": 3, ""style"": 1, ""variables"": {""ExperimentBonusIncrease"": null, ""MaxHealth"": 100.0, ""NumLaboratory"": 2.0, ""{a02e81c2}"": 1.149999976158142}}, {""maxUnits"": 6, ""minUnits"": 5, ""style"": 5, ""variables"": {""ExperimentBonusIncrease"": null, ""MaxHealth"": 450.0, ""NumLaboratory"": 3.0, ""{a02e81c2}"": 1.2999999523162842}}, {""maxUnits"": 25000, ""minUnits"": 7, ""style"": 5, ""variables"": {""ExperimentBonusIncrease"": 1.0, ""MaxHealth"": 450.0, ""NumLaboratory"": 3.0, ""{a02e81c2}"": 1.5}}]"
Set 13.5,13,mid,TFTSet13_Evolved,15.6,TFT13_Family,Family,3|4|5,"Family members support each other, reducing their max Mana and gaining extra bonuses.(@MinUnits@) @ManaReduction*100@% reduction, @DamageReduction*100@% (scaleDR)(@MinUnits@) @ManaReduction*100@% reduction, @AttackSpeed*100@% (scaleAS)(@MinUnits@) @ManaReduction*100@% reduction, heist on topside! After combat, progress the heist, increased for each surviving Family member!@TFTUnitProperty.trait:TFT13_JunkerKing_SelfDestructTRA@","Family members support each other, reducing their max Mana and gaining extra bonuses.<br><br><row>(@MinUnits@) @ManaReduction*100@% reduction, @DamageReduction*100@%&nbsp;%i:scaleDR%</row><br><row>(@MinUnits@) @ManaReduction*100@% reduction, @AttackSpeed*100@%&nbsp;%i:scaleAS%</row><br><row>(@MinUnits@) @ManaReduction*100@% reduction, heist on topside! After combat, progress the heist, increased for each surviving Family&nbsp;member!</row><br><br><rules>@TFTUnitProperty.trait:TFT13_JunkerKing_SelfDestructTRA@</rules>","[{""maxUnits"": 3, ""minUnits"": 3, ""style"": 5, ""variables"": {""AttackSpeed"": 0.20000000298023224, ""DamageReduction"": 0.20000000298023224, ""ManaReduction"": 0.25}}, {""maxUnits"": 4, ""minUnits"": 4, ""style"": 5, ""variables"": {""AttackSpeed"": 0.20000000298023224, ""DamageReduction"": 0.20000000298023224, ""ManaReduction"": 0.30000001192092896}}, {""maxUnits"": 25000, ""minUnits"": 5, ""style"": 5, ""variables"": {""AttackSpeed"": 0.20000000298023224, ""DamageReduction"": 0.20000000298023224, ""ManaReduction"": 0.4000000059604645, ""{01fcc30b}"": 0.75, ""{217874f1}"": 2.5, ""{43cb93dd}"": 1.25, ""{46c3fc24}"": 1.5, ""{6fc9f267}"": 17.0, ""{8173be81}"": 2.0, ""{9000fe5b}"": 2.0, ""{92029cea}"": 0.5}}]"
Set 13.5,13,mid,TFTSet13_Evolved,15.6,TFT13_Hoverboard,Firelight,2|3|4,"Every @Duration@ seconds, Firelights dash. While dashing, they attack with infinite range and heal a percentage of the damage taken since their last dash.(@MinUnits@) @PercentDamageTakenHeal*100@% of damage taken(@MinUnits@) @PercentDamageTakenHeal*100@% of damage taken(@MinUnits@) @PercentDamageTakenHeal*100@% of damage taken. While dashing, gain a massive burst of Attack Speed.","Every @Duration@ seconds, Firelights dash. While dashing, they attack with infinite range and heal a percentage of the damage taken since their last dash.<br><br><row>(@MinUnits@) @PercentDamageTakenHeal*100@% of damage taken</row><br><row>(@MinUnits@) @PercentDamageTakenHeal*100@% of damage taken</row><br><row>(@MinUnits@) @PercentDamageTakenHeal*100@% of damage taken. While dashing, gain a massive burst of Attack Speed.</row>","[{""maxUnits"": 2, ""minUnits"": 2, ""style"": 1, ""variables"": {""Duration"": 6.0, ""PercentDamageTakenHeal"": 0.25, ""{0a9a9714}"": null, ""{3c0d594a}"": 1.0}}, {""maxUnits"": 3, ""minUnits"": 3, ""style"": 5, ""variables"": {""Duration"": 6.0, ""PercentDamageTakenHeal"": 0.4000000059604645, ""{0a9a9714}"": null, ""{3c0d594a}"": 1.0}}, {""maxUnits"": 25000, ""minUnits"": 4, ""style"": 5, ""variables"": {""Duration"": 6.0, ""PercentDamageTakenHeal"": 0.44999998807907104, ""{0a9a9714}"": 3.5, ""{3c0d594a}"": 1.0}}]"
Set 13.5,13,mid,TFTSet13_Evolved,15.6,TFT13_FormSwapper,Form Swapper,2|3|4,"Innate: Form Swappers change their stats and ability based on if they're placed in the front 2 rows or back 2 rows.Frontline Form Swappers gain Durability. Backline Form Swappers gain Damage Amp.
(2) 15% (scaleDR) or 20% (scaleDA)
(3) 22% (scaleDR) or 30% (scaleDA)
(4) 33% (scaleDR) or 44% (scaleDA)",Innate: Form Swappers change their stats and ability based on if they're placed in the front 2 rows or back 2&nbsp;rows.<br><br>Frontline Form Swappers gain Durability. Backline Form Swappers gain Damage&nbsp;Amp.<br><br><expandRow>(@MinUnits@) @DR*100@%&nbsp;%i:scaleDR% or @DA*100@%&nbsp;%i:scaleDA%</expandRow>,"[{""maxUnits"": 2, ""minUnits"": 2, ""style"": 1, ""variables"": {""DA"": 0.20000000298023224, ""DR"": 0.15000000596046448}}, {""maxUnits"": 3, ""minUnits"": 3, ""style"": 3, ""variables"": {""DA"": 0.30000001192092896, ""DR"": 0.2199999988079071}}, {""maxUnits"": 25000, ""minUnits"": 4, ""style"": 5, ""variables"": {""DA"": 0.4399999976158142, ""DR"": 0.33000001311302185}}]"
Set 13.5,13,mid,TFTSet13_Evolved,15.6,TFT13_Teamup_Geniuses,Geniuses,2,"When Heimerdinger casts, Ekko releases @NumEkkoAfterImages@ afterimages, each dealing @ReducedEkkoDamage*100@% damage. When Ekko casts, Heimerdinger fires @NumHeimerMissiles@ missiles, each dealing @ReducedHeimerDamage*100@% damage.","When Heimerdinger casts, Ekko releases @NumEkkoAfterImages@ afterimages, each dealing @ReducedEkkoDamage*100@% damage. When Ekko casts, Heimerdinger fires @NumHeimerMissiles@ missiles, each dealing @ReducedHeimerDamage*100@% damage. ","[{""maxUnits"": 25000, ""minUnits"": 2, ""style"": 4, ""variables"": {""NumEkkoAfterImages"": 3.0, ""NumHeimerMissiles"": 3.0, ""ReducedEkkoDamage"": 0.5, ""ReducedHeimerDamage"": 1.5}}]"
Set 13.5,13,mid,TFTSet13_Evolved,15.6,TFT13_HighRoller,High Roller,1,"When casting, Sevika rolls a random Jinx modification to her Ability and gains @Durability*100@% Durability for @Duration@ seconds.Mods:-Rocket: Launch @Bonus1NumRockets@ rockets that deal @Bonus1RocketDamage@ physical damage each-Shield: Gain @Bonus2ShieldAmount@ Shield for @Bonus2ShieldDuration@ seconds-Coin: Gain @Bonus4Gold@ gold-Triple: Enhance her rolled ability!In Choncc's Treasure, the Coin modification grants less gold in earlier stages.","When casting, Sevika rolls a random Jinx modification to her Ability and gains @Durability*100@% Durability for @Duration@ seconds.<br><br>Mods:<br>-Rocket: Launch @Bonus1NumRockets@ rockets that deal @Bonus1RocketDamage@ physical damage each<br>-Shield: Gain @Bonus2ShieldAmount@ Shield for @Bonus2ShieldDuration@ seconds<br>-Coin: Gain @Bonus4Gold@ gold<br>-Triple: Enhance her rolled ability!<br><br><ShowIfCustom.Set=TFTSetEventCT>In Choncc's Treasure, the Coin modification grants less gold in earlier stages.</ShowIfCustom.Set=TFTSetEventCT>","[{""maxUnits"": 25000, ""minUnits"": 1, ""style"": 4, ""variables"": {""Bonus1NumRockets"": 8.0, ""Bonus1RocketDamage"": 100.0, ""Bonus2ShieldAmount"": 500.0, ""Bonus2ShieldDuration"": 4.0, ""Bonus4Gold"": 3.0, ""Durability"": 0.800000011920929, ""Duration"": 1.5, ""{01148678}"": 0.3499999940395355, ""{267deafa}"": 0.3499999940395355, ""{52aec87f}"": 0.10000000149011612, ""{592d23e5}"": 0.3499999940395355, ""{699f6a87}"": 0.20000000298023224, ""{9ad9e572}"": 0.004999999888241291, ""{9b22c5ec}"": null, ""{bcedb441}"": 1.5, ""{e1fc0fa1}"": 0.24500000476837158, ""{e640e05f}"": 0.4000000059604645}}]"
Set 13.5,13,mid,TFTSet13_Evolved,15.6,TFT13_JunkerKing,Junker King,1,"Every @NumRounds1Star@ rounds, open an armory to purchase permanent upgrades to your strongest Rumble's mech.Rounds Until Upgrade: @TFTUnitProperty.trait:TFT13_JunkerKing_RoundsUntilOpening@","Every @NumRounds1Star@ rounds, open an armory to purchase permanent upgrades to your strongest Rumble's&nbsp;mech.<br><br><rules>Rounds Until Upgrade: @TFTUnitProperty.trait:TFT13_JunkerKing_RoundsUntilOpening@</rules>","[{""maxUnits"": 25000, ""minUnits"": 1, ""style"": 4, ""variables"": {""NumRounds1Star"": 3.0, ""NumRounds1Star_HR"": 2.0, ""{7b91cfd3}"": 2.0, ""{da177dfb}"": 1.0, ""{ea33712c}"": 3.0, ""{ed4fa85a}"": 1.0}}]"
Set 13.5,13,mid,TFTSet13_Evolved,15.6,TFT13_MachineHerald,Machine Herald,1,"Viktor has a fixed Attack Speed of @AS@ attacks per second and converts ALL bonus Attack Damage, Attack Speed, and Mana into Ability Power. Instead of Mana, Viktor gains 1 Chaos Energy every attack and casts when he has @MaxMana@.","Viktor has a fixed Attack Speed of @AS@ attacks per second and converts ALL bonus Attack Damage, Attack Speed, and Mana into Ability Power. <br><br>Instead of Mana, Viktor gains 1 Chaos Energy every attack and casts when he has @MaxMana@.","[{""maxUnits"": 25000, ""minUnits"": 1, ""style"": 4, ""variables"": {""AS"": 0.550000011920929, ""MaxMana"": 8.0, ""startingmana"": 3.0, ""{80af2f77}"": 1.0}}]"
Set 13.5,13,mid,TFTSet13_Evolved,15.6,TFT13_Teamup_Mentorship,Martial Law,2,"When Ambessa casts, Caitlyn fires an empowered attack at the target, dealing @CaitAD*100@% damage. Ambessa gains @ADShare*100@% of Caitlyn's Attack Damage.","When Ambessa casts, Caitlyn fires an empowered attack at the target, dealing @CaitAD*100@% damage. Ambessa gains @ADShare*100@% of Caitlyn's Attack Damage.","[{""maxUnits"": 25000, ""minUnits"": 2, ""style"": 4, ""variables"": {""ADShare"": 0.18000000715255737, ""CaitAD"": 2.0}}]"
Set 13.5,13,mid,TFTSet13_Evolved,15.6,TFT13_Teamup_Menaces,Menaces,2,"Powder gains Dominator but no longer benefits from Family. When her monkey explodes, it creates @NumMonstrosities@ of Silco's monstrosities.","Powder gains Dominator but no longer benefits from Family. When her monkey explodes, it creates @NumMonstrosities@ of Silco's monstrosities.","[{""maxUnits"": 25000, ""minUnits"": 2, ""style"": 4, ""variables"": {""NumMonstrosities"": 3.0}}]"
Set 13.5,13,mid,TFTSet13_Evolved,15.6,TFT13_Pugilist,Pit Fighter,2|4|6|8,"Pit Fighters gain @OmnivampPercent*100@% Omnivamp and deal bonus true damage. Once per combat at @HealthThreshold*100@% Health, they heal a percentage of their max Health over @Duration@ seconds.
(2) 6% true damage, 10% (scaleHealth)
(4) 12% true damage, 35% (scaleHealth)
(6) 22% true damage, 55% (scaleHealth)
(8) 35% true damage, 80% (scaleHealth)","Pit Fighters gain @OmnivampPercent*100@% Omnivamp and deal bonus true damage. Once per combat at @HealthThreshold*100@% Health, they heal a percentage of their max Health over @Duration@ seconds.<br><br><expandRow>(@MinUnits@) @TrueDamagePercent*100@%&nbsp;true damage, @HealPercent*100@%&nbsp;%i:scaleHealth%</expandRow>","[{""maxUnits"": 3, ""minUnits"": 2, ""style"": 1, ""variables"": {""Duration"": 2.0, ""HealPercent"": 0.10000000149011612, ""HealthThreshold"": 0.5, ""OmnivampPercent"": 0.15000000596046448, ""TrueDamagePercent"": 0.05999999865889549}}, {""maxUnits"": 5, ""minUnits"": 4, ""style"": 3, ""variables"": {""Duration"": 2.0, ""HealPercent"": 0.3499999940395355, ""HealthThreshold"": 0.5, ""OmnivampPercent"": 0.15000000596046448, ""TrueDamagePercent"": 0.11999999731779099}}, {""maxUnits"": 7, ""minUnits"": 6, ""style"": 5, ""variables"": {""Duration"": 2.0, ""HealPercent"": 0.550000011920929, ""HealthThreshold"": 0.5, ""OmnivampPercent"": 0.15000000596046448, ""TrueDamagePercent"": 0.2199999988079071}}, {""maxUnits"": 25000, ""minUnits"": 8, ""style"": 5, ""variables"": {""Duration"": 2.0, ""HealPercent"": 0.800000011920929, ""HealthThreshold"": 0.5, ""OmnivampPercent"": 0.15000000596046448, ""TrueDamagePercent"": 0.3499999940395355}}]"
Set 13.5,13,mid,TFTSet13_Evolved,15.6,TFT13_Challenger,Quickstriker,2|3|4,"Quickstrikers move faster and gain Attack Speed, based on their target's missing Health.(@MinUnits@) @MinBonusAS*100@-@MaxBonusAS*100@% (scaleAS)(@MinUnits@) @MinBonusAS*100@-@MaxBonusAS*100@% (scaleAS)(@MinUnits@) @MinBonusAS*100@-@MaxBonusAS*100@% (scaleAS). On target death, Quickstrikers dash to a new target and gain @ShieldAmount@ shield for @ShieldDuration@ seconds.","Quickstrikers move faster and gain Attack Speed, based on their target's missing Health.<br><br><row>(@MinUnits@) @MinBonusAS*100@-@MaxBonusAS*100@%&nbsp;%i:scaleAS%</row><br><row>(@MinUnits@) @MinBonusAS*100@-@MaxBonusAS*100@%&nbsp;%i:scaleAS%</row><br><row>(@MinUnits@) @MinBonusAS*100@-@MaxBonusAS*100@%&nbsp;%i:scaleAS%. On target death, Quickstrikers dash to a new target and gain @ShieldAmount@ shield for @ShieldDuration@&nbsp;seconds. </row>","[{""maxUnits"": 2, ""minUnits"": 2, ""style"": 1, ""variables"": {""MaxBonusAS"": 0.6000000238418579, ""MinBonusAS"": 0.20000000298023224, ""{0e9453af}"": null, ""{bdb9953b}"": 200.0}}, {""maxUnits"": 3, ""minUnits"": 3, ""style"": 3, ""variables"": {""MaxBonusAS"": 0.800000011920929, ""MinBonusAS"": 0.30000001192092896, ""{0e9453af}"": null, ""{bdb9953b}"": 200.0}}, {""maxUnits"": 25000, ""minUnits"": 4, ""style"": 5, ""variables"": {""MaxBonusAS"": 1.0, ""MinBonusAS"": 0.4000000059604645, ""ShieldAmount"": 200.0, ""ShieldDuration"": 3.0, ""{0e9453af}"": null, ""{bdb9953b}"": 200.0}}]"
Set 13.5,13,mid,TFTSet13_Evolved,15.6,TFT13_RammusTrait,Rammus,1,"Rammus always makes room for himself in any team. +1 Team Size, but only if Rammus is on your team.","Rammus always makes room for himself in any team. <br><br>+1 Team Size, but only if Rammus is on your team.","[{""maxUnits"": 25000, ""minUnits"": 1, ""style"": 4, ""variables"": {}}]"
Set 13.5,13,mid,TFTSet13_Evolved,15.6,TFT13_Rebel,Rebel,3|5|7|10,"Rebels gain @MaxHealthIncrease*100@% max Health.After your team loses @PercentHealthTrigger*100@% of their Health, a smoke signal appears, granting Rebels @BurstAS*100@% Attack Speed for @BurstDuration@ seconds and extra power for the rest of combat.(@MinUnits@) @ADAP*100@% (scaleAD)(scaleAP)(@MinUnits@) @ADAP*100@% (scaleAD)(scaleAP), @PercentMaxHealthBonus*100@% (scaleHealth)(@MinUnits@) @ADAP*100@% (scaleAD)(scaleAP), @PercentMaxHealthBonus*100@% (scaleHealth), and Stun all enemies for @StunDuration@ seconds(@MinUnits@) The smoke signal triggers at Combat Start and every @ForceDuration@ seconds.","Rebels gain @MaxHealthIncrease*100@% max Health.<br><br>After your team loses @PercentHealthTrigger*100@% of their Health, a smoke signal appears, granting Rebels @BurstAS*100@% Attack Speed for @BurstDuration@ seconds and extra power for the rest of&nbsp;combat.<br><br><row>(@MinUnits@) @ADAP*100@%&nbsp;%i:scaleAD%%i:scaleAP%</row><br><row>(@MinUnits@) @ADAP*100@%&nbsp;%i:scaleAD%%i:scaleAP%, @PercentMaxHealthBonus*100@%&nbsp;%i:scaleHealth%</row><br><row>(@MinUnits@) @ADAP*100@%&nbsp;%i:scaleAD%%i:scaleAP%, @PercentMaxHealthBonus*100@%&nbsp;%i:scaleHealth%, and Stun all enemies for @StunDuration@&nbsp;seconds</row><br><row>(@MinUnits@) The smoke signal triggers at Combat Start and every @ForceDuration@&nbsp;seconds.</row>","[{""maxUnits"": 4, ""minUnits"": 3, ""style"": 1, ""variables"": {""ADAP"": 0.20000000298023224, ""BurstAS"": 0.6000000238418579, ""BurstDuration"": 5.0, ""ForceDuration"": null, ""MaxHealthIncrease"": 0.15000000596046448, ""PercentHealthTrigger"": 0.25, ""PercentMaxHealthBonus"": null, ""StunDuration"": null, ""{1ec59053}"": null}}, {""maxUnits"": 6, ""minUnits"": 5, ""style"": 3, ""variables"": {""ADAP"": 0.4000000059604645, ""BurstAS"": 0.6000000238418579, ""BurstDuration"": 5.0, ""ForceDuration"": null, ""MaxHealthIncrease"": 0.15000000596046448, ""PercentHealthTrigger"": 0.25, ""PercentMaxHealthBonus"": 0.11999999731779099, ""StunDuration"": null, ""{1ec59053}"": null}}, {""maxUnits"": 9, ""minUnits"": 7, ""style"": 5, ""variables"": {""ADAP"": 0.44999998807907104, ""BurstAS"": 0.6000000238418579, ""BurstDuration"": 5.0, ""ForceDuration"": null, ""MaxHealthIncrease"": 0.15000000596046448, ""PercentHealthTrigger"": 0.25, ""PercentMaxHealthBonus"": 0.15000000596046448, ""StunDuration"": 2.0, ""{1ec59053}"": null}}, {""maxUnits"": 25000, ""minUnits"": 10, ""style"": 6, ""variables"": {""ADAP"": 0.5, ""BurstAS"": 0.6000000238418579, ""BurstDuration"": 5.0, ""ForceDuration"": 12.0, ""MaxHealthIncrease"": 0.15000000596046448, ""PercentHealthTrigger"": 0.25, ""PercentMaxHealthBonus"": 0.30000001192092896, ""StunDuration"": 2.0, ""{1ec59053}"": 1.0}}]"
Set 13.5,13,mid,TFTSet13_Evolved,15.6,TFT13_Teamup_Reunion,Reunion,2,"When Vi casts, Ekko releases 3 afterimages towards her target each dealing @EkkoAfterImageReducedDamage*100@% damage. When Ekko casts, Vi slams an earthquake towards his target dealing @ViEarthquakeReducedDamage*100@% damage.","When Vi casts, Ekko releases 3 afterimages towards her target each dealing @EkkoAfterImageReducedDamage*100@% damage. When Ekko casts, Vi slams an earthquake towards his target dealing @ViEarthquakeReducedDamage*100@% damage.","[{""maxUnits"": 25000, ""minUnits"": 2, ""style"": 4, ""variables"": {""EkkoAfterImageReducedDamage"": 0.4000000059604645, ""ViEarthquakeReducedDamage"": 1.0}}]"
Set 13.5,13,mid,TFTSet13_Evolved,15.6,TFT13_Scrap,Scrap,2|4|6|9,"Combat start: Components held by Scrap units temporarily turn into full items. Scrap units gain Shield for @ShieldDuration@ seconds for each component held by your team, including those that make up a full item.(@MinUnits@) @NumComponents@ component, @HPShieldAmount@ Shield(@MinUnits@) @NumComponents@ components, @HPShieldAmount@ Shield(@MinUnits@) All components, and full items become lucky! @HPShieldAmount@ Shield(@MinUnits@) Generate Radiant items! @HPShieldAmount@ ShieldShield Amount: @TFTUnitProperty.:TFT13_Trait_Scrap_ShieldTotal@","Combat start: Components held by Scrap units temporarily turn into full items. Scrap units gain Shield for @ShieldDuration@ seconds for each component held by your team, including those that make up a full item.<br><br><row>(@MinUnits@) @NumComponents@ component, @HPShieldAmount@ Shield</row><br><row>(@MinUnits@) @NumComponents@ components, @HPShieldAmount@ Shield</row><br><row>(@MinUnits@) All components, and full items become lucky! @HPShieldAmount@ Shield</row><br><row>(@MinUnits@) Generate Radiant items! @HPShieldAmount@ Shield</row><br><br><rules>Shield Amount:&nbsp;@TFTUnitProperty.:TFT13_Trait_Scrap_ShieldTotal@ </rules> <br>","[{""maxUnits"": 3, ""minUnits"": 2, ""style"": 1, ""variables"": {""HPShieldAmount"": 25.0, ""NumComponents"": 1.0, ""ShieldDuration"": 24.0, ""{659aef8d}"": null, ""{7607faeb}"": 25.0, ""{7e2474c8}"": null}}, {""maxUnits"": 5, ""minUnits"": 4, ""style"": 3, ""variables"": {""HPShieldAmount"": 35.0, ""NumComponents"": 3.0, ""ShieldDuration"": 24.0, ""{659aef8d}"": null, ""{7607faeb}"": 35.0, ""{7e2474c8}"": null}}, {""maxUnits"": 8, ""minUnits"": 6, ""style"": 5, ""variables"": {""HPShieldAmount"": 45.0, ""NumComponents"": 20.0, ""ShieldDuration"": 24.0, ""{659aef8d}"": 1.0, ""{7607faeb}"": 45.0, ""{7e2474c8}"": null}}, {""maxUnits"": 25000, ""minUnits"": 9, ""style"": 5, ""variables"": {""HPShieldAmount"": 60.0, ""NumComponents"": 20.0, ""ShieldDuration"": 24.0, ""{659aef8d}"": 1.0, ""{7607faeb}"": 60.0, ""{7e2474c8}"": 1.0}}]"
Set 13.5,13,mid,TFTSet13_Evolved,15.6,TFT13_Titan,Sentinel,2|4|6,"Your team gains Armor and Magic Resist. Sentinels gain triple.
(2) 12 (scaleArmor)(scaleMR)
(4) 25 (scaleArmor)(scaleMR)
(6) 42 (scaleArmor)(scaleMR)",Your team gains Armor and Magic Resist. Sentinels gain triple.<br><br><expandRow>(@MinUnits@) @BonusArmor@&nbsp;%i:scaleArmor%%i:scaleMR%</expandRow>,"[{""maxUnits"": 3, ""minUnits"": 2, ""style"": 1, ""variables"": {""BonusArmor"": 12.0, ""{5921fc26}"": 2.0}}, {""maxUnits"": 5, ""minUnits"": 4, ""style"": 3, ""variables"": {""BonusArmor"": 25.0, ""{5921fc26}"": 2.0}}, {""maxUnits"": 25000, ""minUnits"": 6, ""style"": 5, ""variables"": {""BonusArmor"": 42.0, ""{5921fc26}"": 2.0}}]"
Set 13.5,13,mid,TFTSet13_Evolved,15.6,TFT13_Teamup_Sisters,Sisters,2,"When Jinx scores a takedown, Vi gains @ADBuff*100@% bonus Attack Damage for @ViDuration@ seconds. When Vi scores a takedown, Jinx gains @ASBuff*100@% bonus Attack Speed for @JinxDuration@ seconds.","When Jinx scores a takedown, Vi gains @ADBuff*100@% bonus Attack Damage for @ViDuration@ seconds. When Vi scores a takedown, Jinx gains @ASBuff*100@% bonus Attack Speed for @JinxDuration@ seconds.","[{""maxUnits"": 25000, ""minUnits"": 2, ""style"": 4, ""variables"": {""ADBuff"": 0.800000011920929, ""ASBuff"": 0.800000011920929, ""JinxDuration"": 10.0, ""ViDuration"": 10.0}}]"
Set 13.5,13,mid,TFTSet13_Evolved,15.6,TFT13_Sniper,Sniper,2|4|6,Snipers gain Damage Amp and deal more damage to targets farther away.(@MinUnits@) @BaseDamageAmp*100@% (scaleDA); @PercentDamageIncrease@% damage per hex(@MinUnits@) @BaseDamageAmp*100@% (scaleDA); @PercentDamageIncrease@% damage per hex(@MinUnits@) @BaseDamageAmp*100@% (scaleDA); @PercentDamageIncrease@% damage per hex; Snipers gain +@BonusHexRangeIncrease@ Attack Range,Snipers gain Damage Amp and deal more damage to targets farther away.<br><br><row>(@MinUnits@) @BaseDamageAmp*100@%&nbsp;%i:scaleDA%; @PercentDamageIncrease@%&nbsp;damage per hex</row><br><row>(@MinUnits@) @BaseDamageAmp*100@%&nbsp;%i:scaleDA%; @PercentDamageIncrease@%&nbsp;damage per hex</row><br><row>(@MinUnits@) @BaseDamageAmp*100@%&nbsp;%i:scaleDA%; @PercentDamageIncrease@%&nbsp;damage per hex; Snipers gain +@BonusHexRangeIncrease@ Attack Range</row>,"[{""maxUnits"": 3, ""minUnits"": 2, ""style"": 1, ""variables"": {""BaseDamageAmp"": 0.05000000074505806, ""BonusHexRangeIncrease"": null, ""PercentDamageIncrease"": 5.0}}, {""maxUnits"": 5, ""minUnits"": 4, ""style"": 5, ""variables"": {""BaseDamageAmp"": 0.3499999940395355, ""BonusHexRangeIncrease"": null, ""PercentDamageIncrease"": 10.0}}, {""maxUnits"": 25000, ""minUnits"": 6, ""style"": 5, ""variables"": {""BaseDamageAmp"": 0.75, ""BonusHexRangeIncrease"": 5.0, ""PercentDamageIncrease"": 20.0}}]"
Set 13.5,13,mid,TFTSet13_Evolved,15.6,TFT13_Sorcerer,Sorcerer,2|4|6,"Your team gains @TeamAP@ Ability Power. Sorcerers gain more.(@MinUnits@) @BaseAP@ (scaleAP)(@MinUnits@) @BaseAP@ (scaleAP)(@MinUnits@) @BaseAP@ (scaleAP), Abilities reduce their target's damage by @DamageDecrease*100@% for @DamageDecreaseDuration@ seconds","Your team gains @TeamAP@ Ability Power. Sorcerers gain more.<br><br><row>(@MinUnits@) @BaseAP@&nbsp;%i:scaleAP%</row><br><row>(@MinUnits@) @BaseAP@&nbsp;%i:scaleAP%</row><br><row>(@MinUnits@) @BaseAP@&nbsp;%i:scaleAP%, Abilities reduce their target's damage by @DamageDecrease*100@% for @DamageDecreaseDuration@&nbsp;seconds</row>","[{""maxUnits"": 3, ""minUnits"": 2, ""style"": 1, ""variables"": {""BaseAP"": 20.0, ""TeamAP"": 10.0}}, {""maxUnits"": 5, ""minUnits"": 4, ""style"": 3, ""variables"": {""BaseAP"": 55.0, ""TeamAP"": 10.0}}, {""maxUnits"": 25000, ""minUnits"": 6, ""style"": 5, ""variables"": {""BaseAP"": 90.0, ""DamageDecrease"": 0.20000000298023224, ""DamageDecreaseDuration"": 3.0, ""TeamAP"": 10.0}}]"
Set 13.5,13,mid,TFTSet13_Evolved,15.6,TFT13_Teamup_UnlikelyDuo,Unlikely Duo,2,"Jinx and Sevika gain @AD*100@% Attack Damage and @Health@ Health. Whenever one casts, they grant the other @Mana@ mana. Sevika's arm is luckier.","Jinx and Sevika gain @AD*100@% Attack Damage and @Health@ Health. Whenever one casts, they grant the other @Mana@ mana. Sevika's arm is luckier.","[{""maxUnits"": 25000, ""minUnits"": 2, ""style"": 4, ""variables"": {""AD"": 0.10000000149011612, ""Health"": 100, ""Mana"": 10, ""{1e90fa01}"": 0.10000000149011612}}]"
Set 13.5,13,mid,TFTSet13_Evolved,15.6,TFT13_Invoker,Visionary,2|4|6,"Whenever Visionaries gain Mana, they gain more.(@MinUnits@) @EnlightenedBonusMana*100@% (scaleMana)(@MinUnits@) @EnlightenedBonusMana*100@% (scaleMana)(@MinUnits@) @EnlightenedBonusMana*100@% (scaleMana), Abilities heal an ally for @AllyHealing*100@% of damage dealt","Whenever Visionaries gain Mana, they gain more.<br><br><row>(@MinUnits@) @EnlightenedBonusMana*100@% %i:scaleMana%</row><br><row>(@MinUnits@) @EnlightenedBonusMana*100@%&nbsp;%i:scaleMana%</row><br><row>(@MinUnits@) @EnlightenedBonusMana*100@%&nbsp;%i:scaleMana%, Abilities heal an ally for @AllyHealing*100@% of damage dealt</row><br>","[{""maxUnits"": 3, ""minUnits"": 2, ""style"": 1, ""variables"": {""EnlightenedBonusMana"": 0.25}}, {""maxUnits"": 5, ""minUnits"": 4, ""style"": 3, ""variables"": {""EnlightenedBonusMana"": 0.5}}, {""maxUnits"": 25000, ""minUnits"": 6, ""style"": 5, ""variables"": {""AllyHealing"": 0.1599999964237213, ""EnlightenedBonusMana"": 0.75}}]"
Set 13.5,13,mid,TFTSet13_Evolved,15.6,TFT13_Watcher,Watcher,2|4|6,"Watchers gain Durability, increased while above @HealthBreakpoint*100@% Health.
(2) 15% or 30% (scaleDR)
(4) 25% or 45% (scaleDR)
(6) 40% or 50% (scaleDR)","Watchers gain Durability, increased while above @HealthBreakpoint*100@%&nbsp;Health.<br><br><expandRow>(@MinUnits@) @BaseDR*100@% or @IncreasedDR*100@%&nbsp;%i:scaleDR%</expandRow><br>","[{""maxUnits"": 3, ""minUnits"": 2, ""style"": 1, ""variables"": {""BaseDR"": 0.15000000596046448, ""HealthBreakpoint"": 0.5, ""IncreasedDR"": 0.30000001192092896}}, {""maxUnits"": 5, ""minUnits"": 4, ""style"": 3, ""variables"": {""BaseDR"": 0.25, ""HealthBreakpoint"": 0.5, ""IncreasedDR"": 0.44999998807907104}}, {""maxUnits"": 25000, ""minUnits"": 6, ""style"": 5, ""variables"": {""BaseDR"": 0.4000000059604645, ""HealthBreakpoint"": 0.5, ""IncreasedDR"": 0.5}}]"
Set 13.5,13,mid,TFTSet13_Evolved,15.6,TFT13_Teamup_BloodBrothers,What Could Have Been,2,Vander gains @TFTTrait.TFT13_Teamup_BloodBrothers.1:MaxHealthGainPerCast@ permanent max Health for each time Silco casts. Silco gains @TFTTrait.TFT13_Teamup_BloodBrothers.1:APGainPerDeath@ permanent Ability Power for each time Vander dies.Bonuses: @TFTUnitProperty.trait:TFT13_Sidekick_BloodBrothers_HealthGained@ (scaleHealth) | @TFTUnitProperty.trait:TFT13_Sidekick_BloodBrothers_APGained@ (scaleAP),Vander gains @TFTTrait.TFT13_Teamup_BloodBrothers.1:MaxHealthGainPerCast@ permanent max Health for each time Silco casts. Silco gains @TFTTrait.TFT13_Teamup_BloodBrothers.1:APGainPerDeath@ permanent Ability Power for each time Vander dies.<br><br>Bonuses: @TFTUnitProperty.trait:TFT13_Sidekick_BloodBrothers_HealthGained@ %i:scaleHealth% | @TFTUnitProperty.trait:TFT13_Sidekick_BloodBrothers_APGained@ %i:scaleAP%,"[{""maxUnits"": 25000, ""minUnits"": 2, ""style"": 4, ""variables"": {""APGainPerDeath"": 6.0, ""MaxHealthGainPerCast"": 30.0}}]"
Set 14,14,base,TFTSet14,15.12,TFT14_Supercharge,A.M.P.,2|3|4|5,"A.M.P. champions upgrade their abilities in unique ways with Amp ((set14AmpIcon)). They also gain Health.
(2) 1 (set14AmpIcon), 100 (scaleHealth)
(3) 2 (set14AmpIcon), 200 (scaleHealth)
(4) 4 (set14AmpIcon), 300 (scaleHealth)
(5) 5 (set14AmpIcon), 500 (scaleHealth)","A.M.P. champions upgrade their abilities in unique ways with Amp (%i:set14AmpIcon%). They also gain&nbsp;Health.<br><br><expandRow>(@MinUnits@) @SuperchargeAmount@ %i:set14AmpIcon%, @HPAmt@ %i:scaleHealth%</expandRow>","[{""maxUnits"": 2, ""minUnits"": 2, ""style"": 1, ""variables"": {""HPAmt"": 100.0, ""SuperchargeAmount"": 1.0}}, {""maxUnits"": 3, ""minUnits"": 3, ""style"": 3, ""variables"": {""HPAmt"": 200.0, ""SuperchargeAmount"": 2.0}}, {""maxUnits"": 4, ""minUnits"": 4, ""style"": 3, ""variables"": {""HPAmt"": 300.0, ""SuperchargeAmount"": 4.0}}, {""maxUnits"": 25000, ""minUnits"": 5, ""style"": 5, ""variables"": {""HPAmt"": 500.0, ""SuperchargeAmount"": 5.0}}]"
Set 14,14,base,TFTSet14,15.12,TFT14_AnimaSquad,Anima Squad,3|5|7|10,"At each tier, pick a weapon that a random Anima Squad champion fires periodically during combat. Anima Squad champions gain Armor, Magic Resist, and Damage Amp.(@MinUnits@) @Resists@ (scaleArmor)(scaleMR), @DamageAmp*100@% (scaleDA),@TFTUnitProperty.trait:TFT14_AnimaSquad_Bonus_1@(@MinUnits@) @Resists@ (scaleArmor)(scaleMR), @DamageAmp*100@% (scaleDA),@TFTUnitProperty.trait:TFT14_AnimaSquad_Bonus_2@(@MinUnits@) @Resists@ (scaleArmor)(scaleMR), @DamageAmp*100@% (scaleDA),@TFTUnitProperty.trait:TFT14_AnimaSquad_Bonus_3@(@MinUnits@) @Resists@ (scaleArmor)(scaleMR), @DamageAmp*100@% (scaleDA),@TFTUnitProperty.trait:TFT14_AnimaSquad_Bonus_4@Weapons scale with Anima Squad star level and stage.","At each tier, pick a weapon that a random Anima Squad champion fires periodically during combat. Anima Squad champions gain Armor, Magic Resist, and Damage Amp.<br><br><row>(@MinUnits@) @Resists@ %i:scaleArmor%%i:scaleMR%, @DamageAmp*100@% %i:scaleDA%,<br>@TFTUnitProperty.trait:TFT14_AnimaSquad_Bonus_1@</row><br><row>(@MinUnits@) @Resists@ %i:scaleArmor%%i:scaleMR%, @DamageAmp*100@% %i:scaleDA%,<br>@TFTUnitProperty.trait:TFT14_AnimaSquad_Bonus_2@</row><br><row>(@MinUnits@) @Resists@ %i:scaleArmor%%i:scaleMR%, @DamageAmp*100@% %i:scaleDA%,<br>@TFTUnitProperty.trait:TFT14_AnimaSquad_Bonus_3@</row><br><row>(@MinUnits@) @Resists@ %i:scaleArmor%%i:scaleMR%, @DamageAmp*100@% %i:scaleDA%,<br>@TFTUnitProperty.trait:TFT14_AnimaSquad_Bonus_4@</row><br><br><rules>Weapons scale with Anima Squad star level and stage.</rules>","[{""maxUnits"": 4, ""minUnits"": 3, ""style"": 1, ""variables"": {""DamageAmp"": 0.05000000074505806, ""Resists"": 10.0, ""{0d14760d}"": 4.0, ""{52b463c3}"": 0.05999999865889549}}, {""maxUnits"": 6, ""minUnits"": 5, ""style"": 3, ""variables"": {""DamageAmp"": 0.10000000149011612, ""Resists"": 25.0, ""{0d14760d}"": 4.0, ""{52b463c3}"": 0.05999999865889549}}, {""maxUnits"": 9, ""minUnits"": 7, ""style"": 5, ""variables"": {""DamageAmp"": 0.15000000596046448, ""Resists"": 40.0, ""{0d14760d}"": 4.0, ""{52b463c3}"": 0.05999999865889549}}, {""maxUnits"": 25000, ""minUnits"": 10, ""style"": 6, ""variables"": {""DamageAmp"": 0.25, ""Resists"": 75.0, ""{0d14760d}"": 4.0, ""{52b463c3}"": 0.05999999865889549}}]"
Set 14,14,base,TFTSet14,15.12,TFT14_Armorclad,Bastion,2|4|6,"Your team gains @TeamwideArmor@ Armor and Magic Resist. Bastions gain more.For the first @Duration@ seconds of combat, Bastions increase their bonus by @StatMultiplier*100@%.(@MinUnits@) @BonusArmor@ (scaleArmor)(scaleMR) (@MinUnits@) @BonusArmor@ (scaleArmor)(scaleMR) (@MinUnits@) @BonusArmor@ (scaleArmor)(scaleMR) Non-Bastions gain an additional @EnhancedTeamwideArmor@ (scaleArmor)(scaleMR).","Your team gains @TeamwideArmor@ Armor and Magic Resist. Bastions gain more.<br><br>For the first @Duration@ seconds of combat, Bastions increase their bonus by @StatMultiplier*100@%.<br><br><row>(@MinUnits@) @BonusArmor@ %i:scaleArmor%%i:scaleMR% </row><br><row>(@MinUnits@) @BonusArmor@ %i:scaleArmor%%i:scaleMR% </row><br><row>(@MinUnits@) @BonusArmor@ %i:scaleArmor%%i:scaleMR% Non-Bastions gain an additional @EnhancedTeamwideArmor@ %i:scaleArmor%%i:scaleMR%.</row>","[{""maxUnits"": 3, ""minUnits"": 2, ""style"": 1, ""variables"": {""BonusArmor"": 18.0, ""BonusMR"": 18.0, ""Duration"": 10.0, ""EnhancedTeamwideArmor"": 25.0, ""StatMultiplier"": 1.0, ""TeamwideArmor"": 10.0, ""{696854de}"": 20.0}}, {""maxUnits"": 5, ""minUnits"": 4, ""style"": 3, ""variables"": {""BonusArmor"": 36.0, ""BonusMR"": 36.0, ""Duration"": 10.0, ""EnhancedTeamwideArmor"": 25.0, ""StatMultiplier"": 1.0, ""TeamwideArmor"": 10.0, ""{696854de}"": 20.0}}, {""maxUnits"": 25000, ""minUnits"": 6, ""style"": 5, ""variables"": {""BonusArmor"": 70.0, ""BonusMR"": 70.0, ""Duration"": 10.0, ""EnhancedTeamwideArmor"": 25.0, ""StatMultiplier"": 1.0, ""TeamwideArmor"": 10.0, ""{696854de}"": 20.0}}]"
Set 14,14,base,TFTSet14,15.12,TFT14_BallisTek,BoomBot,2|4|6,"BoomBots fire a missile every @DamageDealtThreshold@ damage dealt at a nearby enemy that deals magic damage. @DamageTakenMod*100@% of damage taken contributes to damage dealt.(@MinUnits@) @MissileDamage@ magic damage(@MinUnits@) @MissileDamage@ magic damage(@MinUnits@) Fire two missiles, each dealing @MissileDamage@ magic damage","BoomBots fire a missile every @DamageDealtThreshold@ damage dealt at a nearby enemy that deals magic damage. @DamageTakenMod*100@% of damage taken contributes to damage dealt.<br><br><row>(@MinUnits@) @MissileDamage@ magic damage</row><br><row>(@MinUnits@) @MissileDamage@ magic damage</row><br><row>(@MinUnits@) Fire two missiles, each dealing @MissileDamage@ magic damage</row>","[{""maxUnits"": 3, ""minUnits"": 2, ""style"": 1, ""variables"": {""DamageDealtThreshold"": 400.0, ""DamageTakenMod"": 0.07999999821186066, ""MissileDamage"": 150.0}}, {""maxUnits"": 5, ""minUnits"": 4, ""style"": 3, ""variables"": {""DamageDealtThreshold"": 400.0, ""DamageTakenMod"": 0.07999999821186066, ""MissileDamage"": 325.0}}, {""maxUnits"": 25000, ""minUnits"": 6, ""style"": 5, ""variables"": {""DamageDealtThreshold"": 400.0, ""DamageTakenMod"": 0.07999999821186066, ""MissileDamage"": 260.0}}]"
Set 14,14,base,TFTSet14,15.12,TFT14_Bruiser,Bruiser,2|4|6,"Your team gains @TeamwideHealth@ Health. Bruisers gain more.
(2) 20% (scaleHealth) 
(4) 45% (scaleHealth) 
(6) 70% (scaleHealth)",Your team gains @TeamwideHealth@ Health. Bruisers gain more.<br><br><expandRow>(@MinUnits@) @HealthBonus*100@% %i:scaleHealth% </expandRow>,"[{""maxUnits"": 3, ""minUnits"": 2, ""style"": 1, ""variables"": {""HealthBonus"": 0.20000000298023224, ""TeamwideHealth"": 100.0, ""{696854de}"": 20.0}}, {""maxUnits"": 5, ""minUnits"": 4, ""style"": 3, ""variables"": {""HealthBonus"": 0.44999998807907104, ""TeamwideHealth"": 100.0, ""{696854de}"": 20.0}}, {""maxUnits"": 25000, ""minUnits"": 6, ""style"": 5, ""variables"": {""HealthBonus"": 0.699999988079071, ""TeamwideHealth"": 100.0, ""{696854de}"": 20.0}}]"
Set 14,14,base,TFTSet14,15.12,TFT14_Cyberboss,Cyberboss,2|3|4,"Your strongest Cyberboss upgrades to its final form and gains Health, Ability Power, and its ability hits more enemies.(@MinUnits@) @BossPercentHealth*100@% (scaleHealth), @BossAP@ (scaleAP) (@MinUnits@) @BossPercentHealth*100@% (scaleHealth), @BossAP@ (scaleAP) (@MinUnits@) All Cyberbosses upgrade. Your strongest Cyberboss gains @BigBossPercentHealth*100@% (scaleHealth) and @BigBossAP@ (scaleAP).","Your strongest Cyberboss upgrades to its final form and gains Health, Ability Power, and its ability hits more&nbsp;enemies.<br><br><row>(@MinUnits@) @BossPercentHealth*100@%&nbsp;%i:scaleHealth%, @BossAP@&nbsp;%i:scaleAP% </row><br><row>(@MinUnits@) @BossPercentHealth*100@%&nbsp;%i:scaleHealth%, @BossAP@&nbsp;%i:scaleAP% </row><br><row>(@MinUnits@) All Cyberbosses upgrade. Your strongest Cyberboss gains @BigBossPercentHealth*100@% %i:scaleHealth% and @BigBossAP@ %i:scaleAP%.</row>","[{""maxUnits"": 2, ""minUnits"": 2, ""style"": 1, ""variables"": {""BigBossAP"": 40, ""BigBossPercentHealth"": 0.4000000059604645, ""BossAP"": 20.0, ""BossPercentHealth"": 0.25, ""DamageMod"": 0.30000001192092896, ""{23b17109}"": 0.800000011920929, ""{c7b34fa5}"": 0.3499999940395355}}, {""maxUnits"": 3, ""minUnits"": 3, ""style"": 3, ""variables"": {""BigBossAP"": 40, ""BigBossPercentHealth"": 0.4000000059604645, ""BossAP"": 30.0, ""BossPercentHealth"": 0.33000001311302185, ""DamageMod"": 0.30000001192092896, ""{23b17109}"": 0.800000011920929, ""{c7b34fa5}"": 0.3499999940395355}}, {""maxUnits"": 25000, ""minUnits"": 4, ""style"": 5, ""variables"": {""BigBossAP"": 40, ""BigBossPercentHealth"": 0.4000000059604645, ""BossAP"": 30.0, ""BossPercentHealth"": 0.33000001311302185, ""DamageMod"": 0.30000001192092896, ""{23b17109}"": 0.800000011920929, ""{c7b34fa5}"": 0.3499999940395355}}]"
Set 14,14,base,TFTSet14,15.12,TFT14_Suits,Cypher,3|4|5,"Gain Intel by losing combat, increased for loss streaks. Gain a small amount for killing enemies. You may trade your Intel for loot one time on round@CashoutStage1@-@CashoutRound1@, @CashoutStage2@-@CashoutRound2@, @CashoutStage3@-@CashoutRound3@, @CashoutStage4@-@CashoutRound4@, or @CashoutStage5@-@CashoutRound5@.After trading Intel, Cypher champions gain Attack Damage and Ability Power.
(3) 1x Intel, 30% (scaleAD)(scaleAP)
(4) 1.5x Intel, 50% (scaleAD)(scaleAP)
(5) 2x Intel, 70% (scaleAD)(scaleAP)","Gain Intel by losing combat, increased for loss streaks. Gain a small amount for killing&nbsp;enemies. <br><br>You may trade your Intel for loot one time on round<br>@CashoutStage1@-@CashoutRound1@, @CashoutStage2@-@CashoutRound2@, @CashoutStage3@-@CashoutRound3@, @CashoutStage4@-@CashoutRound4@, or @CashoutStage5@-@CashoutRound5@.<br>After trading Intel, Cypher champions gain Attack Damage and Ability Power.<br><br><expandRow>(@MinUnits@) @ValueMultiplier@x Intel, @AttackDamage*100@% %i:scaleAD%%i:scaleAP%</expandRow>","[{""maxUnits"": 3, ""minUnits"": 3, ""style"": 1, ""variables"": {""AbilityPower"": 30.0, ""AttackDamage"": 0.30000001192092896, ""CashoutRound1"": null, ""CashoutRound2"": null, ""CashoutRound3"": null, ""CashoutRound4"": null, ""CashoutRound5"": null, ""CashoutStage1"": null, ""CashoutStage2"": null, ""CashoutStage3"": null, ""CashoutStage4"": null, ""CashoutStage5"": null, ""ValueMultiplier"": 1.0, ""{1f98073f}"": 0.029999999329447746, ""{2c9b3e4e}"": 0.5, ""{48df4661}"": 5, ""{76664467}"": null, ""{7d910997}"": null, ""{8d9e3028}"": 2.0, ""{f2f00c97}"": null}}, {""maxUnits"": 4, ""minUnits"": 4, ""style"": 3, ""variables"": {""AbilityPower"": 50.0, ""AttackDamage"": 0.5, ""CashoutRound1"": null, ""CashoutRound2"": null, ""CashoutRound3"": null, ""CashoutRound4"": null, ""CashoutRound5"": null, ""CashoutStage1"": null, ""CashoutStage2"": null, ""CashoutStage3"": null, ""CashoutStage4"": null, ""CashoutStage5"": null, ""ValueMultiplier"": 1.5, ""{1f98073f}"": 0.029999999329447746, ""{2c9b3e4e}"": 0.5, ""{48df4661}"": 5, ""{76664467}"": null, ""{7d910997}"": null, ""{8d9e3028}"": 2.0, ""{f2f00c97}"": null}}, {""maxUnits"": 25000, ""minUnits"": 5, ""style"": 5, ""variables"": {""AbilityPower"": 70.0, ""AttackDamage"": 0.699999988079071, ""CashoutRound1"": null, ""CashoutRound2"": null, ""CashoutRound3"": null, ""CashoutRound4"": null, ""CashoutRound5"": null, ""CashoutStage1"": null, ""CashoutStage2"": null, ""CashoutStage3"": null, ""CashoutStage4"": null, ""CashoutStage5"": null, ""ValueMultiplier"": 2.0, ""{1f98073f}"": 0.029999999329447746, ""{2c9b3e4e}"": 0.5, ""{48df4661}"": 5, ""{76664467}"": null, ""{7d910997}"": null, ""{8d9e3028}"": 2.0, ""{f2f00c97}"": null}}]"
Set 14,14,base,TFTSet14,15.12,TFT14_Divinicorp,Divinicorp,1|2|3|4|5|6|7,"Divinicorp champions grant unique stats to your team, increased for each Divinicorp in play. Divinicorp champions gain double.
(1) 100% bonus.
(2) 110% bonus.
(3) 125% bonus.
(4) 140% bonus.
(5) 165% bonus.
(6) 190% bonus.
(7) 210% bonus.Morgana - (scaleAP) @TFTUnitProperty.trait:TFT14_Trait_Divinicorp_AP@%Rhaast - (scaleArmor) (scaleMR) @TFTUnitProperty.trait:TFT14_Trait_Divinicorp_Defenses@Senna - (scaleAD) @TFTUnitProperty.trait:TFT14_Trait_Divinicorp_AD@%Gragas - (scaleHealth) @TFTUnitProperty.trait:TFT14_Trait_Divinicorp_Health@Vex - (scaleCrit) @TFTUnitProperty.trait:TFT14_Trait_Divinicorp_Crit@%Renekton - (scaleAS) @TFTUnitProperty.trait:TFT14_Trait_Divinicorp_AS@%Emblem - (scaleSV) @TFTUnitProperty.trait:TFT14_Trait_Divinicorp_Omnivamp@%","Divinicorp champions grant unique stats to your team, increased for each Divinicorp in play. <br><br>Divinicorp champions gain double.<br><br><expandRow>(@MinUnits@) <TFTGuildActive>@DivinicorpBonus*100@%</TFTGuildActive>&nbsp;bonus.</expandRow><br><br><TFTGuildActive enabled=TFT14_Trait_Divinicorp_ActiveAP alternate=TFTGuildInactive>Morgana - </TFTGuildActive>&nbsp;%i:scaleAP% <spellActive enabled=TFT14_Trait_Divinicorp_ActiveAP alternate=TFTGuildInactive>@TFTUnitProperty.trait:TFT14_Trait_Divinicorp_AP@%</spellActive><br><TFTGuildActive enabled=TFT14_Trait_Divinicorp_ActiveDefenses alternate=TFTGuildInactive>Rhaast - </TFTGuildActive>&nbsp;%i:scaleArmor%&nbsp;%i:scaleMR% <spellActive enabled=TFT14_Trait_Divinicorp_ActiveDefenses alternate=TFTGuildInactive>@TFTUnitProperty.trait:TFT14_Trait_Divinicorp_Defenses@</spellActive><br><TFTGuildActive enabled=TFT14_Trait_Divinicorp_ActiveAttackDamage alternate=TFTGuildInactive>Senna - </TFTGuildActive>&nbsp;%i:scaleAD% <spellActive enabled=TFT14_Trait_Divinicorp_ActiveAttackDamage alternate=TFTGuildInactive>@TFTUnitProperty.trait:TFT14_Trait_Divinicorp_AD@%</spellActive><br><TFTGuildActive enabled=TFT14_Trait_Divinicorp_ActiveHealth alternate=TFTGuildInactive>Gragas - </TFTGuildActive>&nbsp;%i:scaleHealth% <spellActive enabled=TFT14_Trait_Divinicorp_ActiveHealth alternate=TFTGuildInactive>@TFTUnitProperty.trait:TFT14_Trait_Divinicorp_Health@</spellActive><br><TFTGuildActive enabled=TFT14_Trait_Divinicorp_ActiveCrit alternate=TFTGuildInactive>Vex - &nbsp;%i:scaleCrit% </TFTGuildActive><spellActive enabled=TFT14_Trait_Divinicorp_ActiveCrit alternate=TFTGuildInactive>@TFTUnitProperty.trait:TFT14_Trait_Divinicorp_Crit@%</spellActive><br><TFTGuildActive enabled=TFT14_Trait_Divinicorp_ActiveAttackSpeed alternate=TFTGuildInactive>Renekton - </TFTGuildActive>&nbsp;%i:scaleAS% <spellActive enabled=TFT14_Trait_Divinicorp_ActiveAttackSpeed alternate=TFTGuildInactive>@TFTUnitProperty.trait:TFT14_Trait_Divinicorp_AS@%</spellActive><br><TFTGuildActive enabled=TFT14_Trait_Divinicorp_ActiveOmnivamp alternate=TFTGuildInactive>Emblem - </TFTGuildActive>&nbsp;%i:scaleSV% <spellActive enabled=TFT14_Trait_Divinicorp_ActiveOmnivamp alternate=TFTGuildInactive>@TFTUnitProperty.trait:TFT14_Trait_Divinicorp_Omnivamp@%</spellActive>","[{""maxUnits"": 1, ""minUnits"": 1, ""style"": 1, ""variables"": {""DivinicorpBonus"": 1.0, ""{19e47528}"": 9.0, ""{3c9e3624}"": 3.0, ""{414a2beb}"": 7.0, ""{4803a4eb}"": 5.0, ""{4e1c6b85}"": 1.0, ""{912546f4}"": 8.0, ""{a8a84fe9}"": 50.0, ""{f82ecbac}"": 6.0}}, {""maxUnits"": 2, ""minUnits"": 2, ""style"": 3, ""variables"": {""DivinicorpBonus"": 1.100000023841858, ""{19e47528}"": 9.0, ""{3c9e3624}"": 3.0, ""{414a2beb}"": 7.0, ""{4803a4eb}"": 5.0, ""{4e1c6b85}"": 1.0, ""{912546f4}"": 8.0, ""{a8a84fe9}"": 50.0, ""{f82ecbac}"": 6.0}}, {""maxUnits"": 3, ""minUnits"": 3, ""style"": 3, ""variables"": {""DivinicorpBonus"": 1.25, ""{19e47528}"": 9.0, ""{3c9e3624}"": 3.0, ""{414a2beb}"": 7.0, ""{4803a4eb}"": 5.0, ""{4e1c6b85}"": 1.0, ""{912546f4}"": 8.0, ""{a8a84fe9}"": 50.0, ""{f82ecbac}"": 6.0}}, {""maxUnits"": 4, ""minUnits"": 4, ""style"": 3, ""variables"": {""DivinicorpBonus"": 1.399999976158142, ""{19e47528}"": 9.0, ""{3c9e3624}"": 3.0, ""{414a2beb}"": 7.0, ""{4803a4eb}"": 5.0, ""{4e1c6b85}"": 1.0, ""{912546f4}"": 8.0, ""{a8a84fe9}"": 50.0, ""{f82ecbac}"": 6.0}}, {""maxUnits"": 5, ""minUnits"": 5, ""style"": 5, ""variables"": {""DivinicorpBonus"": 1.649999976158142, ""{19e47528}"": 9.0, ""{3c9e3624}"": 3.0, ""{414a2beb}"": 7.0, ""{4803a4eb}"": 5.0, ""{4e1c6b85}"": 1.0, ""{912546f4}"": 8.0, ""{a8a84fe9}"": 50.0, ""{f82ecbac}"": 6.0}}, {""maxUnits"": 6, ""minUnits"": 6, ""style"": 5, ""variables"": {""DivinicorpBonus"": 1.899999976158142, ""{19e47528}"": 9.0, ""{3c9e3624}"": 3.0, ""{414a2beb}"": 7.0, ""{4803a4eb}"": 5.0, ""{4e1c6b85}"": 1.0, ""{912546f4}"": 8.0, ""{a8a84fe9}"": 50.0, ""{f82ecbac}"": 6.0}}, {""maxUnits"": 25000, ""minUnits"": 7, ""style"": 5, ""variables"": {""DivinicorpBonus"": 2.0999999046325684, ""{19e47528}"": 9.0, ""{3c9e3624}"": 3.0, ""{414a2beb}"": 7.0, ""{4803a4eb}"": 5.0, ""{4e1c6b85}"": 1.0, ""{912546f4}"": 8.0, ""{a8a84fe9}"": 50.0, ""{f82ecbac}"": 6.0}}]"
Set 14,14,base,TFTSet14,15.12,TFT14_Thirsty,Dynamo,2|3|4,"Every @Timer@ seconds, your team gains Mana. Dynamos gain @ThirstyBonus*100@% more.(@MinUnits@) @Mana@ (scaleMana) (@MinUnits@) @Mana@ (scaleMana) (@MinUnits@) @Mana@ (scaleMana)","Every @Timer@ seconds, your team gains Mana. Dynamos gain @ThirstyBonus*100@% more.<br><br><row>(@MinUnits@) @Mana@ %i:scaleMana% </row><br><row>(@MinUnits@) @Mana@ %i:scaleMana% </row><br><row>(@MinUnits@) @Mana@ %i:scaleMana% </row>","[{""maxUnits"": 2, ""minUnits"": 2, ""style"": 1, ""variables"": {""Mana"": 4.0, ""ThirstyBonus"": 1.0, ""Timer"": 3.0, ""{696854de}"": 20.0}}, {""maxUnits"": 3, ""minUnits"": 3, ""style"": 3, ""variables"": {""Mana"": 6.0, ""ThirstyBonus"": 1.0, ""Timer"": 3.0, ""{696854de}"": 20.0}}, {""maxUnits"": 25000, ""minUnits"": 4, ""style"": 5, ""variables"": {""Mana"": 10.0, ""ThirstyBonus"": 1.0, ""Timer"": 3.0, ""{696854de}"": 20.0}}]"
Set 14,14,base,TFTSet14,15.12,TFT14_Cutter,Executioner,2|3|4|5,"Executioner Abilities can critically strike. They also gain bonus Critical Strike Chance and Critical Strike Damage.If the target's Health is below @HealthThreshold*100@%, the bonus Critical Strike Damage is doubled.(@MinUnits@) @CRIT_PERCENT*100@% (scaleCrit), @CRIT_DAMAGE*100@% (scaleCritMult)(@MinUnits@) @CRIT_PERCENT*100@% (scaleCrit), @CRIT_DAMAGE*100@% (scaleCritMult)(@MinUnits@) @CRIT_PERCENT*100@% (scaleCrit), @CRIT_DAMAGE*100@% (scaleCritMult)(@MinUnits@) @CRIT_PERCENT*100@% (scaleCrit), @CRIT_DAMAGE*100@% (scaleCritMult); also gain @DamageReduction*100@% Durability","Executioner Abilities can critically strike. They also gain bonus Critical Strike Chance and Critical Strike Damage.<br><br>If the target's Health is below @HealthThreshold*100@%, the bonus Critical Strike Damage is doubled.<br><br><row>(@MinUnits@) @CRIT_PERCENT*100@%&nbsp;%i:scaleCrit%, @CRIT_DAMAGE*100@%&nbsp;%i:scaleCritMult%</row><br><row>(@MinUnits@) @CRIT_PERCENT*100@%&nbsp;%i:scaleCrit%, @CRIT_DAMAGE*100@%&nbsp;%i:scaleCritMult%</row><br><row>(@MinUnits@) @CRIT_PERCENT*100@%&nbsp;%i:scaleCrit%, @CRIT_DAMAGE*100@%&nbsp;%i:scaleCritMult%</row><br><row>(@MinUnits@) @CRIT_PERCENT*100@%&nbsp;%i:scaleCrit%, @CRIT_DAMAGE*100@%&nbsp;%i:scaleCritMult%; also gain @DamageReduction*100@% Durability</row>","[{""maxUnits"": 2, ""minUnits"": 2, ""style"": 1, ""variables"": {""CRIT_DAMAGE"": 0.05000000074505806, ""CRIT_PERCENT"": 0.25, ""DamageReduction"": null, ""HealthThreshold"": 0.20000000298023224, ""{696854de}"": 20.0}}, {""maxUnits"": 3, ""minUnits"": 3, ""style"": 3, ""variables"": {""CRIT_DAMAGE"": 0.10000000149011612, ""CRIT_PERCENT"": 0.3499999940395355, ""DamageReduction"": null, ""HealthThreshold"": 0.20000000298023224, ""{696854de}"": 20.0}}, {""maxUnits"": 4, ""minUnits"": 4, ""style"": 3, ""variables"": {""CRIT_DAMAGE"": 0.15000000596046448, ""CRIT_PERCENT"": 0.44999998807907104, ""DamageReduction"": null, ""HealthThreshold"": 0.20000000298023224, ""{696854de}"": 20.0}}, {""maxUnits"": 25000, ""minUnits"": 5, ""style"": 5, ""variables"": {""CRIT_DAMAGE"": 0.15000000596046448, ""CRIT_PERCENT"": 0.5, ""DamageReduction"": 0.11999999731779099, ""HealthThreshold"": 0.20000000298023224, ""{696854de}"": 20.0}}]"
Set 14,14,base,TFTSet14,15.12,TFT14_EdgeRunner,Exotech,3|5|7|10,"Gain unique items that can only be equipped by Exotech champions. They gain Health and Attack Speed for each item equipped.(@MinUnits@) @HealthBonus@ (scaleHealth), @ASBonus@% (scaleAS),@TFTUnitProperty.trait:TFT14_Cybernetic_Item1@(@MinUnits@) @HealthBonus@ (scaleHealth), @ASBonus@% (scaleAS),@TFTUnitProperty.trait:TFT14_Cybernetic_Item2@(@MinUnits@) @HealthBonus@ (scaleHealth), @ASBonus@% (scaleAS),@TFTUnitProperty.trait:TFT14_Cybernetic_Item3@ (@MinUnits@) @HealthBonus@ (scaleHealth), @ASBonus@% (scaleAS),Enhance.","Gain unique items that can only be equipped by Exotech champions. They gain Health and Attack Speed for each item equipped.<br><br><row>(@MinUnits@) @HealthBonus@ %i:scaleHealth%, @ASBonus@% %i:scaleAS%,<br>@TFTUnitProperty.trait:TFT14_Cybernetic_Item1@</row><br><row>(@MinUnits@) @HealthBonus@ %i:scaleHealth%, @ASBonus@% %i:scaleAS%,<br>@TFTUnitProperty.trait:TFT14_Cybernetic_Item2@</row><br><row>(@MinUnits@) @HealthBonus@ %i:scaleHealth%, @ASBonus@% %i:scaleAS%,<br>@TFTUnitProperty.trait:TFT14_Cybernetic_Item3@</row> <br><row>(@MinUnits@) @HealthBonus@ %i:scaleHealth%, @ASBonus@% %i:scaleAS%,<br>Enhance. </row> ","[{""maxUnits"": 4, ""minUnits"": 3, ""style"": 1, ""variables"": {""ASBonus"": 2.0, ""HealthBonus"": 50.0, ""{696854de}"": 20.0}}, {""maxUnits"": 6, ""minUnits"": 5, ""style"": 3, ""variables"": {""ASBonus"": 6.0, ""HealthBonus"": 160.0, ""{696854de}"": 20.0}}, {""maxUnits"": 9, ""minUnits"": 7, ""style"": 5, ""variables"": {""ASBonus"": 13.0, ""HealthBonus"": 300.0, ""{696854de}"": 20.0}}, {""maxUnits"": 25000, ""minUnits"": 10, ""style"": 6, ""variables"": {""ASBonus"": 40.0, ""HealthBonus"": 500.0, ""{696854de}"": 20.0}}]"
Set 14,14,base,TFTSet14,15.12,TFT14_Netgod,God of the Net,1,"After @Rounds@ player combats, open an Armory of Trait Mods that permanently reprogram a champion to benefit from a trait (but not contribute).Every time you get a Trait Mod, the next one requires @RoundIncrement@ additional round.Rounds remaining: @TFTUnitProperty.trait:TFT14_Netgod_RoundsRemaining@Champions can only have one Trait Mod.Equipped Mods:@TFTUnitProperty.trait:TFT14_Netgod_Trait1@ - @TFTUnitProperty.trait:TFT14_Netgod_Champ1@@TFTUnitProperty.trait:TFT14_Netgod_Trait2@ - @TFTUnitProperty.trait:TFT14_Netgod_Champ2@@TFTUnitProperty.trait:TFT14_Netgod_Trait3@ - @TFTUnitProperty.trait:TFT14_Netgod_Champ3@@TFTUnitProperty.trait:TFT14_Netgod_Trait4@ - @TFTUnitProperty.trait:TFT14_Netgod_Champ4@@TFTUnitProperty.trait:TFT14_Netgod_Trait5@ - @TFTUnitProperty.trait:TFT14_Netgod_Champ5@@TFTUnitProperty.trait:TFT14_Netgod_Trait6@ - @TFTUnitProperty.trait:TFT14_Netgod_Champ6@@TFTUnitProperty.trait:TFT14_Netgod_Trait7@ - @TFTUnitProperty.trait:TFT14_Netgod_Champ7@@TFTUnitProperty.trait:TFT14_Netgod_Trait8@ - @TFTUnitProperty.trait:TFT14_Netgod_Champ8@@TFTUnitProperty.trait:TFT14_Netgod_Trait9@ - @TFTUnitProperty.trait:TFT14_Netgod_Champ9@","After @Rounds@ player combats, open an Armory of Trait Mods that permanently reprogram a champion to benefit from a trait (but not contribute).<br><br>Every time you get a Trait Mod, the next one requires @RoundIncrement@ additional round.<br><br>Rounds remaining: @TFTUnitProperty.trait:TFT14_Netgod_RoundsRemaining@<br><rules>Champions can only have one Trait Mod.</rules><br><br>Equipped Mods:<br><ShowIf.TFT14_Netgod_Slot1>@TFTUnitProperty.trait:TFT14_Netgod_Trait1@ - @TFTUnitProperty.trait:TFT14_Netgod_Champ1@<br><ShowIf.TFT14_Netgod_Slot2>@TFTUnitProperty.trait:TFT14_Netgod_Trait2@ - @TFTUnitProperty.trait:TFT14_Netgod_Champ2@<br><ShowIf.TFT14_Netgod_Slot3>@TFTUnitProperty.trait:TFT14_Netgod_Trait3@ - @TFTUnitProperty.trait:TFT14_Netgod_Champ3@<br><ShowIf.TFT14_Netgod_Slot4>@TFTUnitProperty.trait:TFT14_Netgod_Trait4@ - @TFTUnitProperty.trait:TFT14_Netgod_Champ4@<br><ShowIf.TFT14_Netgod_Slot5>@TFTUnitProperty.trait:TFT14_Netgod_Trait5@ - @TFTUnitProperty.trait:TFT14_Netgod_Champ5@<br><ShowIf.TFT14_Netgod_Slot6>@TFTUnitProperty.trait:TFT14_Netgod_Trait6@ - @TFTUnitProperty.trait:TFT14_Netgod_Champ6@<br><ShowIf.TFT14_Netgod_Slot7>@TFTUnitProperty.trait:TFT14_Netgod_Trait7@ - @TFTUnitProperty.trait:TFT14_Netgod_Champ7@<br><ShowIf.TFT14_Netgod_Slot8>@TFTUnitProperty.trait:TFT14_Netgod_Trait8@ - @TFTUnitProperty.trait:TFT14_Netgod_Champ8@<br><ShowIf.TFT14_Netgod_Slot9>@TFTUnitProperty.trait:TFT14_Netgod_Trait9@ - @TFTUnitProperty.trait:TFT14_Netgod_Champ9@</ShowIf.TFT14_Netgod_Slot9></ShowIf.TFT14_Netgod_Slot8></ShowIf.TFT14_Netgod_Slot7></ShowIf.TFT14_Netgod_Slot6></ShowIf.TFT14_Netgod_Slot5></ShowIf.TFT14_Netgod_Slot4></ShowIf.TFT14_Netgod_Slot3></ShowIf.TFT14_Netgod_Slot2></ShowIf.TFT14_Netgod_Slot1>","[{""maxUnits"": 25000, ""minUnits"": 1, ""style"": 4, ""variables"": {""RoundIncrement"": 1, ""rounds"": 2.0, ""{25ec242e}"": 9.0}}]"
Set 14,14,base,TFTSet14,15.12,TFT14_Immortal,Golden Ox,2|4|6,"Golden Ox gain Damage Amp and have a chance to drop gold on kill.If you spend @TFTUnitProperty.trait:TFT14_Immortal_GoldNeededForBreakpoint@ gold on rerolls or XP in a single turn, permanently increase their Damage Amp and the gold required for the next bonus. Rerolls count double towards gold spent.(Golden Ox must have fought last round)(@MinUnits@) @DamageAmp*100@% (scaleDA), @KillDrop*100@% gold(@MinUnits@) @DamageAmp*100@% (scaleDA), @KillDrop*100@% gold(@MinUnits@) @DamageAmp*100@% (scaleDA), @KillDrop*100@% loot, @ComponentDropChance*100@% chance loot is a componentCurrent Bonus: @TFTUnitProperty.trait:TFT14_Immortal_GoldBonusStacks@% (scaleDA)","Golden Ox gain Damage Amp and have a chance to drop gold on kill.<br><br>If you spend @TFTUnitProperty.trait:TFT14_Immortal_GoldNeededForBreakpoint@ gold on rerolls or XP in a single turn, permanently increase their Damage Amp and the gold required for the next bonus. Rerolls count double towards gold spent.<br><rules>(Golden Ox must have fought last round)</rules><br><br><row>(@MinUnits@) @DamageAmp*100@% %i:scaleDA%, @KillDrop*100@% gold</row><br><row>(@MinUnits@) @DamageAmp*100@% %i:scaleDA%, @KillDrop*100@% gold</row><br><row>(@MinUnits@) @DamageAmp*100@% %i:scaleDA%, @KillDrop*100@% loot, @ComponentDropChance*100@% chance loot is a component</row><br>Current Bonus: @TFTUnitProperty.trait:TFT14_Immortal_GoldBonusStacks@% %i:scaleDA%","[{""maxUnits"": 3, ""minUnits"": 2, ""style"": 1, ""variables"": {""ComponentDropChance"": null, ""DamageAmp"": 0.11999999731779099, ""InitialGoldBreakpoint"": null, ""KillDrop"": 0.20000000298023224, ""{0bd4b104}"": 1.0, ""{19e84ec6}"": 1.0, ""{24626b4a}"": 0.07999999821186066, ""{38d15b70}"": null, ""{d0e12874}"": 7.0, ""{e29303a0}"": null}}, {""maxUnits"": 5, ""minUnits"": 4, ""style"": 3, ""variables"": {""ComponentDropChance"": null, ""DamageAmp"": 0.23999999463558197, ""InitialGoldBreakpoint"": null, ""KillDrop"": 0.6000000238418579, ""{0bd4b104}"": 1.0, ""{19e84ec6}"": 1.0, ""{24626b4a}"": 0.07999999821186066, ""{38d15b70}"": null, ""{d0e12874}"": 4.0, ""{e29303a0}"": null}}, {""maxUnits"": 25000, ""minUnits"": 6, ""style"": 5, ""variables"": {""ComponentDropChance"": 0.05999999865889549, ""DamageAmp"": 0.25, ""InitialGoldBreakpoint"": null, ""KillDrop"": 1.0, ""{0bd4b104}"": 1.0, ""{19e84ec6}"": 1.0, ""{24626b4a}"": 0.07999999821186066, ""{38d15b70}"": null, ""{d0e12874}"": 3.0, ""{e29303a0}"": null}}]"
Set 14,14,base,TFTSet14,15.12,TFT14_Marksman,Marksman,2|4,"Marksmen gain Attack Damage. After @EnhancedTime@ seconds of combat, they increase their bonus by @EnhancedBonus*100@%.(@MinUnits@) @BonusAD*100@% (scaleAD)(@MinUnits@) @BonusAD*100@% (scaleAD). After @EnhancedTime@ seconds, gain @RepeatBonus*100@% (scaleAD) every @RepeatTime@ seconds.","Marksmen gain Attack Damage. After @EnhancedTime@ seconds of combat, they increase their bonus by @EnhancedBonus*100@%.<br><br><row>(@MinUnits@) @BonusAD*100@%&nbsp;%i:scaleAD%</row><br><row>(@MinUnits@) @BonusAD*100@%&nbsp;%i:scaleAD%. After @EnhancedTime@&nbsp;seconds, gain @RepeatBonus*100@%&nbsp;%i:scaleAD% every @RepeatTime@&nbsp;seconds.</row>","[{""maxUnits"": 3, ""minUnits"": 2, ""style"": 1, ""variables"": {""BonusAD"": 0.18000000715255737, ""EnhancedBonus"": 1.0, ""EnhancedTime"": 8.0, ""RepeatBonus"": null, ""RepeatTime"": null, ""TeamBonus"": null, ""{696854de}"": 20.0}}, {""maxUnits"": 25000, ""minUnits"": 4, ""style"": 5, ""variables"": {""BonusAD"": 0.3499999940395355, ""EnhancedBonus"": 1.0, ""EnhancedTime"": 8.0, ""RepeatBonus"": 0.25, ""RepeatTime"": 6.0, ""TeamBonus"": null, ""{696854de}"": 20.0}}]"
Set 14,14,base,TFTSet14,15.12,TFT14_HotRod,Nitro,3|4,"Every round, unique Nitro champions grant Chrome to R-080T, based on their star level. Each Chrome grants @HealthPerScrap@ Health and @APPerScrap@ Ability Power. At @FourStarScrapThreshold@ Chrome, it upgrades to T-43X! (@MinUnits@) Summon R-080T!(@MinUnits@) Fire a giant laser!Chrome per star: @ScrapPerOneStar@/@ScrapPerTwoStar@/@ScrapPerThreeStar@/@ScrapPerFourStar@","Every round, unique Nitro champions grant Chrome to R-080T, based on their star level. Each Chrome grants @HealthPerScrap@ Health and @APPerScrap@ Ability Power. <br><br>At @FourStarScrapThreshold@ Chrome, it upgrades to T-43X! <br><br><row>(@MinUnits@) Summon R-080T!</row><br><row>(@MinUnits@) Fire a giant laser!</row><br><br><rules>Chrome per star: @ScrapPerOneStar@/@ScrapPerTwoStar@/@ScrapPerThreeStar@/@ScrapPerFourStar@</rules>","[{""maxUnits"": 3, ""minUnits"": 3, ""style"": 1, ""variables"": {""APPerScrap"": 1.0, ""FourStarScrapThreshold"": 200.0, ""HealthPerScrap"": 11.0, ""ScrapPerFourStar"": null, ""ScrapPerOneStar"": null, ""ScrapPerThreeStar"": null, ""ScrapPerTwoStar"": null, ""{00933536}"": 300, ""{4d6eede4}"": null, ""{4eb7d3e8}"": 800, ""{bbd3f177}"": 130.0, ""{c5d6c3d5}"": 60.0, ""{e75fa38f}"": 500, ""{f38b0f5d}"": 100}}, {""maxUnits"": 25000, ""minUnits"": 4, ""style"": 5, ""variables"": {""APPerScrap"": 1.0, ""FourStarScrapThreshold"": 200.0, ""HealthPerScrap"": 11.0, ""ScrapPerFourStar"": null, ""ScrapPerOneStar"": null, ""ScrapPerThreeStar"": null, ""ScrapPerTwoStar"": null, ""{00933536}"": 300, ""{4d6eede4}"": null, ""{4eb7d3e8}"": 800, ""{bbd3f177}"": 130.0, ""{c5d6c3d5}"": 60.0, ""{e75fa38f}"": 500, ""{f38b0f5d}"": 100}}]"
Set 14,14,base,TFTSet14,15.12,TFT14_Overlord,Overlord,1,"The Overlord takes a bite out of the unit in the hex behind him, dealing @HPPercentDamage*100@% of their max Health as true damage. He gains @PercentHPGain*100@% of their Health and @PercentADGain*100@% of their Attack Damage.","The Overlord takes a bite out of the unit in the hex behind him, dealing @HPPercentDamage*100@% of their max Health as true damage. He gains @PercentHPGain*100@% of their Health and @PercentADGain*100@% of their Attack Damage.","[{""maxUnits"": 25000, ""minUnits"": 1, ""style"": 4, ""variables"": {""HPPercentDamage"": 0.4000000059604645, ""NumHexes"": 1.0, ""PercentADGain"": 0.25, ""PercentHPGain"": 0.4000000059604645, ""{3b5ffaa0}"": 1.0, ""{99dbd967}"": 0.33000001311302185, ""{c028da4f}"": 1.0}}]"
Set 14,14,base,TFTSet14,15.12,TFT14_Swift,Rapidfire,2|4|6,"Your team gains @TeamBonus*100@% Attack Speed. Rapidfire champions gain more on each attack, stacking up to @MaxStacks@ times.
(2) 4% (scaleAS) per stack
(4) 11% (scaleAS) per stack
(6) 22% (scaleAS) per stack","Your team gains @TeamBonus*100@% Attack Speed. Rapidfire champions gain more on each attack, stacking up to @MaxStacks@ times.<br><br><expandRow>(@MinUnits@) @AttackSpeed*100@% %i:scaleAS% per stack</expandRow>","[{""maxUnits"": 3, ""minUnits"": 2, ""style"": 1, ""variables"": {""AttackSpeed"": 0.03999999910593033, ""MaxStacks"": 10.0, ""TeamBonus"": 0.10000000149011612, ""{696854de}"": 20.0}}, {""maxUnits"": 5, ""minUnits"": 4, ""style"": 3, ""variables"": {""AttackSpeed"": 0.10999999940395355, ""MaxStacks"": 10.0, ""TeamBonus"": 0.10000000149011612, ""{696854de}"": 20.0}}, {""maxUnits"": 25000, ""minUnits"": 6, ""style"": 5, ""variables"": {""AttackSpeed"": 0.2199999988079071, ""MaxStacks"": 10.0, ""TeamBonus"": 0.10000000149011612, ""{696854de}"": 20.0}}]"
Set 14,14,base,TFTSet14,15.12,TFT14_Strong,Slayer,2|4|6,"Slayers gain Attack Damage and Omnivamp. Overhealing heals the lowest percent Health Slayer for @OverhealPercent*100@% of the excess amount.
(2) 15% (scaleAD), 15% (scaleSV)
(4) 40% (scaleAD), 15% (scaleSV)
(6) 70% (scaleAD), 20% (scaleSV)","Slayers gain Attack Damage and Omnivamp. Overhealing heals the lowest percent Health Slayer for @OverhealPercent*100@% of the excess amount.<br><br><expandRow>(@MinUnits@) @AttackDamage*100@% %i:scaleAD%, @Healing*100@% %i:scaleSV%</expandRow>","[{""maxUnits"": 3, ""minUnits"": 2, ""style"": 1, ""variables"": {""AttackDamage"": 0.15000000596046448, ""Healing"": 0.15000000596046448, ""OverhealPercent"": 0.5, ""{696854de}"": 20.0}}, {""maxUnits"": 5, ""minUnits"": 4, ""style"": 3, ""variables"": {""AttackDamage"": 0.4000000059604645, ""Healing"": 0.15000000596046448, ""OverhealPercent"": 0.5}}, {""maxUnits"": 25000, ""minUnits"": 6, ""style"": 5, ""variables"": {""AttackDamage"": 0.699999988079071, ""Healing"": 0.20000000298023224, ""OverhealPercent"": 0.5}}]"
Set 14,14,base,TFTSet14,15.12,TFT14_ViegoUniqueTrait,Soul Killer,1,"Gain a hologram copy of the highest cost enemy Viego helped kill last round. It has @Level1Health@/@Level2Health@/@Level3Health@ Health, deals @Level1Damage*100@%/@Level2Damage*100@%/@Level3Damage*100@% damage, and has @ItemCount@ recommended item.","Gain a hologram copy of the highest cost enemy Viego helped kill last round. It has @Level1Health@/@Level2Health@/@Level3Health@ Health, deals @Level1Damage*100@%/@Level2Damage*100@%/@Level3Damage*100@% damage, and has @ItemCount@ recommended item.","[{""maxUnits"": 25000, ""minUnits"": 1, ""style"": 4, ""variables"": {""ItemCount"": 1, ""Level1Damage"": 0.30000001192092896, ""Level1Health"": 900, ""Level2Damage"": 0.4000000059604645, ""Level2Health"": 1350, ""Level3Damage"": 2.0, ""Level3Health"": 9001}}]"
Set 14,14,base,TFTSet14,15.12,TFT14_Controller,Strategist,2|3|4|5,"Combat Start: Allies in the back 2 rows gain Damage Amp. Allies in the front 2 rows gain Durability. Strategists get triple.
(2) 6% (scaleDA), 4% (scaleDR)
(3) 9% (scaleDA), 6% (scaleDR)
(4) 12% (scaleDA), 8% (scaleDR)
(5) 15% (scaleDA), 10% (scaleDR)","<spellPassive>Combat Start:</spellPassive> Allies in the back 2 rows gain Damage Amp. Allies in the front 2 rows gain Durability. Strategists get triple.<br><br><expandRow>(@MinUnits@) @DamageAmp*100@% %i:scaleDA%, @Durability*100@% %i:scaleDR%</expandRow>","[{""maxUnits"": 2, ""minUnits"": 2, ""style"": 1, ""variables"": {""DamageAmp"": 0.05999999865889549, ""Durability"": 0.03999999910593033, ""{c4205fb0}"": 2.0}}, {""maxUnits"": 3, ""minUnits"": 3, ""style"": 3, ""variables"": {""DamageAmp"": 0.09000000357627869, ""Durability"": 0.05999999865889549, ""{c4205fb0}"": 2.0}}, {""maxUnits"": 4, ""minUnits"": 4, ""style"": 3, ""variables"": {""DamageAmp"": 0.11999999731779099, ""Durability"": 0.07999999821186066, ""{c4205fb0}"": 2.0}}, {""maxUnits"": 25000, ""minUnits"": 5, ""style"": 5, ""variables"": {""DamageAmp"": 0.15000000596046448, ""Durability"": 0.10000000149011612, ""{c4205fb0}"": 2.0}}]"
Set 14,14,base,TFTSet14,15.12,TFT14_StreetDemon,Street Demon,3|5|7|10,"Allies in painted hexes gain Health, Ability Power, and Attack Damage. Some hexes are Signature hexes and grant @EmpoweredHexPercentBonus*100@% more. Street Demons double all bonuses.(@MinUnits@) +@HP*100@% (scaleHealth), @ADAP@ (scaleAP), @ADAP@% (scaleAD)(@MinUnits@) +@HP*100@% (scaleHealth), @ADAP@ (scaleAP), @ADAP@% (scaleAD)(@MinUnits@) +@HP*100@% (scaleHealth), @ADAP@ (scaleAP), @ADAP@% (scaleAD)(@MinUnits@) +@HP*100@% (scaleHealth), @ADAP@ (scaleAP), @ADAP@% (scaleAD)Paint the town!","Allies in painted hexes gain Health, Ability Power, and Attack Damage. Some hexes are Signature hexes and grant @EmpoweredHexPercentBonus*100@% more. <br><br>Street Demons double all bonuses.<br><br><row>(@MinUnits@) +@HP*100@%&nbsp;%i:scaleHealth%, @ADAP@&nbsp;%i:scaleAP%, @ADAP@%&nbsp;%i:scaleAD%</row><br><row>(@MinUnits@) +@HP*100@%&nbsp;%i:scaleHealth%, @ADAP@&nbsp;%i:scaleAP%, @ADAP@%&nbsp;%i:scaleAD%</row><br><row>(@MinUnits@) +@HP*100@%&nbsp;%i:scaleHealth%, @ADAP@&nbsp;%i:scaleAP%, @ADAP@%&nbsp;%i:scaleAD%</row><br><row>(@MinUnits@) +@HP*100@%&nbsp;%i:scaleHealth%, @ADAP@&nbsp;%i:scaleAP%, @ADAP@%&nbsp;%i:scaleAD%<br>Paint the town!</row>","[{""maxUnits"": 4, ""minUnits"": 3, ""style"": 1, ""variables"": {""ADAP"": 6.0, ""EmpoweredHexPercentBonus"": 0.5, ""HP"": 0.05999999865889549, ""{05fa71fc}"": 2.0, ""{696854de}"": 20.0}}, {""maxUnits"": 6, ""minUnits"": 5, ""style"": 3, ""variables"": {""ADAP"": 10.0, ""EmpoweredHexPercentBonus"": 0.5, ""HP"": 0.10000000149011612, ""{05fa71fc}"": 2.0, ""{696854de}"": 20.0}}, {""maxUnits"": 9, ""minUnits"": 7, ""style"": 5, ""variables"": {""ADAP"": 16.0, ""EmpoweredHexPercentBonus"": 0.5, ""HP"": 0.1599999964237213, ""{05fa71fc}"": 2.0, ""{696854de}"": 20.0}}, {""maxUnits"": 25000, ""minUnits"": 10, ""style"": 6, ""variables"": {""ADAP"": 45.0, ""EmpoweredHexPercentBonus"": 0.5, ""HP"": 0.44999998807907104, ""{05fa71fc}"": 2.0, ""{696854de}"": 20.0}}]"
Set 14,14,base,TFTSet14,15.12,TFT14_Mob,Syndicate,3|5|7,"Get a Kingpin hat that uniquely upgrades a Syndicate champion's ability.Syndicate champions gain Health and Damage Amp.(@MinUnits@) @MobHealth@ (scaleHealth), @DamageAmp*100@% (scaleDA), @NumBosses@ Kingpin(@MinUnits@) @MobHealth@ (scaleHealth), @DamageAmp*100@% (scaleDA), @NumBosses@ Kingpins(@MinUnits@) @MobHealth@ (scaleHealth), @DamageAmp*100@% (scaleDA), Upgrade Kingpin effect","Get a Kingpin hat that uniquely upgrades a Syndicate champion's ability.<br><br>Syndicate champions gain Health and Damage Amp.<br><br><row>(@MinUnits@) @MobHealth@ %i:scaleHealth%, @DamageAmp*100@% %i:scaleDA%, @NumBosses@ Kingpin</row><br><row>(@MinUnits@) @MobHealth@ %i:scaleHealth%, @DamageAmp*100@% %i:scaleDA%, @NumBosses@ Kingpins</row><br><row>(@MinUnits@) @MobHealth@ %i:scaleHealth%, @DamageAmp*100@% %i:scaleDA%, Upgrade Kingpin effect</row>","[{""maxUnits"": 4, ""minUnits"": 3, ""style"": 1, ""variables"": {""DamageAmp"": 0.05000000074505806, ""MobHealth"": 100.0, ""NumBosses"": 1, ""{61b5370e}"": 1}}, {""maxUnits"": 6, ""minUnits"": 5, ""style"": 3, ""variables"": {""DamageAmp"": 0.18000000715255737, ""MobHealth"": 450.0, ""NumBosses"": 2, ""{61b5370e}"": 2}}, {""maxUnits"": 25000, ""minUnits"": 7, ""style"": 5, ""variables"": {""DamageAmp"": 0.20000000298023224, ""MobHealth"": 550.0, ""NumBosses"": 2, ""{61b5370e}"": 2}}]"
Set 14,14,base,TFTSet14,15.12,TFT14_Techie,Techie,2|4|6|8,Techies gain Ability Power.Enemies hit by their abilities deal @DamageAmpDebuff*100@% less damage for @DebuffDuration@ seconds.(@MinUnits@) @APBonus@ (scaleAP)(@MinUnits@) @APBonus@ (scaleAP)(@MinUnits@) @APBonus@ (scaleAP)(@MinUnits@) @APBonus@ (scaleAP) Enemies hit deal @EnhancedDebuff*100@% less damage.,Techies gain Ability Power.<br><br>Enemies hit by their abilities deal @DamageAmpDebuff*100@% less damage for @DebuffDuration@ seconds.<br><br><row>(@MinUnits@) @APBonus@ %i:scaleAP%</row><br><row>(@MinUnits@) @APBonus@ %i:scaleAP%</row><br><row>(@MinUnits@) @APBonus@ %i:scaleAP%</row><br><row>(@MinUnits@) @APBonus@ %i:scaleAP% Enemies hit deal @EnhancedDebuff*100@% less damage.</row>,"[{""maxUnits"": 3, ""minUnits"": 2, ""style"": 1, ""variables"": {""APBonus"": 20.0, ""DamageAmpDebuff"": 0.10000000149011612, ""DebuffDuration"": 3.0, ""EnhancedDebuff"": 0.18000000715255737}}, {""maxUnits"": 5, ""minUnits"": 4, ""style"": 3, ""variables"": {""APBonus"": 50.0, ""DamageAmpDebuff"": 0.10000000149011612, ""DebuffDuration"": 3.0, ""EnhancedDebuff"": 0.18000000715255737}}, {""maxUnits"": 7, ""minUnits"": 6, ""style"": 5, ""variables"": {""APBonus"": 95.0, ""DamageAmpDebuff"": 0.10000000149011612, ""DebuffDuration"": 3.0, ""EnhancedDebuff"": 0.18000000715255737}}, {""maxUnits"": 25000, ""minUnits"": 8, ""style"": 5, ""variables"": {""APBonus"": 140.0, ""DamageAmpDebuff"": 0.10000000149011612, ""DebuffDuration"": 3.0, ""EnhancedDebuff"": 0.18000000715255737}}]"
Set 14,14,base,TFTSet14,15.12,TFT14_Vanguard,Vanguard,2|4|6,Vanguards gain @DamageReductionPct*100@% Durability while Shielded. Combat start and @HealthThreshold*100@% Health: Gain a max Health Shield for @ShieldDuration@ seconds.(@MinUnits@) @ShieldPercentAmount*100@% max Health(@MinUnits@) @ShieldPercentAmount*100@% max Health(@MinUnits@) @ShieldPercentAmount*100@% max Health;@EnhancedDurability*100@% (scaleDR) while Shielded,Vanguards gain @DamageReductionPct*100@% Durability while Shielded. <br><br>Combat start and @HealthThreshold*100@%&nbsp;Health: Gain a max Health Shield for @ShieldDuration@&nbsp;seconds.<br><br><row>(@MinUnits@) @ShieldPercentAmount*100@% max Health</row><br><row>(@MinUnits@) @ShieldPercentAmount*100@% max Health</row><br><row>(@MinUnits@) @ShieldPercentAmount*100@% max Health;<br>@EnhancedDurability*100@%&nbsp;%i:scaleDR% while Shielded</row>,"[{""maxUnits"": 3, ""minUnits"": 2, ""style"": 1, ""variables"": {""DamageReductionPct"": 0.11999999731779099, ""EnhancedDurability"": 0.18000000715255737, ""HealthThreshold"": 0.5, ""ShieldDuration"": 10.0, ""ShieldPercentAmount"": 0.1599999964237213}}, {""maxUnits"": 5, ""minUnits"": 4, ""style"": 3, ""variables"": {""DamageReductionPct"": 0.11999999731779099, ""EnhancedDurability"": 0.18000000715255737, ""HealthThreshold"": 0.5, ""ShieldDuration"": 10.0, ""ShieldPercentAmount"": 0.3199999928474426}}, {""maxUnits"": 25000, ""minUnits"": 6, ""style"": 5, ""variables"": {""DamageReductionPct"": 0.11999999731779099, ""EnhancedDurability"": 0.18000000715255737, ""HealthThreshold"": 0.5, ""ShieldDuration"": 10.0, ""ShieldPercentAmount"": 0.47999998927116394}}]"
Set 14,14,base,TFTSet14,15.12,TFT14_Virus,Virus,1,"The Virus infects your shop with a @ChanceToSee@% chance to spawn a bloblet. When purchased, it merges and increases the strongest Zac's max Health by @BonusPercentHPPerStack*100@% and Ability Power by @BonusAPPerStack@ (doubled in Hyper Roll). (Total Bloblets: @TFTUnitProperty.trait:TFT14_Virus_Stacks@)","The Virus infects your shop with a @ChanceToSee@% chance to spawn a bloblet. When purchased, it merges and increases the strongest Zac's max Health by @BonusPercentHPPerStack*100@% and Ability Power by @BonusAPPerStack@ <rules>(doubled in Hyper Roll)</rules>. <br><br><TFTTracker>(Total Bloblets: <TFTBonus>@TFTUnitProperty.trait:TFT14_Virus_Stacks@</TFTBonus>)</TFTTracker>","[{""maxUnits"": 25000, ""minUnits"": 1, ""style"": 4, ""variables"": {""BonusAPPerStack"": 4.0, ""BonusPercentHPPerStack"": 0.029999999329447746, ""ChanceToSee"": 10.0}}]"
Set 15,15,base,TFTSet15,16.4,TFT15_MechanicTrait_100PushUps,100 Push Ups,1,"Gain @TFTTrait.TFT15_MechanicTrait_100PushUps.1:DR*100@% Damage Reduction. For every @NumRerolls@ rerolls you spend gold on, gain @TFTTrait.TFT15_MechanicTrait_100PushUps.1:DAPerReroll*100@% permanent Damage Amp. (Current: @TFTUnitProperty.trait:TFT15_MechanicTrait_100PushUps_TotalPercentDA@% (scaleDA))","Gain @TFTTrait.TFT15_MechanicTrait_100PushUps.1:DR*100@% Damage Reduction. For every @NumRerolls@ rerolls you spend gold on, gain @TFTTrait.TFT15_MechanicTrait_100PushUps.1:DAPerReroll*100@% permanent Damage Amp. (Current: @TFTUnitProperty.trait:TFT15_MechanicTrait_100PushUps_TotalPercentDA@%&nbsp;%i:scaleDA%)","[{""maxUnits"": 25000, ""minUnits"": 1, ""style"": 1, ""variables"": {""DAPerReroll"": 0.009999999776482582, ""DR"": 0.15000000596046448, ""NumRerolls"": 3.0, ""{0f631073}"": null, ""{7720bbfe}"": null}}]"
Set 15,15,base,TFTSet15,16.4,TFT15_MechanicTrait_2XContender,2X Contender,1,"Vi, Ahri, Darius, Yasuo, Jinx, Braum, and Ekko gain @Amp*100@% Damage Amp and @DR*100@% Durability for each unique copy fielded. This unit gains @Percent*100@% more.","Vi, Ahri, Darius, Yasuo, Jinx, Braum, and Ekko gain @Amp*100@% Damage Amp and @DR*100@% Durability for each unique copy fielded. This unit gains @Percent*100@% more.","[{""maxUnits"": 25000, ""minUnits"": 1, ""style"": 1, ""variables"": {""Amp"": 0.05000000074505806, ""DR"": 0.029999999329447746, ""percent"": 0.75}}]"
Set 15,15,base,TFTSet15,16.4,TFT15_MechanicTrait_2XKO,2XKO,1,"After two takedowns, stun enemies within 2 hexes for @StunDuration@ seconds and gain @DamageAmp*100@% Damage Amp for the rest of combat.","After two takedowns, stun enemies within 2 hexes for @StunDuration@ seconds and gain @DamageAmp*100@% Damage Amp for the rest of combat.","[{""maxUnits"": 25000, ""minUnits"": 1, ""style"": 1, ""variables"": {""DamageAmp"": 0.3499999940395355, ""StunDuration"": 2.0}}]"
Set 15,15,base,TFTSet15,16.4,TFT15_MechanicTrait_WellRounded,404 Power Up,1,"Gain @Stats@% Attack Damage, Ability Power, Damage Amp, and @Stats@ Armor and Magic Resistance.How did you find this?","Gain @Stats@% Attack Damage, Ability Power, Damage Amp, and @Stats@ Armor and Magic Resistance.<br><br><rules>How did you find this?</rules>","[{""maxUnits"": 25000, ""minUnits"": 1, ""style"": 1, ""variables"": {""Stats"": 8.0}}]"
Set 15,15,base,TFTSet15,16.4,TFT15_MechanicTrait_AdaptiveSkin,Adaptive Skin,1,"When taking damage, gain @TFTTrait.TFT15_MechanicTrait_AdaptiveSkin.1:ResistsPerDamageInstancePhysical@ Armor or @TFTTrait.TFT15_MechanicTrait_AdaptiveSkin.1:ResistsPerDamageInstanceMagic@ Magic Resistance based on the damage type, up to @TFTTrait.TFT15_MechanicTrait_AdaptiveSkin.1:TotalResists@ total resists.","When taking damage, gain @TFTTrait.TFT15_MechanicTrait_AdaptiveSkin.1:ResistsPerDamageInstancePhysical@ Armor or @TFTTrait.TFT15_MechanicTrait_AdaptiveSkin.1:ResistsPerDamageInstanceMagic@ Magic Resistance based on the damage type, up to @TFTTrait.TFT15_MechanicTrait_AdaptiveSkin.1:TotalResists@ total resists.","[{""maxUnits"": 25000, ""minUnits"": 1, ""style"": 1, ""variables"": {""ResistsPerDamageInstanceMagic"": 10.0, ""ResistsPerDamageInstancePhysical"": 3.0, ""TotalResists"": 80.0}}]"
Set 15,15,base,TFTSet15,16.4,TFT15_MechanicTrait_AllOut,All Out,1,"At combat start go ALL OUT, gaining @Durability*100@% Damage Reduction and @AD*100@% Attack Damage. Health no longer decays while ALL OUT.","At combat start go ALL OUT, gaining @Durability*100@% Damage Reduction and @AD*100@% Attack Damage. Health no longer decays while ALL OUT.","[{""maxUnits"": 25000, ""minUnits"": 1, ""style"": 1, ""variables"": {""AD"": 0.6000000238418579, ""Durability"": 0.20000000298023224}}]"
Set 15,15,base,TFTSet15,16.4,TFT15_MechanicTrait_Annihilation,Annihilation,1,"Gain @BaseDA@% Damage Amp, increased to @IncreasedDA@% Damage Amp after the first takedown each combat.","Gain @BaseDA@% Damage Amp, increased to @IncreasedDA@% Damage Amp after the first takedown each combat.","[{""maxUnits"": 25000, ""minUnits"": 1, ""style"": 1, ""variables"": {""BaseDA"": 12.0, ""IncreasedDA"": 28.0}}]"
Set 15,15,base,TFTSet15,16.4,TFT15_MechanicTrait_ArtisticKO,Artistic KO,1,Every 4th attack deals @IncreasedDamage*100@% more damage. Overkill damage bounces to the nearest enemy.,Every 4th attack deals @IncreasedDamage*100@% more damage. Overkill damage bounces to the nearest enemy.,"[{""maxUnits"": 25000, ""minUnits"": 1, ""style"": 1, ""variables"": {""IncreasedDamage"": 0.3499999940395355, ""NumEnemies"": 1}}]"
Set 15,15,base,TFTSet15,16.4,TFT15_MechanicTrait_Rogue,Assassinate,1|2,(@TFTTrait.TFT15_MechanicTrait_Rogue.1:MinUnits@) Combat Start: Jump into the enemy's backline and deal @ReducedDamage*100@% less damage for the first @Duration@ seconds of combat.(@TFTTrait.TFT15_MechanicTrait_Rogue.2:MinUnits@) Both champions jump.,<row>(@TFTTrait.TFT15_MechanicTrait_Rogue.1:MinUnits@) Combat Start: Jump into the enemy's backline and deal @ReducedDamage*100@% less damage for the first @Duration@ seconds of combat.</row><br><row>(@TFTTrait.TFT15_MechanicTrait_Rogue.2:MinUnits@) Both champions jump.</row>,"[{""maxUnits"": 1, ""minUnits"": 1, ""style"": 4, ""variables"": {""Duration"": 8, ""ReducedDamage"": 0.20000000298023224}}, {""maxUnits"": 25000, ""minUnits"": 2, ""style"": 1, ""variables"": {""Duration"": 8.0, ""ReducedDamage"": 0.15000000596046448}}]"
Set 15,15,base,TFTSet15,16.4,TFT15_MechanicTrait_Atomic,Atomic,1,"Store @PercentMaxHealthInitial@% max Health at combat start and @PercentMaxHealthPerSecond@% more every second. On death, deal the stored Health as magic damage in a large radius.","Store @PercentMaxHealthInitial@% max Health at combat start and @PercentMaxHealthPerSecond@% more every second. On death, deal the stored Health as magic damage in a large radius.","[{""maxUnits"": 25000, ""minUnits"": 1, ""style"": 1, ""variables"": {""PercentMaxHealthInitial"": 10.0, ""PercentMaxHealthPerSecond"": 2.0, ""{b2f29c6b}"": 15.0, ""{e29ace6a}"": 1.75, ""{ebd239ac}"": 4.0}}]"
Set 15,15,base,TFTSet15,16.4,TFT15_MechanicTrait_AttackExpert,Attack Expert,1,Gain @BaseAD*100@% Attack Damage. All other sources of Attack Damage give @TFTTrait.TFT15_MechanicTrait_AttackExpert.1:PctBonusAD@% more.,Gain @BaseAD*100@% Attack Damage. All other sources of Attack Damage give @TFTTrait.TFT15_MechanicTrait_AttackExpert.1:PctBonusAD@% more.,"[{""maxUnits"": 1, ""minUnits"": 1, ""style"": 1, ""variables"": {""BaseAD"": 0.05000000074505806, ""PctBonusAD"": 35.0}}]"
Set 15,15,base,TFTSet15,16.4,TFT15_MechanicTrait_Attempt37,Attempt #37,1,"Ekko's spell prioritizes the closest enemy, but he heals @HealPercent*100@% Max Health on cast and deals @BonusDamagePerAttack*100@% more magic damage each time his spell hits the target.","Ekko's spell prioritizes the closest enemy, but he heals @HealPercent*100@% Max Health on cast and deals @BonusDamagePerAttack*100@% more magic damage each time his spell hits the target.","[{""maxUnits"": 25000, ""minUnits"": 1, ""style"": 1, ""variables"": {""BonusDamagePerAttack"": 0.05999999865889549, ""HealPercent"": 0.20000000298023224}}]"
Set 15,15,base,TFTSet15,16.4,TFT15_Bastion,Bastion,2|4|6,"Your team gains @TeamwideResists@ Armor and Magic Resist.Bastions gain more, and the value doubles in the first @Duration@ seconds of combat.(@MinUnits@) @BonusArmor@ (scaleArmor)(scaleMR)(@MinUnits@) @BonusArmor@ (scaleArmor)(scaleMR)(@MinUnits@) @BonusArmor@ (scaleArmor)(scaleMR); Non-Bastions gain an additional @EnhancedTeamwideArmor@ (scaleArmor)(scaleMR).","Your team gains @TeamwideResists@ Armor and Magic Resist.<br><br>Bastions gain more, and the value doubles in the first @Duration@ seconds of combat.<br><br><row>(@MinUnits@) @BonusArmor@ %i:scaleArmor%%i:scaleMR%</row><br><row>(@MinUnits@) @BonusArmor@ %i:scaleArmor%%i:scaleMR%</row><br><row>(@MinUnits@) @BonusArmor@ %i:scaleArmor%%i:scaleMR%; Non-Bastions gain an additional @EnhancedTeamwideArmor@ %i:scaleArmor%%i:scaleMR%.</row>","[{""maxUnits"": 3, ""minUnits"": 2, ""style"": 1, ""variables"": {""BonusArmor"": 18.0, ""BonusMR"": 18.0, ""Duration"": 10.0, ""EnhancedTeamwideArmor"": 25.0, ""StatMultiplier"": 2.0, ""TeamwideResists"": 10.0}}, {""maxUnits"": 5, ""minUnits"": 4, ""style"": 3, ""variables"": {""BonusArmor"": 40.0, ""BonusMR"": 40.0, ""Duration"": 10.0, ""EnhancedTeamwideArmor"": 25.0, ""StatMultiplier"": 2.0, ""TeamwideResists"": 10.0}}, {""maxUnits"": 25000, ""minUnits"": 6, ""style"": 5, ""variables"": {""BonusArmor"": 75.0, ""BonusMR"": 75.0, ""Duration"": 10.0, ""EnhancedTeamwideArmor"": 25.0, ""StatMultiplier"": 2.0, ""TeamwideResists"": 10.0}}]"
Set 15,15,base,TFTSet15,16.4,TFT15_BattleAcademia,Battle Academia,3|5|7|7,"Battle Academia champions upgrade their abilities and gain Potential (set14AmpIcon). Potential improves their abilities. Prismatic: Field 7 Battle Academia champions, then earn @PrismaticItemRequirement@ points by equipping items on champions.Prismatic: Earn 1 point for every Completed item a champions uses in combat. Graduate at @PrismaticItemRequirement@ points. (@TFTUnitProperty.trait:TFT15_BattleAcademia_PrismaticNumItems@/@PrismaticItemRequirement@).True Potential Unlocked: +@UltimateNumPotential@ (set14AmpIcon)(@MinUnits@) @NumPotential@ (set14AmpIcon)(@MinUnits@) @NumPotential@ (set14AmpIcon)(@MinUnits@) @NumPotential@ (set14AmpIcon)","Battle Academia champions upgrade their abilities and gain Potential %i:set14AmpIcon%. Potential improves their abilities. <br><ShowIf.TFT15_BattleAcademia_NoPrismatic><br><rules>Prismatic: Field 7 Battle Academia champions, then earn @PrismaticItemRequirement@ points by equipping items on champions.</rules><br></ShowIf.TFT15_BattleAcademia_NoPrismatic><ShowIf.TFT15_BattleAcademia_PrismaticPending><br><TFTRadiantItemBonus>Prismatic:</TFTRadiantItemBonus> Earn 1 point for every Completed item a champions uses in combat. Graduate at @PrismaticItemRequirement@ points. (@TFTUnitProperty.trait:TFT15_BattleAcademia_PrismaticNumItems@/@PrismaticItemRequirement@).<br></ShowIf.TFT15_BattleAcademia_PrismaticPending><ShowIf.TFT15_BattleAcademia_PrismaticActive><br><TFTRadiantItemBonus><br>True Potential Unlocked: +@UltimateNumPotential@ %i:set14AmpIcon%</TFTRadiantItemBonus><br></ShowIf.TFT15_BattleAcademia_PrismaticActive><br><row>(@MinUnits@) @NumPotential@ %i:set14AmpIcon%</row><br><row>(@MinUnits@) @NumPotential@ %i:set14AmpIcon%</row><br><row>(@MinUnits@) @NumPotential@ %i:set14AmpIcon%</row>","[{""maxUnits"": 4, ""minUnits"": 3, ""style"": 1, ""variables"": {""DA"": 0.10000000149011612, ""DR"": 0.05000000074505806, ""NumPotential"": 3, ""PrismaticItemRequirement"": 140, ""UltimateNumPotential"": 10}}, {""maxUnits"": 6, ""minUnits"": 5, ""style"": 3, ""variables"": {""DA"": 0.25, ""DR"": 0.10000000149011612, ""NumPotential"": 5, ""PrismaticItemRequirement"": 140, ""UltimateNumPotential"": 10}}, {""maxUnits"": 25000, ""minUnits"": 7, ""style"": 5, ""variables"": {""DA"": 0.5, ""DR"": 0.25, ""NumPotential"": 7, ""PrismaticItemRequirement"": 140, ""UltimateNumPotential"": 10}}, {""maxUnits"": 25000, ""minUnits"": 7, ""style"": 6, ""variables"": {""DA"": 0.5, ""DR"": 0.25, ""NumPotential"": 7, ""PrismaticItemRequirement"": 140, ""UltimateNumPotential"": 10}}]"
Set 15,15,base,TFTSet15,16.4,TFT15_MechanicTrait_BestDefense,Best Defense,1,"When granting or receiving shields, add @PercentDamage*100@% of the shield's value as bonus physical damage on the next attack.","When granting or receiving shields, add @PercentDamage*100@% of the shield's value as bonus physical damage on the next attack.","[{""maxUnits"": 25000, ""minUnits"": 1, ""style"": 1, ""variables"": {""PercentDamage"": 1.0}}]"
Set 15,15,base,TFTSet15,16.4,TFT15_MechanicTrait_BestestBoy,Bestest Boy,1,"Every @Cadence@ seconds, Lulu feeds a snack to her Monster: @PercentHeal*100@% (scaleHealth) Healing for Rammus, @AD*100@% Attack Damage for Smolder, or @AP@% Ability Power for Kog'Maw.","Every @Cadence@ seconds, Lulu feeds a snack to her Monster: @PercentHeal*100@% %i:scaleHealth% Healing for Rammus, @AD*100@% Attack Damage for Smolder, or @AP@% Ability Power for Kog'Maw.","[{""maxUnits"": 25000, ""minUnits"": 1, ""style"": 1, ""variables"": {""AD"": 0.14000000059604645, ""AP"": 14.0, ""Cadence"": 5.0, ""PercentHeal"": 0.12999999523162842}}]"
Set 15,15,base,TFTSet15,16.4,TFT15_MechanicTrait_Bladenado,Bladenado,1,Attacks deal @PercentDamage*100@% of Basic Attack Damage as physical damage to enemies within attack range of the target.,Attacks deal @PercentDamage*100@% of Basic Attack Damage as physical damage to enemies within attack range of the target.,"[{""maxUnits"": 25000, ""minUnits"": 1, ""style"": 1, ""variables"": {""PercentDamage"": 0.25}}]"
Set 15,15,base,TFTSet15,16.4,TFT15_MechanicTrait_TimeSkip,Blink Attack,1,"When switching targets, blink to the next target. The next attack deals @TFTTrait.TFT15_MechanicTrait_TimeSkip.1:PctAdditionalDamage@% more as magic damage.","When switching targets, blink to the next target. The next attack deals <magicDamage>@TFTTrait.TFT15_MechanicTrait_TimeSkip.1:PctAdditionalDamage@%</magicDamage> more as magic damage.","[{""maxUnits"": 1, ""minUnits"": 1, ""style"": 1, ""variables"": {""PctAdditionalDamage"": 200.0}}]"
Set 15,15,base,TFTSet15,16.4,TFT15_MechanicTrait_ExilesEdge,Blood Brothers,1,Damage dealt by Yone and Yasuo bleeds enemies for @BleedPct@% of damage dealt over @BleedDuration@ seconds.,Damage dealt by Yone and Yasuo bleeds enemies for @BleedPct@% of damage dealt over @BleedDuration@ seconds.,"[{""maxUnits"": 25000, ""minUnits"": 1, ""style"": 1, ""variables"": {""BleedDuration"": 2.0, ""BleedPct"": 20.0}}]"
Set 15,15,base,TFTSet15,16.4,TFT15_MechanicTrait_Bludgeoner,Bludgeoner,1,Attacks and Abilities ignore @PercentIgnore@% of enemy's Armor.,Attacks and Abilities ignore @PercentIgnore@% of enemy's Armor.,"[{""maxUnits"": 25000, ""minUnits"": 1, ""style"": 1, ""variables"": {""PercentIgnore"": 45.0}}]"
Set 15,15,base,TFTSet15,16.4,TFT15_MechanicTrait_BodyChange,Body Change,1,"At combat start, take the form of the nearest ally, granting them and this champion a @TFTTrait.TFT15_MechanicTrait_BodyChange.1:PctHealth*100@% Health shield.","At combat start, take the form of the nearest ally, granting them and this champion a @TFTTrait.TFT15_MechanicTrait_BodyChange.1:PctHealth*100@% Health shield.","[{""maxUnits"": 25000, ""minUnits"": 1, ""style"": 1, ""variables"": {""PctHealth"": 0.30000001192092896}}]"
Set 15,15,base,TFTSet15,16.4,TFT15_MechanicTrait_BonusBloom,Bonus Bloom,1,Gain an additional plant. Plants deal @PctOfDamage*100@% less damage and have @PctOfHealth*100@% less Health.,Gain an additional plant. Plants deal @PctOfDamage*100@% less damage and have @PctOfHealth*100@% less Health.,"[{""maxUnits"": 25000, ""minUnits"": 1, ""style"": 1, ""variables"": {""PctOfDamage"": 0.20000000298023224, ""PctOfHealth"": 0.30000001192092896}}]"
Set 15,15,base,TFTSet15,16.4,TFT15_MechanicTrait_BulletHell,Bullet Hell,1,Fire @TFTTrait.TFT15_MechanicTrait_BulletHell.1:IncreasedProjectiles@% more projectiles with abilities.,Fire @TFTTrait.TFT15_MechanicTrait_BulletHell.1:IncreasedProjectiles@% more projectiles with abilities.,"[{""maxUnits"": 25000, ""minUnits"": 1, ""style"": 1, ""variables"": {""IncreasedProjectiles"": 30, ""{28c023cc}"": 30}}]"
Set 15,15,base,TFTSet15,16.4,TFT15_MechanicTrait_Caretaker,Caretaker,1,"On cast, the lowest percent Health ally gains @TFTTrait.TFT15_MechanicTrait_Caretaker.1:ShieldAmount@ ((scaleAP)) shield for @TFTTrait.TFT15_MechanicTrait_Caretaker.1:Duration@ seconds.","On cast, the lowest percent Health ally gains <TFTBonus>@TFTTrait.TFT15_MechanicTrait_Caretaker.1:ShieldAmount@&nbsp;(%i:scaleAP%)</TFTBonus> shield for @TFTTrait.TFT15_MechanicTrait_Caretaker.1:Duration@ seconds.","[{""maxUnits"": 25000, ""minUnits"": 1, ""style"": 1, ""variables"": {""Duration"": 6.0, ""ShieldAmount"": 135.0}}]"
Set 15,15,base,TFTSet15,16.4,TFT15_MechanicTrait_Classy,Classy,1,This champion's last-listed trait is @TFTTrait.TFT15_MechanicTrait_Classy.1:IncreasedEffectiveness@% more effective on them.,This champion's last-listed trait is @TFTTrait.TFT15_MechanicTrait_Classy.1:IncreasedEffectiveness@% more effective on them.,"[{""maxUnits"": 25000, ""minUnits"": 1, ""style"": 1, ""variables"": {""IncreasedEffectiveness"": 45}}]"
Set 15,15,base,TFTSet15,16.4,TFT15_MechanicTrait_TitanForm,Colossal,1|2,"Take up two unit slots. Gain Health, Durability, and Damage Amp.(@MinUnits@) @BonusHealth@ (scaleHealth); @BonusDR*100@% (scaleDR); @BonusDA*100@% (scaleDA).(@MinUnits@) @BonusHealth@ (scaleHealth); @BonusDR*100@% (scaleDR); @BonusDA*100@% (scaleDA).","Take up two unit slots. Gain Health, Durability, and Damage Amp.<br><row>(@MinUnits@) @BonusHealth@ %i:scaleHealth%; @BonusDR*100@% %i:scaleDR%; @BonusDA*100@% %i:scaleDA%.</row><br><row>(@MinUnits@) @BonusHealth@ %i:scaleHealth%; @BonusDR*100@% %i:scaleDR%; @BonusDA*100@% %i:scaleDA%.</row>","[{""maxUnits"": 1, ""minUnits"": 1, ""style"": 1, ""variables"": {""BonusDA"": 0.10000000149011612, ""BonusDR"": 0.20000000298023224, ""BonusHealth"": 900.0}}, {""maxUnits"": 25000, ""minUnits"": 2, ""style"": 1, ""variables"": {""BonusDA"": 0.20000000298023224, ""BonusDR"": 0.25, ""BonusHealth"": 1250.0}}]"
Set 15,15,base,TFTSet15,16.4,TFT15_MechanicTrait_CornerCarry,Corner Carry,1,"Gain @AS*100@% Attack Speed. At 75% and 25% health, dash to the safest position and gain infinite Range.","Gain @AS*100@% Attack Speed. At 75% and 25% health, dash to the safest position and gain infinite Range.","[{""maxUnits"": 25000, ""minUnits"": 1, ""style"": 1, ""variables"": {""AS"": 0.30000001192092896}}]"
Set 15,15,base,TFTSet15,16.4,TFT15_MechanicTrait_Corrosive,Corrosive,1,@Shred@% Shred and Sunder enemies within 2 hexes. Take @DamageReduction@% less damage from Shredded or Sundered enemies.,@Shred@% Shred and Sunder enemies within 2 hexes. Take @DamageReduction@% less damage from Shredded or Sundered enemies.,"[{""maxUnits"": 25000, ""minUnits"": 1, ""style"": 1, ""variables"": {""DamageReduction"": 10.0, ""Shred"": 30}}]"
Set 15,15,base,TFTSet15,16.4,TFT15_MechanicTrait_Corrupted,Corrupted,1,"Start dormant. Gain @TFTTrait.TFT15_MechanicTrait_Corrupted.1:DAPerSoul*100@% Damage Amp and @TFTTrait.TFT15_MechanicTrait_Corrupted.1:HealthPerSoul@ Health whenever any unit dies. At @TFTTrait.TFT15_MechanicTrait_Corrupted.1:HealthThreshold*100@% Health, awaken and blink toward enemies, stunning them for @TFTTrait.TFT15_MechanicTrait_Corrupted.1:StunDuration@ seconds.","Start dormant. Gain @TFTTrait.TFT15_MechanicTrait_Corrupted.1:DAPerSoul*100@% Damage Amp and @TFTTrait.TFT15_MechanicTrait_Corrupted.1:HealthPerSoul@ Health whenever any unit dies. At @TFTTrait.TFT15_MechanicTrait_Corrupted.1:HealthThreshold*100@% Health, awaken and blink toward enemies, stunning them for @TFTTrait.TFT15_MechanicTrait_Corrupted.1:StunDuration@ seconds.","[{""maxUnits"": 25000, ""minUnits"": 1, ""style"": 1, ""variables"": {""DAPerSoul"": 0.04500000178813934, ""HealthPerSoul"": 80, ""HealthThreshold"": 0.6000000238418579, ""StunDuration"": 1.5}}]"
Set 15,15,base,TFTSet15,16.4,TFT15_MechanicTrait_CrimsonVeil,Crimson Veil,1,Gain @Omnivamp@% Omnivamp. Overhealing from Omnivamp converts to shield. (Max: @MaxPercentHealthShield@% Health),Gain @Omnivamp@% Omnivamp. Overhealing from Omnivamp converts to shield. (Max: @MaxPercentHealthShield@% Health),"[{""maxUnits"": 25000, ""minUnits"": 1, ""style"": 1, ""variables"": {""MaxPercentHealthShield"": 40.0, ""Omnivamp"": 20.0}}]"
Set 15,15,base,TFTSet15,16.4,TFT15_MechanicTrait_CriticalThreat,Critical Threat,1,"Abilities can Critically Strike. Every @TFTTrait.TFT15_MechanicTrait_CriticalThreat.1:Interval@ seconds, gain @TFTTrait.TFT15_MechanicTrait_CriticalThreat.1:CriticalStrikeChance@% Critical Strike Chance.","Abilities can Critically Strike. Every @TFTTrait.TFT15_MechanicTrait_CriticalThreat.1:Interval@ seconds, gain @TFTTrait.TFT15_MechanicTrait_CriticalThreat.1:CriticalStrikeChance@% Critical Strike Chance.","[{""maxUnits"": 25000, ""minUnits"": 1, ""style"": 1, ""variables"": {""CriticalStrikeChance"": 5.0, ""Interval"": 3.0}}]"
Set 15,15,base,TFTSet15,16.4,TFT15_GemForce,Crystal Gambit,3|5|7|10,"Kills and losses during player combats earn Gem Power. Every @NumCombats@ player combats choose to convert Gem Power into rewards or Double Down.While Double Down is active losses grant @PercentIncreasedGP*100@% more Gem Power, but wins lose @PercentLost*100@% Gem Power and cash out immediately.Gem Power gains increase at stages 3 and 4.(@MinUnits@) @TFTUnitProperty.trait:TFT15_GemForce_GemPowerPerKill@ per kill; @TFTUnitProperty.trait:TFT15_GemForce_GemPowerPerLoss@ per loss(@MinUnits@) AND every @TFTUnitProperty.trait:TFT15_GemForce_KillRequirement@ kills, gain bonus loot and reroll a new kill number. (Kills: @TFTUnitProperty.trait:TFT15_GemForce_TotalKills@)(@MinUnits@) @7PeiceMult*100@% rewards. Crystal Gambit units gain @7PieceHealth@ (scaleHealth) and @7PieceAmp*100@% (scaleDA).","Kills and losses during player combats earn Gem Power. Every @NumCombats@ player combats choose to convert Gem Power into rewards or Double Down.<br><br>While Double Down is active losses grant @PercentIncreasedGP*100@% more Gem Power, but wins lose @PercentLost*100@% Gem Power and cash out immediately.<br><br><rules>Gem Power gains increase at stages 3 and 4.</rules><br><br><row>(@MinUnits@) @TFTUnitProperty.trait:TFT15_GemForce_GemPowerPerKill@ per kill; @TFTUnitProperty.trait:TFT15_GemForce_GemPowerPerLoss@ per loss</row><br><row>(@MinUnits@) AND every @TFTUnitProperty.trait:TFT15_GemForce_KillRequirement@ kills, gain bonus loot and reroll a new kill number. (Kills:&nbsp;@TFTUnitProperty.trait:TFT15_GemForce_TotalKills@)</row><br><row>(@MinUnits@) @7PeiceMult*100@% rewards. Crystal Gambit units gain @7PieceHealth@ %i:scaleHealth% and @7PieceAmp*100@% %i:scaleDA%</row>.<br>","[{""maxUnits"": 4, ""minUnits"": 3, ""style"": 1, ""variables"": {""7PeiceMult"": 1.2999999523162842, ""7PieceAmp"": 0.15000000596046448, ""7PieceHealth"": 300.0, ""GPPerDeathPVE"": 2.0, ""GPPerRoundPVE"": 10.0, ""NumCombats"": 3, ""NumCombatsPM"": 2.0, ""NumCombatsPVE"": 3, ""PercentIncreaseGPPVE"": 1.0, ""PercentIncreasedGP"": 1.0, ""PercentLossPVE"": 0.5, ""PercentLost"": 0.5, ""{07e0557d}"": 10.0, ""{0c71c65f}"": 1.0, ""{2093ecf8}"": 1.0, ""{4d6b4df4}"": 2, ""{83265d73}"": 15, ""{cbe82e8a}"": 5.0, ""{ce703dbd}"": 1.399999976158142, ""{d45997e0}"": 1.75}}, {""maxUnits"": 6, ""minUnits"": 5, ""style"": 5, ""variables"": {""7PeiceMult"": 1.2999999523162842, ""7PieceAmp"": 0.15000000596046448, ""7PieceHealth"": 300.0, ""GPPerDeathPVE"": 3.0, ""GPPerRoundPVE"": 15.0, ""NumCombats"": 3, ""NumCombatsPM"": 2.0, ""NumCombatsPVE"": 3, ""PercentIncreaseGPPVE"": 1.0, ""PercentIncreasedGP"": 1.0, ""PercentLossPVE"": 0.5, ""PercentLost"": 0.5, ""{07e0557d}"": 10.0, ""{0c71c65f}"": 1.0, ""{2093ecf8}"": 1.0, ""{4d6b4df4}"": 2, ""{83265d73}"": 15, ""{cbe82e8a}"": 7.0, ""{ce703dbd}"": 1.399999976158142, ""{d45997e0}"": 1.75}}, {""maxUnits"": 9, ""minUnits"": 7, ""style"": 5, ""variables"": {""7PeiceMult"": 1.2999999523162842, ""7PieceAmp"": 0.15000000596046448, ""7PieceHealth"": 300.0, ""GPPerDeathPVE"": 3.0, ""GPPerRoundPVE"": 15.0, ""NumCombats"": 3, ""NumCombatsPM"": 2.0, ""NumCombatsPVE"": 3, ""PercentIncreaseGPPVE"": 1.0, ""PercentIncreasedGP"": 1.0, ""PercentLossPVE"": 0.5, ""PercentLost"": 0.5, ""{07e0557d}"": 10.0, ""{0c71c65f}"": 1.0, ""{2093ecf8}"": 1.0, ""{4d6b4df4}"": 2, ""{83265d73}"": 15, ""{cbe82e8a}"": 7.0, ""{ce703dbd}"": 1.399999976158142, ""{d45997e0}"": 1.75}}, {""maxUnits"": 25000, ""minUnits"": 10, ""style"": 6, ""variables"": {""7PeiceMult"": 1.2999999523162842, ""7PieceAmp"": 0.15000000596046448, ""7PieceHealth"": 300.0, ""DamageReduction"": 0.9900000095367432, ""GPPerDeathPVE"": 3.0, ""GPPerRoundPVE"": 15.0, ""NumCombats"": 3, ""NumCombatsPM"": 2.0, ""NumCombatsPVE"": 3, ""PercentIncreaseGPPVE"": 1.0, ""PercentIncreasedGP"": 1.0, ""PercentLossPVE"": 0.5, ""PercentLost"": 0.5, ""TrueDamagePerSecond"": 500.0, ""{07e0557d}"": 10.0, ""{0c71c65f}"": 1.0, ""{2093ecf8}"": 1.0, ""{4d6b4df4}"": 2, ""{83265d73}"": 15, ""{cbe82e8a}"": 8.0, ""{ce703dbd}"": 1.399999976158142, ""{d45997e0}"": 1.75}}]"
Set 15,15,base,TFTSet15,16.4,TFT15_MechanicTrait_CycloneRush,Cyclone Rush,1|2,"Gain Attack Speed. At combat start, disable the opposite enemy for @Duration@ seconds.(@MinUnits@) @ASBoost*100@% (scaleAS).(@MinUnits@) @ASBoost*100@% (scaleAS). Disable two enemies.","Gain Attack Speed. At combat start, disable the opposite enemy for @Duration@ seconds.<br><row>(@MinUnits@) @ASBoost*100@% %i:scaleAS%.</row><br><row>(@MinUnits@) @ASBoost*100@% %i:scaleAS%. Disable two enemies.</row><br>","[{""maxUnits"": 1, ""minUnits"": 1, ""style"": 1, ""variables"": {""ASBoost"": 0.15000000596046448, ""Duration"": 3.0}}, {""maxUnits"": 25000, ""minUnits"": 2, ""style"": 1, ""variables"": {""ASBoost"": 0.25, ""Duration"": 3.0}}]"
Set 15,15,base,TFTSet15,16.4,TFT15_MechanicTrait_DarkAmulet,Dark Amulet,1,"Heal for @HealPct@% of magic damage dealt. On cast, take @HealthLossPct@% max Health as true damage, but gain @StackingAP@% stacking Ability Power.","Heal for @HealPct@% of magic damage dealt. On cast, take @HealthLossPct@% max Health as true damage, but gain @StackingAP@% stacking Ability Power.","[{""maxUnits"": 25000, ""minUnits"": 1, ""style"": 1, ""variables"": {""HealPct"": 15.0, ""HealthLossPct"": 8.0, ""StackingAP"": 12.0}}]"
Set 15,15,base,TFTSet15,16.4,TFT15_MechanicTrait_Demolitionist,Demolitionist,1,Ability damage Stuns for @TFTTrait.TFT15_MechanicTrait_Demolitionist.1:StunDuration@ second.,Ability damage <TFTKeyword>Stuns</TFTKeyword> for @TFTTrait.TFT15_MechanicTrait_Demolitionist.1:StunDuration@ second.,"[{""maxUnits"": 25000, ""minUnits"": 1, ""style"": 1, ""variables"": {""StunDuration"": 1}}]"
Set 15,15,base,TFTSet15,16.4,TFT15_MechanicTrait_DentingBlows,Denting Blows,1,"Vi's spell now shields for @ShieldDuration@ seconds instead of healing, but is increased by @ShieldBoost*100@%. When converted, strike quickly strike @FlurryCount@ times, each hit reducing the targets resists by @ResistShred@.","Vi's spell now shields for @ShieldDuration@ seconds instead of healing, but is increased by @ShieldBoost*100@%. When converted, strike quickly strike @FlurryCount@ times, each hit reducing the targets resists by @ResistShred@.","[{""maxUnits"": 25000, ""minUnits"": 1, ""style"": 1, ""variables"": {""FlurryCount"": 4.0, ""ResistShred"": 5, ""ShieldBoost"": 0.30000001192092896, ""ShieldDuration"": 4.0}}]"
Set 15,15,base,TFTSet15,16.4,TFT15_MechanicTrait_Desperado,Desperado,1,"After every @NumAttacks@th attack, fire five projectiles at the closest enemies that deal @PercentBADDamage@% of Basic Attack Damage as physical damage.","After every @NumAttacks@th attack, fire five projectiles at the closest enemies that deal @PercentBADDamage@% of Basic Attack Damage as physical damage.","[{""maxUnits"": 25000, ""minUnits"": 1, ""style"": 1, ""variables"": {""NumAttacks"": 8.0, ""PercentBADDamage"": 100.0}}]"
Set 15,15,base,TFTSet15,16.4,TFT15_MechanicTrait_DoomBarrage,Doom Barrage,1,Arrows cost @ManaReduction@ less Mana during Varus's Ability.,Arrows cost @ManaReduction@ less Mana during Varus's Ability.,"[{""maxUnits"": 25000, ""minUnits"": 1, ""style"": 1, ""variables"": {""ManaReduction"": 2}}]"
Set 15,15,base,TFTSet15,16.4,TFT15_MechanicTrait_Doomsayer,Doomsayer,1,"After @TFTTrait.TFT15_MechanicTrait_Doomsayer.1:Countdown@ seconds, if still alive, deal @TFTTrait.TFT15_MechanicTrait_Doomsayer.1:PercentOfDamageTaken*100@% of damage taken this combat as magic damage to all enemies.","After @TFTTrait.TFT15_MechanicTrait_Doomsayer.1:Countdown@ seconds, if still alive, deal <magicDamage>@TFTTrait.TFT15_MechanicTrait_Doomsayer.1:PercentOfDamageTaken*100@%</magicDamage> of damage taken this combat as magic damage to all enemies.","[{""maxUnits"": 25000, ""minUnits"": 1, ""style"": 1, ""variables"": {""Countdown"": 15.0, ""PercentOfDamageTaken"": 0.4000000059604645}}]"
Set 15,15,base,TFTSet15,16.4,TFT15_MechanicTrait_DoubleDown,Double Down,1,"Gain @DamageAmp*100@% Damage Amp. When this unit casts, your other Powered Up unit gains @ManaPercent*100@% of the Mana spent.","Gain @DamageAmp*100@% Damage Amp. When this unit casts, your other Powered Up unit gains @ManaPercent*100@% of the Mana spent.","[{""maxUnits"": 25000, ""minUnits"": 1, ""style"": 1, ""variables"": {""DamageAmp"": 0.18000000715255737, ""ManaPercent"": 0.20000000298023224}}]"
Set 15,15,base,TFTSet15,16.4,TFT15_MechanicTrait_Doublestrike,Doublestrike,1,Attacks have a @TFTTrait.TFT15_MechanicTrait_Doublestrike.1:ProcChance@% chance to trigger an additional attack.,Attacks have a @TFTTrait.TFT15_MechanicTrait_Doublestrike.1:ProcChance@% chance to trigger an additional attack.,"[{""maxUnits"": 25000, ""minUnits"": 1, ""style"": 1, ""variables"": {""ProcChance"": 30.0}}]"
Set 15,15,base,TFTSet15,16.4,TFT15_MechanicTrait_DreadNote,Dread Note,1|2,"(@TFTTrait.TFT15_MechanicTrait_DreadNote.1:MinUnits@) If alive at @TFTTrait.TFT15_MechanicTrait_DreadNote.1:FirstDeath@ and @TFTTrait.TFT15_MechanicTrait_DreadNote.1:SecondDeath@ seconds, kill the enemy with the most Health(@TFTTrait.TFT15_MechanicTrait_DreadNote.2:MinUnits@) At @TFTTrait.TFT15_MechanicTrait_DreadNote.2:FirstDeath@ and @TFTTrait.TFT15_MechanicTrait_DreadNote.2:SecondDeath@ seconds instead.","<row>(@TFTTrait.TFT15_MechanicTrait_DreadNote.1:MinUnits@) If alive at @TFTTrait.TFT15_MechanicTrait_DreadNote.1:FirstDeath@ and @TFTTrait.TFT15_MechanicTrait_DreadNote.1:SecondDeath@ seconds, kill the enemy with the most Health</row><br><row>(@TFTTrait.TFT15_MechanicTrait_DreadNote.2:MinUnits@) At @TFTTrait.TFT15_MechanicTrait_DreadNote.2:FirstDeath@ and @TFTTrait.TFT15_MechanicTrait_DreadNote.2:SecondDeath@ seconds instead.</row>","[{""maxUnits"": 1, ""minUnits"": 1, ""style"": 1, ""variables"": {""FirstDeath"": 18.0, ""SecondDeath"": 30.0}}, {""maxUnits"": 25000, ""minUnits"": 2, ""style"": 1, ""variables"": {""FirstDeath"": 15.0, ""SecondDeath"": 25.0}}]"
Set 15,15,base,TFTSet15,16.4,TFT15_MechanicTrait_DriftDuo,Drift Duo,1,"Senna and Lucian both gain @ManaRegen@ mana regen. If both are 3-star, gain +1 Mighty Mech.","Senna and Lucian both gain @ManaRegen@ mana regen. If both are 3-star, gain +1 Mighty Mech.","[{""maxUnits"": 25000, ""minUnits"": 1, ""style"": 1, ""variables"": {""ManaRegen"": 3.0}}]"
Set 15,15,base,TFTSet15,16.4,TFT15_Duelist,Duelist,2|4|6,"Duelists gain Attack Speed on each attack, stacking up to @MaxStacks@ times.(@MinUnits@) @AttackSpeedPercent*100@% (scaleAS)(@MinUnits@) @AttackSpeedPercent*100@% (scaleAS)(@MinUnits@) @AttackSpeedPercent*100@% (scaleAS); Duelists gain @DamageReduction@% (scaleDR)","Duelists gain Attack&nbsp;Speed on each attack, stacking up to @MaxStacks@&nbsp;times.<br><br><row>(@MinUnits@) @AttackSpeedPercent*100@%&nbsp;%i:scaleAS%</row><br><row>(@MinUnits@) @AttackSpeedPercent*100@%&nbsp;%i:scaleAS%</row><br><row>(@MinUnits@) @AttackSpeedPercent*100@%&nbsp;%i:scaleAS%; Duelists gain @DamageReduction@%&nbsp;%i:scaleDR%</row>","[{""maxUnits"": 3, ""minUnits"": 2, ""style"": 1, ""variables"": {""AttackSpeedPercent"": 0.03999999910593033, ""DamageReduction"": null, ""MaxStacks"": 12.0}}, {""maxUnits"": 5, ""minUnits"": 4, ""style"": 3, ""variables"": {""AttackSpeedPercent"": 0.07000000029802322, ""DamageReduction"": null, ""MaxStacks"": 12.0}}, {""maxUnits"": 25000, ""minUnits"": 6, ""style"": 5, ""variables"": {""AttackSpeedPercent"": 0.10000000149011612, ""DamageReduction"": 12.0, ""MaxStacks"": 12.0}}]"
Set 15,15,base,TFTSet15,16.4,TFT15_Edgelord,Edgelord,2|4|6,"Edgelords gain Omnivamp and Attack Damage. While attacking enemies under @HealthThreshold*100@% Health, they gain @BonusAS*100@% Attack Speed.
(2) 10% (scaleSV), 15% (scaleAD)
(4) 12% (scaleSV), 30% (scaleAD)
(6) 15% (scaleSV), 60% (scaleAD)","Edgelords gain Omnivamp and Attack Damage. While attacking enemies under @HealthThreshold*100@% Health, they gain @BonusAS*100@% Attack Speed.<br><br><expandRow>(@MinUnits@) @Omnivamp*100@% %i:scaleSV%, @AD*100@% %i:scaleAD%</expandRow>","[{""maxUnits"": 3, ""minUnits"": 2, ""style"": 1, ""variables"": {""AD"": 0.15000000596046448, ""BonusAS"": 0.4000000059604645, ""HealthThreshold"": 0.5, ""Omnivamp"": 0.10000000149011612}}, {""maxUnits"": 5, ""minUnits"": 4, ""style"": 3, ""variables"": {""AD"": 0.30000001192092896, ""BonusAS"": 0.4000000059604645, ""HealthThreshold"": 0.5, ""Omnivamp"": 0.11999999731779099}}, {""maxUnits"": 25000, ""minUnits"": 6, ""style"": 5, ""variables"": {""AD"": 0.6000000238418579, ""BonusAS"": 0.4000000059604645, ""HealthThreshold"": 0.5, ""Omnivamp"": 0.15000000596046448}}]"
Set 15,15,base,TFTSet15,16.4,TFT15_MechanicTrait_Efficient,Efficient,1,Abilities cost @Reduction@ less Mana to cast.,Abilities cost @Reduction@ less Mana to cast.,"[{""maxUnits"": 25000, ""minUnits"": 1, ""style"": 1, ""variables"": {""Reduction"": 15}}]"
Set 15,15,base,TFTSet15,16.4,TFT15_MechanicTrait_EssenceShare,Essence Share,1,"On cast, the @NumAllies@ nearest allies gain @TFTTrait.TFT15_MechanicTrait_EssenceShare.1:ManaPct*100@% of Mana spent.","On cast, the @NumAllies@ nearest allies gain @TFTTrait.TFT15_MechanicTrait_EssenceShare.1:ManaPct*100@% of Mana spent.","[{""maxUnits"": 25000, ""minUnits"": 1, ""style"": 1, ""variables"": {""ManaPct"": 0.3499999940395355, ""NumAllies"": 2.0}}]"
Set 15,15,base,TFTSet15,16.4,TFT15_Destroyer,Executioner,2|3|4|5,"Executioners gain Critical Strike Chance and Critical Strike Damage. Their Ability can critically strike.
(2) 25% (scaleCrit); 10% (scaleCritMult)
(3) 35% (scaleCrit); 12% (scaleCritMult)
(4) 50% (scaleCrit); 18% (scaleCritMult)
(5) 55% (scaleCrit); 28% (scaleCritMult)",Executioners gain Critical Strike Chance and Critical Strike Damage. Their Ability can critically strike.<br><br><expandRow>(@MinUnits@) @CritChanceAmpPercent@% %i:scaleCrit%; @CritAmpPercent@% %i:scaleCritMult%</expandRow>,"[{""maxUnits"": 2, ""minUnits"": 2, ""style"": 1, ""variables"": {""CritAmpPercent"": 10.0, ""CritChanceAmpPercent"": 25.0}}, {""maxUnits"": 3, ""minUnits"": 3, ""style"": 3, ""variables"": {""CritAmpPercent"": 12.0, ""CritChanceAmpPercent"": 35.0}}, {""maxUnits"": 4, ""minUnits"": 4, ""style"": 3, ""variables"": {""CritAmpPercent"": 18.0, ""CritChanceAmpPercent"": 50.0}}, {""maxUnits"": 25000, ""minUnits"": 5, ""style"": 5, ""variables"": {""CritAmpPercent"": 28.0, ""CritChanceAmpPercent"": 55.0}}]"
Set 15,15,base,TFTSet15,16.4,TFT15_MechanicTrait_FairyTail,Fairy Tail,1,On cast spawn 2 fairies that each deal @TFTTrait.TFT15_MechanicTrait_FairyTail.1:APDamage1@-@TFTTrait.TFT15_MechanicTrait_FairyTail.1:APDamage4@ (based on Stage) magic damage to the target over the next @TFTTrait.TFT15_MechanicTrait_FairyTail.1:Duration@ seconds.,On cast spawn 2 fairies that each deal <magicDamage>@TFTTrait.TFT15_MechanicTrait_FairyTail.1:APDamage1@-@TFTTrait.TFT15_MechanicTrait_FairyTail.1:APDamage4@</magicDamage> (based on Stage) magic damage to the target over the next @TFTTrait.TFT15_MechanicTrait_FairyTail.1:Duration@ seconds. ,"[{""maxUnits"": 25000, ""minUnits"": 1, ""style"": 1, ""variables"": {""APDamage1"": 75.0, ""APDamage2"": 120.0, ""APDamage3"": 170.0, ""APDamage4"": 260.0, ""Duration"": 8.0}}]"
Set 15,15,base,TFTSet15,16.4,TFT15_MechanicTrait_Lovers,Fan Service,1|2,"Xayah and Rakan gain bonus stats based on each other's star level.(@MinUnits@) @AD@% (scaleAD)(scaleAS) | @Health@ (scaleHealth), @Resists@ (scaleArmor)(scaleMR)(@MinUnits@) @AD@% (scaleAD)(scaleAS) | @Health@ (scaleHealth), @Resists@ (scaleArmor)(scaleMR)","Xayah and Rakan gain bonus stats based on each other's star level.<br><row>(@MinUnits@) @AD@% %i:scaleAD%%i:scaleAS% | @Health@ %i:scaleHealth%, @Resists@ %i:scaleArmor%%i:scaleMR%</row><br><row>(@MinUnits@) @AD@% %i:scaleAD%%i:scaleAS% | @Health@ %i:scaleHealth%, @Resists@ %i:scaleArmor%%i:scaleMR%</row>","[{""maxUnits"": 1, ""minUnits"": 1, ""style"": 1, ""variables"": {""AD"": 8.0, ""AS"": 8.0, ""Health"": 150.0, ""Resists"": 5.0}}, {""maxUnits"": 25000, ""minUnits"": 2, ""style"": 1, ""variables"": {""AD"": 15.0, ""AS"": 15.0, ""Health"": 275.0, ""Resists"": 10.0}}]"
Set 15,15,base,TFTSet15,16.4,TFT15_MechanicTrait_FighterSpirit,Fighter Spirit,1,"(@MinUnits@) Gain @TFTTrait.TFT15_MechanicTrait_FighterSpirit.1:Health@ Health, @TFTTrait.TFT15_MechanicTrait_FighterSpirit.1:ADAP@% Attack Damage, and @TFTTrait.TFT15_MechanicTrait_FighterSpirit.1:ADAP@% Ability Power for each Fighter or Assassin fielded. (@MinUnits@) Increased to @TFTTrait.TFT15_MechanicTrait_FighterSpirit.1:Health@ (scaleHealth), @TFTTrait.TFT15_MechanicTrait_FighterSpirit.1:ADAP@% (scaleAD), and @TFTTrait.TFT15_MechanicTrait_FighterSpirit.1:ADAP@% (scaleAP).","<row>(@MinUnits@) Gain @TFTTrait.TFT15_MechanicTrait_FighterSpirit.1:Health@ Health, @TFTTrait.TFT15_MechanicTrait_FighterSpirit.1:ADAP@% Attack Damage, and @TFTTrait.TFT15_MechanicTrait_FighterSpirit.1:ADAP@% Ability Power for each Fighter or Assassin fielded. </row><br><row>(@MinUnits@) Increased to @TFTTrait.TFT15_MechanicTrait_FighterSpirit.1:Health@ %i:scaleHealth%, @TFTTrait.TFT15_MechanicTrait_FighterSpirit.1:ADAP@% %i:scaleAD%, and @TFTTrait.TFT15_MechanicTrait_FighterSpirit.1:ADAP@% %i:scaleAP%.</row>","[{""maxUnits"": 25000, ""minUnits"": 1, ""style"": 1, ""variables"": {""ADAP"": 5.0, ""Health"": 75.0}}]"
Set 15,15,base,TFTSet15,16.4,TFT15_MechanicTrait_FinalAscent,Final Ascent,1,Ascend an additional time at levels @Level1@ and @Level2@.Level @Level1@: Gain @APPerAttack@% Ability Power every @NumAttacks@ attacks.Level @Level2@: Launch 2 additional waves that deal @ReducedWaveDamage*100@% damage.,Ascend an additional time at levels @Level1@ and @Level2@.<br><br>Level @Level1@: Gain @APPerAttack@% Ability Power every @NumAttacks@ attacks.<br>Level @Level2@: Launch 2 additional waves that deal @ReducedWaveDamage*100@% damage.,"[{""maxUnits"": 25000, ""minUnits"": 1, ""style"": 1, ""variables"": {""APPerAttack"": 6.0, ""Level1"": 7, ""Level2"": 10, ""NumAttacks"": 3, ""ReducedWaveDamage"": 0.6000000238418579}}]"
Set 15,15,base,TFTSet15,16.4,TFT15_MechanicTrait_FinalBoss,Final Boss,1,"Gain @Omnivamp*100@% Omnivamp. Whenever an ally dies, gain @DamageAmp*100@% stacking Damage Amp.","Gain @Omnivamp*100@% Omnivamp. Whenever an ally dies, gain @DamageAmp*100@% stacking Damage Amp.","[{""maxUnits"": 25000, ""minUnits"": 1, ""style"": 1, ""variables"": {""DamageAmp"": 0.04500000178813934, ""Omnivamp"": 0.10000000149011612}}]"
Set 15,15,base,TFTSet15,16.4,TFT15_MechanicTrait_FinalForm,Final Form,1,"After round @AppropriateStage@-@AppropriateRound@ if this champion is 3-star, become 4-star at combat start.","After round @AppropriateStage@-@AppropriateRound@ if this champion is 3-star, become 4-star at combat start.","[{""maxUnits"": 1, ""minUnits"": 1, ""style"": 1, ""variables"": {""AppropriateRound"": 2, ""AppropriateRoundEventPM"": 6, ""AppropriateRoundPVE"": 7, ""AppropriateStage"": 5, ""AppropriateStageEventPM"": 3, ""AppropriateStagePVE"": 2}}]"
Set 15,15,base,TFTSet15,16.4,TFT15_MechanicTrait_Finalist,Finalist,1,"Gain @TFTTrait.TFT15_MechanicTrait_Finalist.1:InitialDA*100@% Damage Amp and @TFTTrait.TFT15_MechanicTrait_Finalist.1:InitialDR*100@% Damage Reduction, increased by @TFTTrait.TFT15_MechanicTrait_Finalist.1:IncreasedDA*100@% (scaleDA) and @TFTTrait.TFT15_MechanicTrait_Finalist.1:IncreasedDR*100@% (scaleDR) for each eliminated player.","Gain @TFTTrait.TFT15_MechanicTrait_Finalist.1:InitialDA*100@% Damage Amp and @TFTTrait.TFT15_MechanicTrait_Finalist.1:InitialDR*100@% Damage Reduction, increased by @TFTTrait.TFT15_MechanicTrait_Finalist.1:IncreasedDA*100@% %i:scaleDA% and @TFTTrait.TFT15_MechanicTrait_Finalist.1:IncreasedDR*100@% %i:scaleDR% for each eliminated player.","[{""maxUnits"": 25000, ""minUnits"": 1, ""style"": 1, ""variables"": {""IncreasedDA"": 0.029999999329447746, ""IncreasedDR"": 0.029999999329447746, ""InitialDA"": 0.15000000596046448, ""InitialDR"": 0.07999999821186066}}]"
Set 15,15,base,TFTSet15,16.4,TFT15_MechanicTrait_FrostTouch,Frost Touch,1,Attacks have a @PercentageChanceToTrigger@% chance to Stun the target for @StunDuration@ second.,Attacks have a @PercentageChanceToTrigger@% chance to <TFTKeyword>Stun</TFTKeyword> the target for @StunDuration@ second.,"[{""maxUnits"": 25000, ""minUnits"": 1, ""style"": 1, ""variables"": {""DamagePerStage"": 55, ""PercentageChanceToTrigger"": 15, ""StunDuration"": 1.0}}]"
Set 15,15,base,TFTSet15,16.4,TFT15_MechanicTrait_FuryBreak,Fury Break,1,"Gain @AS*100@% Attack Speed. When your other Powered Up unit dies, gain a burst of @ASBurst*100@% Attack Speed that decays over @Duration@ seconds. If you die first, give them the burst instead.","Gain @AS*100@% Attack Speed. When your other Powered Up unit dies, gain a burst of @ASBurst*100@% Attack Speed that decays over @Duration@ seconds. If you die first, give them the burst instead.","[{""maxUnits"": 25000, ""minUnits"": 1, ""style"": 1, ""variables"": {""AS"": 0.30000001192092896, ""ASBurst"": 3.0, ""Duration"": 4.0}}]"
Set 15,15,base,TFTSet15,16.4,TFT15_MechanicTrait_FusionDance,Fusion Dance,1,"At combat start, fuse with the nearest ally, gaining @TFTTrait.TFT15_MechanicTrait_FusionDance.1:StatShare*100@% of their Health, Attack Damage, and Ability Power.","At combat start, fuse with the nearest ally, gaining @TFTTrait.TFT15_MechanicTrait_FusionDance.1:StatShare*100@% of their Health, Attack Damage, and Ability Power. ","[{""maxUnits"": 25000, ""minUnits"": 1, ""style"": 1, ""variables"": {""StatShare"": 0.44999998807907104}}]"
Set 15,15,base,TFTSet15,16.4,TFT15_MechanicTrait_GatherForce,Gather Force,1,"On cast, gain stacking Attack Damage equal to @ADPctFromMana@% of Mana spent.","On cast, gain stacking Attack Damage equal to @ADPctFromMana@% of Mana spent.","[{""maxUnits"": 25000, ""minUnits"": 1, ""style"": 1, ""variables"": {""ADPctFromMana"": 40.0}}]"
Set 15,15,base,TFTSet15,16.4,TFT15_MechanicTrait_CRMechCashout,Gem Core,1,"The Mighty Mech converts @Absorption*100@% of damage taken into Attack Damage and Ability Power, and gains @Resists@ Armor and Magic Resist.Crystal Rose champions are treated as Mighty Mechs for the Mech's abilities.","The Mighty Mech converts @Absorption*100@% of damage taken into Attack Damage and Ability Power, and gains @Resists@ Armor and Magic Resist.<br><br>Crystal Rose champions are treated as Mighty Mechs for the Mech's abilities.","[{""maxUnits"": 25000, ""minUnits"": 1, ""style"": 1, ""variables"": {""Absorption"": 0.07999999821186066, ""Resists"": 100}}]"
Set 15,15,base,TFTSet15,16.4,TFT15_MechanicTrait_GoldenEdge,Golden Edge,1,Attacking @NumAttacksPerProc@ times grants @TFTUnitProperty.trait:TFT15_MechanicTrait_GoldenEdge_Gold@ gold. This gold value increases by 1 each time it activates. (Attacks: @TFTUnitProperty.trait:TFT15_MechanicTrait_GoldenEdge_NumAttacks@ / @NumAttacksPerProc@),Attacking @NumAttacksPerProc@ times grants @TFTUnitProperty.trait:TFT15_MechanicTrait_GoldenEdge_Gold@ gold. This gold value increases by 1 each time it activates. (Attacks: @TFTUnitProperty.trait:TFT15_MechanicTrait_GoldenEdge_NumAttacks@ / @NumAttacksPerProc@),"[{""maxUnits"": 25000, ""minUnits"": 1, ""style"": 1, ""variables"": {""NumAttacksPerProc"": 72.0}}]"
Set 15,15,base,TFTSet15,16.4,TFT15_MechanicTrait_GoldenGloves,Golden Gloves,1,"Whenever you gain interest, permanently gain @AD*100@% Attack Damage per gold collected. (Current Bonus: @TFTUnitProperty.trait:TFT15_SetMechanic_GoldenGlovesStacks*100@% (scaleAD))","Whenever you gain interest, permanently gain @AD*100@% Attack Damage per gold collected. (Current Bonus: @TFTUnitProperty.trait:TFT15_SetMechanic_GoldenGlovesStacks*100@%&nbsp;%i:scaleAD%)","[{""maxUnits"": 25000, ""minUnits"": 1, ""style"": 1, ""variables"": {""AD"": 0.019999999552965164}}]"
Set 15,15,base,TFTSet15,16.4,TFT15_MechanicTrait_MaxCap,Hat Trick,1,"Gain @BaseADAP@% Attack Damage and Ability Power. Each takedown, don a hat that grants @ADAPPerHat@% of each. On death, lose @PercentHatLoss*100@% of your hats. (Current Hats: @TFTUnitProperty.trait:TFT15_SetMechanic_MaxCap_Hats@)","Gain @BaseADAP@% Attack Damage and Ability Power. Each takedown, don a hat that grants @ADAPPerHat@% of each. On death, lose @PercentHatLoss*100@% of your hats. (Current Hats: @TFTUnitProperty.trait:TFT15_SetMechanic_MaxCap_Hats@)","[{""maxUnits"": 25000, ""minUnits"": 1, ""style"": 1, ""variables"": {""ADAPPerHat"": 1.0, ""BaseADAP"": 16.0, ""PercentHatLoss"": 0.5}}]"
Set 15,15,base,TFTSet15,16.4,TFT15_MechanicTrait_HeartOfGold,Heart of Gold,1,"If this champion survives a player combat, gain @NumGold@ gold.","If this champion survives a player combat, gain @NumGold@ gold.","[{""maxUnits"": 25000, ""minUnits"": 1, ""style"": 1, ""variables"": {""NumGold"": 2.0}}]"
Set 15,15,base,TFTSet15,16.4,TFT15_Heavyweight,Heavyweight,2|4|6,"Your team gains @TeamBonusHealth@ Health. Heavyweights gain additional bonus Health, and Attack Damage equal to a percentage of their Health.
(2) 20% (scaleHealth) | 0.2% (scaleHealth) to (scaleAD)
(4) 40% (scaleHealth) | 0.4% (scaleHealth) to (scaleAD)
(6) 65% (scaleHealth) | 0.6% (scaleHealth) to (scaleAD)","Your team gains @TeamBonusHealth@ Health. <br><br>Heavyweights gain additional bonus Health, and Attack Damage equal to a percentage of their Health.<br><br><expandRow>(@MinUnits@) @BonusPercentHealth*100@% %i:scaleHealth% | @HealthPercentToAD@% %i:scaleHealth% to %i:scaleAD%</expandRow>","[{""maxUnits"": 3, ""minUnits"": 2, ""style"": 1, ""variables"": {""BonusPercentHealth"": 0.20000000298023224, ""HealthPercentToAD"": 0.20000000298023224, ""TeamBonusHealth"": 100.0}}, {""maxUnits"": 5, ""minUnits"": 4, ""style"": 3, ""variables"": {""BonusPercentHealth"": 0.4000000059604645, ""HealthPercentToAD"": 0.4000000059604645, ""TeamBonusHealth"": 100.0}}, {""maxUnits"": 25000, ""minUnits"": 6, ""style"": 5, ""variables"": {""BonusPercentHealth"": 0.6499999761581421, ""HealthPercentToAD"": 0.6000000238418579, ""TeamBonusHealth"": 100.0}}]"
Set 15,15,base,TFTSet15,16.4,TFT15_MechanicTrait_Hemorrhage,Hemorrhage,1,Abilities deal @PercentBleed@% bonus damage as true damage over @BleedDuration@ seconds.,Abilities deal @PercentBleed@% bonus damage as true damage over @BleedDuration@ seconds.,"[{""maxUnits"": 25000, ""minUnits"": 1, ""style"": 1, ""variables"": {""BleedDuration"": 4.0, ""PercentBleed"": 60.0}}]"
Set 15,15,base,TFTSet15,16.4,TFT15_MechanicTrait_HerosArc,Hero's Arc,1,Gain @TFTTrait.TFT15_MechanicTrait_HerosArc.1:DA*100@% Damage Amp per player level. At level 10 gain an additional @TFTTrait.TFT15_MechanicTrait_HerosArc.1:DamageIncrease*100@% Damage Amp.,Gain @TFTTrait.TFT15_MechanicTrait_HerosArc.1:DA*100@% Damage Amp per player level. At level 10 gain an additional @TFTTrait.TFT15_MechanicTrait_HerosArc.1:DamageIncrease*100@% Damage Amp.,"[{""maxUnits"": 25000, ""minUnits"": 1, ""style"": 1, ""variables"": {""DA"": 0.04500000178813934, ""DamageIncrease"": 0.3499999940395355}}]"
Set 15,15,base,TFTSet15,16.4,TFT15_MechanicTrait_BloodFury,Hungry Hero,1,"Gain @TFTTrait.TFT15_MechanicTrait_BloodFury.1:BaseHealth@ Health and @TFTTrait.TFT15_MechanicTrait_BloodFury.1:BaseAD*100@% Attack Damage. Each round, you may pay @TFTTrait.TFT15_MechanicTrait_BloodFury.1:PlayerHealthPerSacrifice@ player health for @TFTTrait.TFT15_MechanicTrait_BloodFury.1:HealthPerSacrifice@ (scaleHealth) and @TFTTrait.TFT15_MechanicTrait_BloodFury.1:ADPerSacrifice*100@ (scaleAD).(Total: @TFTUnitProperty.:TFT15_MechanicTrait_BloodFury_Health@ (scaleHealth) @TFTUnitProperty.:TFT15_MechanicTrait_BloodFury_AD*100@ (scaleAD))","Gain @TFTTrait.TFT15_MechanicTrait_BloodFury.1:BaseHealth@ Health and @TFTTrait.TFT15_MechanicTrait_BloodFury.1:BaseAD*100@% Attack Damage. Each round, you may pay @TFTTrait.TFT15_MechanicTrait_BloodFury.1:PlayerHealthPerSacrifice@ player health for @TFTTrait.TFT15_MechanicTrait_BloodFury.1:HealthPerSacrifice@ %i:scaleHealth% and @TFTTrait.TFT15_MechanicTrait_BloodFury.1:ADPerSacrifice*100@ %i:scaleAD%.<br><br><TFTTrackerLabel>(Total: @TFTUnitProperty.:TFT15_MechanicTrait_BloodFury_Health@ %i:scaleHealth% @TFTUnitProperty.:TFT15_MechanicTrait_BloodFury_AD*100@ %i:scaleAD%)</TFTTrackerLabel>","[{""maxUnits"": 25000, ""minUnits"": 1, ""style"": 1, ""variables"": {""ADPerSacrifice"": 0.03999999910593033, ""BaseAD"": 0.10000000149011612, ""BaseAP"": null, ""BaseHealth"": 100, ""HealthPerSacrifice"": 150.0, ""PlayerHealthPerSacrifice"": 3.0, ""{cc84e244}"": 2.0}}]"
Set 15,15,base,TFTSet15,16.4,TFT15_MechanicTrait_Hyperactive,Hyperactive,1,Takedowns grant @AttackSpeed@% Attack Speed that rapidly decays over @DecayDuration@ seconds.,Takedowns grant @AttackSpeed@% Attack Speed that rapidly decays over @DecayDuration@ seconds.,"[{""maxUnits"": 25000, ""minUnits"": 1, ""style"": 1, ""variables"": {""AttackSpeed"": 100.0, ""DecayDuration"": 3.0}}]"
Set 15,15,base,TFTSet15,16.4,TFT15_MechanicTrait_IceBender,Ice Bender,1,"Combat Start: Ryze is frozen for the first @Duration@ seconds of combat. His Ability @Chill@% Chills enemies for @ChillDuration@ second, and deals @PctSpellDamage*100@% bonus damage.","Combat Start: Ryze is frozen for the first @Duration@ seconds of combat. His Ability @Chill@% Chills enemies for @ChillDuration@ second, and deals @PctSpellDamage*100@% bonus damage.","[{""maxUnits"": 25000, ""minUnits"": 1, ""style"": 1, ""variables"": {""Chill"": 20, ""ChillDuration"": 1.0, ""Duration"": 3.0, ""PctSpellDamage"": 0.20000000298023224}}]"
Set 15,15,base,TFTSet15,16.4,TFT15_MechanicTrait_InfernalSpeed,Infernal Speed,1,"Gain @TFTTrait.TFT15_MechanicTrait_InfernalSpeed.1:BaseAS@% Attack Speed. On takedown, generate a Cinder. Grant your team @TFTTrait.TFT15_MechanicTrait_InfernalSpeed.1:CinderAS@% bonus (scaleAS) for every @TFTTrait.TFT15_MechanicTrait_InfernalSpeed.1:NumCinders@ Cinders. (Cinders: @TFTUnitProperty.trait:TFT15_MechanicTrait_InfernalSpeed_CindersCollected@; Team (scaleAS): @TFTUnitProperty.trait:TFT15_MechanicTrait_InfernalSpeed_PermanentAS@%)","Gain @TFTTrait.TFT15_MechanicTrait_InfernalSpeed.1:BaseAS@% Attack Speed. On takedown, generate a Cinder. Grant your team @TFTTrait.TFT15_MechanicTrait_InfernalSpeed.1:CinderAS@% bonus %i:scaleAS% for every @TFTTrait.TFT15_MechanicTrait_InfernalSpeed.1:NumCinders@ Cinders. (Cinders:&nbsp;@TFTUnitProperty.trait:TFT15_MechanicTrait_InfernalSpeed_CindersCollected@; Team&nbsp;%i:scaleAS%:&nbsp;@TFTUnitProperty.trait:TFT15_MechanicTrait_InfernalSpeed_PermanentAS@%)","[{""maxUnits"": 25000, ""minUnits"": 1, ""style"": 1, ""variables"": {""BaseAS"": 10.0, ""CinderAS"": 2.0, ""NumCinders"": 8.0}}]"
Set 15,15,base,TFTSet15,16.4,TFT15_MechanicTrait_InnerFire,Inner Fire,1,"Every @ICD@ seconds, Burn and Wound the closest non-Burning enemy for @Duration@ seconds. Take @DamageReduction*100@% less damage from Burning enemies.","Every @ICD@ seconds, Burn and Wound the closest non-Burning enemy for @Duration@ seconds. Take @DamageReduction*100@% less damage from Burning enemies.","[{""maxUnits"": 1, ""minUnits"": 1, ""style"": 1, ""variables"": {""DamageReduction"": 0.15000000596046448, ""Duration"": 10, ""ICD"": 2.0}}]"
Set 15,15,base,TFTSet15,16.4,TFT15_Juggernaut,Juggernaut,2|4|6,"Juggernauts gain Durability, increased above @HealthBreakpoint*100@% health. When a Juggernaut dies, other Juggernauts heal for @HealRatio*100@% of their max Health.
(2) 15% or 25% (scaleDR)
(4) 20% or 30% (scaleDR)
(6) 25% or 35% (scaleDR)","Juggernauts gain Durability, increased above @HealthBreakpoint*100@% health. When a Juggernaut dies, other Juggernauts heal for @HealRatio*100@% of their max Health.<br><br><expandRow>(@MinUnits@) @BaseDR*100@% or @IncreasedDR*100@%&nbsp;%i:scaleDR%</expandRow>","[{""maxUnits"": 3, ""minUnits"": 2, ""style"": 1, ""variables"": {""BaseDR"": 0.15000000596046448, ""HealRatio"": 0.10000000149011612, ""HealthBreakpoint"": 0.5, ""IncreasedDR"": 0.25}}, {""maxUnits"": 5, ""minUnits"": 4, ""style"": 3, ""variables"": {""BaseDR"": 0.20000000298023224, ""HealRatio"": 0.10000000149011612, ""HealthBreakpoint"": 0.5, ""IncreasedDR"": 0.30000001192092896}}, {""maxUnits"": 25000, ""minUnits"": 6, ""style"": 5, ""variables"": {""BaseDR"": 0.25, ""HealRatio"": 0.10000000149011612, ""HealthBreakpoint"": 0.5, ""IncreasedDR"": 0.3499999940395355}}]"
Set 15,15,base,TFTSet15,16.4,TFT15_MechanicTrait_Kahunahuna,Kahunahuna,1,"Every @TFTTrait.TFT15_MechanicTrait_Kahunahuna.1:NumAttacks@ attacks, deal @TFTTrait.TFT15_MechanicTrait_Kahunahuna.1:ADDamage@ ((scaleAD)) true damage.","Every @TFTTrait.TFT15_MechanicTrait_Kahunahuna.1:NumAttacks@ attacks, deal <trueDamage>@TFTTrait.TFT15_MechanicTrait_Kahunahuna.1:ADDamage@</trueDamage>&nbsp;(%i:scaleAD%) true damage.","[{""maxUnits"": 1, ""minUnits"": 1, ""style"": 1, ""variables"": {""ADDamage"": 175.0, ""NumAttacks"": 6.0}}]"
Set 15,15,base,TFTSet15,16.4,TFT15_MechanicTrait_KeenEye,Keen Eye,1,Attacks and Abilities ignore @PercentIgnore@% of enemy's Magic Resistance.,Attacks and Abilities ignore @PercentIgnore@% of enemy's Magic Resistance.,"[{""maxUnits"": 25000, ""minUnits"": 1, ""style"": 1, ""variables"": {""PercentIgnore"": 45.0}}]"
Set 15,15,base,TFTSet15,16.4,TFT15_MechanicTrait_KillerInstinct,Killer Instinct,1,Abilities target the lowest Health enemy in range instead. Gain @TFTTrait.TFT15_MechanicTrait_KillerInstinct.1:ManaRegen@ Mana Regen.,Abilities target the lowest Health enemy in range instead. Gain @TFTTrait.TFT15_MechanicTrait_KillerInstinct.1:ManaRegen@ Mana Regen.,"[{""maxUnits"": 25000, ""minUnits"": 1, ""style"": 1, ""variables"": {""ManaRegen"": 3.0}}]"
Set 15,15,base,TFTSet15,16.4,TFT15_MechanicTrait_LivingWall,Living Wall,1,Gain @Resists@ Armor and Magic Resistance. At combat start allies in the back row gain @AS@% Attack Speed for every @PerXResists@ combined (scaleArmor) and (scaleMR) this champion has.,Gain @Resists@ Armor and Magic Resistance. At combat start allies in the back row gain @AS@% Attack Speed for every @PerXResists@ combined %i:scaleArmor% and %i:scaleMR% this champion has.,"[{""maxUnits"": 25000, ""minUnits"": 1, ""style"": 1, ""variables"": {""AS"": 1.5, ""PerXResists"": 30.0, ""Resists"": 20.0}}]"
Set 15,15,base,TFTSet15,16.4,TFT15_Luchador,Luchador,2|4,"Luchadors gain bonus Attack Damage. At @HealthRatio*100@% health, Luchadors cleanse negative effects, heal, and leap back into the fight, Stunning enemies in a 1-hex radius for @StunDuration@ seconds.(@MinUnits@) @ADBonus*100@% (scaleAD); @HealRatio*100@% (scaleHealth) heal(@MinUnits@) @ADBonus*100@% (scaleAD); @HealRatio*100@% (scaleHealth) heal","Luchadors gain bonus Attack Damage. <br><br>At @HealthRatio*100@% health, Luchadors cleanse negative effects, heal, and leap back into the fight, <TFTKeyword>Stunning</TFTKeyword> enemies in a 1-hex radius for @StunDuration@ seconds.<br><br><row>(@MinUnits@) @ADBonus*100@% %i:scaleAD%; @HealRatio*100@% %i:scaleHealth% heal</row><br><row>(@MinUnits@) @ADBonus*100@% %i:scaleAD%; @HealRatio*100@% %i:scaleHealth% heal</row>","[{""maxUnits"": 3, ""minUnits"": 2, ""style"": 1, ""variables"": {""ADBonus"": 0.15000000596046448, ""HealRatio"": 0.25, ""HealthRatio"": 0.5, ""ShieldDuration"": 5.0, ""StunDuration"": 1.0}}, {""maxUnits"": 25000, ""minUnits"": 4, ""style"": 5, ""variables"": {""ADBonus"": 0.4000000059604645, ""HealRatio"": 0.5, ""HealthRatio"": 0.5, ""ShieldDuration"": 5.0, ""StunDuration"": 1.0}}]"
Set 15,15,base,TFTSet15,16.4,TFT15_MechanicTrait_Mage,Mage,1,"Cast Abilities twice, but deal @TFTTrait.TFT15_MechanicTrait_Mage.1:DAMultiplier*100@% less total damage.","Cast Abilities twice, but deal @TFTTrait.TFT15_MechanicTrait_Mage.1:DAMultiplier*100@% less total damage.","[{""maxUnits"": 25000, ""minUnits"": 1, ""style"": 1, ""variables"": {""DAMultiplier"": 0.20000000298023224}}]"
Set 15,15,base,TFTSet15,16.4,TFT15_MechanicTrait_MagicExpert,Magic Expert,1,Gain @TFTTrait.TFT15_MechanicTrait_MagicExpert.1:BaseAP@% Ability Power. All other sources of Ability Power give @TFTTrait.TFT15_MechanicTrait_MagicExpert.1:PctBonusAP@% more.,Gain @TFTTrait.TFT15_MechanicTrait_MagicExpert.1:BaseAP@% Ability Power. All other sources of Ability Power give @TFTTrait.TFT15_MechanicTrait_MagicExpert.1:PctBonusAP@% more.,"[{""maxUnits"": 1, ""minUnits"": 1, ""style"": 1, ""variables"": {""BaseAP"": 10.0, ""PctBonusAP"": 35.0}}]"
Set 15,15,base,TFTSet15,16.4,TFT15_MechanicTrait_ManaRush,Mana Rush,1,Start combat with full Mana.,Start combat with full Mana.,"[{""maxUnits"": 25000, ""minUnits"": 1, ""style"": 1, ""variables"": {}}]"
Set 15,15,base,TFTSet15,16.4,TFT15_MechanicTrait_Mastermind,Mastermind,1,"At combat start, gain @SelfishMana@ Mana and give @AllyMana@ Mana to all allies in a line in front of this champion.","At combat start, gain @SelfishMana@ Mana and give @AllyMana@ Mana to all allies in a line in front of this champion.","[{""maxUnits"": 25000, ""minUnits"": 1, ""style"": 1, ""variables"": {""AllyMana"": 25, ""SelfishMana"": 50}}]"
Set 15,15,base,TFTSet15,16.4,TFT15_MechanicTrait_Magic,Max Arcana,1,"Gain @Base@% Ability Power, and permanently gain @Amount@% every 2 takedowns. (Current: @TFTUnitProperty.trait:TFT15_SetMechanic_PlusPlus_Property@% (scaleAP))","Gain @Base@% Ability Power, and permanently gain @Amount@% every 2 takedowns. (Current: @TFTUnitProperty.trait:TFT15_SetMechanic_PlusPlus_Property@%&nbsp;%i:scaleAP%)","[{""maxUnits"": 25000, ""minUnits"": 1, ""style"": 1, ""variables"": {""Amount"": 1.0, ""Base"": 15.0}}]"
Set 15,15,base,TFTSet15,16.4,TFT15_MechanicTrait_Attack,Max Attack,1,"Gain @Base*100@% Attack Damage, and permanently gain @Amount*100@% every 2 takedowns. (Current: @TFTUnitProperty.trait:TFT15_SetMechanic_PlusPlus_Property*100@% (scaleAD))","Gain @Base*100@% Attack Damage, and permanently gain @Amount*100@% every 2 takedowns. (Current: @TFTUnitProperty.trait:TFT15_SetMechanic_PlusPlus_Property*100@%&nbsp;%i:scaleAD%)","[{""maxUnits"": 25000, ""minUnits"": 1, ""style"": 1, ""variables"": {""Amount"": 0.009999999776482582, ""Base"": 0.11999999731779099}}]"
Set 15,15,base,TFTSet15,16.4,TFT15_MechanicTrait_Speed,Max Speed,1,"Gain @Base*100@% Attack Speed, and permanently gain @Amount*100@% every 3 takedowns. (Current: @TFTUnitProperty.trait:TFT15_SetMechanic_PlusPlus_Property*100@% (scaleAS))","Gain @Base*100@% Attack Speed, and permanently gain @Amount*100@% every 3 takedowns. (Current: @TFTUnitProperty.trait:TFT15_SetMechanic_PlusPlus_Property*100@%&nbsp;%i:scaleAS%)","[{""maxUnits"": 25000, ""minUnits"": 1, ""style"": 1, ""variables"": {""Amount"": 0.009999999776482582, ""Base"": 0.15000000596046448}}]"
Set 15,15,base,TFTSet15,16.4,TFT15_MechanicTrait_Health,Max Vitality,1,"At combat start gain @PerCombatAmount@ permanent Health. Every @Interval@ seconds this champion survives, gain @Amount@ additional permanent Health. (Current: @TFTUnitProperty.trait:TFT15_SetMechanic_PlusPlus_Property@ (scaleHealth))","At combat start gain @PerCombatAmount@ permanent Health. Every @Interval@ seconds this champion survives, gain @Amount@ additional permanent Health. <br><br>(Current: @TFTUnitProperty.trait:TFT15_SetMechanic_PlusPlus_Property@&nbsp;%i:scaleHealth%)","[{""maxUnits"": 25000, ""minUnits"": 1, ""style"": 1, ""variables"": {""Amount"": 20.0, ""Interval"": 10.0, ""PerCombatAmount"": 40.0, ""PerCombatAmountEventPM"": 80.0}}]"
Set 15,15,base,TFTSet15,16.4,TFT15_MechanicTrait_MechPilot,Mech Pilot,1|2,"(@MinUnits@) Pilot the Mech, granting it your stats: @HealthShare*100@% (scaleHealth), @OtherStatShare*100@% (scaleAD)(scaleAP)(scaleAS). Eject when at @MechHealth*100@%.(@MinUnits@) The Mech benefits from the pilots' traits.","<row>(@MinUnits@) Pilot the Mech, granting it your stats: @HealthShare*100@% %i:scaleHealth%, @OtherStatShare*100@% %i:scaleAD%%i:scaleAP%%i:scaleAS%. Eject when at @MechHealth*100@%.</row><br><row>(@MinUnits@) The Mech benefits from the pilots' traits.</row>","[{""maxUnits"": 1, ""minUnits"": 1, ""style"": 1, ""variables"": {""HealthShare"": 0.3499999940395355, ""MechHealth"": 0.6000000238418579, ""OtherStatShare"": 0.44999998807907104}}, {""maxUnits"": 25000, ""minUnits"": 2, ""style"": 1, ""variables"": {""HealthShare"": 0.3499999940395355, ""MechHealth"": 0.6000000238418579, ""OtherStatShare"": 0.44999998807907104}}]"
Set 15,15,base,TFTSet15,16.4,TFT15_MechanicTrait_Mechablade,Mechablade,1,Gain Attack Speed equal to @PercentHealthAsAS*100@% maximum Health. Attacks grant @BonusMana@ bonus Mana.,Gain Attack Speed equal to @PercentHealthAsAS*100@% maximum Health. Attacks grant @BonusMana@ bonus Mana.,"[{""maxUnits"": 25000, ""minUnits"": 1, ""style"": 1, ""variables"": {""BonusMana"": 5.0, ""PercentHealthAsAS"": 0.05000000074505806}}]"
Set 15,15,base,TFTSet15,16.4,TFT15_MechanicTrait_RoboRumble,Mechador,1,"When you field Mighty Mech and Luchador, The Mighty Mech gains @Health@ Health and becomes a Luchador granting +1 to the trait.","When you field Mighty Mech and Luchador, The Mighty Mech gains @Health@ Health and becomes a Luchador granting +1 to the trait.","[{""maxUnits"": 25000, ""minUnits"": 1, ""style"": 1, ""variables"": {""Health"": 100}}]"
Set 15,15,base,TFTSet15,16.4,TFT15_OldMentor,Mentor,1|2|4,This trait is active only when you have exactly 1 or 4 unique Mentors. (1) Allies gain the bonus(4) Mentors gain all bonuses and upgrade their abilities. Other allies gain nothing.Kobuko: @Durability*100@% Damage ReductionUdyr: @ADAP*100@% Attack Damage and Ability PowerYasuo: @AS*100@% Attack SpeedRyze: Attacks grant @Mana@ bonus Mana,This trait is active only when you have exactly 1 or 4 unique Mentors. <br><br><row>(1) Allies gain the bonus</row><br><tftActiveRank enabled=TFT15_Trait_OldMentor_SpellsUpgraded><row>(4) Mentors gain all bonuses and upgrade their abilities. Other allies gain nothing.</row></tftActiveRank><br><br><TFTGuildActive enabled=TFT15_Trait_OldMentor_ActiveKobuko alternate=TFTGuildInactive>Kobuko: @Durability*100@% Damage Reduction</TFTGuildActive><br><TFTGuildActive enabled=TFT15_Trait_OldMentor_ActiveUdyr alternate=TFTGuildInactive>Udyr: @ADAP*100@% Attack Damage and Ability Power</TFTGuildActive><br><TFTGuildActive enabled=TFT15_Trait_OldMentor_ActiveYasuo alternate=TFTGuildInactive>Yasuo: @AS*100@% Attack Speed</TFTGuildActive><br><TFTGuildActive enabled=TFT15_Trait_OldMentor_ActiveRyze alternate=TFTGuildInactive>Ryze: Attacks grant @Mana@ bonus Mana</TFTGuildActive>,"[{""maxUnits"": 1, ""minUnits"": 1, ""style"": 1, ""variables"": {""ADAP"": 0.07999999821186066, ""AS"": 0.10000000149011612, ""Durability"": 0.05999999865889549, ""Mana"": 2.0}}, {""maxUnits"": 3, ""minUnits"": 2, ""style"": 3, ""variables"": {""ADAP"": 0.07999999821186066, ""AS"": 0.10000000149011612, ""Durability"": 0.05999999865889549, ""Mana"": 2.0}}, {""maxUnits"": 4, ""minUnits"": 4, ""style"": 5, ""variables"": {""ADAP"": 0.07999999821186066, ""AS"": 0.10000000149011612, ""Durability"": 0.05999999865889549, ""Mana"": 2.0}}]"
Set 15,15,base,TFTSet15,16.4,TFT15_MechanicTrait_MidasTouch,Midas Touch,1,Attacks and Abilities execute enemies below @PercentHealthThreshold@% Health. Kills have a @PercentChanceGold@% chance to drop a gold. (Gold: @TFTUnitProperty.trait:TFT15_MechanicTrait_MidasTouch_GoldEarned@),Attacks and Abilities execute enemies below @PercentHealthThreshold@% Health. Kills have a @PercentChanceGold@% chance to drop a gold. (Gold: @TFTUnitProperty.trait:TFT15_MechanicTrait_MidasTouch_GoldEarned@),"[{""maxUnits"": 25000, ""minUnits"": 1, ""style"": 1, ""variables"": {""PercentChanceGold"": 35.0, ""PercentHealthThreshold"": 10.0}}]"
Set 15,15,base,TFTSet15,16.4,TFT15_SentaiRanger,Mighty Mech,3|5|7|7,Gain The Mighty Mech. Mighty Mechs heal it for @GalioHealRatio*100@% of the damage they deal.Unlock the Mightiest Mech(@MinUnits@) The Mighty Mech arrives(@MinUnits@) Blade Protocol: Level 1(@MinUnits@) Blade Protocol: Level 2Each Mighty Mech champion's star level increases The Mighty Mech's power.,Gain The Mighty Mech. Mighty Mechs heal it for @GalioHealRatio*100@% of the damage they deal.<br><ShowIf.TFT15_SentaiRanger_PrismaticActive><br><TFTRadiantItemBonus>Unlock the Mightiest Mech</TFTRadiantItemBonus><br></ShowIf.TFT15_SentaiRanger_PrismaticActive><br><row>(@MinUnits@) The Mighty Mech arrives</row><br><row>(@MinUnits@) Blade Protocol: Level 1</row><br><row>(@MinUnits@) Blade Protocol: Level 2</row><br><br><rules>Each Mighty Mech champion's star level increases The Mighty Mech's power.</rules><br>,"[{""maxUnits"": 4, ""minUnits"": 3, ""style"": 1, ""variables"": {""AutoAttackDamage"": 65.0, ""GalioHealRatio"": 0.11999999731779099, ""NumItems"": 1, ""{0d36fce1}"": 1.0, ""{2b3aecac}"": 0.1599999964237213, ""{35bd6e0d}"": 599, ""{3f8b87fb}"": 5.0, ""{4c8d22b6}"": 50, ""{4e59afce}"": 0.05000000074505806, ""{54e3a48d}"": null, ""{9456c371}"": null, ""{d13df441}"": 2, ""{dc8a3667}"": 0.15000000596046448}}, {""maxUnits"": 6, ""minUnits"": 5, ""style"": 3, ""variables"": {""AutoAttackDamage"": 100.0, ""GalioHealRatio"": 0.11999999731779099, ""Health"": 1300.0, ""NumItems"": 2, ""{0d36fce1}"": 2.0, ""{2b3aecac}"": 0.1599999964237213, ""{35bd6e0d}"": 699, ""{3f8b87fb}"": 5.0, ""{4c8d22b6}"": 75, ""{4e59afce}"": 0.05000000074505806, ""{54e3a48d}"": null, ""{9456c371}"": null, ""{d13df441}"": 2, ""{dc8a3667}"": 0.15000000596046448}}, {""maxUnits"": 25000, ""minUnits"": 7, ""style"": 5, ""variables"": {""AutoAttackDamage"": 110.0, ""GalioHealRatio"": 0.11999999731779099, ""Health"": 2000.0, ""NumItems"": 3, ""{0d36fce1}"": 3.0, ""{2b3aecac}"": 0.1599999964237213, ""{35bd6e0d}"": 949, ""{3f8b87fb}"": 5.0, ""{4c8d22b6}"": 85, ""{4e59afce}"": 0.05000000074505806, ""{54e3a48d}"": 20.0, ""{9456c371}"": 60.0, ""{d13df441}"": 2, ""{dc8a3667}"": 0.15000000596046448}}, {""maxUnits"": 25000, ""minUnits"": 7, ""style"": 6, ""variables"": {""AutoAttackDamage"": 120.0, ""GalioHealRatio"": 0.11999999731779099, ""Health"": 2000.0, ""NumItems"": 3, ""{0d36fce1}"": 4.0, ""{2b3aecac}"": 0.1599999964237213, ""{35bd6e0d}"": 949, ""{3f8b87fb}"": 5.0, ""{4c8d22b6}"": 90, ""{4e59afce}"": 0.05000000074505806, ""{54e3a48d}"": 20.0, ""{9456c371}"": 60.0, ""{d13df441}"": 2, ""{dc8a3667}"": 0.15000000596046448}}]"
Set 15,15,base,TFTSet15,16.4,TFT15_MechanicTrait_MindBattery,Mind Battery,1,"After the first cast each combat, gain @ManaRegen@ Mana Regen and @AP@% Ability Power.","After the first cast each combat, gain @ManaRegen@ Mana Regen and @AP@% Ability Power.","[{""maxUnits"": 25000, ""minUnits"": 1, ""style"": 1, ""variables"": {""AP"": 30.0, ""ManaRegen"": 5.0}}]"
Set 15,15,base,TFTSet15,16.4,TFT15_MechanicTrait_Momentum,Momentum,1,(@MinUnits@) Gain @BonusAS*100@% Attack Speed and moves significantly faster.,(@MinUnits@) Gain @BonusAS*100@% Attack Speed and moves significantly faster.,"[{""maxUnits"": 25000, ""minUnits"": 1, ""style"": 1, ""variables"": {""BonusAS"": 0.6000000238418579, ""BonusMS"": 0.5}}]"
Set 15,15,base,TFTSet15,16.4,TFT15_MonsterTrainer,Monster Trainer,1,Choose which monster Lulu summons to replace her in combat!,Choose which monster Lulu summons to replace her in combat!,"[{""maxUnits"": 25000, ""minUnits"": 1, ""style"": 4, ""variables"": {""FirstEvolveLevel"": 15, ""HealthGainPerLevel"": 0.009999999776482582, ""SecondEvolveLevel"": 30, ""{74bcb19e}"": 50, ""{b4bcb37d}"": 0.029999999329447746, ""{c0bcc661}"": 3}}]"
Set 15,15,base,TFTSet15,16.4,TFT15_MechanicTrait_Needlework,Needlework,1,Fire @BonusNeedles@ bonus needles with every 1st and 2nd cast that deal @ReducedDamage*100@% damage.,Fire @BonusNeedles@ bonus needles with every 1st and 2nd cast that deal @ReducedDamage*100@% damage.,"[{""maxUnits"": 25000, ""minUnits"": 1, ""style"": 1, ""variables"": {""BonusNeedles"": 2, ""ReducedDamage"": 0.44999998807907104}}]"
Set 15,15,base,TFTSet15,16.4,TFT15_MechanicTrait_NotDoneYet,Not Done Yet,1,"Once this champion has died @NumDeathsStage2@ times, gain @TFTTrait.TFT15_MechanicTrait_NotDoneYet.1:PctHealth@% Health, @TFTTrait.TFT15_MechanicTrait_NotDoneYet.1:Omnivamp@% Omnivamp, and @TFTTrait.TFT15_MechanicTrait_NotDoneYet.1:Stats@% Damage Amp. (Deaths: @TFTUnitProperty.trait:TFT15_MechanicTrait_NotDoneYet_DeathsAchieved@)","Once this champion has died @NumDeathsStage2@ times, gain @TFTTrait.TFT15_MechanicTrait_NotDoneYet.1:PctHealth@% Health, @TFTTrait.TFT15_MechanicTrait_NotDoneYet.1:Omnivamp@% Omnivamp, and @TFTTrait.TFT15_MechanicTrait_NotDoneYet.1:Stats@% Damage Amp. (Deaths: @TFTUnitProperty.trait:TFT15_MechanicTrait_NotDoneYet_DeathsAchieved@)","[{""maxUnits"": 25000, ""minUnits"": 1, ""style"": 1, ""variables"": {""NumDeathsStage2"": 6, ""NumDeathsStage3"": 6, ""NumDeathsStage4"": 6, ""Omnivamp"": 10.0, ""PctHealth"": 18.0, ""Stats"": 25.0}}]"
Set 15,15,base,TFTSet15,16.4,TFT15_MechanicTrait_NoxiousTrap,Noxious Trap,1,"Damage dealt Burns, Wounds, 20% Shreds, and 20% Sunders enemies for @Duration@ seconds.","Damage dealt <TFTKeyword>Burns</TFTKeyword>, <TFTKeyword>Wounds</TFTKeyword>, 20% <TFTKeyword>Shreds</TFTKeyword>, and 20% <TFTKeyword>Sunders</TFTKeyword> enemies for @Duration@ seconds.","[{""maxUnits"": 25000, ""minUnits"": 1, ""style"": 1, ""variables"": {""Duration"": 4.0}}]"
Set 15,15,base,TFTSet15,16.4,TFT15_MechanicTrait_OnTheEdge,On The Edge,1,"Start combat at @HealthPercent*100@% Health, but gain @DA*100@% Damage Amp.","Start combat at @HealthPercent*100@% Health, but gain @DA*100@% Damage Amp.","[{""maxUnits"": 25000, ""minUnits"": 1, ""style"": 1, ""variables"": {""DA"": 0.3499999940395355, ""HealthPercent"": 0.6499999761581421}}]"
Set 15,15,base,TFTSet15,16.4,TFT15_MechanicTrait_BuiltDifferent,Ordinary,1,"If this champion has no active traits, gain @TFTTrait.TFT15_MechanicTrait_BuiltDifferent.1:HP1@-@TFTTrait.TFT15_MechanicTrait_BuiltDifferent.1:HP4@ Health and @TFTTrait.TFT15_MechanicTrait_BuiltDifferent.1:AS1@-@TFTTrait.TFT15_MechanicTrait_BuiltDifferent.1:AS4@% Attack Speed (based on current Stage).","If this champion has no active traits, gain @TFTTrait.TFT15_MechanicTrait_BuiltDifferent.1:HP1@-@TFTTrait.TFT15_MechanicTrait_BuiltDifferent.1:HP4@ Health and @TFTTrait.TFT15_MechanicTrait_BuiltDifferent.1:AS1@-@TFTTrait.TFT15_MechanicTrait_BuiltDifferent.1:AS4@% Attack Speed (based on current Stage).","[{""maxUnits"": 25000, ""minUnits"": 1, ""style"": 1, ""variables"": {""AS1"": 40.0, ""AS2"": 55.0, ""AS3"": 80.0, ""AS4"": 100.0, ""HP1"": 300.0, ""HP2"": 400.0, ""HP3"": 750.0, ""HP4"": 1000.0, ""Multiplier"": 0.20000000298023224}}]"
Set 15,15,base,TFTSet15,16.4,TFT15_MechanicTrait_Over9000,Over 9000,1,"At the start of each round, gain a random permanent stat bonus.Current: +@TFTUnitProperty.trait:TFT15_Over9000_AD*100@% (scaleAD), +@TFTUnitProperty.trait:TFT15_Over9000_AP@% (scaleAP), +@TFTUnitProperty.trait:TFT15_Over9000_AS*100@% (scaleAS), +@TFTUnitProperty.trait:TFT15_Over9000_Armor@ (scaleArmor), +@TFTUnitProperty.trait:TFT15_Over9000_MR@ (scaleMR), +@TFTUnitProperty.trait:TFT15_Over9000_Health@ (scaleHealth), +@TFTUnitProperty.trait:TFT15_Over9000_Mana@ (TFTManaRegen)","At the start of each round, gain a random permanent stat bonus.<br><br><TFTBonus>Current:</TFTBonus> +@TFTUnitProperty.trait:TFT15_Over9000_AD*100@%&nbsp;%i:scaleAD%, +@TFTUnitProperty.trait:TFT15_Over9000_AP@%&nbsp;%i:scaleAP%, +@TFTUnitProperty.trait:TFT15_Over9000_AS*100@%&nbsp;%i:scaleAS%, +@TFTUnitProperty.trait:TFT15_Over9000_Armor@&nbsp;%i:scaleArmor%, +@TFTUnitProperty.trait:TFT15_Over9000_MR@&nbsp;%i:scaleMR%, +@TFTUnitProperty.trait:TFT15_Over9000_Health@&nbsp;%i:scaleHealth%, +@TFTUnitProperty.trait:TFT15_Over9000_Mana@&nbsp;%i:TFTManaRegen%","[{""maxUnits"": 1, ""minUnits"": 1, ""style"": 1, ""variables"": {""AD"": 0.03999999910593033, ""AP"": 4.0, ""AS"": 0.03999999910593033, ""Armor"": 8.0, ""Health"": 35.0, ""MR"": 8.0, ""Mana"": 1.0}}]"
Set 15,15,base,TFTSet15,16.4,TFT15_MechanicTrait_PackTactics,Pack Tactics,1,"Gain @NumPackmates@ packmates that deal @DamagePercent*100@% ((TFTBaseAD)) physical damage. When Naafiri uses her Ability, packmates dash to the lowest Health enemy within @NumHexes@ hexes.","Gain @NumPackmates@ packmates that deal <physicalDamage>@DamagePercent*100@%&nbsp;(%i:TFTBaseAD%)</physicalDamage> physical damage. When Naafiri uses her Ability, packmates dash to the lowest Health enemy within @NumHexes@ hexes.","[{""maxUnits"": 25000, ""minUnits"": 1, ""style"": 1, ""variables"": {""DamagePercent"": 0.2199999988079071, ""NumHexes"": 2, ""NumPackmates"": 2}}]"
Set 15,15,base,TFTSet15,16.4,TFT15_MechanicTrait_PowerFont,Power Font,1,"At combat start and every @Cadence@ seconds, gain @Mana@ Mana Regen.","At combat start and every @Cadence@ seconds, gain @Mana@ Mana Regen.","[{""maxUnits"": 25000, ""minUnits"": 1, ""style"": 1, ""variables"": {""Cadence"": 3.0, ""Mana"": 1}}]"
Set 15,15,base,TFTSet15,16.4,TFT15_MechanicTrait_Precision,Precision,1,Set Attack Speed to @TFTTrait.TFT15_MechanicTrait_Precision.1:ForcedAttackSpeed@. Convert @TFTTrait.TFT15_MechanicTrait_Precision.1:ASScale*100@% Attack Speed to @TFTTrait.TFT15_MechanicTrait_Precision.1:ADScale*100@% Attack Damage. Attacks deal @TFTTrait.TFT15_MechanicTrait_Precision.1:AttackAmount*100@% more damage and grant @TFTTrait.TFT15_MechanicTrait_Precision.1:Mana@ more Mana.,Set Attack Speed to @TFTTrait.TFT15_MechanicTrait_Precision.1:ForcedAttackSpeed@. Convert @TFTTrait.TFT15_MechanicTrait_Precision.1:ASScale*100@% Attack Speed to @TFTTrait.TFT15_MechanicTrait_Precision.1:ADScale*100@% Attack Damage. Attacks deal @TFTTrait.TFT15_MechanicTrait_Precision.1:AttackAmount*100@% more damage and grant @TFTTrait.TFT15_MechanicTrait_Precision.1:Mana@ more Mana.,"[{""maxUnits"": 25000, ""minUnits"": 1, ""style"": 1, ""variables"": {""ADScale"": 0.00800000037997961, ""ASScale"": 0.009999999776482582, ""AttackAmount"": 1.2999999523162842, ""ForcedAttackSpeed"": 0.699999988079071, ""Mana"": 5.0}}]"
Set 15,15,base,TFTSet15,16.4,TFT15_Prodigy,Prodigy,2|3|4|5,Your team gains Mana Regen. Prodigies gain more.(@MinUnits@) @TeamBonusMana@ (TFTManaRegen) | @ProdigyBonusMana@ (TFTManaRegen)(@MinUnits@) @TeamBonusMana@ (TFTManaRegen) | @ProdigyBonusMana@ (TFTManaRegen)(@MinUnits@) @TeamBonusMana@ (TFTManaRegen) | @ProdigyBonusMana@ (TFTManaRegen)(@MinUnits@) @TeamBonusMana@ (TFTManaRegen) | @ProdigyBonusMana@ (TFTManaRegen) | Prodigy abilities heal an ally for @AllyHealing*100@% of the damage dealt.,Your team gains Mana Regen. Prodigies gain more.<br><br><row>(@MinUnits@) @TeamBonusMana@ %i:TFTManaRegen% | @ProdigyBonusMana@ %i:TFTManaRegen%</row><br><row>(@MinUnits@) @TeamBonusMana@ %i:TFTManaRegen% | @ProdigyBonusMana@ %i:TFTManaRegen%</row><br><row>(@MinUnits@) @TeamBonusMana@ %i:TFTManaRegen% | @ProdigyBonusMana@ %i:TFTManaRegen%</row><br><row>(@MinUnits@) @TeamBonusMana@ %i:TFTManaRegen% | @ProdigyBonusMana@ %i:TFTManaRegen% | Prodigy abilities heal an ally for @AllyHealing*100@% of the damage dealt.</row>,"[{""maxUnits"": 2, ""minUnits"": 2, ""style"": 1, ""variables"": {""ProdigyBonusMana"": 3.0, ""TeamBonusMana"": 1.0}}, {""maxUnits"": 3, ""minUnits"": 3, ""style"": 3, ""variables"": {""ProdigyBonusMana"": 4.0, ""TeamBonusMana"": 1.0}}, {""maxUnits"": 4, ""minUnits"": 4, ""style"": 3, ""variables"": {""ProdigyBonusMana"": 6.0, ""TeamBonusMana"": 1.0}}, {""maxUnits"": 25000, ""minUnits"": 5, ""style"": 5, ""variables"": {""AllyHealing"": 0.11999999731779099, ""ProdigyBonusMana"": 7.0, ""TeamBonusMana"": 1.0}}]"
Set 15,15,base,TFTSet15,16.4,TFT15_Protector,Protector,2|4|6,"Units gain @DamageReductionPct*100@% Durability while shielded. Once per combat at @HealthThreshold*100@% Health, Protectors shield themselves and their closest ally for a percent of their maximum Health. Shields stack.
(2) 18% (scaleHealth) shield
(4) 36% (scaleHealth) shield
(6) 55% (scaleHealth) shield","Units gain @DamageReductionPct*100@% Durability while shielded. <br><br>Once per combat at @HealthThreshold*100@% Health, Protectors shield themselves and their closest ally for a percent of their maximum Health. Shields stack.<br><br><expandRow>(@MinUnits@) @ShieldPercentAmount*100@% %i:scaleHealth% shield</expandRow><br>","[{""maxUnits"": 3, ""minUnits"": 2, ""style"": 1, ""variables"": {""DamageReductionPct"": 0.05000000074505806, ""HealthThreshold"": 0.5, ""ShieldPercentAmount"": 0.18000000715255737}}, {""maxUnits"": 5, ""minUnits"": 4, ""style"": 3, ""variables"": {""DamageReductionPct"": 0.05000000074505806, ""HealthThreshold"": 0.5, ""ShieldPercentAmount"": 0.36000001430511475}}, {""maxUnits"": 25000, ""minUnits"": 6, ""style"": 5, ""variables"": {""DamageReductionPct"": 0.05000000074505806, ""HealthThreshold"": 0.5, ""ShieldPercentAmount"": 0.550000011920929}}]"
Set 15,15,base,TFTSet15,16.4,TFT15_MechanicTrait_PureHeart,Pure Heart,1,Every @HealTickRate@ seconds heal this champion and allies within 2-hexes for @MissingHealthHeal*100@% of their missing Health.,Every @HealTickRate@ seconds heal this champion and allies within 2-hexes for @MissingHealthHeal*100@% of their missing Health.,"[{""maxUnits"": 25000, ""minUnits"": 1, ""style"": 1, ""variables"": {""HealTickRate"": 4.0, ""MissingHealthHeal"": 0.18000000715255737}}]"
Set 15,15,base,TFTSet15,16.4,TFT15_MechanicTrait_Pursuit,Pursuit,1,"Lucian's Ability dashes, fires +@NumAdditionalShots@ additional bullets, and grants @APGain@% Ability Power for the rest of combat.","Lucian's Ability dashes, fires +@NumAdditionalShots@ additional bullets, and grants @APGain@% Ability Power for the rest of combat.","[{""maxUnits"": 25000, ""minUnits"": 1, ""style"": 1, ""variables"": {""APGain"": 8, ""NumAdditionalShots"": 1}}]"
Set 15,15,base,TFTSet15,16.4,TFT15_MechanicTrait_QuickTag,Quick Tag,1,"On death, spawn a unit of the same role with the same number of items. This unit is 1 cost lower, and has @PercentHealth*100%@% reduced Health.","On death, spawn a unit of the same role with the same number of items. This unit is 1 cost lower, and has @PercentHealth*100%@% reduced Health.","[{""maxUnits"": 25000, ""minUnits"": 1, ""style"": 1, ""variables"": {""PercentHealth"": 0.15000000596046448}}]"
Set 15,15,base,TFTSet15,16.4,TFT15_MechanicTrait_RampingRage,Ramping Rage,1,Attacks grant @ASPerAttack*100@% stacking Attack Speed.,Attacks grant @ASPerAttack*100@% stacking Attack Speed.,"[{""maxUnits"": 25000, ""minUnits"": 1, ""style"": 1, ""variables"": {""ASperAttack"": 0.03500000014901161}}]"
Set 15,15,base,TFTSet15,16.4,TFT15_MechanicTrait_RareCandy,Rare Treat,1,Your Monster has +@Levels@ Monster Trainer levels.,Your Monster has +@Levels@ Monster Trainer levels.,"[{""maxUnits"": 25000, ""minUnits"": 1, ""style"": 1, ""variables"": {""Levels"": 15}}]"
Set 15,15,base,TFTSet15,16.4,TFT15_MechanicTrait_MetabolicExplosion,Regenerative,1,Heal @TFTTrait.TFT15_MechanicTrait_MetabolicExplosion.1:PctRegen@% max Health every @TFTTrait.TFT15_MechanicTrait_MetabolicExplosion.1:Interval@ seconds. Gain @IncreasedHealing@% increased healing from all sources.,Heal @TFTTrait.TFT15_MechanicTrait_MetabolicExplosion.1:PctRegen@% max Health every @TFTTrait.TFT15_MechanicTrait_MetabolicExplosion.1:Interval@ seconds. Gain @IncreasedHealing@% increased healing from all sources.,"[{""maxUnits"": 25000, ""minUnits"": 1, ""style"": 1, ""variables"": {""IncreasedHealing"": 10.0, ""Interval"": 3.0, ""PctRegen"": 6.5}}]"
Set 15,15,base,TFTSet15,16.4,TFT15_MechanicTrait_Resistant,Resistant,1,Reduce damage taken by @TFTTrait.TFT15_MechanicTrait_Resistant.1:FlatDR@.,Reduce damage taken by @TFTTrait.TFT15_MechanicTrait_Resistant.1:FlatDR@.,"[{""maxUnits"": 25000, ""minUnits"": 1, ""style"": 1, ""variables"": {""FlatDR"": 25.0, ""Resists"": null}}]"
Set 15,15,base,TFTSet15,16.4,TFT15_MechanicTrait_RisingChaos,Rising Chaos,1,"On cast, fire an additional orb that deals @PercentDamage*100@% damage to a random enemy. Subsequent casts add an additional orb.","On cast, fire an additional orb that deals @PercentDamage*100@% damage to a random enemy. Subsequent casts add an additional orb.","[{""maxUnits"": 25000, ""minUnits"": 1, ""style"": 1, ""variables"": {""PercentDamage"": 0.07000000029802322}}]"
Set 15,15,base,TFTSet15,16.4,TFT15_MechanicTrait_RobustRanger,Robo Ranger,1,"Gain @TFTTrait.TFT15_MechanicTrait_RobustRanger.1:StatsPct@% of The Mighty Mech's Attack Damage and Ability Power, and @TFTTrait.TFT15_MechanicTrait_RobustRanger.1:HealthPct@% of its Health.","Gain @TFTTrait.TFT15_MechanicTrait_RobustRanger.1:StatsPct@% of The Mighty Mech's Attack Damage and Ability Power, and @TFTTrait.TFT15_MechanicTrait_RobustRanger.1:HealthPct@% of its Health.","[{""maxUnits"": 25000, ""minUnits"": 1, ""style"": 1, ""variables"": {""HealthPct"": 10.0, ""StatsPct"": 50.0}}]"
Set 15,15,base,TFTSet15,16.4,TFT15_MechanicTrait_RocketGrab,Rocket Grab,1,"At combat start, gain a @ShieldPercent*100@% Health shield for @ShieldDuration@ seconds. When your target dies, pull the next target into melee range and regain the shield.","At combat start, gain a @ShieldPercent*100@% Health shield for @ShieldDuration@ seconds. When your target dies, pull the next target into melee range and regain the shield.","[{""maxUnits"": 25000, ""minUnits"": 1, ""style"": 1, ""variables"": {""ShieldDuration"": 4, ""ShieldPercent"": 0.20000000298023224}}]"
Set 15,15,base,TFTSet15,16.4,TFT15_Captain,Rogue Captain,1,"Twisted Fate upgrades the Crew Ship to deal @Bounty_TheCrew_RocketUpgrade_TrueDamagePercent*100@% of it's damage as true damage and draws Bounty Cards each round that grant random rewards.Bounty Cards get better for each player combat. (Rounds Fielded: @TFTUnitProperty.trait:TFT15_Trait_RogueCaptain_Bounty_NumRoundsLeft@)Current Bounty Card:@TFTUnitProperty.trait:TFT15_Trait_RogueCaptain_CurrentBounty@In Choncc's Treasure, Twisted Fate will not draw a Bounty Card until Stage 3-5.","Twisted Fate upgrades the Crew Ship to deal @Bounty_TheCrew_RocketUpgrade_TrueDamagePercent*100@% of it's damage as true damage and draws Bounty Cards each round that grant random rewards.<br><br><rules>Bounty Cards get better for each player combat. (Rounds Fielded: @TFTUnitProperty.trait:TFT15_Trait_RogueCaptain_Bounty_NumRoundsLeft@)</rules><br><br>Current Bounty Card:<br>@TFTUnitProperty.trait:TFT15_Trait_RogueCaptain_CurrentBounty@<ShowIfCustom.Set=TFTSetEventCT><br><br>In Choncc's Treasure, Twisted Fate will not draw a Bounty Card until Stage 3-5.</ShowIfCustom.Set=TFTSetEventCT>","[{""maxUnits"": 1, ""minUnits"": 1, ""style"": 4, ""variables"": {""Bounty_CasterEmpower_DA"": 0.019999999552965164, ""Bounty_FreeRerolls_NumRerolls"": 2, ""Bounty_GainAttackSpeed_AS"": 0.15000000596046448, ""Bounty_GainGoldLarge_MinGold"": 12, ""Bounty_GainGold_MinGold"": 2, ""Bounty_GainXP_Amount"": 12, ""Bounty_Omnivamp_Omnivamp"": 0.15000000596046448, ""Bounty_PermanentAP_AP"": 18, ""Bounty_TankEmpower_MaxHealth"": 40, ""Bounty_TeamShield_Duration"": 8, ""Bounty_TeamShield_Shield"": 160, ""Bounty_TheCrew_GainHealth_PermanentADAP"": 5.0, ""Bounty_TheCrew_GainHealth_PermanentHealth"": 60, ""Bounty_TheCrew_GoldPerStar_GoldAmount"": 1, ""Bounty_TheCrew_RocketUpgrade_TrueDamagePercent"": 0.15000000596046448, ""Bounty_ThinkFast_Cadence"": 3, ""Bounty_ThinkFast_Gold"": 5, ""{0443d547}"": 1, ""{0d20aaf6}"": 1, ""{1376c2a6}"": 12, ""{27dcf059}"": 6, ""{38d1c1ce}"": 0.10000000149011612, ""{e74d3d55}"": 2}}]"
Set 15,15,base,TFTSet15,16.4,TFT15_Rosemother,Rosemother,1,"Gain @1Star@/@2Star@/@3Star@ placeable plants, based on Zyra's star level. Plants in the front two rows grow into durable Grasping Roots, while plants in the back two rows grow into Deadly Spines.Rosemother plants benefit from Zyra's Ability Power and Attack Speed. When Zyra casts, her plant restores @BonusHealthAndAS*100@% Health and gains @BonusHealthAndAS*100@% Attack Speed for the rest of combat. If the plant is dead, she revives it instead.","Gain @1Star@/@2Star@/@3Star@ placeable plants, based on Zyra's star level. Plants in the front two rows grow into durable Grasping Roots, while plants in the back two rows grow into Deadly Spines.<br><br>Rosemother plants benefit from Zyra's Ability Power and Attack Speed. <br><br>When Zyra casts, her plant restores @BonusHealthAndAS*100@% Health and gains @BonusHealthAndAS*100@% Attack Speed for the rest of combat. If the plant is dead, she revives it instead.","[{""maxUnits"": 1, ""minUnits"": 1, ""style"": 4, ""variables"": {""1Star"": 1.0, ""2Star"": 1.0, ""3Star"": 8.0, ""BonusHealthAndAS"": 0.3499999940395355}}]"
Set 15,15,base,TFTSet15,16.4,TFT15_MechanicTrait_RoundTwo,Round Two,1,"On death, summon a Training Dummy equipped with the same items. It has @TFTTrait.TFT15_MechanicTrait_RoundTwo.1:PercentHealth@% of this unit's health.","On death, summon a Training Dummy equipped with the same items. It has @TFTTrait.TFT15_MechanicTrait_RoundTwo.1:PercentHealth@% of this unit's health.","[{""maxUnits"": 25000, ""minUnits"": 1, ""style"": 1, ""variables"": {""PercentHealth"": 60.0}}]"
Set 15,15,base,TFTSet15,16.4,TFT15_MechanicTrait_SoleFighter,S.O.L.E. Fighter,1,"If this champion is the only Soul Fighter fielded, it gains the benefits of Soul Fighter (4).","If this champion is the only Soul Fighter fielded, it gains the benefits of Soul Fighter (4).","[{""maxUnits"": 25000, ""minUnits"": 1, ""style"": 1, ""variables"": {}}]"
Set 15,15,base,TFTSet15,16.4,TFT15_MechanicTrait_Selfish,Selfish,1,Gain @TFTTrait.TFT15_MechanicTrait_Selfish.1:DR@% Durability. Heal for @TFTTrait.TFT15_MechanicTrait_Selfish.1:HealPct@% of damage dealt by all other allies.,Gain @TFTTrait.TFT15_MechanicTrait_Selfish.1:DR@% Durability. Heal for @TFTTrait.TFT15_MechanicTrait_Selfish.1:HealPct@% of damage dealt by all other allies.,"[{""maxUnits"": 25000, ""minUnits"": 1, ""style"": 1, ""variables"": {""DR"": 10.0, ""HealPct"": 5.0}}]"
Set 15,15,base,TFTSet15,16.4,TFT15_MechanicTrait_SeriousSlam,Serious Slam,1,The first attack on each enemy deals @TFTTrait.TFT15_MechanicTrait_SeriousSlam.1:AttackScale*100@% ((TFTBaseAD)) physical damage and Stuns for @TFTTrait.TFT15_MechanicTrait_SeriousSlam.1:KnockupDuration@ seconds.,The first attack on each enemy deals <physicalDamage>@TFTTrait.TFT15_MechanicTrait_SeriousSlam.1:AttackScale*100@% (%i:TFTBaseAD%)</physicalDamage> physical damage and <TFTKeyword>Stuns</TFTKeyword> for @TFTTrait.TFT15_MechanicTrait_SeriousSlam.1:KnockupDuration@ seconds.,"[{""maxUnits"": 25000, ""minUnits"": 1, ""style"": 1, ""variables"": {""AttackScale"": 2.0999999046325684, ""HealthScale"": null, ""KnockupDuration"": 1.0}}]"
Set 15,15,base,TFTSet15,16.4,TFT15_MechanicTrait_ShadowJutsu,Shadow Clone,1,Create a perfect copy of this champion with the same items equipped that deals @TFTTrait.TFT15_MechanicTrait_ShadowJutsu.1:DamagePercent*100@% damage and has @TFTTrait.TFT15_MechanicTrait_ShadowJutsu.1:HealthMod*100@% health.,Create a perfect copy of this champion with the same items equipped that deals @TFTTrait.TFT15_MechanicTrait_ShadowJutsu.1:DamagePercent*100@% damage and has @TFTTrait.TFT15_MechanicTrait_ShadowJutsu.1:HealthMod*100@% health.,"[{""maxUnits"": 25000, ""minUnits"": 1, ""style"": 1, ""variables"": {""DamagePercent"": 0.2199999988079071, ""HealthMod"": 0.5}}]"
Set 15,15,base,TFTSet15,16.4,TFT15_MechanicTrait_ShineBrighter,Shine Brighter,1,"Every other cast, Lux's spell explodes in a 2-hex radius, and deals @Percent*100@% more damage.","Every other cast, Lux's spell explodes in a 2-hex radius, and deals @Percent*100@% more damage.","[{""maxUnits"": 25000, ""minUnits"": 1, ""style"": 1, ""variables"": {""percent"": 0.30000001192092896}}]"
Set 15,15,base,TFTSet15,16.4,TFT15_MechanicTrait_Singularity,Singularity,1,"Become a @NumHexes@-hex singularity, dealing @PercentHealth*100@% ((scaleHealth)) as magic damage every second. When enemies die within the radius, gain @PermanentHealth@ permanent Health. (Total: @TFTUnitProperty.:TFT15_MechanicTrait_Singularity_Health@ (scaleHealth))","Become a @NumHexes@-hex singularity, dealing @PercentHealth*100@% (%i:scaleHealth%) as magic damage every second. When enemies die within the radius, gain @PermanentHealth@ permanent Health. (Total: @TFTUnitProperty.:TFT15_MechanicTrait_Singularity_Health@ %i:scaleHealth%)","[{""maxUnits"": 25000, ""minUnits"": 1, ""style"": 1, ""variables"": {""NumHexes"": 2, ""PercentHealth"": 0.009999999776482582, ""PermanentHealth"": 15}}]"
Set 15,15,base,TFTSet15,16.4,TFT15_MechanicTrait_SkyPiercer,Sky Piercer,1,Damage 30% Shreds and Sunders enemies for @Duration@ seconds. Deal @DamageAmp*100@% increased damage against Shredded and Sundered enemies.,Damage 30% Shreds and Sunders enemies for @Duration@ seconds. Deal @DamageAmp*100@% increased damage against Shredded and Sundered enemies.,"[{""maxUnits"": 1, ""minUnits"": 1, ""style"": 1, ""variables"": {""DamageAmp"": 0.05000000074505806, ""Duration"": 6}}]"
Set 15,15,base,TFTSet15,16.4,TFT15_MechanicTrait_SnaxTime,Snax Time,1,Braum's casts also throw @PoroNum@ Poros at random enemies. Each deals @DamagePercent*100@% of Braum's Basic Attack Damage as physical damage.This is safe for Poros. Braum is a professional.,Braum's casts also throw @PoroNum@ Poros at random enemies. Each deals @DamagePercent*100@% of Braum's Basic Attack Damage as physical damage.<br><br><rules>This is safe for Poros. Braum is a professional.</rules>,"[{""maxUnits"": 25000, ""minUnits"": 1, ""style"": 1, ""variables"": {""DamagePercent"": 2.0, ""PoroNum"": 5.0}}]"
Set 15,15,base,TFTSet15,16.4,TFT15_Sniper,Sniper,2|3|4|5,"Snipers gain Damage Amp, increased against targets farther away.(@MinUnits@) @PercentDamageIncrease@% (scaleDA); +@PerHexIncrease@% (scaleDA) per hex(@MinUnits@) @PercentDamageIncrease@% (scaleDA); +@PerHexIncrease@% (scaleDA) per hex(@MinUnits@) @PercentDamageIncrease@% (scaleDA); +@PerHexIncrease@% (scaleDA) per hex(@MinUnits@) @PercentDamageIncrease@% (scaleDA); +@PerHexIncrease@% (scaleDA) per hex","Snipers gain Damage Amp, increased against targets farther away.<br><br><row>(@MinUnits@) @PercentDamageIncrease@%&nbsp;%i:scaleDA%; +@PerHexIncrease@%&nbsp;%i:scaleDA% per hex</row><br><row>(@MinUnits@) @PercentDamageIncrease@%&nbsp;%i:scaleDA%; +@PerHexIncrease@%&nbsp;%i:scaleDA% per hex</row><br><row>(@MinUnits@) @PercentDamageIncrease@%&nbsp;%i:scaleDA%; +@PerHexIncrease@%&nbsp;%i:scaleDA% per hex</row><br><row>(@MinUnits@) @PercentDamageIncrease@%&nbsp;%i:scaleDA%; +@PerHexIncrease@%&nbsp;%i:scaleDA% per hex</row>","[{""maxUnits"": 2, ""minUnits"": 2, ""style"": 1, ""variables"": {""BonusHexRangeIncrease"": null, ""PerHexIncrease"": 3.0, ""PercentDamageIncrease"": 13.0}}, {""maxUnits"": 3, ""minUnits"": 3, ""style"": 3, ""variables"": {""BonusHexRangeIncrease"": null, ""PerHexIncrease"": 5.0, ""PercentDamageIncrease"": 18.0}}, {""maxUnits"": 4, ""minUnits"": 4, ""style"": 3, ""variables"": {""BonusHexRangeIncrease"": null, ""PerHexIncrease"": 7.0, ""PercentDamageIncrease"": 25.0}}, {""maxUnits"": 25000, ""minUnits"": 5, ""style"": 5, ""variables"": {""BonusHexRangeIncrease"": null, ""PerHexIncrease"": 10.0, ""PercentDamageIncrease"": 25.0}}]"
Set 15,15,base,TFTSet15,16.4,TFT15_MechanicTrait_Socialite,Socialite,1,Combat start: Mark adjacent hexes. Allies in marked hexes gain @DamageAmp*100@% Damage Amp and @Health@ Health. This champion gains @PercentIncrease*100@% of the bonus.,Combat start: Mark adjacent hexes. Allies in marked hexes gain @DamageAmp*100@% Damage Amp and @Health@ Health. This champion gains @PercentIncrease*100@% of the bonus.,"[{""maxUnits"": 25000, ""minUnits"": 1, ""style"": 1, ""variables"": {""DamageAmp"": 0.05999999865889549, ""Health"": 60, ""ManaPerSecond"": null, ""NumRounds"": 99, ""PercentIncrease"": 3.0}}]"
Set 15,15,base,TFTSet15,16.4,TFT15_MechanicTrait_SolarBreath,Solar Breath,1,"Every @ICD@ seconds, Burn and Wound the closest non-Burning enemy for @Duration@ seconds. Deal @DamageAmp*100@% more damage to Burning enemies.","Every @ICD@ seconds, Burn and Wound the closest non-Burning enemy for @Duration@ seconds. Deal @DamageAmp*100@% more damage to Burning enemies.","[{""maxUnits"": 1, ""minUnits"": 1, ""style"": 1, ""variables"": {""DamageAmp"": 0.10000000149011612, ""Duration"": 10, ""HexRange"": 12, ""ICD"": 2.0}}]"
Set 15,15,base,TFTSet15,16.4,TFT15_Spellslinger,Sorcerer,2|4|6,"Sorcerers gain bonus Ability Power.When an enemy dies after being damaged by a Sorcerer, they deal a percentage of that enemy's maximum Health to another enemy.(@MinUnits@) @AbilityPower@% (scaleAP); @HealthPct*100@% max (scaleHealth)(@MinUnits@) @AbilityPower@% (scaleAP); @HealthPct*100@% max (scaleHealth)(@MinUnits@) @AbilityPower@% (scaleAP); @HealthPct*100@% max (scaleHealth) to @TargetNum@ enemies","Sorcerers gain bonus Ability Power.<br><br>When an enemy dies after being damaged by a Sorcerer, they deal a percentage of that enemy's maximum Health to another enemy.<br><br><row>(@MinUnits@) @AbilityPower@% %i:scaleAP%; @HealthPct*100@% max %i:scaleHealth%</row><br><row>(@MinUnits@) @AbilityPower@% %i:scaleAP%; @HealthPct*100@% max %i:scaleHealth%</row><br><row>(@MinUnits@) @AbilityPower@% %i:scaleAP%; @HealthPct*100@% max %i:scaleHealth% to @TargetNum@ enemies</row>","[{""maxUnits"": 3, ""minUnits"": 2, ""style"": 1, ""variables"": {""AbilityPower"": 20, ""HealthPct"": 0.07999999821186066, ""TargetNum"": 1, ""{a34f32df}"": 3}}, {""maxUnits"": 5, ""minUnits"": 4, ""style"": 3, ""variables"": {""AbilityPower"": 55, ""HealthPct"": 0.10000000149011612, ""TargetNum"": 1, ""{a34f32df}"": 3}}, {""maxUnits"": 25000, ""minUnits"": 6, ""style"": 5, ""variables"": {""AbilityPower"": 80, ""HealthPct"": 0.11999999731779099, ""TargetNum"": 2, ""{a34f32df}"": 3}}]"
Set 15,15,base,TFTSet15,16.4,TFT15_MechanicTrait_SoulChipper,Soul Chipper,1,Dealing magic damage reduces Magic Resistance by @MagicResistReduce@ for the rest of combat.,Dealing magic damage reduces Magic Resistance by @MagicResistReduce@ for the rest of combat.,"[{""maxUnits"": 25000, ""minUnits"": 1, ""style"": 1, ""variables"": {""MagicResistReduce"": 5.0}}]"
Set 15,15,base,TFTSet15,16.4,TFT15_SoulFighter,Soul Fighter,2|4|6|8|8,"Soul Fighters gain bonus Health, and gain Attack Damage and Ability Power every second up to @MaxStacks@ stacks. At max stacks deal bonus true damage.Prismatic: Field 8, then win @PlayerDamageToPrismatic@ combats.Prismatic: Defeat @PlayerDamageToPrismatic@ players in combat. (@TFTUnitProperty.trait:TFT15_SoulFighter_PlayerDamageDealt@)MAXIMUM SOUL POWER.(@MinUnits@) @FlatHealth@ (scaleHealth), @StatsPerSecond*100@% (scaleAD)(scaleAP), +@BonusTrueDamage*100@% damage(@MinUnits@) @FlatHealth@ (scaleHealth), @StatsPerSecond*100@% (scaleAD)(scaleAP), +@BonusTrueDamage*100@% damage(@MinUnits@) @FlatHealth@ (scaleHealth), @StatsPerSecond*100@% (scaleAD)(scaleAP), +@BonusTrueDamage*100@% damage(@MinUnits@) @FlatHealth@ (scaleHealth), @StatsPerSecond*100@% (scaleAD)(scaleAP), +@BonusTrueDamage*100@% damage","Soul Fighters gain bonus Health, and gain Attack Damage and Ability Power every second up to @MaxStacks@ stacks. At max stacks deal bonus true damage.<br><ShowIf.TFT15_SoulFighter_NoPrismatic><br><rules>Prismatic: Field 8, then win @PlayerDamageToPrismatic@ combats.</rules><br></ShowIf.TFT15_SoulFighter_NoPrismatic><ShowIf.TFT15_SoulFighter_PrismaticPending><br><TFTRadiantItemBonus>Prismatic:</TFTRadiantItemBonus> Defeat @PlayerDamageToPrismatic@ players in combat. (@TFTUnitProperty.trait:TFT15_SoulFighter_PlayerDamageDealt@)<br></ShowIf.TFT15_SoulFighter_PrismaticPending><ShowIf.TFT15_SoulFighter_PrismaticActive><br><TFTRadiantItemBonus>MAXIMUM SOUL POWER.<br></TFTRadiantItemBonus></ShowIf.TFT15_SoulFighter_PrismaticActive><br><row>(@MinUnits@) @FlatHealth@&nbsp;%i:scaleHealth%, @StatsPerSecond*100@%&nbsp;%i:scaleAD%%i:scaleAP%, +@BonusTrueDamage*100@% damage</row><br><row>(@MinUnits@) @FlatHealth@&nbsp;%i:scaleHealth%, @StatsPerSecond*100@%&nbsp;%i:scaleAD%%i:scaleAP%, +@BonusTrueDamage*100@% damage</row><br><row>(@MinUnits@) @FlatHealth@&nbsp;%i:scaleHealth%, @StatsPerSecond*100@%&nbsp;%i:scaleAD%%i:scaleAP%, +@BonusTrueDamage*100@% damage</row><br><row>(@MinUnits@) @FlatHealth@&nbsp;%i:scaleHealth%, @StatsPerSecond*100@%&nbsp;%i:scaleAD%%i:scaleAP%, +@BonusTrueDamage*100@% damage</row>","[{""maxUnits"": 3, ""minUnits"": 2, ""style"": 1, ""variables"": {""BonusTrueDamage"": 0.10000000149011612, ""FlatHealth"": 120.0, ""MaxStacks"": 8.0, ""PlayerDamageToPrismatic"": 10, ""StatsPerSecond"": 0.009999999776482582}}, {""maxUnits"": 5, ""minUnits"": 4, ""style"": 3, ""variables"": {""BonusTrueDamage"": 0.1599999964237213, ""FlatHealth"": 240.0, ""MaxStacks"": 8.0, ""PlayerDamageToPrismatic"": 10, ""StatsPerSecond"": 0.02500000037252903}}, {""maxUnits"": 7, ""minUnits"": 6, ""style"": 3, ""variables"": {""BonusTrueDamage"": 0.2199999988079071, ""FlatHealth"": 425.0, ""MaxStacks"": 8.0, ""PlayerDamageToPrismatic"": 10, ""StatsPerSecond"": 0.03999999910593033}}, {""maxUnits"": 25000, ""minUnits"": 8, ""style"": 5, ""variables"": {""BonusTrueDamage"": 0.2800000011920929, ""FlatHealth"": 600.0, ""MaxStacks"": 8.0, ""PlayerDamageToPrismatic"": 10, ""StatsPerSecond"": 0.03999999910593033}}, {""maxUnits"": 25000, ""minUnits"": 8, ""style"": 6, ""variables"": {""BonusTrueDamage"": 0.30000001192092896, ""FlatHealth"": 700.0, ""MaxStacks"": 8.0, ""PlayerDamageToPrismatic"": 10, ""StatsPerSecond"": 0.03999999910593033}}]"
Set 15,15,base,TFTSet15,16.4,TFT15_MechanicTrait_AcePilot,Space Ace,1,Damage this champion deals contributes @Percent*100@% more towards launching rockets from The Crew's ship.,Damage this champion deals contributes @Percent*100@% more towards launching rockets from The Crew's ship.,"[{""maxUnits"": 25000, ""minUnits"": 1, ""style"": 1, ""variables"": {""percent"": 0.75}}]"
Set 15,15,base,TFTSet15,16.4,TFT15_MechanicTrait_SpikyShell,Spiky Shell,1,Gain @Armor@ Armor. Enemies attacking this champion take @Damage@ + @DamagePerStage@ per stage physical damage. (@ICD@ second cooldown per attacker),Gain @Armor@ Armor. Enemies attacking this champion take @Damage@ + @DamagePerStage@ per stage physical damage. (@ICD@ second cooldown per attacker),"[{""maxUnits"": 25000, ""minUnits"": 1, ""style"": 1, ""variables"": {""Armor"": 40.0, ""Damage"": 25.0, ""DamagePerStage"": 8.0, ""ICD"": 1.0}}]"
Set 15,15,base,TFTSet15,16.4,TFT15_MechanicTrait_SpiritSword,Spirit Sword,1,Gain @CritChance*100@% Critical Strike Chance. Attacks that critically strike deal @TFTTrait.TFT15_MechanicTrait_SpiritSword.1:BonusMagicDamage@% bonus magic damage.,Gain @CritChance*100@% Critical Strike Chance. Attacks that critically strike deal @TFTTrait.TFT15_MechanicTrait_SpiritSword.1:BonusMagicDamage@% bonus magic damage.,"[{""maxUnits"": 25000, ""minUnits"": 1, ""style"": 1, ""variables"": {""BonusMagicDamage"": 30.0, ""CritChance"": 0.20000000298023224}}]"
Set 15,15,base,TFTSet15,16.4,TFT15_MechanicTrait_StalkingDart,Stalking Dart,1,"Every 10 Mana Ahri gains fires a foxfire dart towards her target, dealing @PercentDamage*100@% of her spell's damage as magic damage.","Every 10 Mana Ahri gains fires a foxfire dart towards her target, dealing @PercentDamage*100@% of her spell's damage as magic damage.","[{""maxUnits"": 25000, ""minUnits"": 1, ""style"": 1, ""variables"": {""PercentDamage"": 0.07500000298023224}}]"
Set 15,15,base,TFTSet15,16.4,TFT15_DragonFist,Stance Master,1,"When you field Lee Sin, choose between Duelist Stance, Executioner Stance, and Juggernaut Stance! Each stance has a unique ability, and grants Lee Sin the associated trait.","When you field Lee Sin, choose between Duelist Stance, Executioner Stance, and Juggernaut Stance! Each stance has a unique ability, and grants Lee Sin the associated trait.","[{""maxUnits"": 25000, ""minUnits"": 1, ""style"": 4, ""variables"": {""{4ac719b4}"": 8.0}}]"
Set 15,15,base,TFTSet15,16.4,TFT15_MechanicTrait_StandStrong,Stand Alone,1,"If this champion starts combat alone in its row, gain @TFTTrait.TFT15_MechanicTrait_StandStrong.1:HealthRatio*100@% Health.","If this champion starts combat alone in its row, gain @TFTTrait.TFT15_MechanicTrait_StandStrong.1:HealthRatio*100@% Health.","[{""maxUnits"": 25000, ""minUnits"": 1, ""style"": 1, ""variables"": {""HealthRatio"": 0.30000001192092896}}]"
Set 15,15,base,TFTSet15,16.4,TFT15_MechanicTrait_StandUnited,Stand United,1,Shen's ability also shields the lowest health ally for @ShieldPercent*100@% of his shield and gains @MagicResist@ stacking Magic Resist on cast.,Shen's ability also shields the lowest health ally for @ShieldPercent*100@% of his shield and gains @MagicResist@ stacking Magic Resist on cast.,"[{""maxUnits"": 25000, ""minUnits"": 1, ""style"": 1, ""variables"": {""MagicResist"": 25, ""ShieldPercent"": 0.5}}]"
Set 15,15,base,TFTSet15,16.4,TFT15_StarGuardian,Star Guardian,2|3|4|5|6|7|8|8|9|9|10|10,"Star Guardians have a unique Teamwork bonus that is granted to all Star Guardians. Every Star Guardian fielded increases the bonus!Prismatic: Field 8, then spend @ManaToPrismatic@ mana.Prismatic: Spend @ManaToPrismatic@ mana (@TFTUnitProperty.trait:TFT15_StarGuardian_ManaSpent@)THE STARS AWAKEN.Rell: Gain @TFTUnitProperty.trait:TFT15_StarGuardian_RellValue@ shieldRell: Gain shieldsSyndra: Gain @TFTUnitProperty.trait:TFT15_StarGuardian_SyndraValue@% Ability Power every @SyndraTimer@ secondsSyndra: Gain Ability PowerXayah: Every 3rd attack deals @TFTUnitProperty.trait:TFT15_StarGuardian_XayahValue@ (increases per stage) magic damageXayah: Magic damage on attackAhri: After casting, gain @TFTUnitProperty.trait:TFT15_StarGuardian_AhriValue@ Mana over @AhriDuration@ secondsAhri: On cast, gain ManaNeeko: +@TFTUnitProperty.trait:TFT15_StarGuardian_NeekoValue@% healing and shieldingNeeko: Increase heals & shieldsPoppy: At 40% Health, heal @TFTUnitProperty.trait:TFT15_StarGuardian_PoppyValue@% (scaleHealth)Poppy: Heal at low HealthJinx: +@TFTUnitProperty.trait:TFT15_StarGuardian_JinxValue@% Attack Speed. +@TFTUnitProperty.trait:TFT15_StarGuardian_JinxBonusASValue@% (scaleAS) after takedowns, decaying over 3sJinx: Gain Attack SpeedSeraphine: Gain @TFTUnitProperty.trait:TFT15_StarGuardian_SeraphineValue@ (scaleArmor)(scaleMR)(scaleHealth) and @TFTUnitProperty.trait:TFT15_StarGuardian_SeraphineValue@% (scaleAD)(scaleAS)(scaleCrit)(scaleCritMult)Seraphine: Gain every statEmblem: Increase bonuses by @EmblemBonus*100@%!Emblem: Increase other bonuses","Star Guardians have a unique Teamwork bonus that is granted to all Star Guardians. Every Star Guardian fielded increases the bonus!<ShowIf.TFT15_StarGuardian_NoPrismatic><br><br><rules>Prismatic: Field 8, then spend @ManaToPrismatic@ mana.</rules></ShowIf.TFT15_StarGuardian_NoPrismatic><ShowIf.TFT15_StarGuardian_PrismaticPending><br><br><TFTRadiantItemBonus>Prismatic:</TFTRadiantItemBonus> Spend @ManaToPrismatic@ mana (@TFTUnitProperty.trait:TFT15_StarGuardian_ManaSpent@)</ShowIf.TFT15_StarGuardian_PrismaticPending><ShowIf.TFT15_StarGuardian_PrismaticActive><br><br><TFTRadiantItemBonus>THE STARS AWAKEN.</TFTRadiantItemBonus></ShowIf.TFT15_StarGuardian_PrismaticActive><br><br><ShowIf.TFT15_StarGuardian_HasRell><status>Rell:</status> Gain @TFTUnitProperty.trait:TFT15_StarGuardian_RellValue@ shield</ShowIf.TFT15_StarGuardian_HasRell><ShowIfNot.TFT15_StarGuardian_HasRell><TFTGuildInactive>Rell: Gain shields</TFTGuildInactive></ShowIfNot.TFT15_StarGuardian_HasRell><br><ShowIf.TFT15_StarGuardian_HasSyndra><status>Syndra:</status> Gain @TFTUnitProperty.trait:TFT15_StarGuardian_SyndraValue@% Ability Power every @SyndraTimer@ seconds</ShowIf.TFT15_StarGuardian_HasSyndra><ShowIfNot.TFT15_StarGuardian_HasSyndra><TFTGuildInactive>Syndra: Gain Ability Power</TFTGuildInactive></ShowIfNot.TFT15_StarGuardian_HasSyndra><br><ShowIf.TFT15_StarGuardian_HasXayah><status>Xayah:</status> Every 3rd attack deals <magicDamage>@TFTUnitProperty.trait:TFT15_StarGuardian_XayahValue@ (increases per stage)</magicDamage> magic damage</ShowIf.TFT15_StarGuardian_HasXayah><ShowIfNot.TFT15_StarGuardian_HasXayah><TFTGuildInactive>Xayah: Magic damage on attack</TFTGuildInactive></ShowIfNot.TFT15_StarGuardian_HasXayah><br><ShowIf.TFT15_StarGuardian_HasAhri><status>Ahri:</status> After casting, gain @TFTUnitProperty.trait:TFT15_StarGuardian_AhriValue@ Mana over @AhriDuration@ seconds</ShowIf.TFT15_StarGuardian_HasAhri><ShowIfNot.TFT15_StarGuardian_HasAhri><TFTGuildInactive>Ahri: On cast, gain Mana</TFTGuildInactive></ShowIfNot.TFT15_StarGuardian_HasAhri><br><ShowIf.TFT15_StarGuardian_HasNeeko><status>Neeko:</status> +@TFTUnitProperty.trait:TFT15_StarGuardian_NeekoValue@% healing and shielding</ShowIf.TFT15_StarGuardian_HasNeeko><ShowIfNot.TFT15_StarGuardian_HasNeeko><TFTGuildInactive>Neeko: Increase heals & shields</TFTGuildInactive></ShowIfNot.TFT15_StarGuardian_HasNeeko><br><ShowIf.TFT15_StarGuardian_HasPoppy><status>Poppy:</status> At 40% Health, heal @TFTUnitProperty.trait:TFT15_StarGuardian_PoppyValue@% %i:scaleHealth%</ShowIf.TFT15_StarGuardian_HasPoppy><ShowIfNot.TFT15_StarGuardian_HasPoppy><TFTGuildInactive>Poppy: Heal at low Health</TFTGuildInactive></ShowIfNot.TFT15_StarGuardian_HasPoppy><br><ShowIf.TFT15_StarGuardian_HasJinx><status>Jinx:</status> +@TFTUnitProperty.trait:TFT15_StarGuardian_JinxValue@% Attack Speed. +@TFTUnitProperty.trait:TFT15_StarGuardian_JinxBonusASValue@% %i:scaleAS% after takedowns, decaying over 3s</ShowIf.TFT15_StarGuardian_HasJinx><ShowIfNot.TFT15_StarGuardian_HasJinx><TFTGuildInactive>Jinx: Gain Attack Speed</TFTGuildInactive></ShowIfNot.TFT15_StarGuardian_HasJinx><br><ShowIf.TFT15_StarGuardian_HasSeraphine><status>Seraphine:</status> Gain @TFTUnitProperty.trait:TFT15_StarGuardian_SeraphineValue@ %i:scaleArmor%%i:scaleMR%%i:scaleHealth% and @TFTUnitProperty.trait:TFT15_StarGuardian_SeraphineValue@% %i:scaleAD%%i:scaleAS%%i:scaleCrit%%i:scaleCritMult%</ShowIf.TFT15_StarGuardian_HasSeraphine><ShowIfNot.TFT15_StarGuardian_HasSeraphine><TFTGuildInactive>Seraphine: Gain every stat</TFTGuildInactive></ShowIfNot.TFT15_StarGuardian_HasSeraphine><br><ShowIf.TFT15_StarGuardian_HasEmblem><status>Emblem:</status> Increase bonuses by @EmblemBonus*100@%!</ShowIf.TFT15_StarGuardian_HasEmblem><ShowIfNot.TFT15_StarGuardian_HasEmblem><TFTGuildInactive>Emblem: Increase other bonuses</TFTGuildInactive></ShowIfNot.TFT15_StarGuardian_HasEmblem>","[{""maxUnits"": 2, ""minUnits"": 2, ""style"": 1, ""variables"": {""AhriDuration"": 2.0, ""EmblemBonus"": 0.10000000149011612, ""ManaToPrismatic"": 16000.0, ""Multiplier"": 1.0, ""SyndraTimer"": 3.0, ""{02914815}"": 0.11999999731779099, ""{05ce3a8e}"": 5.0, ""{1bb9c993}"": 60.0, ""{39509739}"": 0.05000000074505806, ""{40cdc45f}"": 2.0, ""{53e50c19}"": 0.07999999821186066, ""{5416a34e}"": 50, ""{664e2968}"": null, ""{7dbabf3e}"": 240, ""{89a442d6}"": null, ""{98cfb4a4}"": 750.0, ""{99ff11e5}"": 6.0, ""{9db0387d}"": 0.20000000298023224, ""{a085bd04}"": 500, ""{ca26eef7}"": 0.18000000715255737}}, {""maxUnits"": 3, ""minUnits"": 3, ""style"": 3, ""variables"": {""AhriDuration"": 2.0, ""EmblemBonus"": 0.10000000149011612, ""ManaToPrismatic"": 16000.0, ""Multiplier"": 1.0499999523162842, ""SyndraTimer"": 3.0, ""{02914815}"": 0.11999999731779099, ""{05ce3a8e}"": 5.0, ""{1bb9c993}"": 60.0, ""{39509739}"": 0.05000000074505806, ""{40cdc45f}"": 2.0, ""{53e50c19}"": 0.07999999821186066, ""{5416a34e}"": 50, ""{664e2968}"": null, ""{7dbabf3e}"": 240, ""{89a442d6}"": null, ""{98cfb4a4}"": 750.0, ""{99ff11e5}"": 6.0, ""{9db0387d}"": 0.20000000298023224, ""{a085bd04}"": 500, ""{ca26eef7}"": 0.18000000715255737}}, {""maxUnits"": 4, ""minUnits"": 4, ""style"": 3, ""variables"": {""AhriDuration"": 2.0, ""EmblemBonus"": 0.10000000149011612, ""ManaToPrismatic"": 16000.0, ""Multiplier"": 1.100000023841858, ""SyndraTimer"": 3.0, ""{02914815}"": 0.11999999731779099, ""{05ce3a8e}"": 5.0, ""{1bb9c993}"": 60.0, ""{39509739}"": 0.05000000074505806, ""{40cdc45f}"": 2.0, ""{53e50c19}"": 0.07999999821186066, ""{5416a34e}"": 50, ""{664e2968}"": null, ""{7dbabf3e}"": 240, ""{89a442d6}"": null, ""{98cfb4a4}"": 750.0, ""{99ff11e5}"": 6.0, ""{9db0387d}"": 0.20000000298023224, ""{a085bd04}"": 500, ""{ca26eef7}"": 0.18000000715255737}}, {""maxUnits"": 5, ""minUnits"": 5, ""style"": 3, ""variables"": {""AhriDuration"": 2.0, ""EmblemBonus"": 0.10000000149011612, ""ManaToPrismatic"": 16000.0, ""Multiplier"": 1.1200000047683716, ""SyndraTimer"": 3.0, ""{02914815}"": 0.11999999731779099, ""{05ce3a8e}"": 5.0, ""{1bb9c993}"": 60.0, ""{39509739}"": 0.05000000074505806, ""{40cdc45f}"": 2.0, ""{53e50c19}"": 0.07999999821186066, ""{5416a34e}"": 50, ""{664e2968}"": null, ""{7dbabf3e}"": 240, ""{89a442d6}"": null, ""{98cfb4a4}"": 750.0, ""{99ff11e5}"": 6.0, ""{9db0387d}"": 0.20000000298023224, ""{a085bd04}"": 500, ""{ca26eef7}"": 0.18000000715255737}}, {""maxUnits"": 6, ""minUnits"": 6, ""style"": 5, ""variables"": {""AhriDuration"": 2.0, ""EmblemBonus"": 0.10000000149011612, ""ManaToPrismatic"": 16000.0, ""Multiplier"": 1.1399999856948853, ""SyndraTimer"": 3.0, ""{02914815}"": 0.11999999731779099, ""{05ce3a8e}"": 5.0, ""{1bb9c993}"": 60.0, ""{39509739}"": 0.05000000074505806, ""{40cdc45f}"": 2.0, ""{53e50c19}"": 0.07999999821186066, ""{5416a34e}"": 50, ""{664e2968}"": null, ""{7dbabf3e}"": 240, ""{89a442d6}"": null, ""{98cfb4a4}"": 750.0, ""{99ff11e5}"": 6.0, ""{9db0387d}"": 0.20000000298023224, ""{a085bd04}"": 500, ""{ca26eef7}"": 0.18000000715255737}}, {""maxUnits"": 7, ""minUnits"": 7, ""style"": 5, ""variables"": {""AhriDuration"": 2.0, ""EmblemBonus"": 0.10000000149011612, ""ManaToPrismatic"": 16000.0, ""Multiplier"": 1.159999966621399, ""SyndraTimer"": 3.0, ""{02914815}"": 0.11999999731779099, ""{05ce3a8e}"": 5.0, ""{1bb9c993}"": 60.0, ""{39509739}"": 0.05000000074505806, ""{40cdc45f}"": 2.0, ""{53e50c19}"": 0.07999999821186066, ""{5416a34e}"": 50, ""{664e2968}"": null, ""{7dbabf3e}"": 240, ""{89a442d6}"": null, ""{98cfb4a4}"": 750.0, ""{99ff11e5}"": 6.0, ""{9db0387d}"": 0.20000000298023224, ""{a085bd04}"": 500, ""{ca26eef7}"": 0.18000000715255737}}, {""maxUnits"": 8, ""minUnits"": 8, ""style"": 5, ""variables"": {""AhriDuration"": 2.0, ""EmblemBonus"": 0.10000000149011612, ""ManaToPrismatic"": 16000.0, ""Multiplier"": 1.1799999475479126, ""SyndraTimer"": 3.0, ""{02914815}"": 0.11999999731779099, ""{05ce3a8e}"": 5.0, ""{1bb9c993}"": 60.0, ""{39509739}"": 0.05000000074505806, ""{40cdc45f}"": 2.0, ""{53e50c19}"": 0.07999999821186066, ""{5416a34e}"": 50, ""{664e2968}"": null, ""{7dbabf3e}"": 240, ""{89a442d6}"": null, ""{98cfb4a4}"": 750.0, ""{99ff11e5}"": 6.0, ""{9db0387d}"": 0.20000000298023224, ""{a085bd04}"": 500, ""{ca26eef7}"": 0.18000000715255737}}, {""maxUnits"": 8, ""minUnits"": 8, ""style"": 6, ""variables"": {""AhriDuration"": 2.0, ""EmblemBonus"": 0.10000000149011612, ""ManaToPrismatic"": 16000.0, ""Multiplier"": 1.1799999475479126, ""SyndraTimer"": 3.0, ""{02914815}"": 0.11999999731779099, ""{05ce3a8e}"": 5.0, ""{1bb9c993}"": 60.0, ""{39509739}"": 0.05000000074505806, ""{40cdc45f}"": 2.0, ""{53e50c19}"": 0.07999999821186066, ""{5416a34e}"": 50, ""{664e2968}"": null, ""{7dbabf3e}"": 240, ""{89a442d6}"": null, ""{98cfb4a4}"": 750.0, ""{99ff11e5}"": 6.0, ""{9db0387d}"": 0.20000000298023224, ""{a085bd04}"": 500, ""{ca26eef7}"": 0.18000000715255737}}, {""maxUnits"": 9, ""minUnits"": 9, ""style"": 5, ""variables"": {""AhriDuration"": 2.0, ""EmblemBonus"": 0.10000000149011612, ""ManaToPrismatic"": 16000.0, ""Multiplier"": 1.2000000476837158, ""SyndraTimer"": 3.0, ""{02914815}"": 0.11999999731779099, ""{05ce3a8e}"": 5.0, ""{1bb9c993}"": 60.0, ""{39509739}"": 0.05000000074505806, ""{40cdc45f}"": 2.0, ""{53e50c19}"": 0.07999999821186066, ""{5416a34e}"": 50, ""{664e2968}"": null, ""{7dbabf3e}"": 240, ""{89a442d6}"": null, ""{98cfb4a4}"": 750.0, ""{99ff11e5}"": 6.0, ""{9db0387d}"": 0.20000000298023224, ""{a085bd04}"": 500, ""{ca26eef7}"": 0.18000000715255737}}, {""maxUnits"": 9, ""minUnits"": 9, ""style"": 6, ""variables"": {""AhriDuration"": 2.0, ""EmblemBonus"": 0.10000000149011612, ""ManaToPrismatic"": 16000.0, ""Multiplier"": 1.2000000476837158, ""SyndraTimer"": 3.0, ""{02914815}"": 0.11999999731779099, ""{05ce3a8e}"": 5.0, ""{1bb9c993}"": 60.0, ""{39509739}"": 0.05000000074505806, ""{40cdc45f}"": 2.0, ""{53e50c19}"": 0.07999999821186066, ""{5416a34e}"": 50, ""{664e2968}"": null, ""{7dbabf3e}"": 240, ""{89a442d6}"": null, ""{98cfb4a4}"": 750.0, ""{99ff11e5}"": 6.0, ""{9db0387d}"": 0.20000000298023224, ""{a085bd04}"": 500, ""{ca26eef7}"": 0.18000000715255737}}, {""maxUnits"": 25000, ""minUnits"": 10, ""style"": 5, ""variables"": {""AhriDuration"": 2.0, ""EmblemBonus"": 0.10000000149011612, ""ManaToPrismatic"": 16000.0, ""Multiplier"": 1.5, ""SyndraTimer"": 3.0, ""{02914815}"": 0.11999999731779099, ""{05ce3a8e}"": 5.0, ""{1bb9c993}"": 60.0, ""{39509739}"": 0.05000000074505806, ""{40cdc45f}"": 2.0, ""{53e50c19}"": 0.07999999821186066, ""{5416a34e}"": 50, ""{664e2968}"": null, ""{7dbabf3e}"": 240, ""{89a442d6}"": null, ""{98cfb4a4}"": 750.0, ""{99ff11e5}"": 6.0, ""{9db0387d}"": 0.20000000298023224, ""{a085bd04}"": 500, ""{ca26eef7}"": 0.18000000715255737}}, {""maxUnits"": 25000, ""minUnits"": 10, ""style"": 6, ""variables"": {""AhriDuration"": 2.0, ""EmblemBonus"": 0.10000000149011612, ""ManaToPrismatic"": 16000.0, ""Multiplier"": 2.0, ""SyndraTimer"": 3.0, ""{02914815}"": 0.11999999731779099, ""{05ce3a8e}"": 5.0, ""{1bb9c993}"": 60.0, ""{39509739}"": 0.05000000074505806, ""{40cdc45f}"": 2.0, ""{53e50c19}"": 0.07999999821186066, ""{5416a34e}"": 50, ""{664e2968}"": null, ""{7dbabf3e}"": 240, ""{89a442d6}"": null, ""{98cfb4a4}"": 750.0, ""{99ff11e5}"": 6.0, ""{9db0387d}"": 0.20000000298023224, ""{a085bd04}"": 500, ""{ca26eef7}"": 0.18000000715255737}}]"
Set 15,15,base,TFTSet15,16.4,TFT15_MechanicTrait_StarSailor,Star Sailor,1|2,(@MinUnits@) Gain @StatIncrease*100@% increased bonuses from Star Guardian.(@MinUnits@) And heal the other Star Sailor for @HealingPercent*100@% of damage dealt.,<row>(@MinUnits@) Gain @StatIncrease*100@% increased bonuses from Star Guardian.</row><br><row>(@MinUnits@) And heal the other Star Sailor for @HealingPercent*100@% of damage dealt.</row>,"[{""maxUnits"": 1, ""minUnits"": 1, ""style"": 1, ""variables"": {""HealingPercent"": null, ""StatIncrease"": 0.33000001311302185}}, {""maxUnits"": 25000, ""minUnits"": 2, ""style"": 1, ""variables"": {""HealingPercent"": 0.15000000596046448, ""StatIncrease"": 0.25}}]"
Set 15,15,base,TFTSet15,16.4,TFT15_MechanicTrait_StarStudent,Star Student,1|2,"(@MinUnits@) Gain @BaseHealth@ Health and +@PctAdditionalPotential@% Potential (set14AmpIcon)(@MinUnits@) Gain @BaseXP@ XP per round, and another @XPPerSurvival@ for each surviving Star Student.","<row>(@MinUnits@) Gain @BaseHealth@ Health and +@PctAdditionalPotential@% Potential %i:set14AmpIcon%</row><br><row>(@MinUnits@) Gain @BaseXP@ XP per round, and another @XPPerSurvival@ for each surviving Star Student.</row>","[{""maxUnits"": 1, ""minUnits"": 1, ""style"": 1, ""variables"": {""BaseHealth"": 200.0, ""PctAdditionalPotential"": 40}}, {""maxUnits"": 25000, ""minUnits"": 2, ""style"": 1, ""variables"": {""BaseHealth"": 200.0, ""BaseXP"": 1, ""PctAdditionalPotential"": 40, ""XPPerSurvival"": 1}}]"
Set 15,15,base,TFTSet15,16.4,TFT15_MechanicTrait_StarryKnight,Starry Knight,1,"Gain @Health*100@% Health and @AP@% Ability Power for every 1-cost fielded, doubled if they're 3-star.","Gain @Health*100@% Health and @AP@% Ability Power for every 1-cost fielded, doubled if they're 3-star.","[{""maxUnits"": 1, ""minUnits"": 1, ""style"": 1, ""variables"": {""AP"": 10.0, ""Health"": 0.07000000029802322, ""Mult"": 2.0}}]"
Set 15,15,base,TFTSet15,16.4,TFT15_MechanicTrait_ChaosStorm,Storm Bender,1|2,(@MinUnits@) Summon a storm that echoes @PercentDamageEcho*100@% of damage dealt as magic damage. (@MinUnits@) Both champions contribute damage. The storm is bigger.,<row>(@MinUnits@) Summon a storm that echoes @PercentDamageEcho*100@% of damage dealt as magic damage.</row> <br><row>(@MinUnits@) Both champions contribute damage. The storm is bigger.</row>,"[{""maxUnits"": 1, ""minUnits"": 1, ""style"": 1, ""variables"": {""PercentDamageEcho"": 0.2199999988079071, ""{44d79b6f}"": 8, ""{e202a897}"": 1, ""{e9e2b861}"": 2}}, {""maxUnits"": 25000, ""minUnits"": 2, ""style"": 1, ""variables"": {""PercentDamageEcho"": 0.25, ""{44d79b6f}"": 10, ""{e202a897}"": 1, ""{e9e2b861}"": 2}}]"
Set 15,15,base,TFTSet15,16.4,TFT15_Strategist,Strategist,2|3|4|5,"Combat Start: Allies in the front 2 rows gain a shield for @ShieldDuration@ seconds. Allies in the back 2 rows gain Damage Amp. Strategists gain triple.
(2) 150 Shield; 4% (scaleDA)
(3) 200 Shield; 6% (scaleDA)
(4) 300 Shield; 10% (scaleDA)
(5) 400 Shield; 14% (scaleDA)",Combat Start: Allies in the front 2 rows gain a shield for @ShieldDuration@ seconds. Allies in the back 2 rows gain Damage Amp. Strategists gain triple.<br><br><expandRow>(@MinUnits@) @Shield@ Shield; @DamageAmp@% %i:scaleDA%</expandRow>,"[{""maxUnits"": 2, ""minUnits"": 2, ""style"": 1, ""variables"": {""DamageAmp"": 4, ""Shield"": 150, ""ShieldDuration"": 15.0}}, {""maxUnits"": 3, ""minUnits"": 3, ""style"": 3, ""variables"": {""DamageAmp"": 6, ""Shield"": 200, ""ShieldDuration"": 15.0}}, {""maxUnits"": 4, ""minUnits"": 4, ""style"": 5, ""variables"": {""DamageAmp"": 10, ""Shield"": 300, ""ShieldDuration"": 15.0}}, {""maxUnits"": 25000, ""minUnits"": 5, ""style"": 5, ""variables"": {""DamageAmp"": 14, ""Shield"": 400, ""ShieldDuration"": 15.0}}]"
Set 15,15,base,TFTSet15,16.4,TFT15_MechanicTrait_StretchyArms,Stretchy Arms,1,"Gain @BaseAS*100@% Attack Speed. On takedown, gain +1 Attack Range.","Gain @BaseAS*100@% Attack Speed. On takedown, gain +1 Attack Range.","[{""maxUnits"": 25000, ""minUnits"": 1, ""style"": 1, ""variables"": {""BaseAS"": 0.10000000149011612}}]"
Set 15,15,base,TFTSet15,16.4,TFT15_MechanicTrait_StrongSpark,Strong Spark,1,"Every @Cadence@ seconds, zap the closest enemy for @Damage*100@% of their max Health as magic damage. Whenever an enemy is Stunned by any source, zap them.","Every @Cadence@ seconds, zap the closest enemy for @Damage*100@% of their max Health as magic damage. Whenever an enemy is <TFTKeyword>Stunned</TFTKeyword> by any source, zap them.","[{""maxUnits"": 25000, ""minUnits"": 1, ""style"": 1, ""variables"": {""Cadence"": 3.0, ""Damage"": 0.10999999940395355}}]"
Set 15,15,base,TFTSet15,16.4,TFT15_MechanicTrait_SuperGenius,Super Genius,1,Every @Cadence@ seconds gain Ability Power equal to your Mana Regen.,Every @Cadence@ seconds gain Ability Power equal to your Mana Regen.,"[{""maxUnits"": 25000, ""minUnits"": 1, ""style"": 1, ""variables"": {""Cadence"": 2.0}}]"
Set 15,15,base,TFTSet15,16.4,TFT15_MechanicTrait_SuperMega,Super Mega,1,"Jinx gains @AD*100@% Attack Damage. Every 3rd cast is twice as big, and splits @SplitDamageIncrease*100@% more damage among enemies hit.","Jinx gains @AD*100@% Attack Damage. Every 3rd cast is twice as big, and splits @SplitDamageIncrease*100@% more damage among enemies hit.","[{""maxUnits"": 25000, ""minUnits"": 1, ""style"": 1, ""variables"": {""AD"": 0.30000001192092896, ""SplitDamageIncrease"": 0.5}}]"
Set 15,15,base,TFTSet15,16.4,TFT15_MechanicTrait_Superstar,Superstar,1,"Your team gains @DABase@% Damage Amp, increased by @TFTTrait.TFT15_MechanicTrait_Superstar.1:DAPer3Star@% for each 3-Star on your team. This champion gains @Multiplier*100@% of the bonus.","Your team gains @DABase@% Damage Amp, increased by @TFTTrait.TFT15_MechanicTrait_Superstar.1:DAPer3Star@% for each 3-Star on your team. This champion gains @Multiplier*100@% of the bonus.","[{""maxUnits"": 1, ""minUnits"": 1, ""style"": 1, ""variables"": {""DABase"": 4.0, ""DAPer3Star"": 3.0, ""Multiplier"": 2.0}}]"
Set 15,15,base,TFTSet15,16.4,TFT15_MechanicTrait_Supremacy,Supremacy,1,"While this champion is the Supreme Cell, they execute enemies under @ExecutePct*100@% Health instead.","While this champion is the Supreme Cell, they execute enemies under @ExecutePct*100@% Health instead.","[{""maxUnits"": 25000, ""minUnits"": 1, ""style"": 1, ""variables"": {""ExecutePct"": 0.18000000715255737}}]"
Set 15,15,base,TFTSet15,16.4,TFT15_SupremeCells,Supreme Cells,2|3|4,"The Cell who dealt the most damage last combat is Supreme. When the Supreme Cell dies, the Cell with the highest current damage becomes Supreme.Cells gain Damage Amp. The Supreme Cell gains more and executes enemies under @OverlordExecute*100@% Health.(@MinUnits@) @DamageAmp@% (scaleDA) | @OverlordDamageAmp@% (scaleDA)(@MinUnits@) @DamageAmp@% (scaleDA) | @OverlordDamageAmp@% (scaleDA)(@MinUnits@) @DamageAmp@% (scaleDA) | @OverlordDamageAmp@% (scaleDA). Gain a second Supreme","The Cell who dealt the most damage last combat is Supreme. When the Supreme Cell dies, the Cell with the highest current damage becomes Supreme.<br><br>Cells gain Damage Amp. The Supreme Cell gains more and executes enemies under @OverlordExecute*100@%&nbsp;Health.<br><br><row>(@MinUnits@) @DamageAmp@% %i:scaleDA% | @OverlordDamageAmp@% %i:scaleDA%</row><br><row>(@MinUnits@) @DamageAmp@% %i:scaleDA% | @OverlordDamageAmp@% %i:scaleDA%</row><br><row>(@MinUnits@) @DamageAmp@% %i:scaleDA% | @OverlordDamageAmp@% %i:scaleDA%. Gain a second Supreme</row>","[{""maxUnits"": 2, ""minUnits"": 2, ""style"": 1, ""variables"": {""DamageAmp"": 8.0, ""OverlordDamageAmp"": 12.0, ""OverlordExecute"": 0.10000000149011612, ""{86bfdc37}"": 1}}, {""maxUnits"": 3, ""minUnits"": 3, ""style"": 3, ""variables"": {""DamageAmp"": 18.0, ""OverlordDamageAmp"": 30.0, ""OverlordExecute"": 0.10000000149011612, ""{86bfdc37}"": 1}}, {""maxUnits"": 25000, ""minUnits"": 4, ""style"": 5, ""variables"": {""DamageAmp"": 28.0, ""OverlordDamageAmp"": 50.0, ""OverlordExecute"": 0.10000000149011612, ""{86bfdc37}"": 2}}]"
Set 15,15,base,TFTSet15,16.4,TFT15_MechanicTrait_SupremeSurge,Supreme Surge,1,"Whenever an enemy is executed by a Supreme Cell, heal @Percent*100@% missing health and gain @mana@ mana.","Whenever an enemy is executed by a Supreme Cell, heal @Percent*100@% missing health and gain @mana@ mana.","[{""maxUnits"": 25000, ""minUnits"": 1, ""style"": 1, ""variables"": {""Mana"": 15.0, ""percent"": 0.15000000596046448}}]"
Set 15,15,base,TFTSet15,16.4,TFT15_MechanicTrait_Surge66,Surge 66,1,"Gain @AS@% Attack Speed and @AP@% Ability Power. After @FirstThreshold@ and @SecondThreshold@ attacks, this amount doubles. (Attacks: @TFTUnitProperty.trait:TFT15_MechanicTrait_Surge66_NumAttacks@)","Gain @AS@% Attack Speed and @AP@% Ability Power. After @FirstThreshold@ and @SecondThreshold@ attacks, this amount doubles. (Attacks: @TFTUnitProperty.trait:TFT15_MechanicTrait_Surge66_NumAttacks@)","[{""maxUnits"": 25000, ""minUnits"": 1, ""style"": 1, ""variables"": {""AP"": 10.0, ""AS"": 20.0, ""FirstThreshold"": 15.0, ""SecondThreshold"": 66.0}}]"
Set 15,15,base,TFTSet15,16.4,TFT15_MechanicTrait_KaijuSize,Tank-zilla,1,"Gain @TFTTrait.TFT15_MechanicTrait_KaijuSize.1:HealthRatio*100@% max Health and grow larger. After @TFTTrait.TFT15_MechanicTrait_KaijuSize.1:Countdown@ seconds, Stun all enemies for 1.5 seconds.","Gain @TFTTrait.TFT15_MechanicTrait_KaijuSize.1:HealthRatio*100@% max Health and grow larger. After @TFTTrait.TFT15_MechanicTrait_KaijuSize.1:Countdown@ seconds, <TFTKeyword>Stun</TFTKeyword> all enemies for 1.5 seconds.","[{""maxUnits"": 25000, ""minUnits"": 1, ""style"": 1, ""variables"": {""Countdown"": 15.0, ""HealthRatio"": 0.20000000298023224}}]"
Set 15,15,base,TFTSet15,16.4,TFT15_MechanicTrait_TeamCaptain,Team Captain,1|2,(@MinUnits@) This champion's Star Guardian Teamwork bonus is increased by @StatIncrease*100@% per star level.(@MinUnits@) @StatIncrease*100@% bonus per star level.,<row>(@MinUnits@) This champion's Star Guardian Teamwork bonus is increased by @StatIncrease*100@% per star level.</row><br><row>(@MinUnits@) @StatIncrease*100@% bonus per star level.</row>,"[{""maxUnits"": 1, ""minUnits"": 1, ""style"": 1, ""variables"": {""StatIncrease"": 0.15000000596046448}}, {""maxUnits"": 25000, ""minUnits"": 2, ""style"": 1, ""variables"": {""StatIncrease"": 0.20000000298023224}}]"
Set 15,15,base,TFTSet15,16.4,TFT15_MechanicTrait_TentacleSmash,Tentacle Smash,1,"After @InitialDelay@ seconds, Stun enemies within 3 hexes for @StunDuration@ second. Repeat every @Cadence@ seconds.","After @InitialDelay@ seconds, Stun enemies within 3 hexes for @StunDuration@ second. Repeat every @Cadence@ seconds.","[{""maxUnits"": 25000, ""minUnits"": 1, ""style"": 1, ""variables"": {""Cadence"": 8, ""InitialDelay"": 4, ""StunDuration"": 1.0}}]"
Set 15,15,base,TFTSet15,16.4,TFT15_ElTigre,The Champ,1,"The Champ's victories against players grant Poro-fans equal to his star level. On loss, Poro-fans prevent @PlayerDamagePrevented@ Tactician damage each, then lose all of your Poro-fans.Poro Fanbase: @TFTUnitProperty.trait:TFT15_Trait_ElTigre_NumPoros@","The Champ's victories against players grant Poro-fans equal to his star level. On loss, Poro-fans prevent @PlayerDamagePrevented@ Tactician damage each, then lose all of your Poro-fans.<br><br>Poro Fanbase: @TFTUnitProperty.trait:TFT15_Trait_ElTigre_NumPoros@","[{""maxUnits"": 25000, ""minUnits"": 1, ""style"": 4, ""variables"": {""PctPorosLost"": 100.0, ""PlayerDamagePrevented"": 1.0, ""PlayerHealthPerVictoryDU"": 1, ""PoroAmountForHealPVE"": 20.0, ""PorosPerVictory"": 1.0, ""PorosPerVictoryDU"": 1, ""TacticianHealPVE"": 1.0, ""{0ee2e080}"": null}}]"
Set 15,15,base,TFTSet15,16.4,TFT15_TheCrew,The Crew,2|2|2|2|2|2|2,"Crew champions gain @StatBonus*100@% Health and Attack Speed for each Crew member fielded.Every 3-star Crew champion grants an additional bonus.(1x (3StarEnabled)(3StarDisabled)): +@XPPerReroll@ XP per paid reroll, and Crew unit odds never drop with player level.(2x (3StarEnabled)(3StarDisabled)): +1 free reroll / round.(3x (3StarEnabled)(3StarDisabled)): Deal @BaseDamageThreshold@ damage to fire a rocket dealing @BaseRocketDamage@.(4x (3StarEnabled)(3StarDisabled)): Fire rockets @RocketRatePerLevel*100@% more often per player level.(5x (3StarEnabled)(3StarDisabled)): Fire the Planet Cracker.","Crew champions gain @StatBonus*100@% Health and Attack Speed for each Crew member fielded.<br><br>Every 3-star Crew champion grants an additional bonus.<br><br><tftActiveRank enabled=TFT15_Trait_WildcardCrew_Bonus1Active default=false alternate=TFTGuildInactive>(1x <ShowIf.TFT15_Trait_WildcardCrew_Bonus1Active>%i:3StarEnabled%</ShowIf.TFT15_Trait_WildcardCrew_Bonus1Active><ShowIfNot.TFT15_Trait_WildcardCrew_Bonus1Active>%i:3StarDisabled%</ShowIfNot.TFT15_Trait_WildcardCrew_Bonus1Active>): +@XPPerReroll@ XP per paid reroll, and Crew unit odds never drop with player level.</tftActiveRank><br><tftActiveRank enabled=TFT15_Trait_WildcardCrew_Bonus2Active default=false alternate=TFTGuildInactive>(2x <ShowIf.TFT15_Trait_WildcardCrew_Bonus2Active>%i:3StarEnabled%</ShowIf.TFT15_Trait_WildcardCrew_Bonus2Active><ShowIfNot.TFT15_Trait_WildcardCrew_Bonus2Active>%i:3StarDisabled%</ShowIfNot.TFT15_Trait_WildcardCrew_Bonus2Active>): +1 free reroll / round.</tftActiveRank><br><tftActiveRank enabled=TFT15_Trait_WildcardCrew_Bonus3Active default=false alternate=TFTGuildInactive>(3x <ShowIf.TFT15_Trait_WildcardCrew_Bonus3Active>%i:3StarEnabled%</ShowIf.TFT15_Trait_WildcardCrew_Bonus3Active><ShowIfNot.TFT15_Trait_WildcardCrew_Bonus3Active>%i:3StarDisabled%</ShowIfNot.TFT15_Trait_WildcardCrew_Bonus3Active>): Deal @BaseDamageThreshold@ damage to fire a rocket dealing <magicDamage>@BaseRocketDamage@</magicDamage>.</tftActiveRank><br><tftActiveRank enabled=TFT15_Trait_WildcardCrew_Bonus4Active default=false alternate=TFTGuildInactive>(4x <ShowIf.TFT15_Trait_WildcardCrew_Bonus4Active>%i:3StarEnabled%</ShowIf.TFT15_Trait_WildcardCrew_Bonus4Active><ShowIfNot.TFT15_Trait_WildcardCrew_Bonus4Active>%i:3StarDisabled%</ShowIfNot.TFT15_Trait_WildcardCrew_Bonus4Active>): Fire rockets @RocketRatePerLevel*100@% more often per player level.</tftActiveRank><br><tftActiveRank enabled=TFT15_Trait_WildcardCrew_Bonus5Active default=false alternate=TFTGuildInactive>(5x <ShowIf.TFT15_Trait_WildcardCrew_Bonus5Active>%i:3StarEnabled%</ShowIf.TFT15_Trait_WildcardCrew_Bonus5Active><ShowIfNot.TFT15_Trait_WildcardCrew_Bonus5Active>%i:3StarDisabled%</ShowIfNot.TFT15_Trait_WildcardCrew_Bonus5Active>): Fire the Planet Cracker.</tftActiveRank>","[{""maxUnits"": 25000, ""minUnits"": 2, ""style"": 1, ""variables"": {""BaseDamageThreshold"": 280.0, ""BaseRocketDamage"": 75.0, ""RocketRatePerLevel"": 0.02500000037252903, ""StatBonus"": 0.05000000074505806, ""XPPerReroll"": 1}}, {""maxUnits"": 25000, ""minUnits"": 2, ""style"": 3, ""variables"": {""BaseDamageThreshold"": 280.0, ""BaseRocketDamage"": 75.0, ""RocketRatePerLevel"": 0.02500000037252903, ""StatBonus"": 0.05000000074505806, ""XPPerReroll"": 1}}, {""maxUnits"": 25000, ""minUnits"": 2, ""style"": 3, ""variables"": {""BaseDamageThreshold"": 280.0, ""BaseRocketDamage"": 75.0, ""RocketRatePerLevel"": 0.02500000037252903, ""StatBonus"": 0.05000000074505806, ""XPPerReroll"": 1}}, {""maxUnits"": 25000, ""minUnits"": 2, ""style"": 5, ""variables"": {""BaseDamageThreshold"": 280.0, ""BaseRocketDamage"": 75.0, ""RocketRatePerLevel"": 0.02500000037252903, ""StatBonus"": 0.05000000074505806, ""XPPerReroll"": 1}}, {""maxUnits"": 25000, ""minUnits"": 2, ""style"": 5, ""variables"": {""BaseDamageThreshold"": 280.0, ""BaseRocketDamage"": 75.0, ""RocketRatePerLevel"": 0.02500000037252903, ""StatBonus"": 0.05000000074505806, ""XPPerReroll"": 1}}, {""maxUnits"": 25000, ""minUnits"": 2, ""style"": 6, ""variables"": {""BaseDamageThreshold"": 280.0, ""BaseRocketDamage"": 75.0, ""RocketRatePerLevel"": 0.02500000037252903, ""StatBonus"": 0.05000000074505806, ""XPPerReroll"": 1}}, {""maxUnits"": 25000, ""minUnits"": 2, ""style"": 1, ""variables"": {""BaseDamageThreshold"": 280.0, ""BaseRocketDamage"": 75.0, ""RocketRatePerLevel"": 0.02500000037252903, ""StatBonus"": 0.05000000074505806, ""XPPerReroll"": 1}}]"
Set 15,15,base,TFTSet15,16.4,TFT15_MechanicTrait_Thrillseeker,Thrillseeker,1|2,(@TFTTrait.TFT15_MechanicTrait_Thrillseeker.1:MinUnits@) Kills heal @TFTTrait.TFT15_MechanicTrait_Thrillseeker.1:HealPercent@% max Health and grant @TFTTrait.TFT15_MechanicTrait_Thrillseeker.1:AS*100@% Attack Speed for @Duration@ seconds.(@TFTTrait.TFT15_MechanicTrait_Thrillseeker.2:MinUnits@) @TFTTrait.TFT15_MechanicTrait_Thrillseeker.2:AS*100@% (scaleAS) on kill. Execute enemies below @TFTTrait.TFT15_MechanicTrait_Thrillseeker.2:ExecuteThreshold*100@% Health.,<row>(@TFTTrait.TFT15_MechanicTrait_Thrillseeker.1:MinUnits@) Kills heal @TFTTrait.TFT15_MechanicTrait_Thrillseeker.1:HealPercent@% max Health and grant @TFTTrait.TFT15_MechanicTrait_Thrillseeker.1:AS*100@% Attack Speed for @Duration@ seconds.</row><br><row>(@TFTTrait.TFT15_MechanicTrait_Thrillseeker.2:MinUnits@) @TFTTrait.TFT15_MechanicTrait_Thrillseeker.2:AS*100@% %i:scaleAS% on kill. Execute enemies below @TFTTrait.TFT15_MechanicTrait_Thrillseeker.2:ExecuteThreshold*100@% Health.</row>,"[{""maxUnits"": 1, ""minUnits"": 1, ""style"": 1, ""variables"": {""AS"": 0.4000000059604645, ""Duration"": 3, ""HealPercent"": 15.0}}, {""maxUnits"": 25000, ""minUnits"": 2, ""style"": 1, ""variables"": {""AS"": 0.4000000059604645, ""Duration"": 3, ""ExecuteThreshold"": 0.10000000149011612, ""HealPercent"": 15.0}}]"
Set 15,15,base,TFTSet15,16.4,TFT15_MechanicTrait_TinyTerror,Tiny Terror,1,"Gain @TFTTrait.TFT15_MechanicTrait_TinyTerror.1:AS*100@% Attack Speed. At @TFTTrait.TFT15_MechanicTrait_TinyTerror.1:Threshold*100@% Health, double it for the rest of combat. Then, shrink in size for @TFTTrait.TFT15_MechanicTrait_TinyTerror.1:Duration@ seconds, dodging all attacks.","Gain @TFTTrait.TFT15_MechanicTrait_TinyTerror.1:AS*100@% Attack Speed. At @TFTTrait.TFT15_MechanicTrait_TinyTerror.1:Threshold*100@% Health, double it for the rest of combat. Then, shrink in size for @TFTTrait.TFT15_MechanicTrait_TinyTerror.1:Duration@ seconds, dodging all attacks.","[{""maxUnits"": 25000, ""minUnits"": 1, ""style"": 1, ""variables"": {""AS"": 0.15000000596046448, ""Duration"": 3.0, ""Threshold"": 0.699999988079071}}]"
Set 15,15,base,TFTSet15,16.4,TFT15_MechanicTrait_Trickster,Trickster,1|2,"(@MinUnits@) At low Health, gain @DA*100@% Damage Amp, spawn a Training Dummy, and dash to the furthest enemy.(@MinUnits@) @DA*100@% (scaleDA); Dummies gain @DummyHealth@ (scaleHealth)","<row>(@MinUnits@) At low Health, gain @DA*100@% Damage Amp, spawn a Training Dummy, and dash to the furthest enemy.</row><br><row>(@MinUnits@) @DA*100@% %i:scaleDA%; Dummies gain @DummyHealth@ %i:scaleHealth%</row>","[{""maxUnits"": 1, ""minUnits"": 1, ""style"": 1, ""variables"": {""DA"": 0.03999999910593033, ""DummyHealth"": 250.0, ""HealthThreshold"": 0.5}}, {""maxUnits"": 25000, ""minUnits"": 2, ""style"": 1, ""variables"": {""DA"": 0.05999999865889549, ""DummyHealth"": 1250.0, ""HealthThreshold"": 0.5}}]"
Set 15,15,base,TFTSet15,16.4,TFT15_MechanicTrait_UltraStance,Ultra Stance,1,Gain @BonusHealth@ Health and grant an additional +@BonusTraitAmount@ to the selected Stance's trait.,Gain @BonusHealth@ Health and grant an additional +@BonusTraitAmount@ to the selected Stance's trait.,"[{""maxUnits"": 25000, ""minUnits"": 1, ""style"": 1, ""variables"": {""BonusHealth"": 100, ""BonusTraitAmount"": 1}}]"
Set 15,15,base,TFTSet15,16.4,TFT15_MechanicTrait_Unflinching,Unflinching,1,"Gain @TFTTrait.TFT15_MechanicTrait_Unflinching.1:OmnivampPct@% Omnivamp. For the first @TFTTrait.TFT15_MechanicTrait_Unflinching.1:Duration@ seconds of combat, gain immunity to crowd control.","Gain @TFTTrait.TFT15_MechanicTrait_Unflinching.1:OmnivampPct@% Omnivamp. For the first @TFTTrait.TFT15_MechanicTrait_Unflinching.1:Duration@ seconds of combat, gain immunity to crowd control.","[{""maxUnits"": 25000, ""minUnits"": 1, ""style"": 1, ""variables"": {""Duration"": 15.0, ""OmnivampPct"": 25.0}}]"
Set 15,15,base,TFTSet15,16.4,TFT15_MechanicTrait_Unstoppable,Unstoppable,1,"Gain @Health@ Health and immunity to crowd control. Charge to new targets, Stunning enemies passed through for @StunDuration@ seconds.","Gain @Health@ Health and immunity to crowd control. Charge to new targets, <TFTKeyword>Stunning</TFTKeyword> enemies passed through for @StunDuration@ seconds.","[{""maxUnits"": 25000, ""minUnits"": 1, ""style"": 1, ""variables"": {""Health"": 100, ""StunDuration"": 0.75}}]"
Set 15,15,base,TFTSet15,16.4,TFT15_MechanicTrait_Untouchable,Untouchable,1,"Become untargetable while @TFTTrait.TFT15_MechanicTrait_Untouchable.1:NumAllies@+ allies are alive. If this champion ends the fight at full Health, permanently gain @TFTTrait.TFT15_MechanicTrait_Untouchable.1:DamageAmpScaling*100@% Damage Amp. (Current: @TFTUnitProperty.:TFT15_Untouchable_DamageAmp*100@% (scaleDA))","Become untargetable while @TFTTrait.TFT15_MechanicTrait_Untouchable.1:NumAllies@+ allies are alive. If this champion ends the fight at full Health, permanently gain @TFTTrait.TFT15_MechanicTrait_Untouchable.1:DamageAmpScaling*100@% Damage Amp. (Current: @TFTUnitProperty.:TFT15_Untouchable_DamageAmp*100@% %i:scaleDA%)","[{""maxUnits"": 25000, ""minUnits"": 1, ""style"": 1, ""variables"": {""DamageAmpScaling"": 0.019999999552965164, ""NumAllies"": 4}}]"
Set 15,15,base,TFTSet15,16.4,TFT15_MechanicTrait_Veteran,Veteran,1,"This unit is a Mentor. They grant @Amp*100@% Damage Amp, and at Mentor 4 they gain @Stats*100@% Attack Damage and Ability Power instead of upgrading their spell.","This unit is a Mentor. They grant @Amp*100@% Damage Amp, and at Mentor 4 they gain @Stats*100@% Attack Damage and Ability Power instead of upgrading their spell.","[{""maxUnits"": 1, ""minUnits"": 1, ""style"": 1, ""variables"": {""Amp"": 0.03999999910593033, ""Stats"": 0.30000001192092896}}]"
Set 15,15,base,TFTSet15,16.4,TFT15_MechanicTrait_WarmingUp,Warming Up,1,"At combat start or when this activates gain @TFTTrait.TFT15_MechanicTrait_WarmingUp.1:Resists@ Armor and Magic Resistance. Every second, convert @TFTTrait.TFT15_MechanicTrait_WarmingUp.1:Conversion@ resists into @TFTTrait.TFT15_MechanicTrait_WarmingUp.1:Conversion@% Attack Damage. (Up to @TFTTrait.TFT15_MechanicTrait_WarmingUp.1:Resists@)","At combat start or when this activates gain @TFTTrait.TFT15_MechanicTrait_WarmingUp.1:Resists@ Armor and Magic Resistance. Every second, convert @TFTTrait.TFT15_MechanicTrait_WarmingUp.1:Conversion@ resists into @TFTTrait.TFT15_MechanicTrait_WarmingUp.1:Conversion@% Attack Damage. (Up to @TFTTrait.TFT15_MechanicTrait_WarmingUp.1:Resists@)","[{""maxUnits"": 25000, ""minUnits"": 1, ""style"": 1, ""variables"": {""Conversion"": 3.0, ""Resists"": 48.0}}]"
Set 15,15,base,TFTSet15,16.4,TFT15_MechanicTrait_Weights,Weights,1,"Gain @NumWeights@ Weights. At 1+, move and attack @PercentReduction*100@% slower. Player victories drop @WeightPerCombat@ Weights, 2 on a loss. At 0, move faster and gain @AS*100@% Attack Speed and @Durability*100@% Damage Reduction. (Weights Left: @TFTUnitProperty.trait:TFT15_MechanicTrait_Weights_NumWeights@)","Gain @NumWeights@ Weights. At 1+, move and attack @PercentReduction*100@% slower. Player victories drop @WeightPerCombat@ Weights, 2 on a loss. At 0, move faster and gain @AS*100@% Attack Speed and @Durability*100@% Damage Reduction. (Weights Left: @TFTUnitProperty.trait:TFT15_MechanicTrait_Weights_NumWeights@)","[{""maxUnits"": 25000, ""minUnits"": 1, ""style"": 1, ""variables"": {""AS"": 0.5, ""Durability"": 0.11999999731779099, ""NumWeights"": 10, ""PercentReduction"": 0.5, ""WeightPerCombat"": 1}}]"
Set 15,15,base,TFTSet15,16.4,TFT15_MechanicTrait_WindWall,Wind Wall,1,"Yasuo gains @CritChance*100@% Crit Chance, and takes @ReducedDamage*100@% reduced damage from non-adjacent enemies.","Yasuo gains @CritChance*100@% Crit Chance, and takes @ReducedDamage*100@% reduced damage from non-adjacent enemies.","[{""maxUnits"": 25000, ""minUnits"": 1, ""style"": 1, ""variables"": {""CritChance"": 0.6000000238418579, ""ReducedDamage"": 0.15000000596046448}}]"
Set 15,15,base,TFTSet15,16.4,TFT15_MechanicTrait_WonderTwins,Wonder Twins,1|2,"(@TFTTrait.TFT15_MechanicTrait_WonderTwins.1:MinUnits@) When fielding 2+ copies of this unit, grant both @TFTTrait.TFT15_MechanicTrait_WonderTwins.2:Stats@% of a stat based on Role. At 3-Star, gain a 2-Star copy.(@TFTTrait.TFT15_MechanicTrait_WonderTwins.2:MinUnits@) @TFTTrait.TFT15_MechanicTrait_WonderTwins.2:Stats@% bonus stats.","<row>(@TFTTrait.TFT15_MechanicTrait_WonderTwins.1:MinUnits@) When fielding 2+ copies of this unit, grant both @TFTTrait.TFT15_MechanicTrait_WonderTwins.2:Stats@% of a stat based on Role. At 3-Star, gain a 2-Star copy.</row><br><row>(@TFTTrait.TFT15_MechanicTrait_WonderTwins.2:MinUnits@) @TFTTrait.TFT15_MechanicTrait_WonderTwins.2:Stats@% bonus stats.</row>","[{""maxUnits"": 1, ""minUnits"": 1, ""style"": 1, ""variables"": {""Stats"": 40.0}}, {""maxUnits"": 25000, ""minUnits"": 2, ""style"": 1, ""variables"": {""NumItems"": null, ""Stats"": 60.0}}]"
Set 15,15,base,TFTSet15,16.4,TFT15_Empyrean,Wraith,2|4|6,"Every @RealmTimer@ seconds, the Shadow Realm strikes the @NumEnemy@ closest enemies, dealing total magic damage equal to a portion of damage dealt by Wraiths since the last trigger.Your lowest health Wraith heals for @HealPercent*100@% of damage dealt by Wraiths and the Shadow Realm.(@MinUnits@) @DamagePercent*100@% damage.(@MinUnits@) @DamagePercent*100@% damage.(@MinUnits@) @DamagePercent*100@% damage.","Every @RealmTimer@ seconds, the Shadow Realm strikes the @NumEnemy@ closest enemies, dealing total magic damage equal to a portion of damage dealt by Wraiths since the last trigger.<br><br>Your lowest health Wraith heals for @HealPercent*100@% of damage dealt by Wraiths and the Shadow Realm.<br><br><row>(@MinUnits@) @DamagePercent*100@% damage.</row><br><row>(@MinUnits@) @DamagePercent*100@% damage.</row><br><row>(@MinUnits@) @DamagePercent*100@% damage.</row>","[{""maxUnits"": 3, ""minUnits"": 2, ""style"": 1, ""variables"": {""DamagePercent"": 0.20000000298023224, ""HealPercent"": 0.18000000715255737, ""NumEnemy"": 3, ""RealmTimer"": 4.0}}, {""maxUnits"": 5, ""minUnits"": 4, ""style"": 3, ""variables"": {""DamagePercent"": 0.44999998807907104, ""HealPercent"": 0.18000000715255737, ""NumEnemy"": 3, ""RealmTimer"": 4.0}}, {""maxUnits"": 25000, ""minUnits"": 6, ""style"": 5, ""variables"": {""DamagePercent"": 0.6000000238418579, ""HealPercent"": 0.18000000715255737, ""NumEnemy"": 3, ""RealmTimer"": 4.0}}]"
Set 16,16,base,TFTSet16,16.10,TFT16_Sorcerer,Arcanist,2|4|6,"Your team gains Ability Power, Arcanists gain more.
(2) 15% (scaleAP), 25% (scaleAP) for Arcanists
(4) 20% (scaleAP), 50% (scaleAP) for Arcanists
(6) 35% (scaleAP), 70% (scaleAP) for Arcanists","Your team gains Ability Power, Arcanists gain more.<br><br><expandRow>(@MinUnits@) @AllyAP@% %i:scaleAP%, @BonusAP@% %i:scaleAP% for Arcanists</expandRow>","[{""maxUnits"": 3, ""minUnits"": 2, ""style"": 1, ""variables"": {""AllyAP"": 15.0, ""BonusAP"": 25.0}}, {""maxUnits"": 5, ""minUnits"": 4, ""style"": 3, ""variables"": {""AllyAP"": 20.0, ""BonusAP"": 50.0}}, {""maxUnits"": 25000, ""minUnits"": 6, ""style"": 5, ""variables"": {""AllyAP"": 35.0, ""BonusAP"": 70.0}}]"
Set 16,16,base,TFTSet16,16.10,TFT16_XerathUnique,Ascendant,1,"After each combat, an Ascendant Charm appears in your shop. These are powerful effects that can be bought for gold.@TFTUnitProperty.trait:TFT16_XerathUnique_PurchasedCharmDisplay@","After each combat, an Ascendant Charm appears in your shop. These are powerful effects that can be bought for gold.@TFTUnitProperty.trait:TFT16_XerathUnique_PurchasedCharmDisplay@","[{""maxUnits"": 25000, ""minUnits"": 1, ""style"": 4, ""variables"": {}}]"
Set 16,16,base,TFTSet16,16.10,TFT16_KaisaUnique,Assimilator,1,Kai'Sa has a different Ability depending if her Attack Damage or Ability Power is higher.,Kai'Sa has a different Ability depending if her Attack Damage or Ability Power is higher.,"[{""maxUnits"": 25000, ""minUnits"": 1, ""style"": 4, ""variables"": {}}]"
Set 16,16,base,TFTSet16,16.10,TFT16_Bilgewater,Bilgewater,3|5|7|10,"Each player combat, gain Silver Serpents ((scaleSerpents)), plus @SerpentsPerTakedown@ additional for each Bilgewater takedown. Silver Serpents can be spent in the Black Market to grant Bilgewater champions bonus stats and special loot. Higher tiers unlock rarer loot.(@MinUnits@) @SerpentsPerRound@ (scaleSerpents)(@MinUnits@) @SerpentsPerRound@ (scaleSerpents), improved loot(@MinUnits@) @SerpentsPerRound@ (scaleSerpents), superior loot(@MinUnits@) @SerpentsPerRound@ (scaleSerpents), @StatMult@x stats, FIRE CANNONS!Current Bonus Stats:@TFTUnitProperty.:TFT16_Bilgewater_BonusAD*100@% (scaleAD)(scaleAP), @TFTUnitProperty.:TFT16_Bilgewater_BonusAS*100@% (scaleAS), @TFTUnitProperty.:TFT16_Bilgewater_BonusHealth*100@% (scaleHealth)Current Serpents: @TFTUnitProperty.:TFT16_Bilgewater_SilverSerpents@ (scaleSerpents)","Each player combat, gain Silver Serpents (%i:scaleSerpents%), plus @SerpentsPerTakedown@ additional for each Bilgewater takedown. <br><br>Silver Serpents can be spent in the Black Market to grant Bilgewater champions bonus stats and special loot. Higher tiers unlock rarer&nbsp;loot.<br><br><row>(@MinUnits@) @SerpentsPerRound@ %i:scaleSerpents%</row><br><row>(@MinUnits@) @SerpentsPerRound@ %i:scaleSerpents%, improved&nbsp;loot</row><br><row>(@MinUnits@) @SerpentsPerRound@ %i:scaleSerpents%, superior&nbsp;loot</row><br><row>(@MinUnits@) @SerpentsPerRound@ %i:scaleSerpents%, @StatMult@x&nbsp;stats, FIRE CANNONS!</row><br><br>Current Bonus Stats:<br>@TFTUnitProperty.:TFT16_Bilgewater_BonusAD*100@% %i:scaleAD%%i:scaleAP%, @TFTUnitProperty.:TFT16_Bilgewater_BonusAS*100@%&nbsp;%i:scaleAS%, @TFTUnitProperty.:TFT16_Bilgewater_BonusHealth*100@%&nbsp;%i:scaleHealth%<br><br>Current Serpents: @TFTUnitProperty.:TFT16_Bilgewater_SilverSerpents@&nbsp;%i:scaleSerpents%","[{""maxUnits"": 4, ""minUnits"": 3, ""style"": 1, ""variables"": {""MaxItems"": 8.0, ""SerpentsPerRound"": 15.0, ""SerpentsPerTakedown"": 1, ""StatMult"": 1.0, ""{79b25b0f}"": 300.0, ""{853eaa6d}"": 1.5, ""{fb25c87b}"": 2.0}}, {""maxUnits"": 6, ""minUnits"": 5, ""style"": 3, ""variables"": {""MaxItems"": 8.0, ""SerpentsPerRound"": 35.0, ""SerpentsPerTakedown"": 1, ""StatMult"": 1.0, ""{79b25b0f}"": 300.0, ""{853eaa6d}"": 1.5, ""{fb25c87b}"": 2.0}}, {""maxUnits"": 9, ""minUnits"": 7, ""style"": 5, ""variables"": {""MaxItems"": 8.0, ""SerpentsPerRound"": 65.0, ""SerpentsPerTakedown"": 1, ""StatMult"": 1.0, ""{79b25b0f}"": 300.0, ""{853eaa6d}"": 1.5, ""{fb25c87b}"": 2.0}}, {""maxUnits"": 25000, ""minUnits"": 10, ""style"": 6, ""variables"": {""MaxItems"": 8.0, ""SerpentsPerRound"": 150.0, ""SerpentsPerTakedown"": 1, ""StatMult"": 2.0, ""{79b25b0f}"": 300.0, ""{853eaa6d}"": 1.5, ""{fb25c87b}"": 2.0}}]"
Set 16,16,base,TFTSet16,16.10,TFT16_Blacksmith,Blacksmith,1,"After each player combat your strongest Ornn participates in, he makes progress forging an Artifact item.Each item he is equipped with grants him @FlatHealthPerItem1Star@/@FlatHealthPerItem2Star@/@FlatHealthPerItem3Star@ max Health. Artifacts grant @ArtifactMult*100@% more.Forging Progress: @TFTUnitProperty.:TFT16_OrnnProgress@/@RoundsToCraft@","After each player combat your strongest Ornn participates in, he makes progress forging an Artifact item.<br><br>Each item he is equipped with grants him @FlatHealthPerItem1Star@/@FlatHealthPerItem2Star@/@FlatHealthPerItem3Star@ max Health. Artifacts grant&nbsp;@ArtifactMult*100@%&nbsp;more.<br><br><rules>Forging Progress: @TFTUnitProperty.:TFT16_OrnnProgress@/@RoundsToCraft@</rules>","[{""maxUnits"": 25000, ""minUnits"": 1, ""style"": 4, ""variables"": {""ArtifactMult"": 3.0, ""FlatHealthPerItem1Star"": 350, ""FlatHealthPerItem2Star"": 600, ""FlatHealthPerItem3Star"": 2000.0, ""RoundsToCraft"": 4, ""{85699349}"": null}}]"
Set 16,16,base,TFTSet16,16.10,TFT16_Brawler,Bruiser,2|4|6,"Your team gains @TeamFlatHealth@ maximum Health. Bruisers gain more.
(2) 25% (scaleHealth)
(4) 40% (scaleHealth)
(6) 60% (scaleHealth)",Your team gains @TeamFlatHealth@ maximum Health. Bruisers gain more.<br><br><expandRow>(@MinUnits@) @BonusPercentHealth*100@% %i:scaleHealth%</expandRow>,"[{""maxUnits"": 3, ""minUnits"": 2, ""style"": 1, ""variables"": {""BonusPercentHealth"": 0.25, ""TeamFlatHealth"": 150}}, {""maxUnits"": 5, ""minUnits"": 4, ""style"": 3, ""variables"": {""BonusPercentHealth"": 0.4000000059604645, ""TeamFlatHealth"": 150}}, {""maxUnits"": 25000, ""minUnits"": 6, ""style"": 5, ""variables"": {""BonusPercentHealth"": 0.6000000238418579, ""TeamFlatHealth"": 150}}]"
Set 16,16,base,TFTSet16,16.10,TFT16_Caretaker,Caretaker,1,"After winning player combat, gain a random unit from Runeterra. After losing combat, gain free rerolls, with the amount increasing by stage.Rerolls on Loss: @TFTUnitProperty.:TFT16_Caretaker_NumRerolls@","After winning player combat, gain a random unit from Runeterra. After losing combat, gain free rerolls, with the amount increasing by stage.<br><br><rules>Rerolls on Loss: @TFTUnitProperty.:TFT16_Caretaker_NumRerolls@</rules>","[{""maxUnits"": 25000, ""minUnits"": 1, ""style"": 4, ""variables"": {}}]"
Set 16,16,base,TFTSet16,16.10,TFT16_SylasTrait,Chainbreaker,1,"Sylas rotates between 3 different Abilities, depending on which one is most useful at the moment. He cannot cast the same one twice in a row.","Sylas rotates between 3 different Abilities, depending on which one is most useful at the moment. He cannot cast the same one twice in a row.","[{""maxUnits"": 25000, ""minUnits"": 1, ""style"": 4, ""variables"": {}}]"
Set 16,16,base,TFTSet16,16.10,TFT16_Teamup_AmbessaKindred,Chosen Wolves,2,"When Kindred casts, Ambessa always gains their protection against death and gains @AmbessaBonusAD*100@% Attack Damage while protected.When Ambessa casts, Wolf strikes all enemies hit, dealing @WolfDamage*100@% damage.","When Kindred casts, Ambessa always gains their protection against death and gains @AmbessaBonusAD*100@% Attack Damage while protected.<br><br>When Ambessa casts, Wolf strikes all enemies hit, dealing @WolfDamage*100@% damage.","[{""maxUnits"": 25000, ""minUnits"": 2, ""style"": 4, ""variables"": {""AmbessaBonusAD"": 0.4000000059604645, ""WolfDamage"": 0.30000001192092896}}]"
Set 16,16,base,TFTSet16,16.10,TFT16_Chronokeeper,Chronokeeper,1,"Every @CastsToGainXP@ casts, the Chronokeeper stores @XPPerCast@ XP. If he has enough stored for you to level up, he transfers you the required XP. If you are level 10, he instead gains @DAGainAtMaxLevel@% Damage Amp.Stored XP: @TFTUnitProperty.trait:TFT16_ChronoKeeperStoredXP@","Every @CastsToGainXP@ casts, the Chronokeeper stores <TFTBonus>@XPPerCast@</TFTBonus> XP. If he has enough stored for you to level up, he transfers you the required&nbsp;XP. <br><br>If you are level 10, he instead gains <TFTBonus>@DAGainAtMaxLevel@%</TFTBonus>&nbsp;Damage Amp.<br><br><rules>Stored XP: @TFTUnitProperty.trait:TFT16_ChronoKeeperStoredXP@</rules>","[{""maxUnits"": 25000, ""minUnits"": 1, ""style"": 4, ""variables"": {""CastsToGainXP"": 2, ""CastsToGainXPPAIRS"": 2, ""DAGainAtMaxLevel"": 15, ""XPPerCast"": 2, ""{bffe0f35}"": null}}]"
Set 16,16,base,TFTSet16,16.10,TFT16_DarkChild,Dark Child,1,"Annie summons Tibbers on your bench. He can be fielded, takes up a team slot, and can be equipped with items separately. His star level is the same as Annie's.","Annie summons Tibbers on your bench. He can be fielded, takes up a team slot, and can be equipped with items separately. His star level is the same as Annie's.","[{""maxUnits"": 25000, ""minUnits"": 1, ""style"": 4, ""variables"": {}}]"
Set 16,16,base,TFTSet16,16.10,TFT16_DarkinWeapon,Darkin,1|2|3,"(@MinUnits@) Darkin gain @Vamp*100@% Omnivamp.(@MinUnits@) AND you heal for @TacticianPercent*100@% of the player damage you deal.(@MinUnits@) AND whenever Darkin restore @HealThreshold@ Health, they deal @Damage@ magic damage to the @EnemyNum@ closest enemies.","<row>(@MinUnits@) Darkin gain @Vamp*100@% Omnivamp.</row><br><row>(@MinUnits@) AND you heal for @TacticianPercent*100@% of the player damage you deal.</row><br><row>(@MinUnits@) AND whenever Darkin restore @HealThreshold@ Health, they deal @Damage@ magic damage to the @EnemyNum@ closest enemies.</row>","[{""maxUnits"": 1, ""minUnits"": 1, ""style"": 1, ""variables"": {""Damage"": 400, ""EnemyNum"": 2, ""HealThreshold"": 525, ""TacticianPercent"": 0.25, ""Vamp"": 0.15000000596046448}}, {""maxUnits"": 2, ""minUnits"": 2, ""style"": 3, ""variables"": {""Damage"": 400, ""EnemyNum"": 2, ""HealThreshold"": 525, ""TacticianPercent"": 0.25, ""Vamp"": 0.15000000596046448}}, {""maxUnits"": 25000, ""minUnits"": 3, ""style"": 5, ""variables"": {""Damage"": 400, ""EnemyNum"": 2, ""HealThreshold"": 525, ""TacticianPercent"": 0.25, ""Vamp"": 0.15000000596046448}}]"
Set 16,16,base,TFTSet16,16.10,TFT16_Defender,Defender,2|4|6,"Your team gains @TeamwideArmorMR@ Armor and Magic Resist. Defenders gain more.
(2) 30 (scaleArmor)(scaleMR)
(4) 55 (scaleArmor)(scaleMR)
(6) 80 (scaleArmor)(scaleMR)",Your team gains @TeamwideArmorMR@ Armor and Magic Resist. Defenders gain more.<br><br><expandRow>(@MinUnits@) @BonusArmorMR@ %i:scaleArmor%%i:scaleMR%</expandRow>,"[{""maxUnits"": 3, ""minUnits"": 2, ""style"": 1, ""variables"": {""BonusArmorMR"": 30.0, ""TeamwideArmorMR"": 12}}, {""maxUnits"": 5, ""minUnits"": 4, ""style"": 3, ""variables"": {""BonusArmorMR"": 55.0, ""TeamwideArmorMR"": 12}}, {""maxUnits"": 25000, ""minUnits"": 6, ""style"": 5, ""variables"": {""BonusArmorMR"": 80.0, ""TeamwideArmorMR"": 12}}]"
Set 16,16,base,TFTSet16,16.10,TFT16_Demacia,Demacia,3|5|7|11,"Each time your team loses @MaxHealthLost*100@% max Health, Demacians Rally, reducing their Mana cost by @ManaReductionPct*100@%. Demacians gain Armor and Magic Resist.(@MinUnits@) @ArmorMR@ (scaleArmor)(scaleMR)(@MinUnits@) @ArmorMR@ (scaleArmor)(scaleMR)(@MinUnits@) @ArmorMR@ (scaleArmor)(scaleMR). On Rally, smite enemies for @EnemyTrueDamage*100@% of their max Health.(@MinUnits@) @ArmorMR@ (scaleArmor)(scaleMR). BATTLE FOR DEMACIA!","Each time your team loses @MaxHealthLost*100@% max Health, Demacians Rally, reducing their Mana cost by @ManaReductionPct*100@%. Demacians gain Armor and Magic Resist.<br><br><row>(@MinUnits@) @ArmorMR@&nbsp;%i:scaleArmor%%i:scaleMR%</row><br><row>(@MinUnits@) @ArmorMR@&nbsp;%i:scaleArmor%%i:scaleMR%</row><br><row>(@MinUnits@) @ArmorMR@&nbsp;%i:scaleArmor%%i:scaleMR%. On Rally, smite enemies for @EnemyTrueDamage*100@% of their max&nbsp;Health.</row><br><row>(@MinUnits@) @ArmorMR@&nbsp;%i:scaleArmor%%i:scaleMR%. BATTLE FOR&nbsp;DEMACIA!</row><br>","[{""maxUnits"": 4, ""minUnits"": 3, ""style"": 1, ""variables"": {""ArmorMR"": 12.0, ""EnemyTrueDamage"": 0.05000000074505806, ""ManaReductionPct"": 0.10000000149011612, ""MaxHealthLost"": 0.25, ""{050353fe}"": 0.25, ""{54b32412}"": 1500.0, ""{556d8bdf}"": 3, ""{95d6e9fc}"": 0.5}}, {""maxUnits"": 6, ""minUnits"": 5, ""style"": 3, ""variables"": {""ArmorMR"": 35.0, ""EnemyTrueDamage"": 0.05000000074505806, ""ManaReductionPct"": 0.10000000149011612, ""MaxHealthLost"": 0.25, ""{050353fe}"": 0.25, ""{54b32412}"": 1500.0, ""{556d8bdf}"": 3, ""{95d6e9fc}"": 0.5}}, {""maxUnits"": 10, ""minUnits"": 7, ""style"": 5, ""variables"": {""ArmorMR"": 35.0, ""EnemyTrueDamage"": 0.05000000074505806, ""ManaReductionPct"": 0.10000000149011612, ""MaxHealthLost"": 0.25, ""{050353fe}"": 0.25, ""{54b32412}"": 1500.0, ""{556d8bdf}"": 3, ""{95d6e9fc}"": 0.5}}, {""maxUnits"": 25000, ""minUnits"": 11, ""style"": 6, ""variables"": {""ArmorMR"": 150.0, ""EnemyTrueDamage"": 0.05000000074505806, ""ManaReductionPct"": 0.10000000149011612, ""MaxHealthLost"": 0.25, ""{050353fe}"": 0.25, ""{54b32412}"": 1500.0, ""{556d8bdf}"": 3, ""{95d6e9fc}"": 0.5}}]"
Set 16,16,base,TFTSet16,16.10,TFT16_Magus,Disruptor,2|4,"Disruptors' abilities Dazzle enemies hit. Disruptors deal bonus damage to Dazzled enemies.
(2) 18% bonus damage
(4) 40% bonus damageDazzle: Reduce damage dealt by @DamageReduction*100@%",Disruptors' abilities <TFTKeyword>Dazzle</TFTKeyword> enemies hit. Disruptors deal bonus damage to Dazzled enemies.<br><br><expandRow>(@MinUnits@) @DamageAmp*100@% bonus damage</expandRow><br><br><rules>Dazzle: Reduce damage dealt by @DamageReduction*100@%</rules><br><br><br>,"[{""maxUnits"": 3, ""minUnits"": 2, ""style"": 1, ""variables"": {""DamageAmp"": 0.18000000715255737, ""DamageReduction"": 0.10000000149011612}}, {""maxUnits"": 25000, ""minUnits"": 4, ""style"": 5, ""variables"": {""DamageAmp"": 0.4000000059604645, ""DamageReduction"": 0.10000000149011612}}]"
Set 16,16,base,TFTSet16,16.10,TFT16_ShyvanaUnique,Dragonborn,1,"On cast, Shyvana replaces her spell with Flame Breath. While transformed, all allies take @AbilityDamageReduction*100@% less damage from enemy Abilities.","On cast, Shyvana replaces her spell with Flame Breath. While transformed, all allies take @AbilityDamageReduction*100@% less damage from enemy Abilities.","[{""maxUnits"": 25000, ""minUnits"": 1, ""style"": 4, ""variables"": {""AbilityDamageReduction"": 0.07999999821186066}}]"
Set 16,16,base,TFTSet16,16.10,TFT16_Teamup_JarvanShyvana,Dragonguards,2,"When Jarvan casts, Shyvana gains @JarvanShieldShare*100@% of the Shield. When Shyvana casts, Jarvan jumps in and deals @JarvanResistDamage1*100@/@JarvanResistDamage2*100@/@JarvanResistDamage3*100@/@JarvanResistDamage4*100@% of his Armor and Magic Resist as magic damage in a 2-hex radius.","When Jarvan casts, Shyvana gains @JarvanShieldShare*100@% of the Shield. When Shyvana casts, Jarvan jumps in and deals @JarvanResistDamage1*100@/@JarvanResistDamage2*100@/@JarvanResistDamage3*100@/@JarvanResistDamage4*100@% of his Armor and Magic Resist as magic damage in a 2-hex radius.","[{""maxUnits"": 25000, ""minUnits"": 2, ""style"": 4, ""variables"": {""JarvanResistDamage1"": 1.0, ""JarvanResistDamage2"": 1.0, ""JarvanResistDamage3"": 1.25, ""JarvanResistDamage4"": 1.5, ""JarvanShieldShare"": 0.75}}]"
Set 16,16,base,TFTSet16,16.10,TFT16_Emperor,Emperor,1,"Azir deploys two Guards who can be placed anywhere on the battlefield. They do not move or attack, and die when Azir does.","Azir deploys two Guards who can be placed anywhere on the battlefield. They do not move or attack, and die when Azir does.","[{""maxUnits"": 25000, ""minUnits"": 1, ""style"": 4, ""variables"": {}}]"
Set 16,16,base,TFTSet16,16.10,TFT16_KindredUnique,Eternal,1,"Every 3rd attack from Kindred on the same enemy deals @PercentDamageMult*100@% damage, as Wolf mauls their target.","Every 3rd attack from Kindred on the same enemy deals @PercentDamageMult*100@% damage, as Wolf mauls their&nbsp;target.","[{""maxUnits"": 25000, ""minUnits"": 1, ""style"": 4, ""variables"": {""PercentDamageMult"": 3.25}}]"
Set 16,16,base,TFTSet16,16.10,TFT16_Freljord,Freljord,3|5|7,"Summon a Frozen Tower. Allies in front of it gain Health and allies behind it gain Damage Amp. Freljordians gain @FreljordBonus*100@% more.(@MinUnits@) @HealthPercent*100@% (scaleHealth), @DA*100@% (scaleDA)(@MinUnits@) Two Towers. @HealthPercent*100@% (scaleHealth), @DA*100@% (scaleDA)(@MinUnits@) Towers stun enemies on death for @StunDuration@ seconds. @HealthPercent*100@% (scaleHealth), @DA*100@% (scaleDA).","Summon a Frozen Tower. Allies in front of it gain Health and allies behind it gain Damage Amp. <br><br>Freljordians gain @FreljordBonus*100@% more.<br><br><row>(@MinUnits@) @HealthPercent*100@% %i:scaleHealth%, @DA*100@% %i:scaleDA%</row><br><row>(@MinUnits@) Two Towers. @HealthPercent*100@% %i:scaleHealth%, @DA*100@% %i:scaleDA%</row><br><row>(@MinUnits@) Towers stun enemies on death for @StunDuration@&nbsp;seconds. @HealthPercent*100@% %i:scaleHealth%, @DA*100@% %i:scaleDA%.</row>","[{""maxUnits"": 4, ""minUnits"": 3, ""style"": 1, ""variables"": {""DA"": 0.10000000149011612, ""FreljordBonus"": 1.5, ""HealthPercent"": 0.07999999821186066, ""StunDuration"": null, ""{03c21e23}"": null, ""{7dced3cd}"": 1.0}}, {""maxUnits"": 6, ""minUnits"": 5, ""style"": 3, ""variables"": {""DA"": 0.1599999964237213, ""FreljordBonus"": 1.5, ""HealthPercent"": 0.11999999731779099, ""StunDuration"": null, ""{03c21e23}"": 1.0, ""{7dced3cd}"": 2.0}}, {""maxUnits"": 25000, ""minUnits"": 7, ""style"": 5, ""variables"": {""DA"": 0.2199999988079071, ""FreljordBonus"": 1.5, ""HealthPercent"": 0.1599999964237213, ""StunDuration"": 1.5, ""{03c21e23}"": 1.0, ""{7dced3cd}"": 2.0}}]"
Set 16,16,base,TFTSet16,16.10,TFT16_Glutton,Glutton,1,"Once per Planning phase, you can feed Tahm Kench a champion, permanently granting him either Health, Attack Speed, or Ability Power based on their role and star level.To feed, hold an ally from the bench over Tahm Kench until his mouth opens, then release.Current Stats: @TFTUnitProperty.:TFT16_GluttonStat_HP@ (scaleHealth), @TFTUnitProperty.:TFT16_GluttonStat_AS@% (scaleAS), @TFTUnitProperty.:TFT16_GluttonStat_AP@% (scaleAP)","Once per Planning phase, you can feed Tahm Kench a champion, permanently granting him either Health, Attack Speed, or Ability Power based on their role and star level.<br><br><tftitemrules>To feed, hold an ally from the bench over Tahm Kench until his mouth opens, then release.</tftitemrules><br><br>Current Stats: @TFTUnitProperty.:TFT16_GluttonStat_HP@&nbsp;%i:scaleHealth%, @TFTUnitProperty.:TFT16_GluttonStat_AS@%&nbsp;%i:scaleAS%, @TFTUnitProperty.:TFT16_GluttonStat_AP@%&nbsp;%i:scaleAP%","[{""maxUnits"": 25000, ""minUnits"": 1, ""style"": 4, ""variables"": {""{6502b165}"": 20.0, ""{72c78315}"": 1.25}}]"
Set 16,16,base,TFTSet16,16.10,TFT16_Gunslinger,Gunslinger,2|4,"Gunslingers gain Attack Damage. Every @NumAttacks@th attack from Gunslingers deals bonus physical damage.
(2) 22% (scaleAD), 100 bonus damage
(4) 44% (scaleAD), 200 bonus damage","Gunslingers gain Attack Damage. Every @NumAttacks@th attack from Gunslingers deals bonus physical damage.<br><br><expandRow>(@MinUnits@) @AD*100@%&nbsp;%i:scaleAD%, @BonusDamage@ bonus damage</expandRow>","[{""maxUnits"": 3, ""minUnits"": 2, ""style"": 1, ""variables"": {""AD"": 0.2199999988079071, ""BonusDamage"": 100, ""NumAttacks"": 4}}, {""maxUnits"": 25000, ""minUnits"": 4, ""style"": 5, ""variables"": {""AD"": 0.4399999976158142, ""BonusDamage"": 200, ""NumAttacks"": 4}}]"
Set 16,16,base,TFTSet16,16.10,TFT16_Harvester,Harvester,1,"Each time an enemy champion dies, gain @ManaPerEnemyDeath@ Mana. Casting abilities does not consume Mana. All enemies lose @EnemyArmorMRReduction@ Armor and Magic Resist.","Each time an enemy champion dies, gain @ManaPerEnemyDeath@ Mana. Casting abilities does not consume Mana. <br><br>All enemies lose @EnemyArmorMRReduction@ Armor and Magic Resist.","[{""maxUnits"": 25000, ""minUnits"": 1, ""style"": 4, ""variables"": {""EnemyArmorMRReduction"": 10, ""ManaPerEnemyDeath"": 10.0}}]"
Set 16,16,base,TFTSet16,16.10,TFT16_Heroic,Heroic,1,"Galio cannot be fielded in combat. Instead, his traits count from the bench and when Demacians Rally, he joins the fight. On landing, he creates a @HexRadius@-hex shockwave that deals @PercentMaxHP*100@% of his max Health as magic damage. Enemies hit are knocked up for @KnockupDuration@ seconds, reduced by distance from the center.","Galio cannot be fielded in combat. Instead, his traits count from the bench and when Demacians Rally, he joins the fight. <br><br>On landing, he creates a @HexRadius@-hex shockwave that deals @PercentMaxHP*100@% of his max Health as magic damage. Enemies hit are knocked up for @KnockupDuration@ seconds, reduced by distance from the center.","[{""maxUnits"": 25000, ""minUnits"": 1, ""style"": 4, ""variables"": {""HexRadius"": 3.0, ""KnockupDuration"": 1.0, ""PercentMaxHP"": 0.10000000149011612}}]"
Set 16,16,base,TFTSet16,16.10,TFT16_HexMech,HexMech,1,"Gain a Pilot Hex. Combat Start: the unit within jumps into T-Hex, granting her @PercentHealth*100@% of their Health and bonus stats based on their role and star level.Tank: +@Vamp1@/@Vamp2@/@Vamp3@% OmnivampFighter: +@AD1@/@AD2@/@AD3@% Attack DamageMarksman: +@Amp1@/@Amp2@/@Amp3@% Damage AmpCaster: +@Mana1@/@Mana2@/@Mana3@ Mana RegenAssassin: +@Crit1@/@Crit2@/@Crit3@% Crit ChanceOn death, the pilot ejects while T-Hex knocks back and Stuns nearby enemies for @StunDuration@ seconds.","Gain a Pilot Hex. Combat Start: the unit within jumps into T-Hex, granting her @PercentHealth*100@% of their Health and bonus stats based on their role and star level.<br><br><TFTBonus>Tank:</TFTBonus> +@Vamp1@/@Vamp2@/@Vamp3@% Omnivamp<br><TFTBonus>Fighter:</TFTBonus> +@AD1@/@AD2@/@AD3@% Attack Damage<br><TFTBonus>Marksman:</TFTBonus> +@Amp1@/@Amp2@/@Amp3@% Damage Amp<br><TFTBonus>Caster:</TFTBonus> +@Mana1@/@Mana2@/@Mana3@ Mana Regen<br><TFTBonus>Assassin:</TFTBonus> +@Crit1@/@Crit2@/@Crit3@% Crit Chance<br><br>On death, the pilot ejects while T-Hex knocks back and Stuns nearby enemies for @StunDuration@ seconds.","[{""maxUnits"": 25000, ""minUnits"": 1, ""style"": 4, ""variables"": {""AD1"": 20.0, ""AD2"": 30.0, ""AD3"": 40.0, ""Amp1"": 12.0, ""Amp2"": 20.0, ""Amp3"": 30.0, ""Crit1"": 40.0, ""Crit2"": 70.0, ""Crit3"": 100.0, ""Mana1"": 2.0, ""Mana2"": 4.0, ""Mana3"": 5.0, ""PercentHealth"": 0.800000011920929, ""StunDuration"": 1.5, ""Vamp1"": 20.0, ""Vamp2"": 30.0, ""Vamp3"": 40.0, ""{99dbd967}"": 0.5}}]"
Set 16,16,base,TFTSet16,16.10,TFT16_Huntress,Huntress,1,"While your strongest Neeko is alive, your strongest Nidalee cannot be targeted by basic attacks and gains @Durability*100@% Durability.","While your strongest Neeko is alive, your strongest Nidalee cannot be targeted by basic attacks and gains @Durability*100@%&nbsp;Durability.","[{""maxUnits"": 25000, ""minUnits"": 1, ""style"": 4, ""variables"": {""Durability"": 0.5}}]"
Set 16,16,base,TFTSet16,16.10,TFT16_ZaahenTrait,Immortal,1,"While Xin Zhao is not on your board, Zaahen gains the Ionia, Demacia, and Warden traits.On kill, Zaahen gains a stack of Determination for the rest of combat. If he has @FocusNeededToRevive@ or more Determination when dying, he spends it to revive and restore @PercentMaxHealthHeal*100@% max Health.","While Xin Zhao is not on your board, Zaahen gains the Ionia, Demacia, and Warden traits.<br><br>On kill, Zaahen gains a stack of Determination for the rest of combat. If he has @FocusNeededToRevive@ or more Determination when dying, he spends it to revive and restore @PercentMaxHealthHeal*100@%&nbsp;max&nbsp;Health.","[{""maxUnits"": 25000, ""minUnits"": 1, ""style"": 4, ""variables"": {""FocusNeededToRevive"": 3, ""PercentMaxHealthHeal"": 0.6000000238418579, ""ReviveDuration"": 0.5, ""{54747e02}"": null}}]"
Set 16,16,base,TFTSet16,16.10,TFT16_Invoker,Invoker,2|4,"Your team gains @TeamBonusMana@ Mana Regen. Invokers gain more Mana from all sources.
(2) 25% more Mana
(4) 40% more Mana",Your team gains @TeamBonusMana@ Mana Regen. Invokers gain more Mana from all sources.<br><br><expandRow>(@MinUnits@) @PercentManaIncrease*100@% more Mana</expandRow>,"[{""maxUnits"": 3, ""minUnits"": 2, ""style"": 1, ""variables"": {""PercentManaIncrease"": 0.25, ""TeamBonusMana"": 1}}, {""maxUnits"": 25000, ""minUnits"": 4, ""style"": 5, ""variables"": {""PercentManaIncrease"": 0.4000000059604645, ""TeamBonusMana"": 1}}]"
Set 16,16,base,TFTSet16,16.10,TFT16_Ionia,Ionia,3|5|7|10,"Ionians gain Shield, Attack Damage, and Ability Power. Each game, they walk a different path. @TFTUnitProperty.trait:TFT16_Ionia_PathTooltip@(@MinUnits@) Gain a benefit that changes each game(@MinUnits@) Gain a benefit that changes each game(@MinUnits@) Gain a benefit that changes each game","Ionians gain Shield, Attack Damage, and Ability Power. Each game, they walk a different path. <br><br>@TFTUnitProperty.trait:TFT16_Ionia_PathTooltip@<br><br><row>(@MinUnits@) Gain a benefit that changes each game</row><br><row>(@MinUnits@) Gain a benefit that changes each game</row><br><row>(@MinUnits@) Gain a benefit that changes each game</row>","[{""maxUnits"": 4, ""minUnits"": 3, ""style"": 1, ""variables"": {""BladesAP"": 15.0, ""BladesFlatDamage"": null, ""BladesPercentChance"": 30.0, ""DeterminationFlatDamage"": 20, ""DeterminationResists"": 15, ""EnlightenmentADAP"": 10.0, ""EnlightenmentADAPPerLevel"": 2.0, ""EnlightenmentXP"": 1, ""GenerosityADAP"": 10, ""GenerosityIncreasePerGold"": 0.019999999552965164, ""SpiritADAP"": 3.0, ""SpiritHealth"": 0.25, ""Transcendence3StarBuff"": 1.2999999523162842, ""TranscendenceHealth"": 0.10000000149011612, ""TranscendenceMagicDamage"": 0.20000000298023224, ""{11fa863c}"": 5.0}}, {""maxUnits"": 6, ""minUnits"": 5, ""style"": 3, ""variables"": {""BladesAP"": 25.0, ""BladesFlatDamage"": null, ""BladesPercentChance"": 38.0, ""DeterminationFlatDamage"": 40, ""DeterminationResists"": 25, ""EnlightenmentADAP"": 15.0, ""EnlightenmentADAPPerLevel"": 3.0, ""EnlightenmentXP"": 2, ""GenerosityADAP"": 25, ""GenerosityIncreasePerGold"": 0.019999999552965164, ""SpiritADAP"": 4.0, ""SpiritHealth"": 0.30000001192092896, ""Transcendence3StarBuff"": 1.2999999523162842, ""TranscendenceHealth"": 0.15000000596046448, ""TranscendenceMagicDamage"": 0.25, ""{11fa863c}"": 4.0}}, {""maxUnits"": 25000, ""minUnits"": 7, ""style"": 5, ""variables"": {""BladesAP"": 50.0, ""BladesFlatDamage"": null, ""BladesPercentChance"": 45.0, ""DeterminationFlatDamage"": 60, ""DeterminationResists"": 40, ""EnlightenmentADAP"": 20.0, ""EnlightenmentADAPPerLevel"": 4.0, ""EnlightenmentXP"": 4, ""GenerosityADAP"": 40, ""GenerosityIncreasePerGold"": 0.019999999552965164, ""SpiritADAP"": 5.0, ""SpiritHealth"": 0.3499999940395355, ""Transcendence3StarBuff"": 1.2999999523162842, ""TranscendenceHealth"": 0.20000000298023224, ""TranscendenceMagicDamage"": 0.30000001192092896, ""{11fa863c}"": 3.0}}, {""maxUnits"": 25000, ""minUnits"": 10, ""style"": 6, ""variables"": {""BladesAP"": 100.0, ""BladesFlatDamage"": 25.0, ""BladesPercentChance"": 70.0, ""DeterminationFlatDamage"": 100, ""DeterminationResists"": 75, ""EnlightenmentADAP"": 100.0, ""EnlightenmentADAPPerLevel"": null, ""EnlightenmentXP"": 4, ""GenerosityADAP"": 50, ""GenerosityIncreasePerGold"": 0.019999999552965164, ""SpiritADAP"": 7.0, ""SpiritHealth"": 0.75, ""Transcendence3StarBuff"": 1.2999999523162842, ""TranscendenceHealth"": 0.30000001192092896, ""TranscendenceMagicDamage"": 0.699999988079071, ""{0c4f63cb}"": 0.029999999329447746, ""{11fa863c}"": 1.0, ""{ab6ec39e}"": 0.75, ""{cf068040}"": 0.30000001192092896, ""{ec4adf8d}"": 3.0}}]"
Set 16,16,base,TFTSet16,16.10,TFT16_Explorer,Ixtal,3|5|7,"(@MinUnits@) Complete Quests to earn Sunshards ((Set16Ixtal)) and spend them for loot!(@MinUnits@) Heal 2 player health at the start of each player combat.(@MinUnits@) After winning combat, find @BonusClues@ (Set16Ixtal) and unearth bonus loot.Completing a Quest before combat ends grants you a new one at the start of next round.","<row>(@MinUnits@) Complete Quests to earn Sunshards (%i:Set16Ixtal%) and spend them for&nbsp;loot!</row><br><row>(@MinUnits@) Heal 2 player health at the start of each player combat.</row><br><row>(@MinUnits@) After winning combat, find @BonusClues@ %i:Set16Ixtal% and unearth bonus loot.</row><br><br><rules>Completing a Quest before combat ends grants you a new one at the start of next round.</rules>","[{""maxUnits"": 4, ""minUnits"": 3, ""style"": 1, ""variables"": {""BonusHealth_Pairs"": null, ""Heal"": null}}, {""maxUnits"": 6, ""minUnits"": 5, ""style"": 3, ""variables"": {""BonusHealth_Pairs"": 250, ""Heal"": 2.0}}, {""maxUnits"": 25000, ""minUnits"": 7, ""style"": 5, ""variables"": {""BonusClues"": 50.0, ""BonusHealth_Pairs"": 250, ""Heal"": 2.0}}]"
Set 16,16,base,TFTSet16,16.10,TFT16_Juggernaut,Juggernaut,2|4|6,"Juggernauts gain Durability, increased while above @HealthBreakpoint*100@% health. When a Juggernaut dies, other Juggernauts heal for @HealRatio*100@% of their max Health.
(2) 18% or 25% (scaleDR)
(4) 20% or 30% (scaleDR)
(6) 26% or 36% (scaleDR)","Juggernauts gain Durability, increased while above @HealthBreakpoint*100@% health. When a Juggernaut dies, other Juggernauts heal for @HealRatio*100@% of their max Health.<br><br><expandRow>(@MinUnits@) @BaseDR*100@% or @IncreasedDR*100@%&nbsp;%i:scaleDR%</expandRow>","[{""maxUnits"": 3, ""minUnits"": 2, ""style"": 1, ""variables"": {""BaseDR"": 0.18000000715255737, ""HealRatio"": 0.05000000074505806, ""HealthBreakpoint"": 0.5, ""IncreasedDR"": 0.25}}, {""maxUnits"": 5, ""minUnits"": 4, ""style"": 3, ""variables"": {""BaseDR"": 0.20000000298023224, ""HealRatio"": 0.05000000074505806, ""HealthBreakpoint"": 0.5, ""IncreasedDR"": 0.30000001192092896}}, {""maxUnits"": 25000, ""minUnits"": 6, ""style"": 5, ""variables"": {""BaseDR"": 0.25999999046325684, ""HealRatio"": 0.05000000074505806, ""HealthBreakpoint"": 0.5, ""IncreasedDR"": 0.36000001430511475}}]"
Set 16,16,base,TFTSet16,16.10,TFT16_Longshot,Longshot,2|3|4|5,"Longshots gain Damage Amp and deal more damage to targets farther away.
(2) 18% (scaleDA) + 2% per Hex
(3) 24% (scaleDA) + 3% per Hex
(4) 28% (scaleDA) + 4% per Hex
(5) 32% (scaleDA) + 5% per Hex",Longshots gain Damage Amp and deal more damage to targets farther away.<br><br><expandRow>(@MinUnits@) @BaseDamageAmp*100@%&nbsp;%i:scaleDA% + @PercentDamageIncrease*100@% per Hex</expandRow>,"[{""maxUnits"": 2, ""minUnits"": 2, ""style"": 1, ""variables"": {""BaseDamageAmp"": 0.18000000715255737, ""PercentDamageIncrease"": 0.019999999552965164}}, {""maxUnits"": 3, ""minUnits"": 3, ""style"": 3, ""variables"": {""BaseDamageAmp"": 0.23999999463558197, ""PercentDamageIncrease"": 0.029999999329447746}}, {""maxUnits"": 4, ""minUnits"": 4, ""style"": 5, ""variables"": {""BaseDamageAmp"": 0.2800000011920929, ""PercentDamageIncrease"": 0.03999999910593033}}, {""maxUnits"": 25000, ""minUnits"": 5, ""style"": 5, ""variables"": {""BaseDamageAmp"": 0.3199999928474426, ""PercentDamageIncrease"": 0.05000000074505806}}]"
Set 16,16,base,TFTSet16,16.10,TFT16_Noxus,Noxus,3|5|7|10,"After the enemy team has lost @HPLostTrigger*100@% of their Health, summon Atakhan, Bringer of Ruin. Each Noxian champion's star level increases his power.(@MinUnits@) He slashes enemies, dealing magic damage. (@MinUnits@) Noxians get more powerful the longer he is alive. (@MinUnits@) He drains the souls of enemies on cast.(@MinUnits@) After @RuinTimer@ seconds, BRING RUIN.","After the enemy team has lost @HPLostTrigger*100@% of their Health, summon Atakhan, Bringer of Ruin. Each Noxian champion's star level increases his power.<br><br><row>(@MinUnits@) He slashes enemies, dealing magic&nbsp;damage.</row> <br><row>(@MinUnits@) Noxians get more powerful the longer he&nbsp;is&nbsp;alive.</row> <br><row>(@MinUnits@) He drains the souls of enemies&nbsp;on&nbsp;cast.</row><br><row>(@MinUnits@) After @RuinTimer@ seconds, BRING RUIN.</row>","[{""maxUnits"": 4, ""minUnits"": 3, ""style"": 1, ""variables"": {""HPLostTrigger"": 0.15000000596046448, ""RuinTimer"": 10}}, {""maxUnits"": 6, ""minUnits"": 5, ""style"": 3, ""variables"": {""HPLostTrigger"": 0.15000000596046448, ""RuinTimer"": 10}}, {""maxUnits"": 9, ""minUnits"": 7, ""style"": 5, ""variables"": {""HPLostTrigger"": 0.15000000596046448, ""RuinTimer"": 10}}, {""maxUnits"": 25000, ""minUnits"": 10, ""style"": 6, ""variables"": {""HPLostTrigger"": 0.15000000596046448, ""RuinTimer"": 10}}]"
Set 16,16,base,TFTSet16,16.10,TFT16_Piltover,Piltover,2|4|6,"Build an invention on the right side of the board. After @InventionFireTime@ seconds, the invention activates, triggering each of its Modules.(@MinUnits@) Choose a Module(@MinUnits@) Choose a Second Module(@MinUnits@) Choose a Third Module","Build an invention on the right side of the board. After @InventionFireTime@ seconds, the invention activates, triggering each of its Modules.<br><br><row>(@MinUnits@) Choose a Module</row><br><row>(@MinUnits@) Choose a Second Module</row><br><row>(@MinUnits@) Choose a Third Module</row>","[{""maxUnits"": 3, ""minUnits"": 2, ""style"": 1, ""variables"": {""InventionFireTime"": 8.0}}, {""maxUnits"": 5, ""minUnits"": 4, ""style"": 3, ""variables"": {""InventionFireTime"": 8.0}}, {""maxUnits"": 25000, ""minUnits"": 6, ""style"": 5, ""variables"": {""InventionFireTime"": 8.0}}]"
Set 16,16,base,TFTSet16,16.10,TFT16_Teamup_SingedTeemo,Poison Pals,2,Gain a 2-star Teemo. Singed's damage refreshes Teemo's poisons and Teemo's damage grants Singed ramping Ability Power. Gain a Teemo after each player combat.,Gain a 2-star Teemo. Singed's damage refreshes Teemo's poisons and Teemo's damage grants Singed ramping Ability Power. Gain a Teemo after each player combat.,"[{""maxUnits"": 25000, ""minUnits"": 2, ""style"": 4, ""variables"": {""SingedAPGain"": 2, ""TeemoDamageReq"": 100}}]"
Set 16,16,base,TFTSet16,16.10,TFT16_Rapidfire,Quickstriker,2|3|4|5,Your team gains @TeamwideAS*100@% Attack Speed. Quickstrikers gain bonus Attack Speed based on their target's missing Health.(@MinUnits@) @MinBonusAS*100@-@MaxBonusAS*100@% (scaleAS)(@MinUnits@) @MinBonusAS*100@-@MaxBonusAS*100@% (scaleAS)(@MinUnits@) @MinBonusAS*100@-@MaxBonusAS*100@% (scaleAS)(@MinUnits@) @MinBonusAS*100@-@MaxBonusAS*100@% (scaleAS),Your team gains @TeamwideAS*100@% Attack Speed. Quickstrikers gain bonus Attack Speed based on their target's missing Health.<br><br><row>(@MinUnits@) @MinBonusAS*100@-@MaxBonusAS*100@%&nbsp;%i:scaleAS%</row><br><row>(@MinUnits@) @MinBonusAS*100@-@MaxBonusAS*100@%&nbsp;%i:scaleAS%</row><br><row>(@MinUnits@) @MinBonusAS*100@-@MaxBonusAS*100@%&nbsp;%i:scaleAS%</row><br><row>(@MinUnits@) @MinBonusAS*100@-@MaxBonusAS*100@%&nbsp;%i:scaleAS%</row>,"[{""maxUnits"": 2, ""minUnits"": 2, ""style"": 1, ""variables"": {""MaxBonusAS"": 0.30000001192092896, ""MinBonusAS"": 0.10000000149011612, ""TeamwideAS"": 0.15000000596046448}}, {""maxUnits"": 3, ""minUnits"": 3, ""style"": 3, ""variables"": {""MaxBonusAS"": 0.44999998807907104, ""MinBonusAS"": 0.20000000298023224, ""TeamwideAS"": 0.15000000596046448}}, {""maxUnits"": 4, ""minUnits"": 4, ""style"": 3, ""variables"": {""MaxBonusAS"": 0.6000000238418579, ""MinBonusAS"": 0.30000001192092896, ""TeamwideAS"": 0.15000000596046448}}, {""maxUnits"": 25000, ""minUnits"": 5, ""style"": 5, ""variables"": {""MaxBonusAS"": 0.800000011920929, ""MinBonusAS"": 0.4000000059604645, ""TeamwideAS"": 0.15000000596046448}}]"
Set 16,16,base,TFTSet16,16.10,TFT16_BaronUnique,Riftscourge,1,"Baron Nashor takes up 2 team slots and grants +2 to the Void trait.After @VoidTime@ seconds, the board enters a Void Rift. The Rift grants Void units @DamageAmp*100@% Damage Amp and constantly strikes enemies with bolts of plasma, dealing @LightningPercentHealth*100@% max Health as magic damage.","Baron Nashor takes up 2 team slots and grants +2 to the Void trait.<br><br>After @VoidTime@ seconds, the board enters a Void Rift. The Rift grants Void units @DamageAmp*100@% Damage Amp and constantly strikes enemies with bolts of plasma, dealing @LightningPercentHealth*100@% max Health as magic damage.","[{""maxUnits"": 25000, ""minUnits"": 1, ""style"": 4, ""variables"": {""DamageAmp"": 0.30000001192092896, ""LightningPercentHealth"": 0.05000000074505806, ""VoidTime"": 8.0, ""{79ea70c9}"": 0.5}}]"
Set 16,16,base,TFTSet16,16.10,TFT16_RuneMage,Rune Mage,1,"The Rune Mage benefits from all active Region traits, but contributes to none.He harnesses the Runic power from active Region traits to modify his Ability, enhancing it in unique ways.","The Rune Mage benefits from all active Region traits, but contributes to none.<br><br>He harnesses the Runic power from active Region traits to modify his Ability, enhancing it in unique ways.","[{""maxUnits"": 25000, ""minUnits"": 1, ""style"": 4, ""variables"": {}}]"
Set 16,16,base,TFTSet16,16.10,TFT16_Teamup_LucianVayne,Sentinels of Light,2,"When Vayne casts on an enemy afflicted with Black Mist, she fires @NumBonusBolts@ extra bolts at @BoltEffectiveness*100@% effectiveness. When she gets a takedown, Lucian and Senna gain @LucianSennaAS*100@% Attack Speed.","When Vayne casts on an enemy afflicted with Black Mist, she fires @NumBonusBolts@ extra bolts at @BoltEffectiveness*100@% effectiveness. When she gets a takedown, Lucian and Senna gain @LucianSennaAS*100@% Attack Speed.","[{""maxUnits"": 25000, ""minUnits"": 2, ""style"": 4, ""variables"": {""BoltEffectiveness"": 0.25, ""LucianSennaAS"": 0.5, ""NumBonusBolts"": 2}}]"
Set 16,16,base,TFTSet16,16.10,TFT16_ShadowIsles,Shadow Isles,2|3|4|5,"Whenever ANY champion dies in a player combat, gain Souls ((scaleSouls)). Shadow Isles champions' Abilities are uniquely empowered based on the number of Souls you have.Shadow Isles champions gain Attack Damage and Ability Power.(@MinUnits@) @SoulMult@x (scaleSouls), @ADAP*100@% (scaleAD)(scaleAP)(@MinUnits@) @SoulMult@x (scaleSouls), @ADAP*100@% (scaleAD)(scaleAP)(@MinUnits@) @SoulMult@x (scaleSouls), @ADAP*100@% (scaleAD)(scaleAP)(@MinUnits@) @SoulMult@x (scaleSouls), @ADAP*100@% (scaleAD)(scaleAP)Souls Collected: @TFTUnitProperty.trait:TFT16_ShadowIsles_SoulsPlayerFacing@ (scaleSouls)","Whenever ANY champion dies in a player combat, gain Souls (%i:scaleSouls%). Shadow Isles champions' Abilities are uniquely empowered based on the number of Souls you have.<br><br>Shadow Isles champions gain Attack Damage and Ability Power.<br><br><row>(@MinUnits@) @SoulMult@x&nbsp;%i:scaleSouls%, @ADAP*100@%&nbsp;%i:scaleAD%%i:scaleAP%</row><br><row>(@MinUnits@) @SoulMult@x&nbsp;%i:scaleSouls%, @ADAP*100@%&nbsp;%i:scaleAD%%i:scaleAP%</row><br><row>(@MinUnits@) @SoulMult@x&nbsp;%i:scaleSouls%, @ADAP*100@%&nbsp;%i:scaleAD%%i:scaleAP%</row><br><row>(@MinUnits@) @SoulMult@x&nbsp;%i:scaleSouls%, @ADAP*100@%&nbsp;%i:scaleAD%%i:scaleAP%</row><br><br><rules>Souls Collected: @TFTUnitProperty.trait:TFT16_ShadowIsles_SoulsPlayerFacing@&nbsp;%i:scaleSouls%</rules>","[{""maxUnits"": 2, ""minUnits"": 2, ""style"": 1, ""variables"": {""ADAP"": 0.18000000715255737, ""SoulMult"": 1.0, ""{1e24d16e}"": 135.0, ""{263593f9}"": 65.0, ""{2c785ea4}"": null, ""{30214014}"": 25.0, ""{570dee69}"": 1.0, ""{689e69ab}"": 160.0, ""{b3900e2d}"": 215.0, ""{cd71fc1d}"": 255.0, ""{e99a6f18}"": 185.0}}, {""maxUnits"": 3, ""minUnits"": 3, ""style"": 3, ""variables"": {""ADAP"": 0.20000000298023224, ""SoulMult"": 1.2999999523162842, ""{1e24d16e}"": 135.0, ""{263593f9}"": 65.0, ""{2c785ea4}"": null, ""{30214014}"": 25.0, ""{570dee69}"": 1.0, ""{689e69ab}"": 160.0, ""{b3900e2d}"": 215.0, ""{cd71fc1d}"": 255.0, ""{e99a6f18}"": 185.0}}, {""maxUnits"": 4, ""minUnits"": 4, ""style"": 3, ""variables"": {""ADAP"": 0.25, ""SoulMult"": 1.600000023841858, ""{1e24d16e}"": 135.0, ""{263593f9}"": 65.0, ""{2c785ea4}"": null, ""{30214014}"": 25.0, ""{570dee69}"": 1.0, ""{689e69ab}"": 160.0, ""{b3900e2d}"": 215.0, ""{cd71fc1d}"": 255.0, ""{e99a6f18}"": 185.0}}, {""maxUnits"": 25000, ""minUnits"": 5, ""style"": 5, ""variables"": {""ADAP"": 0.33000001311302185, ""SoulMult"": 1.899999976158142, ""{1e24d16e}"": 135.0, ""{263593f9}"": 65.0, ""{2c785ea4}"": null, ""{30214014}"": 25.0, ""{570dee69}"": 1.0, ""{689e69ab}"": 160.0, ""{b3900e2d}"": 215.0, ""{cd71fc1d}"": 255.0, ""{e99a6f18}"": 185.0}}]"
Set 16,16,base,TFTSet16,16.10,TFT16_Shurima,Shurima,2|3|4,"Each second, Shurimans gain @ASPerSecond*100@% Attack Speed and restore @HealthRestorePerSecond@ Health. At combat start, they gain additional effects.(@MinUnits@) @BonusHealth*100@% max Health(@MinUnits@) @ArmorMR@ Armor and Magic Resist(@MinUnits@) A Shuriman ascends to GODHOOD every @GodhoodCadence@ seconds.","Each second, Shurimans gain @ASPerSecond*100@% Attack Speed and restore @HealthRestorePerSecond@ Health. At combat start, they gain additional effects.<br><br><row>(@MinUnits@) @BonusHealth*100@% max Health</row><br><row>(@MinUnits@) @ArmorMR@ Armor and Magic Resist</row><br><row>(@MinUnits@) A Shuriman ascends to GODHOOD every @GodhoodCadence@ seconds.</row>","[{""maxUnits"": 2, ""minUnits"": 2, ""style"": 1, ""variables"": {""ASPerSecond"": 0.019999999552965164, ""ArmorMR"": null, ""BonusHealth"": 0.20000000298023224, ""GodhoodCadence"": null, ""HealthRestorePerSecond"": 20, ""SkinScale"": 0.07999999821186066, ""{2b696a57}"": null}}, {""maxUnits"": 3, ""minUnits"": 3, ""style"": 5, ""variables"": {""ASPerSecond"": 0.019999999552965164, ""ArmorMR"": 50.0, ""BonusHealth"": 0.20000000298023224, ""GodhoodCadence"": null, ""HealthRestorePerSecond"": 20, ""SkinScale"": 0.07999999821186066, ""{2b696a57}"": null}}, {""maxUnits"": 25000, ""minUnits"": 4, ""style"": 6, ""variables"": {""ASPerSecond"": 0.019999999552965164, ""ArmorMR"": 50.0, ""BonusHealth"": 0.20000000298023224, ""GodhoodCadence"": 3, ""HealthRestorePerSecond"": 20, ""SkinScale"": 0.07999999821186066, ""{2b696a57}"": 1}}]"
Set 16,16,base,TFTSet16,16.10,TFT16_Slayer,Slayer,2|4|6,"Slayers gain Omnivamp and Attack Damage. They increase the bonus Attack Damage by up to @AmountIncrease*100@% based on their missing Health.
(2) 20% (scaleAD), 10% (scaleSV)
(4) 30% (scaleAD), 16% (scaleSV)
(6) 40% (scaleAD), 20% (scaleSV)","Slayers gain Omnivamp and Attack Damage. They increase the bonus Attack Damage by up to @AmountIncrease*100@% based on their missing Health.<br><br><expandRow>(@MinUnits@) @BonusAD*100@% %i:scaleAD%, @BonusOmnivamp*100@% %i:scaleSV%</expandRow><br>","[{""maxUnits"": 3, ""minUnits"": 2, ""style"": 1, ""variables"": {""AmountIncrease"": 0.5, ""BonusAD"": 0.20000000298023224, ""BonusOmnivamp"": 0.10000000149011612}}, {""maxUnits"": 5, ""minUnits"": 4, ""style"": 3, ""variables"": {""AmountIncrease"": 0.5, ""BonusAD"": 0.30000001192092896, ""BonusOmnivamp"": 0.1599999964237213}}, {""maxUnits"": 25000, ""minUnits"": 6, ""style"": 5, ""variables"": {""AmountIncrease"": 0.5, ""BonusAD"": 0.4000000059604645, ""BonusOmnivamp"": 0.20000000298023224}}]"
Set 16,16,base,TFTSet16,16.10,TFT16_Soulbound,Soulbound,1,"Lucian and Senna fight together, swapping when either casts. Each champion has a unique ability.Your strongest Soulbound pair grants bonuses to your team while they survive. While Senna is out, all allies gain @SennaDR*100@% Damage Reduction. While Lucian is out, all allies gain @LucianDA*100@% Damage Amp.","Lucian and Senna fight together, swapping when either casts. Each champion has a unique ability.<br><br>Your strongest Soulbound pair grants bonuses to your team while they survive. While Senna is out, all allies gain @SennaDR*100@% Damage Reduction. While Lucian is out, all allies gain @LucianDA*100@% Damage Amp.","[{""maxUnits"": 25000, ""minUnits"": 1, ""style"": 4, ""variables"": {""LucianDA"": 0.07000000029802322, ""SennaDR"": 0.07000000029802322}}]"
Set 16,16,base,TFTSet16,16.10,TFT16_AurelionSolUnique,Star Forger,1,Aurelion Sol gains @BonusStardustPerOneStar*100@/@BonusStardustPerTwoStar*100@/@BonusStardustPerThreeStar*100@% increased Stardust for each other unique Targonian fielded in combat.Current Bonus: @TFTUnitProperty.:TFT16_AurelionSol_StarMod@%,Aurelion Sol gains @BonusStardustPerOneStar*100@/@BonusStardustPerTwoStar*100@/@BonusStardustPerThreeStar*100@% increased Stardust for each other unique Targonian fielded in combat.<br><br><rules>Current Bonus:&nbsp;@TFTUnitProperty.:TFT16_AurelionSol_StarMod@%</rules>,"[{""maxUnits"": 25000, ""minUnits"": 1, ""style"": 4, ""variables"": {""BonusStardustPerOneStar"": 0.25, ""BonusStardustPerThreeStar"": 1.0, ""BonusStardustPerTwoStar"": 0.30000001192092896}}]"
Set 16,16,base,TFTSet16,16.10,TFT16_Targon,Targon,1,"Targonians are forged by the stars. They are traitless, but stronger than the average champion.","Targonians are forged by the stars. They are traitless, but stronger than the average champion.","[{""maxUnits"": 25000, ""minUnits"": 1, ""style"": 5, ""variables"": {}}]"
Set 16,16,base,TFTSet16,16.10,TFT16_TheBoss,The Boss,1,"When Sett first drops below @MaxHealthThreshold*100@% max Health, he leaves combat to start doing sit-ups. Each sit-up restores @HealPercent@% max Health and gives him @AttackSpeedPercent@% Attack and Move Speed.If he reaches full Health, he returns to combat Pumped Up, converting all damage from his attacks and Ability to true damage. If all of his allies die, he immediately returns to combat.","When Sett first drops below @MaxHealthThreshold*100@% max Health, he leaves combat to start doing sit-ups. Each sit-up restores @HealPercent@% max Health and gives him @AttackSpeedPercent@% Attack and Move Speed.<br><br>If he reaches full Health, he returns to combat Pumped Up, converting all damage from his attacks and Ability to true damage. If all of his allies die, he immediately returns to combat.","[{""maxUnits"": 25000, ""minUnits"": 1, ""style"": 4, ""variables"": {""AttackSpeedPercent"": 60.0, ""HealPercent"": 15.0, ""MaxHealthThreshold"": 0.44999998807907104}}]"
Set 16,16,base,TFTSet16,16.10,TFT16_Teamup_EkkoZilean,Timewinders,1|2,"After every combat Ekko participates in, gain @TOOLTIPONLYXP@XP. After 3-starring Ekko, gain a Zilean.Ekko's empowered attacks echo for @DamageShare*100@% of the original damage to all enemies taking damage from your strongest Zilean.","<row>After every combat Ekko participates in, gain @TOOLTIPONLYXP@XP. After 3-starring Ekko, gain a Zilean.</row><br><row>Ekko's empowered attacks echo for @DamageShare*100@% of the original damage to all enemies taking damage from your strongest Zilean.</row><br><br><br><br>","[{""maxUnits"": 1, ""minUnits"": 1, ""style"": 4, ""variables"": {""DamageShare"": 0.10000000149011612, ""TOOLTIPONLYXP"": 2}}, {""maxUnits"": 25000, ""minUnits"": 2, ""style"": 4, ""variables"": {""DamageShare"": 0.10000000149011612, ""TOOLTIPONLYXP"": 2}}]"
Set 16,16,base,TFTSet16,16.10,TFT16_Vanquisher,Vanquisher,2|3|4|5,"Vanquishers' abilities can critically strike. They also gain Critical Strike Chance and Critical Strike Damage.
(2) 15% (scaleCrit) , 15% (scaleCritMult)
(3) 20% (scaleCrit) , 20% (scaleCritMult)
(4) 25% (scaleCrit) , 25% (scaleCritMult)
(5) 30% (scaleCrit) , 30% (scaleCritMult)","Vanquishers' abilities can critically strike. They also gain Critical Strike Chance and Critical Strike Damage.<br><br><expandRow>(@MinUnits@) @BaseCritChance@% %i:scaleCrit% , @CritDmg@% %i:scaleCritMult%</expandRow><br>","[{""maxUnits"": 2, ""minUnits"": 2, ""style"": 1, ""variables"": {""BaseCritChance"": 15.0, ""CritDmg"": 15.0}}, {""maxUnits"": 3, ""minUnits"": 3, ""style"": 3, ""variables"": {""BaseCritChance"": 20.0, ""CritDmg"": 20.0}}, {""maxUnits"": 4, ""minUnits"": 4, ""style"": 3, ""variables"": {""BaseCritChance"": 25.0, ""CritDmg"": 25.0}}, {""maxUnits"": 25000, ""minUnits"": 5, ""style"": 5, ""variables"": {""BaseCritChance"": 30.0, ""CritDmg"": 30.0}}]"
Set 16,16,base,TFTSet16,16.10,TFT16_Void,Void,2|4|6|9,"Gain Mutations that only Void champions can use. Void champions gain Attack Speed.(@MinUnits@) @NumMutations@ Mutation, @BonusAS*100@% (scaleAS)(@MinUnits@) @NumMutations@ Mutations, @BonusAS*100@% (scaleAS)(@MinUnits@) @NumMutations@ Mutations, @BonusAS*100@% (scaleAS)(@MinUnits@) Mutations become supercharged, increasing their power by @SuperchargedMult*100@%. @BonusAS*100@% (scaleAS)Champions can only have one Mutation at a time. Benching a champion removes their Mutation.","Gain Mutations that only Void champions can use. Void champions gain Attack&nbsp;Speed.<br><br><row>(@MinUnits@) @NumMutations@ Mutation, @BonusAS*100@%&nbsp;%i:scaleAS%</row><br><row>(@MinUnits@) @NumMutations@ Mutations, @BonusAS*100@%&nbsp;%i:scaleAS%</row><br><row>(@MinUnits@) @NumMutations@ Mutations, @BonusAS*100@%&nbsp;%i:scaleAS%</row><br><row>(@MinUnits@) Mutations become supercharged, increasing their power by @SuperchargedMult*100@%. @BonusAS*100@%&nbsp;%i:scaleAS%</row><br><br><rules>Champions can only have one Mutation at a time. Benching a champion removes their&nbsp;Mutation.</rules><br>","[{""maxUnits"": 3, ""minUnits"": 2, ""style"": 1, ""variables"": {""BonusAS"": 0.07999999821186066, ""NumMutations"": 1, ""SuperchargedMult"": null}}, {""maxUnits"": 5, ""minUnits"": 4, ""style"": 3, ""variables"": {""BonusAS"": 0.18000000715255737, ""NumMutations"": 2, ""{12afd090}"": null}}, {""maxUnits"": 8, ""minUnits"": 6, ""style"": 5, ""variables"": {""BonusAS"": 0.33000001311302185, ""NumMutations"": 3, ""SuperchargedMult"": null}}, {""maxUnits"": 25000, ""minUnits"": 9, ""style"": 5, ""variables"": {""BonusAS"": 0.4000000059604645, ""NumMutations"": 3, ""SuperchargedMult"": 1.0}}]"
Set 16,16,base,TFTSet16,16.10,TFT16_Warden,Warden,2|3|4|5,"When Wardens first drop below @FirstShieldPercentHealth*100@% and @SecondShieldPercentHealth*100@% Health, they gain a Shield based on their max Health.
(2) 16% (scaleHealth)
(3) 20% (scaleHealth)
(4) 26% (scaleHealth)
(5) 33% (scaleHealth)","When Wardens first drop below @FirstShieldPercentHealth*100@% and @SecondShieldPercentHealth*100@% Health, they gain a&nbsp;Shield based on their max Health.<br><br><expandRow>(@MinUnits@) @PercentHealthShield*100@% %i:scaleHealth%</expandRow>","[{""maxUnits"": 2, ""minUnits"": 2, ""style"": 1, ""variables"": {""FirstShieldPercentHealth"": 0.75, ""PercentHealthShield"": 0.1599999964237213, ""SecondShieldPercentHealth"": 0.25}}, {""maxUnits"": 3, ""minUnits"": 3, ""style"": 3, ""variables"": {""FirstShieldPercentHealth"": 0.75, ""PercentHealthShield"": 0.20000000298023224, ""SecondShieldPercentHealth"": 0.25}}, {""maxUnits"": 4, ""minUnits"": 4, ""style"": 3, ""variables"": {""FirstShieldPercentHealth"": 0.75, ""PercentHealthShield"": 0.25999999046325684, ""SecondShieldPercentHealth"": 0.25}}, {""maxUnits"": 25000, ""minUnits"": 5, ""style"": 5, ""variables"": {""FirstShieldPercentHealth"": 0.75, ""PercentHealthShield"": 0.33000001311302185, ""SecondShieldPercentHealth"": 0.25}}]"
Set 16,16,base,TFTSet16,16.10,TFT16_AatroxUnique,World Ender,1,"Aatrox gains Attack Damage equal to @OmnivampToADRatio*100@% of his Omnivamp.On first death, he becomes briefly untargetable and heals back to full Health over @HealDuration@ seconds. Afterwards, he reduces his maximum Mana by @ManaReduction@ and gains @Durability*100@% Durability.","Aatrox gains Attack Damage equal to @OmnivampToADRatio*100@% of his Omnivamp.<br><br>On first death, he becomes briefly untargetable and heals back to full Health over @HealDuration@ seconds. Afterwards, he reduces his maximum Mana by @ManaReduction@ and gains @Durability*100@% Durability.","[{""maxUnits"": 25000, ""minUnits"": 1, ""style"": 4, ""variables"": {""Durability"": 0.20000000298023224, ""HealDuration"": 2.0, ""ManaReduction"": 10.0, ""OmnivampToADRatio"": 2.0}}]"
Set 16,16,base,TFTSet16,16.10,TFT16_Yordle,Yordle,2|4|6|8|10,(@MinUnits@) Yordles gain @BonusHealth@ Health and @AS*100@% Attack Speed for each unique Yordle fielded. 3 star Yordles grant @BonusMultiplier*100@% more!(@MinUnits@) AND your first shop each round has a Yordle in it!(@MinUnits@) AND get @FreeRerolls@ free rerolls each round!(@MinUnits@) AND get a Yordle Grab Bag each round!,<row>(@MinUnits@) Yordles gain @BonusHealth@ Health and @AS*100@% Attack Speed for each unique Yordle fielded. 3&nbsp;star Yordles grant @BonusMultiplier*100@%&nbsp;more!</row><br><row>(@MinUnits@) AND your first shop each round has a Yordle&nbsp;in&nbsp;it!</row><br><row>(@MinUnits@) AND get @FreeRerolls@ free rerolls each&nbsp;round!</row><br><row>(@MinUnits@) AND get a Yordle Grab Bag each&nbsp;round!</row>,"[{""maxUnits"": 3, ""minUnits"": 2, ""style"": 1, ""variables"": {""AS"": 0.05000000074505806, ""BonusHealth"": 40.0, ""BonusMultiplier"": 1.2000000476837158, ""BonusStatMultiplier"": 1.0, ""FreeRerolls"": null, ""{12cd8d20}"": null, ""{94706038}"": null, ""{9f843340}"": 700.0, ""{a90bd1e4}"": 1.5, ""{ada76fc3}"": 800.0, ""{b46678c7}"": 200.0, ""{fe25b795}"": null}}, {""maxUnits"": 5, ""minUnits"": 4, ""style"": 3, ""variables"": {""AS"": 0.05000000074505806, ""BonusHealth"": 40.0, ""BonusMultiplier"": 1.2000000476837158, ""BonusStatMultiplier"": 1.0, ""FreeRerolls"": null, ""{12cd8d20}"": 1.0, ""{94706038}"": null, ""{9f843340}"": 700.0, ""{a90bd1e4}"": 1.5, ""{ada76fc3}"": 800.0, ""{b46678c7}"": 200.0, ""{fe25b795}"": null}}, {""maxUnits"": 7, ""minUnits"": 6, ""style"": 3, ""variables"": {""AS"": 0.05000000074505806, ""BonusHealth"": 40.0, ""BonusMultiplier"": 1.2000000476837158, ""BonusStatMultiplier"": 1.0, ""FreeRerolls"": 1.0, ""{12cd8d20}"": 1.0, ""{94706038}"": null, ""{9f843340}"": 700.0, ""{a90bd1e4}"": 1.5, ""{ada76fc3}"": 800.0, ""{b46678c7}"": 200.0, ""{fe25b795}"": null}}, {""maxUnits"": 25000, ""minUnits"": 8, ""style"": 5, ""variables"": {""AS"": 0.05000000074505806, ""BonusHealth"": 40.0, ""BonusMultiplier"": 1.2000000476837158, ""BonusStatMultiplier"": 1.0, ""FreeRerolls"": 1.0, ""{12cd8d20}"": 1.0, ""{94706038}"": 1.0, ""{9f843340}"": 700.0, ""{a90bd1e4}"": 1.5, ""{ada76fc3}"": 800.0, ""{b46678c7}"": 200.0, ""{fe25b795}"": null}}, {""maxUnits"": 25000, ""minUnits"": 10, ""style"": 6, ""variables"": {""AS"": 0.05000000074505806, ""BonusHealth"": 40.0, ""BonusMultiplier"": 1.2000000476837158, ""BonusStatMultiplier"": 1.0, ""FreeRerolls"": 1.0, ""{12cd8d20}"": 1.0, ""{94706038}"": 1.0, ""{9f843340}"": 700.0, ""{a90bd1e4}"": 1.5, ""{ada76fc3}"": 800.0, ""{b46678c7}"": 200.0, ""{fe25b795}"": 1.0}}]"
Set 16,16,base,TFTSet16,16.10,TFT16_Zaun,Zaun,3|5|7,"After @InitialDelay@ seconds, Zaunites become Shimmer-Fused, granting them @ShimmerFuseDurability*100@% Durability and @ShimmerFuseAttackSpeed*100@% decaying Attack Speed for @ShimmerFuseDuration@ seconds. After a short cooldown, they become Shimmer-Fused again.(@MinUnits@) Refresh after @RefreshSeconds@ seconds. (@MinUnits@) At @HealThreshold*100@% Health, Zaunites restore @MaxHealthHeal*100@% Health over @HealDuration@ seconds and instantly become Shimmer-Fused.(@MinUnits@) Shimmer-Fused bonuses are increased by @ShimmerFustMult*100@%. Refresh after @RefreshSeconds@ seconds instead.","After @InitialDelay@ seconds, Zaunites become <TFTKeyword>Shimmer-Fused</TFTKeyword>, granting them @ShimmerFuseDurability*100@% Durability and @ShimmerFuseAttackSpeed*100@% decaying Attack Speed for @ShimmerFuseDuration@ seconds. <br><br>After a short cooldown, they become Shimmer-Fused again.<br><br><row>(@MinUnits@) Refresh after @RefreshSeconds@ seconds. </row><br><row>(@MinUnits@) At @HealThreshold*100@% Health, Zaunites restore @MaxHealthHeal*100@% Health over @HealDuration@ seconds and instantly become Shimmer-Fused.</row><br><row>(@MinUnits@) Shimmer-Fused bonuses are increased by @ShimmerFustMult*100@%. Refresh after @RefreshSeconds@ seconds instead.</row>","[{""maxUnits"": 4, ""minUnits"": 3, ""style"": 1, ""variables"": {""HealDuration"": 3.0, ""HealThreshold"": 0.6000000238418579, ""InitialDelay"": 4.0, ""MaxHealthHeal"": null, ""RefreshSeconds"": 4.0, ""ReviveDuration"": 3.0, ""ShimmerFuseAttackSpeed"": 0.8999999761581421, ""ShimmerFuseDurability"": 0.15000000596046448, ""ShimmerFuseDuration"": 4.0, ""ShimmerFustMult"": null, ""{19b47e58}"": 0.3499999940395355}}, {""maxUnits"": 6, ""minUnits"": 5, ""style"": 3, ""variables"": {""HealDuration"": 3.0, ""HealThreshold"": 0.6000000238418579, ""InitialDelay"": 4.0, ""MaxHealthHeal"": 0.30000001192092896, ""RefreshSeconds"": 4.0, ""ReviveDuration"": 3.0, ""ShimmerFuseAttackSpeed"": 0.8999999761581421, ""ShimmerFuseDurability"": 0.15000000596046448, ""ShimmerFuseDuration"": 4.0, ""ShimmerFustMult"": null, ""{19b47e58}"": 0.3499999940395355}}, {""maxUnits"": 25000, ""minUnits"": 7, ""style"": 5, ""variables"": {""HealDuration"": 3.0, ""HealThreshold"": 0.6000000238418579, ""InitialDelay"": 4.0, ""MaxHealthHeal"": 0.30000001192092896, ""RefreshSeconds"": 3.0, ""ReviveDuration"": 3.0, ""ShimmerFuseAttackSpeed"": 0.8999999761581421, ""ShimmerFuseDurability"": 0.15000000596046448, ""ShimmerFuseDuration"": 4.0, ""ShimmerFustMult"": 0.5, ""{19b47e58}"": 0.3499999940395355}}]"
Set 17,17,base,TFTSet17,latest,TFT17_AnimaSquad,Anima,3|5,"After losing a player combat, gain @TechPerCombat@ Tech, plus additional Tech equal to @TechPerLoss@ times the length of your loss streak. Additionally, gain @TechPerKill@ Tech per Anima takedown.Each time Animas get @TechBreakpoint@ Tech, they prototype new Anima Weapons. You can take them, or save your Tech to get more powerful weapons next time.(@MinUnits@) Start Researching! (@MinUnits@) After each player combat, gain loot!Gain @PairsPartnerWinMultiplier*100@% Tech from losing if your partner wins a combat in Double Up.","After losing a player combat, gain @TechPerCombat@ Tech, plus additional Tech equal to @TechPerLoss@ times the length of your loss streak. Additionally, gain @TechPerKill@ Tech per Anima takedown.<br><br>Each time Animas get @TechBreakpoint@ Tech, they prototype new Anima Weapons. You can take them, or save your Tech to get more powerful weapons next time.<br><br><row>(@MinUnits@) Start Researching! </row><br><row>(@MinUnits@) After each player combat, gain loot!</row><br><br><ShowIf.TFT17_AnimaSquad_IsDoubleUp><rules>Gain @PairsPartnerWinMultiplier*100@% Tech from losing if your partner wins a combat in Double Up.</rules></ShowIf.TFT17_AnimaSquad_IsDoubleUp>","[{""maxUnits"": 4, ""minUnits"": 3, ""style"": 1, ""variables"": {""PairsPartnerWinMultiplier"": 0.8500000238418579, ""TechBreakpoint"": 100.0, ""TechPerCombat"": 20.0, ""TechPerCombat_DU"": 20, ""TechPerDeath_PVE"": 1.0, ""TechPerKill"": 2, ""TechPerLoss"": 5.0, ""TechPerLoss_DU"": 5, ""TechPerRound_PVE"": 20.0}}, {""maxUnits"": 25000, ""minUnits"": 5, ""style"": 5, ""variables"": {""PairsPartnerWinMultiplier"": 0.8500000238418579, ""TechBreakpoint"": 100.0, ""TechPerCombat"": 20.0, ""TechPerCombat_DU"": 20, ""TechPerDeath_PVE"": 1.0, ""TechPerKill"": 2, ""TechPerLoss"": 5.0, ""TechPerLoss_DU"": 5, ""TechPerRound_PVE"": 20.0}}]"
Set 17,17,base,TFTSet17,latest,TFT17_ADMIN,Arbiter,2|3,"Scribe a unique divine law, allowing you to choose an effect to apply to Arbiters when a chosen cause occurs.(@MinUnits@) Choose a cause and effect for your law(@MinUnits@) Effects are stronger.","Scribe a unique divine law, allowing you to choose an effect to apply to Arbiters when a chosen cause occurs.<br><br><row>(@MinUnits@) Choose a cause and effect for your law</row><br><row>(@MinUnits@) Effects are stronger. </row>","[{""maxUnits"": 2, ""minUnits"": 2, ""style"": 1, ""variables"": {""DamageInstances"": 10, ""HealthThreshold"": 0.4000000059604645, ""ManaToSpend"": 50, ""NumAttacks"": 3, ""NumSeconds"": 4, ""ShieldDuration"": 4, ""{fefec6fb}"": 1.0}}, {""maxUnits"": 25000, ""minUnits"": 3, ""style"": 5, ""variables"": {""DamageInstances"": 10, ""HealthThreshold"": 0.4000000059604645, ""ManaToSpend"": 50, ""NumAttacks"": 3, ""NumSeconds"": 4, ""ShieldDuration"": 4, ""{fefec6fb}"": 1.0}}]"
Set 17,17,base,TFTSet17,latest,TFT17_ResistTank,Bastion,2|4|6,"Your team gains @TeamwideResists@ Armor and Magic Resist.Bastions gain more, and the value doubles in the first @Duration@ seconds of combat.(@MinUnits@) @BonusArmor@ (scaleArmor)(scaleMR)(@MinUnits@) @BonusArmor@ (scaleArmor)(scaleMR)(@MinUnits@) @BonusArmor@ (scaleArmor)(scaleMR); Non-Bastions gain an additional @EnhancedTeamwideArmor@ (scaleArmor)(scaleMR).","Your team gains @TeamwideResists@ Armor and Magic Resist.<br><br>Bastions gain more, and the value doubles in the first @Duration@ seconds of combat.<br><br><row>(@MinUnits@) @BonusArmor@ %i:scaleArmor%%i:scaleMR%</row><br><row>(@MinUnits@) @BonusArmor@ %i:scaleArmor%%i:scaleMR%</row><br><row>(@MinUnits@) @BonusArmor@ %i:scaleArmor%%i:scaleMR%; Non-Bastions gain an additional @EnhancedTeamwideArmor@ %i:scaleArmor%%i:scaleMR%.</row>","[{""maxUnits"": 3, ""minUnits"": 2, ""style"": 1, ""variables"": {""BonusArmor"": 16.0, ""BonusMR"": 16.0, ""Duration"": 10.0, ""EnhancedTeamwideArmor"": 20.0, ""StatMultiplier"": 2.0, ""TeamwideResists"": 15.0}}, {""maxUnits"": 5, ""minUnits"": 4, ""style"": 3, ""variables"": {""BonusArmor"": 40.0, ""BonusMR"": 40.0, ""Duration"": 10.0, ""EnhancedTeamwideArmor"": 20.0, ""StatMultiplier"": 2.0, ""TeamwideResists"": 15.0}}, {""maxUnits"": 25000, ""minUnits"": 6, ""style"": 5, ""variables"": {""BonusArmor"": 60.0, ""BonusMR"": 60.0, ""Duration"": 10.0, ""EnhancedTeamwideArmor"": 20.0, ""StatMultiplier"": 2.0, ""TeamwideResists"": 15.0}}]"
Set 17,17,base,TFTSet17,latest,TFT17_HPTank,Brawler,2|4|6,"Your team gains @TeamwideBonus*100@% Health. Brawlers gain more.
(2) +25% maximum Health
(4) +45% maximum Health
(6) +65% maximum Health",Your team gains @TeamwideBonus*100@% Health. Brawlers gain more.<br><br><expandRow>(@MinUnits@) +@HealthBonus*100@% maximum Health</expandRow>,"[{""maxUnits"": 3, ""minUnits"": 2, ""style"": 1, ""variables"": {""HealthBonus"": 0.25, ""TeamwideBonus"": 0.05000000074505806}}, {""maxUnits"": 5, ""minUnits"": 4, ""style"": 3, ""variables"": {""HealthBonus"": 0.44999998807907104, ""TeamwideBonus"": 0.05000000074505806}}, {""maxUnits"": 25000, ""minUnits"": 6, ""style"": 5, ""variables"": {""HealthBonus"": 0.6499999761581421, ""TeamwideBonus"": 0.05000000074505806}}]"
Set 17,17,base,TFTSet17,latest,TFT17_ShenUniqueTrait,Bulwark,1,"Summon a placeable relic. At the start of combat, it grants adjacent allies a @PercentHealthShield*100@% max Health shield and @AttackSpeed*100@% Attack Speed.","Summon a placeable relic. At the start of combat, it grants adjacent allies a @PercentHealthShield*100@% max Health shield and @AttackSpeed*100@% Attack Speed.","[{""maxUnits"": 25000, ""minUnits"": 1, ""style"": 4, ""variables"": {""AttackSpeed"": 0.10000000149011612, ""AttackSpeedDuration"": 60.0, ""PercentHealthShield"": 0.10000000149011612, ""ShieldDuration"": 60.0}}]"
Set 17,17,base,TFTSet17,latest,TFT17_ASTrait,Challenger,2|3|4|5,"Your team gains @TeamwideAS*100@% Attack Speed. Challengers gain bonus Attack Speed. When their target dies, Challengers dash to a new target and increase their Attack Speed bonus by @BurstPercent*100@% for @BurstDuration@ seconds.(@MinUnits@) @AttackSpeedPercent*100@% (scaleAS)(@MinUnits@) @AttackSpeedPercent*100@% (scaleAS)(@MinUnits@) @AttackSpeedPercent*100@% (scaleAS)(@MinUnits@) @AttackSpeedPercent*100@% (scaleAS)","Your team gains @TeamwideAS*100@% Attack Speed. Challengers gain bonus Attack Speed. When their target dies, Challengers dash to a new target and increase their Attack Speed bonus by @BurstPercent*100@% for @BurstDuration@ seconds.<br><br><row>(@MinUnits@) @AttackSpeedPercent*100@%&nbsp;%i:scaleAS%</row><br><row>(@MinUnits@) @AttackSpeedPercent*100@%&nbsp;%i:scaleAS%</row><br><row>(@MinUnits@) @AttackSpeedPercent*100@%&nbsp;%i:scaleAS%</row><br><row>(@MinUnits@) @AttackSpeedPercent*100@%&nbsp;%i:scaleAS%</row>","[{""maxUnits"": 2, ""minUnits"": 2, ""style"": 1, ""variables"": {""AttackSpeedPercent"": 0.15000000596046448, ""BurstDuration"": 2.5, ""BurstPercent"": 0.5, ""DamageReduction"": null, ""TeamwideAS"": 0.10000000149011612}}, {""maxUnits"": 3, ""minUnits"": 3, ""style"": 3, ""variables"": {""AttackSpeedPercent"": 0.2800000011920929, ""BurstDuration"": 2.5, ""BurstPercent"": 0.5, ""DamageReduction"": null, ""TeamwideAS"": 0.10000000149011612}}, {""maxUnits"": 4, ""minUnits"": 4, ""style"": 3, ""variables"": {""AttackSpeedPercent"": 0.41999998688697815, ""BurstDuration"": 2.5, ""BurstPercent"": 0.5, ""DamageReduction"": null, ""TeamwideAS"": 0.10000000149011612}}, {""maxUnits"": 25000, ""minUnits"": 5, ""style"": 5, ""variables"": {""AttackSpeedPercent"": 0.550000011920929, ""BurstDuration"": 2.5, ""BurstPercent"": 0.5, ""DamageReduction"": null, ""TeamwideAS"": 0.10000000149011612}}]"
Set 17,17,base,TFTSet17,latest,TFT17_MissFortuneUndeterminedTrait,Choose Trait,,"When you field Miss Fortune, choose between Conduit Mode, Challenger Mode, and Replicator Mode. Miss Fortune has a unique ability based on her mode and gains the associated trait.","When you field Miss Fortune, choose between Conduit Mode, Challenger Mode, and Replicator Mode. Miss Fortune has a unique ability based on her mode and gains the associated trait.",[]
Set 17,17,base,TFTSet17,latest,TFT17_SonaUniqueTrait,Commander,1,(@MinUnits@) Sona gives you a random Command Mod every @RoundsPerMod@ rounds which allows you to alter the way an ally behaves during combat. Command Mods last @RoundsPerMod@ player combats even if they are not equipped.,(@MinUnits@) Sona gives you a random Command Mod every @RoundsPerMod@ rounds which allows you to alter the way an ally behaves during combat. Command Mods last @RoundsPerMod@ player combats even if they are not equipped.,"[{""maxUnits"": 25000, ""minUnits"": 1, ""style"": 4, ""variables"": {""AS"": 0.15000000596046448, ""HealthRatio"": 0.15000000596046448, ""RoundsPerMod"": 2.0}}]"
Set 17,17,base,TFTSet17,latest,TFT17_ManaTrait,Conduit,2|3|4|5,"Innate: Conduits gain @InnateManaGain*100@% additional Mana from all sources.Your team gains Mana Regen, increased for Conduits.
(2) 1 (TFTManaRegen) | 3 (TFTManaRegen)
(3) 1 (TFTManaRegen) | 5 (TFTManaRegen)
(4) 2 (TFTManaRegen) | 7 (TFTManaRegen)
(5) 2 (TFTManaRegen) | 9 (TFTManaRegen)","Innate: Conduits gain @InnateManaGain*100@% additional Mana from all sources.<br><br>Your team gains Mana Regen, increased for Conduits.<br><br><expandRow>(@MinUnits@) @TeamManaRegen@ %i:TFTManaRegen% | @ChannelerManaRegen@ %i:TFTManaRegen%</expandRow><br><br>","[{""maxUnits"": 2, ""minUnits"": 2, ""style"": 1, ""variables"": {""ChannelerManaRegen"": 3.0, ""InnateManaGain"": 0.20000000298023224, ""TeamManaRegen"": 1.0}}, {""maxUnits"": 3, ""minUnits"": 3, ""style"": 3, ""variables"": {""ChannelerManaRegen"": 5.0, ""InnateManaGain"": 0.20000000298023224, ""TeamManaRegen"": 1.0}}, {""maxUnits"": 4, ""minUnits"": 4, ""style"": 3, ""variables"": {""ChannelerManaRegen"": 7.0, ""InnateManaGain"": 0.20000000298023224, ""TeamManaRegen"": 2.0}}, {""maxUnits"": 25000, ""minUnits"": 5, ""style"": 5, ""variables"": {""ChannelerManaRegen"": 9.0, ""InnateManaGain"": 0.20000000298023224, ""TeamManaRegen"": 2.0}}]"
Set 17,17,base,TFTSet17,latest,TFT17_MorganaUniqueTrait,Dark Lady,1,"Your team gains @Durability*100@% Durability, increased to @TransformedDurability*100@% when Morgana is in her Dark Form.","Your team gains @Durability*100@% Durability, increased to @TransformedDurability*100@% when Morgana is in her Dark Form.","[{""maxUnits"": 1, ""minUnits"": 1, ""style"": 4, ""variables"": {""Durability"": 0.03999999910593033, ""TransformedDurability"": 0.10000000149011612}}]"
Set 17,17,base,TFTSet17,latest,TFT17_DarkStar,Dark Star,2|4|6|9,"(@MinUnits@) Dark Stars create a black hole that consumes enemies at @TFTUnitProperty.trait:TFT17_Augment_DarkStar_NeutronStar_BonusExecutePercent*100@%@ExecuteHPPercent*100@% max health.(@MinUnits@) AND they gain @ADAP@% (scaleAD)(scaleAP).(@MinUnits@) AND the strongest Dark Star unit goes supermassive, gaining @SupermassivePercentBonus*100@% effectiveness from Dark Star, and creates 2 minor Black Holes.(@MinUnits@) All Dark Stars are supermassive. At level 10, CONSUME EVERYONE.","<row>(@MinUnits@) Dark Stars create a black hole that consumes enemies at <ShowIf.TFT17_DarkStar_HasNeutronStar><TFTBonus>@TFTUnitProperty.trait:TFT17_Augment_DarkStar_NeutronStar_BonusExecutePercent*100@%</TFTBonus></ShowIf.TFT17_DarkStar_HasNeutronStar><ShowIfNot.TFT17_DarkStar_HasNeutronStar>@ExecuteHPPercent*100@%</ShowIfNot.TFT17_DarkStar_HasNeutronStar> max health.</row><br><row>(@MinUnits@) AND they gain @ADAP@% %i:scaleAD%%i:scaleAP%.</row><br><row>(@MinUnits@) AND the strongest Dark Star unit goes supermassive, gaining @SupermassivePercentBonus*100@% effectiveness from Dark Star, and creates 2 minor Black Holes.</row><br><row>(@MinUnits@) All Dark Stars are supermassive. At level 10, CONSUME EVERYONE. </row>","[{""maxUnits"": 3, ""minUnits"": 2, ""style"": 1, ""variables"": {""ADAP"": 45, ""ExecuteHPPercent"": 0.07999999821186066, ""PercentHealth"": 0.25, ""SupermassivePercentBonus"": 0.699999988079071}}, {""maxUnits"": 5, ""minUnits"": 4, ""style"": 3, ""variables"": {""ADAP"": 45, ""ExecuteHPPercent"": 0.07999999821186066, ""PercentHealth"": 0.25, ""SupermassivePercentBonus"": 0.699999988079071}}, {""maxUnits"": 8, ""minUnits"": 6, ""style"": 5, ""variables"": {""ADAP"": 45, ""ExecuteHPPercent"": 0.07999999821186066, ""PercentHealth"": 0.25, ""SupermassivePercentBonus"": 0.699999988079071}}, {""maxUnits"": 25000, ""minUnits"": 9, ""style"": 6, ""variables"": {""ADAP"": 45, ""ExecuteHPPercent"": 0.07999999821186066, ""PercentHealth"": 0.25, ""SupermassivePercentBonus"": 0.699999988079071}}]"
Set 17,17,base,TFTSet17,latest,TFT17_FioraUniqueTrait,Divine Duelist,1,Your Tactician heals for @PlayerOmnivamp*100@% of player damage dealt from winning.Fiora always wins a one on one duel.,Your Tactician heals for @PlayerOmnivamp*100@% of player damage dealt from winning.<br><br>Fiora always wins a one on one duel.,"[{""maxUnits"": 25000, ""minUnits"": 1, ""style"": 4, ""variables"": {""DUHeal"": 1, ""PVEHP"": 1, ""PVENumWins"": 4, ""PlayerOmnivamp"": 0.15000000596046448}}]"
Set 17,17,base,TFTSet17,latest,TFT17_VexUniqueTrait,Doomer,1,"Combat Start: Mark all enemies with Doom.The first time enemies are damaged each combat, their Doom is consumed, stealing @ADAP1@% Attack Damage and Ability Power from them and granting it to your strongest Vex.","Combat Start: Mark all enemies with Doom.<br><br>The first time enemies are damaged each combat, their Doom is consumed, stealing @ADAP1@% Attack Damage and Ability Power from them and granting it to your strongest Vex.","[{""maxUnits"": 25000, ""minUnits"": 1, ""style"": 4, ""variables"": {""ADAP1"": 12.0}}]"
Set 17,17,base,TFTSet17,latest,TFT17_JhinUniqueTrait,Eradicator,1,Enemies have @PctResists*100@% less Armor and Magic Resist.,Enemies have @PctResists*100@% less Armor and Magic Resist.,"[{""maxUnits"": 1, ""minUnits"": 1, ""style"": 4, ""variables"": {""PctResists"": 0.10000000149011612}}]"
Set 17,17,base,TFTSet17,latest,TFT17_GravesTrait,Factory New,1,"After participating in combat, open an armory to purchase a permanent upgrade for your strongest Graves.Every @NumberOfUpgradesBeforeRoundCostIncrease@ upgrades, future upgrades will take an additional round.Next Upgrade: @TFTUnitProperty.trait:TFT17_GravesTrait_RoundsUntilUpgrade@ Rounds.","After participating in combat, open an armory to purchase a permanent upgrade for your strongest Graves.<br><br>Every @NumberOfUpgradesBeforeRoundCostIncrease@ upgrades, future upgrades will take an additional round.<br><br><rules>Next Upgrade: @TFTUnitProperty.trait:TFT17_GravesTrait_RoundsUntilUpgrade@ Rounds.</rules>","[{""maxUnits"": 25000, ""minUnits"": 1, ""style"": 4, ""variables"": {""NumberOfUpgradesBeforeRoundCostIncrease"": 3.0}}]"
Set 17,17,base,TFTSet17,latest,TFT17_Fateweaver,Fateweaver,2|4,Innate: Fateweavers have Precision.(@MinUnits@) Chance effects on abilities are Lucky.(@MinUnits@) Gain @CritChance*100@% Crit Chance and @CritDamage@% Crit Damage. Critical strikes are also Lucky.{{TFT_Keyword_Precision}}Lucky: Check twice and take the better outcome.,Innate: Fateweavers have <TFTKeyword>Precision</TFTKeyword>.<br><br><row>(@MinUnits@) Chance effects on abilities are <TFTKeyword>Lucky</TFTKeyword>.</row><br><row>(@MinUnits@) Gain @CritChance*100@% Crit Chance and @CritDamage@%&nbsp;Crit Damage. Critical strikes are also <TFTKeyword>Lucky</TFTKeyword>.</row><br><br>{{TFT_Keyword_Precision}}<br><rules>Lucky: Check twice and take the better outcome.</rules>,"[{""maxUnits"": 3, ""minUnits"": 2, ""style"": 1, ""variables"": {""CritDamage"": null}}, {""maxUnits"": 25000, ""minUnits"": 4, ""style"": 5, ""variables"": {""CritChance"": 0.20000000298023224, ""CritDamage"": 20.0}}]"
Set 17,17,base,TFTSet17,latest,TFT17_ZedUniqueTrait,Galaxy Hunter,1,"Zed is obtained from the Invader Zed augment.While at least one clone is alive, Zed gains @BonusAD*100@% bonus Attack Damage.","Zed is obtained from the Invader Zed augment.<br><br>While at least one clone is alive, Zed gains @BonusAD*100@% bonus Attack Damage.","[{""maxUnits"": 25000, ""minUnits"": 1, ""style"": 4, ""variables"": {""BonusAD"": 0.4000000059604645}}]"
Set 17,17,base,TFTSet17,latest,Set17_CarouselMarket_EmpoweredHexTrait,God-Blessed,,@TFTUnitProperty.trait:TFT17_CarouselMarket_TraitTRAKey1@@TFTUnitProperty.trait:TFT17_CarouselMarket_TraitTRAKey2@@TFTUnitProperty.trait:TFT17_CarouselMarket_TraitTRAKey3@@TFTUnitProperty.trait:TFT17_CarouselMarket_TraitTRAKey4@@TFTUnitProperty.trait:TFT17_CarouselMarket_TraitTRAKey5@@TFTUnitProperty.trait:TFT17_CarouselMarket_TraitTRAKey6@@TFTUnitProperty.trait:TFT17_CarouselMarket_TraitTRAKey7@@TFTUnitProperty.trait:TFT17_CarouselMarket_TraitTRAKey8@@TFTUnitProperty.trait:TFT17_CarouselMarket_TraitTRAKey9@@TFTUnitProperty.trait:TFT17_CarouselMarket_TraitTRAKey10@,@TFTUnitProperty.trait:TFT17_CarouselMarket_TraitTRAKey1@<br><br>@TFTUnitProperty.trait:TFT17_CarouselMarket_TraitTRAKey2@<br><br>@TFTUnitProperty.trait:TFT17_CarouselMarket_TraitTRAKey3@<br><br>@TFTUnitProperty.trait:TFT17_CarouselMarket_TraitTRAKey4@<br><br>@TFTUnitProperty.trait:TFT17_CarouselMarket_TraitTRAKey5@<br><br>@TFTUnitProperty.trait:TFT17_CarouselMarket_TraitTRAKey6@<br><br>@TFTUnitProperty.trait:TFT17_CarouselMarket_TraitTRAKey7@<br><br>@TFTUnitProperty.trait:TFT17_CarouselMarket_TraitTRAKey8@<br><br>@TFTUnitProperty.trait:TFT17_CarouselMarket_TraitTRAKey9@<br><br>@TFTUnitProperty.trait:TFT17_CarouselMarket_TraitTRAKey10@<br>,"[{""maxUnits"": 25000, ""minUnits"": null, ""style"": 1, ""variables"": {}}]"
Set 17,17,base,TFTSet17,latest,TFT17_MissFortuneUniqueTrait,Gun Goddess,1,"When you field Miss Fortune, choose between Conduit Mode, Challenger Mode, and Replicator Mode. Miss Fortune has a unique ability based on her mode and gains the associated trait.","When you field Miss Fortune, choose between Conduit Mode, Challenger Mode, and Replicator Mode. Miss Fortune has a unique ability based on her mode and gains the associated trait.","[{""maxUnits"": 25000, ""minUnits"": 1, ""style"": 4, ""variables"": {""Allies"": 2.0, ""DamageAmp"": 0.009999999776482582, ""FlatDamage"": 100.0, ""Mana"": 2.0, ""NumAttacks"": 3.0}}]"
Set 17,17,base,TFTSet17,latest,TFT17_MeleeTrait,Marauder,2|4|6,"Your team gains @TeamwideBonus*100@% Omnivamp. Marauders gain more Omnivamp, Attack Damage, and their Omnivamp overhealing is converted into Shield (up to @MaxPercentHealthShield*100@% max Health.)(@MinUnits@) @Omnivamp*100@% (scaleSV), @AD*100@% (scaleAD)(@MinUnits@) @Omnivamp*100@% (scaleSV), @AD*100@% (scaleAD)(@MinUnits@) @Omnivamp*100@% (scaleSV), @AD*100@% (scaleAD).","Your team gains @TeamwideBonus*100@% Omnivamp. Marauders gain more Omnivamp, Attack Damage, and their Omnivamp overhealing is converted into Shield (up to @MaxPercentHealthShield*100@% max Health.)<br><br><row>(@MinUnits@) @Omnivamp*100@% %i:scaleSV%, @AD*100@% %i:scaleAD%</row><br><row>(@MinUnits@) @Omnivamp*100@% %i:scaleSV%, @AD*100@% %i:scaleAD%</row><br><row>(@MinUnits@) @Omnivamp*100@% %i:scaleSV%, @AD*100@% %i:scaleAD%.</row>","[{""maxUnits"": 3, ""minUnits"": 2, ""style"": 1, ""variables"": {""AD"": 0.18000000715255737, ""MaxPercentHealthShield"": 0.25, ""Omnivamp"": 0.05000000074505806, ""ShieldAD"": null, ""TeamwideBonus"": 0.05000000074505806}}, {""maxUnits"": 5, ""minUnits"": 4, ""style"": 3, ""variables"": {""AD"": 0.3499999940395355, ""MaxPercentHealthShield"": 0.25, ""Omnivamp"": 0.07000000029802322, ""ShieldAD"": null, ""TeamwideBonus"": 0.05000000074505806}}, {""maxUnits"": 25000, ""minUnits"": 6, ""style"": 5, ""variables"": {""AD"": 0.550000011920929, ""MaxPercentHealthShield"": 0.25, ""Omnivamp"": 0.10000000149011612, ""ShieldAD"": 0.20000000298023224, ""TeamwideBonus"": 0.05000000074505806}}]"
Set 17,17,base,TFTSet17,latest,TFT17_Mecha,Mecha,3|4|6,"Innate: Mecha units can transform into their Ultimate form, upgrading their ability and gaining @TransformedPercentHealth*100@% Health. Transformed Mechas take up two team slots and count twice for the Mecha trait.(@MinUnits@) Energy Cells: Mechas gain @AP@% (scaleAD)(scaleAP).(@MinUnits@) Overclocked Cells: Increased to @AP@% (scaleAD)(scaleAP).(@MinUnits@) Precision Engineering: +@TeamSize@ max team sizeUse the Mecha-Former item to toggle the forms of your Mecha units","Innate: Mecha units can transform into their Ultimate form, upgrading their ability and gaining @TransformedPercentHealth*100@% Health. Transformed Mechas take up two team slots and count twice for the Mecha trait.<br><br><row>(@MinUnits@) Energy Cells: Mechas gain @AP@%&nbsp;%i:scaleAD%%i:scaleAP%.</row><br><row>(@MinUnits@) Overclocked Cells: Increased to @AP@%&nbsp;%i:scaleAD%%i:scaleAP%.</row><br><row>(@MinUnits@) Precision Engineering: +@TeamSize@ max team size</row><br><br><rules>Use the Mecha-Former item to toggle the forms of your Mecha units</rules>","[{""maxUnits"": 3, ""minUnits"": 3, ""style"": 1, ""variables"": {""AD"": 0.25, ""AP"": 25.0, ""TeamSize"": 1, ""TransformedPercentHealth"": 0.4000000059604645}}, {""maxUnits"": 5, ""minUnits"": 4, ""style"": 3, ""variables"": {""AD"": 0.4000000059604645, ""AP"": 40.0, ""TeamSize"": 1, ""TransformedPercentHealth"": 0.4000000059604645}}, {""maxUnits"": 25000, ""minUnits"": 6, ""style"": 5, ""variables"": {""AD"": 0.4000000059604645, ""AP"": 40.0, ""TeamSize"": 1, ""TransformedPercentHealth"": 0.4000000059604645}}]"
Set 17,17,base,TFTSet17,latest,TFT17_Astronaut,Meeple,3|5|7|10,"Meeple attract Meeps that empower Meeple abilities in meepy ways. They also gain bonus Health.(@MinUnits@) @Meeps@ (set14AmpIcon), @BonusHealth@ (scaleHealth)(@MinUnits@) @Meeps@ (set14AmpIcon), @BonusHealth@ (scaleHealth)(@MinUnits@) @Meeps@ (set14AmpIcon), @BonusHealth@ (scaleHealth). Create a Cloning Slot on your bench. Gain gold and a 1-star copy of the champion placed there when cloning completes.(@MinUnits@) @Meeps@ (set14AmpIcon), @BonusHealth@ (scaleHealth). SUMMON THE FOUR MEEPLORDS!Cloning time = Champion cost","Meeple attract Meeps that empower Meeple abilities in meepy ways. They also gain bonus Health.<br><br><row>(@MinUnits@) @Meeps@ %i:set14AmpIcon%, @BonusHealth@ %i:scaleHealth%</row><br><row>(@MinUnits@) @Meeps@ %i:set14AmpIcon%, @BonusHealth@ %i:scaleHealth%</row><br><row>(@MinUnits@) @Meeps@ %i:set14AmpIcon%, @BonusHealth@ %i:scaleHealth%. Create a Cloning Slot on your bench. Gain gold and a 1-star copy of the champion placed there when cloning completes.</row><br><row>(@MinUnits@) @Meeps@ %i:set14AmpIcon%, @BonusHealth@ %i:scaleHealth%. SUMMON THE FOUR MEEPLORDS!</row><br><br><rules>Cloning time = Champion cost</rules>","[{""maxUnits"": 4, ""minUnits"": 3, ""style"": 1, ""variables"": {""BonusHealth"": 100.0, ""Meeps"": 2.0}}, {""maxUnits"": 6, ""minUnits"": 5, ""style"": 3, ""variables"": {""BonusHealth"": 350.0, ""Meeps"": 3.0}}, {""maxUnits"": 9, ""minUnits"": 7, ""style"": 5, ""variables"": {""BonusHealth"": 450.0, ""Meeps"": 4.0}}, {""maxUnits"": 25000, ""minUnits"": 10, ""style"": 6, ""variables"": {""BonusHealth"": 550.0, ""Meeps"": 6.0}}]"
Set 17,17,base,TFTSet17,latest,TFT17_DRX,N.O.V.A.,2|5,"(@MinUnits@) @TeamAttackDelay@ seconds into combat, N.O.V.A. grant a power surge to allies based on champions.(@MinUnits@) Gain a Striker selector. The chosen N.O.V.A. activates their Strike during the power surge.Aatrox: Ally Damage @ShredAndSunder*100@% Shred and Sunders enemiesAatrox: Shred and Sunder enemiesCaitlyn: Grant allies @AS*100@% Attack SpeedCaitlyn: Grant Attack SpeedAkali: Allies gain PrecisionAkali: Allies gain PrecisionMaokai: Allies heal @Heal*100@% max HealthMaokai: Heal alliesKindred: Shield the strongest Tank for @ShieldValue@Kindred: Shield an allyEmblem: Allies deal @BonusTrueDamage*100@% stacking bonus true damageEmblem: Deal bonus true damage","<row>(@MinUnits@) @TeamAttackDelay@ seconds into combat, N.O.V.A. grant a power surge to allies based on champions.</row><br><row>(@MinUnits@) Gain a Striker selector. The chosen N.O.V.A. activates their Strike during the power surge.</row><br><br><ShowIf.TFT17_DRX_HasAatrox><status>Aatrox:</status> Ally Damage @ShredAndSunder*100@% <TFTKeyword>Shred</TFTKeyword> and <TFTKeyword>Sunders</TFTKeyword> enemies</ShowIf.TFT17_DRX_HasAatrox><ShowIfNot.TFT17_DRX_HasAatrox><TFTGuildInactive>Aatrox: Shred and Sunder enemies</TFTGuildInactive></ShowIfNot.TFT17_DRX_HasAatrox><br><ShowIf.TFT17_DRX_HasCaitlyn><status>Caitlyn:</status> Grant allies @AS*100@% Attack Speed</ShowIf.TFT17_DRX_HasCaitlyn><ShowIfNot.TFT17_DRX_HasCaitlyn><TFTGuildInactive>Caitlyn: Grant Attack Speed</TFTGuildInactive></ShowIfNot.TFT17_DRX_HasCaitlyn><br><ShowIf.TFT17_DRX_HasAkali><status>Akali:</status> Allies gain <TFTKeyword>Precision</TFTKeyword></ShowIf.TFT17_DRX_HasAkali><ShowIfNot.TFT17_DRX_HasAkali><TFTGuildInactive>Akali: Allies gain Precision</TFTGuildInactive></ShowIfNot.TFT17_DRX_HasAkali><br><ShowIf.TFT17_DRX_HasMaokai><status>Maokai:</status> Allies heal @Heal*100@% max Health</ShowIf.TFT17_DRX_HasMaokai><ShowIfNot.TFT17_DRX_HasMaokai><TFTGuildInactive>Maokai: Heal allies</TFTGuildInactive></ShowIfNot.TFT17_DRX_HasMaokai><br><ShowIf.TFT17_DRX_HasKindred><status>Kindred:</status> Shield the strongest Tank for <TFTBonus>@ShieldValue@</TFTBonus></ShowIf.TFT17_DRX_HasKindred><ShowIfNot.TFT17_DRX_HasKindred><TFTGuildInactive>Kindred: Shield an ally</TFTGuildInactive></ShowIfNot.TFT17_DRX_HasKindred><br><ShowIf.TFT17_DRX_HasEmblem><status>Emblem:</status> Allies deal @BonusTrueDamage*100@% stacking bonus true damage</ShowIf.TFT17_DRX_HasEmblem><ShowIfNot.TFT17_DRX_HasEmblem><TFTGuildInactive>Emblem: Deal bonus true damage</TFTGuildInactive></ShowIfNot.TFT17_DRX_HasEmblem>","[{""maxUnits"": 4, ""minUnits"": 2, ""style"": 1, ""variables"": {""AS"": 0.20000000298023224, ""BonusTrueDamage"": 0.10000000149011612, ""Heal"": 0.11999999731779099, ""ShieldValue"": 800.0, ""ShredAndSunder"": 0.30000001192092896, ""TeamAttackDelay"": 6.0}}, {""maxUnits"": 25000, ""minUnits"": 5, ""style"": 5, ""variables"": {""AS"": 0.20000000298023224, ""BonusTrueDamage"": 0.10000000149011612, ""Heal"": 0.11999999731779099, ""ShieldValue"": 800.0, ""ShredAndSunder"": 0.30000001192092896, ""TeamAttackDelay"": 6.0}}]"
Set 17,17,base,TFTSet17,latest,TFT17_TahmKenchUniqueTrait,Oracle,1,"Every @Rounds@ rounds, Tahm Kench grants a reward!Rounds Remaining: @TFTUnitProperty.trait:TFT17_TahmKench_RoundsRemaining@Last Reward: @TFTUnitProperty.trait:TFT17_TahmKench_LastReward@","Every @Rounds@ rounds, Tahm Kench grants a reward!<br><br>Rounds Remaining: @TFTUnitProperty.trait:TFT17_TahmKench_RoundsRemaining@<br>Last Reward: @TFTUnitProperty.trait:TFT17_TahmKench_LastReward@","[{""maxUnits"": 25000, ""minUnits"": 1, ""style"": 4, ""variables"": {""rounds"": 3}}]"
Set 17,17,base,TFTSet17,latest,TFT17_BlitzcrankUniqueTrait,Party Animal,1,"Once per combat, after falling below @HealthThreshold*100@% percent Health, become untargetable and repair @PercentHealthHeal*100@% max Health per second. Upon reaching full Health, or when no other allies remain, return to combat. If fully healed, for the rest of combat Blitzcrank is in {{TFT17_SpaceGroove_TheGroove}} and Party Crasher's passive fires bolts four times as fast.","Once per combat, after falling below @HealthThreshold*100@% percent Health, become untargetable and repair @PercentHealthHeal*100@% max Health per second. Upon reaching full Health, or when no other allies remain, return to combat. If fully healed, for the rest of combat Blitzcrank is in {{TFT17_SpaceGroove_TheGroove}} and Party Crasher's passive fires bolts four times as fast.","[{""maxUnits"": 25000, ""minUnits"": 1, ""style"": 4, ""variables"": {""HealthThreshold"": 0.44999998807907104, ""PercentHealthHeal"": 0.15000000596046448}}]"
Set 17,17,base,TFTSet17,latest,TFT17_Primordian,Primordian,2|3,"(@MinUnits@) Dealing damage spawns Swarmlings based on unique Primordian star level.(@MinUnits@) Spawn @PercentMoreSwarmlings@% more Swarmlings! After each player combat, gain a random 1 or 2-cost champion. @DamageTakenPercentModifier*100@% of damage taken contributes to damage dealt.","<row>(@MinUnits@) Dealing damage spawns Swarmlings based on unique Primordian star level.</row><br><row>(@MinUnits@) Spawn @PercentMoreSwarmlings@% more Swarmlings! After each player combat, gain a random 1 or 2-cost champion. </row><br><br><rules>@DamageTakenPercentModifier*100@% of damage taken contributes to damage dealt.</rules>","[{""maxUnits"": 2, ""minUnits"": 2, ""style"": 1, ""variables"": {""DamageMultiplier"": 1.0, ""DamageTakenPercentModifier"": 0.07999999821186066, ""PercentMoreSwarmlings"": 45, ""{3ed71f24}"": 6}}, {""maxUnits"": 25000, ""minUnits"": 3, ""style"": 5, ""variables"": {""DamageMultiplier"": 1.4500000476837158, ""DamageTakenPercentModifier"": 0.07999999821186066, ""PercentMoreSwarmlings"": 45, ""{3ed71f24}"": 6}}]"
Set 17,17,base,TFTSet17,latest,TFT17_PsyOps,Psionic,2|4,"Gain Psionic items that can be equipped to any ally.(@MinUnits@) Gain the @TFTUnitProperty.trait:TFT17_PsyOps_Item1@(@MinUnits@) Gain the @TFTUnitProperty.trait:TFT17_PsyOps_Item2@, Psionic items gain extra effects on Psionic units","Gain Psionic items that can be equipped to any ally.<br><br><row>(@MinUnits@) Gain the @TFTUnitProperty.trait:TFT17_PsyOps_Item1@</row><br><row>(@MinUnits@) Gain the @TFTUnitProperty.trait:TFT17_PsyOps_Item2@, Psionic items gain extra effects on Psionic units</row><br><br><br>","[{""maxUnits"": 3, ""minUnits"": 2, ""style"": 1, ""variables"": {""{1b889d1c}"": null}}, {""maxUnits"": 25000, ""minUnits"": 4, ""style"": 5, ""variables"": {""{1b889d1c}"": 50.0}}]"
Set 17,17,base,TFTSet17,latest,TFT17_RhaastUniqueTrait,Redeemer,1,"(@MinUnits@) For each non-unique trait you have active, your team gains @BonusOffensiveStat1*100@% Attack Speed, and @BonusDefensiveStat1@ Armor and Magic Resist.Teamwide Attack Speed: @TFTUnitProperty.trait:TFT17_RhaastUnique_OffensiveStatToGain@% (scaleAS)Teamwide Resists: @TFTUnitProperty.trait:TFT17_RhaastUnique_DefensiveStatToGain@ (scaleArmor)(scaleMR)","<row>(@MinUnits@) For each non-unique trait you have active, your team gains @BonusOffensiveStat1*100@% Attack Speed, and @BonusDefensiveStat1@ Armor and Magic Resist.</row><br><br>Teamwide Attack Speed: @TFTUnitProperty.trait:TFT17_RhaastUnique_OffensiveStatToGain@% %i:scaleAS%<br>Teamwide Resists: @TFTUnitProperty.trait:TFT17_RhaastUnique_DefensiveStatToGain@ %i:scaleArmor%%i:scaleMR%","[{""maxUnits"": 25000, ""minUnits"": 1, ""style"": 4, ""variables"": {""BonusDefensiveStat1"": 2.0, ""BonusDefensiveStat2"": 2.0, ""BonusDefensiveStat3"": 2.0, ""BonusOffensiveStat1"": 0.019999999552965164, ""BonusOffensiveStat2"": 0.019999999552965164, ""BonusOffensiveStat3"": 0.019999999552965164}}]"
Set 17,17,base,TFTSet17,latest,TFT17_APTrait,Replicator,2|4,"Replicator abilities occur a second time at reduced effectiveness.
(2) 22% strength
(4) 50% strength",Replicator abilities occur a second time at reduced effectiveness.<br><br><expandRow>(@MinUnits@) @Effectiveness*100@% strength</expandRow>,"[{""maxUnits"": 3, ""minUnits"": 2, ""style"": 1, ""variables"": {""Effectiveness"": 0.2199999988079071}}, {""maxUnits"": 25000, ""minUnits"": 4, ""style"": 5, ""variables"": {""Effectiveness"": 0.5}}]"
Set 17,17,base,TFTSet17,latest,TFT17_AssassinTrait,Rogue,2|3|4|5,"Rogues gain Attack Damage and Ability Power. The first time they fall below @HealthThreshold*100@% health, they slip into shadows. Enemies targeting them are redirected to a nearby unit, preferring Tanks.(@MinUnits@) @AP@% (scaleAD) (scaleAP)(@MinUnits@) @AP@% (scaleAD) (scaleAP)(@MinUnits@) @AP@% (scaleAD) (scaleAP)(@MinUnits@) @AP@% (scaleAD) (scaleAP)","Rogues gain Attack Damage and Ability Power. The first time they fall below @HealthThreshold*100@% health, they slip into shadows. Enemies targeting them are redirected to a nearby unit, preferring Tanks.<br><br><row>(@MinUnits@) @AP@% %i:scaleAD% %i:scaleAP%</row><br><row>(@MinUnits@) @AP@% %i:scaleAD% %i:scaleAP%</row><br><row>(@MinUnits@) @AP@% %i:scaleAD% %i:scaleAP%</row><br><row>(@MinUnits@) @AP@% %i:scaleAD% %i:scaleAP%</row>","[{""maxUnits"": 2, ""minUnits"": 2, ""style"": 1, ""variables"": {""AD"": 0.11999999731779099, ""AP"": 12.0, ""Duration"": 3.0, ""HealthThreshold"": 0.5}}, {""maxUnits"": 3, ""minUnits"": 3, ""style"": 3, ""variables"": {""AD"": 0.25, ""AP"": 25.0, ""Duration"": 3.0, ""HealthThreshold"": 0.5}}, {""maxUnits"": 4, ""minUnits"": 4, ""style"": 3, ""variables"": {""AD"": 0.44999998807907104, ""AP"": 45.0, ""Duration"": 3.0, ""HealthThreshold"": 0.5}}, {""maxUnits"": 25000, ""minUnits"": 5, ""style"": 5, ""variables"": {""AD"": 0.6000000238418579, ""AP"": 60.0, ""Duration"": 3.0, ""HealthThreshold"": 0.5}}]"
Set 17,17,base,TFTSet17,latest,TFT17_SummonTrait,Shepherd,3|5|7,Shepherds summon the Bond of the Stars to aid them in battle.(@MinUnits@) Summon Bia(@MinUnits@) Summon Bayin(@MinUnits@) Bia and Bayin's bond grows deeperBia and Bayin's power are increased by the total star level of all Shepherds.,Shepherds summon the Bond of the Stars to aid them in battle.<br><br><row>(@MinUnits@) Summon Bia</row><br><row>(@MinUnits@) Summon Bayin</row><br><row>(@MinUnits@) Bia and Bayin's bond grows deeper</row><br><br><rules>Bia and Bayin's power are increased by the total star level of all Shepherds.</rules>,"[{""maxUnits"": 4, ""minUnits"": 3, ""style"": 1, ""variables"": {}}, {""maxUnits"": 6, ""minUnits"": 5, ""style"": 3, ""variables"": {}}, {""maxUnits"": 25000, ""minUnits"": 7, ""style"": 5, ""variables"": {}}]"
Set 17,17,base,TFTSet17,latest,TFT17_RangedTrait,Sniper,2|3|4,"Snipers gain Damage Amp, increased against targets farther away.(@MinUnits@) @PercentDamageIncrease@% (scaleDA); +@PerHexIncrease@% (scaleDA) per hex(@MinUnits@) @PercentDamageIncrease@% (scaleDA); +@PerHexIncrease@% (scaleDA) per hex(@MinUnits@) @PercentDamageIncrease@% (scaleDA); +@PerHexIncrease@% (scaleDA) per hex","Snipers gain Damage Amp, increased against targets farther away.<br><br><row>(@MinUnits@) @PercentDamageIncrease@%&nbsp;%i:scaleDA%; +@PerHexIncrease@%&nbsp;%i:scaleDA% per hex</row><br><row>(@MinUnits@) @PercentDamageIncrease@%&nbsp;%i:scaleDA%; +@PerHexIncrease@%&nbsp;%i:scaleDA% per hex</row><br><row>(@MinUnits@) @PercentDamageIncrease@%&nbsp;%i:scaleDA%; +@PerHexIncrease@%&nbsp;%i:scaleDA% per hex</row>","[{""maxUnits"": 2, ""minUnits"": 2, ""style"": 1, ""variables"": {""PerHexIncrease"": 2.0, ""PercentDamageIncrease"": 18.0}}, {""maxUnits"": 3, ""minUnits"": 3, ""style"": 3, ""variables"": {""PerHexIncrease"": 3.0, ""PercentDamageIncrease"": 25.0}}, {""maxUnits"": 25000, ""minUnits"": 4, ""style"": 5, ""variables"": {""PerHexIncrease"": 4.0, ""PercentDamageIncrease"": 35.0}}]"
Set 17,17,base,TFTSet17,latest,TFT17_SpaceGroove,Space Groove,1|3|5|7|10,"(@MinUnits@) Groovians can enter {{TFT17_SpaceGroove_TheGroove}}. While in it, they gain Attack Speed and max Health Regen, increased per Groovian on your team.(@MinUnits@) All Groovians start combat in {{TFT17_SpaceGroove_TheGroove}} for @StartOfCombatDuration@ seconds.(@MinUnits@) Each second spent in {{TFT17_SpaceGroove_TheGroove}} grants @ADAPPerSecond@% stacking Attack Damage and Ability Power.(@MinUnits@) Increase these effects by @EffectBonus@%!(@MinUnits@) {{TFT17_SpaceGroove_Groove}}{{TFT17_SpaceGroove_TheGroove}}: @TFTUnitProperty.:TFT17_SpaceGroove_AS*100@% (scaleAS), @TFTUnitProperty.:TFT17_SpaceGroove_HealthRegen*100@% (scaleHPRegen)","<row>(@MinUnits@) Groovians can enter {{TFT17_SpaceGroove_TheGroove}}. While in it, they gain Attack Speed and max Health Regen, increased per Groovian on your team.</row><br><row>(@MinUnits@) All Groovians start combat in {{TFT17_SpaceGroove_TheGroove}} for @StartOfCombatDuration@ seconds.</row><br><row>(@MinUnits@) Each second spent in {{TFT17_SpaceGroove_TheGroove}} grants @ADAPPerSecond@% stacking Attack Damage and Ability Power.</row><br><row>(@MinUnits@) Increase these effects by @EffectBonus@%!</row><br><row>(@MinUnits@) {{TFT17_SpaceGroove_Groove}}</row><br><br>{{TFT17_SpaceGroove_TheGroove}}: @TFTUnitProperty.:TFT17_SpaceGroove_AS*100@% %i:scaleAS%, @TFTUnitProperty.:TFT17_SpaceGroove_HealthRegen*100@% %i:scaleHPRegen%","[{""maxUnits"": 2, ""minUnits"": 1, ""style"": 1, ""variables"": {""ADAPPerSecond"": null, ""EffectBonus"": null, ""StartOfCombatDuration"": null}}, {""maxUnits"": 4, ""minUnits"": 3, ""style"": 3, ""variables"": {""ADAPPerSecond"": null, ""EffectBonus"": null, ""StartOfCombatDuration"": 4.0}}, {""maxUnits"": 6, ""minUnits"": 5, ""style"": 3, ""variables"": {""ADAPPerSecond"": 5.0, ""EffectBonus"": null, ""StartOfCombatDuration"": 4.0}}, {""maxUnits"": 9, ""minUnits"": 7, ""style"": 5, ""variables"": {""ADAPPerSecond"": 5.0, ""EffectBonus"": 10.0, ""StartOfCombatDuration"": 4.0}}, {""maxUnits"": 25000, ""minUnits"": 10, ""style"": 6, ""variables"": {""ADAPPerSecond"": 10.0, ""EffectBonus"": 500.0, ""StartOfCombatDuration"": 60.0, ""{32ed1fda}"": 800.0, ""{3e46e556}"": 1500.0}}]"
Set 17,17,base,TFTSet17,latest,TFT17_Stargazer_Wolf,Stargazer,3|4|5|6,"Stargazers chart a different constellation every game. This game: The Boar.Gain gold after winning player combat. Allies in empowered hexes gain @Wolf_Health_Teamwide*100@% Health, Attack Damage, and Ability Power. Stargazers gain more.(Gold Earned: @TFTUnitProperty.trait:TFT17_Stargazer_Wolf_TotalGold@)
(3) 1 gold, 2% (scaleHealth), 10% (scaleAD)(scaleAP)
(4) 2 gold, 8% (scaleHealth), 15% (scaleAD)(scaleAP)
(5) 4 gold, 15% (scaleHealth), 25% (scaleAD)(scaleAP)
(6) 6 gold, 22% (scaleHealth), 30% (scaleAD)(scaleAP)More hexes reveal at each player level","Stargazers chart a different constellation every game. This game: <TFTStargazer>The Boar</TFTStargazer>.<br><br>Gain gold after winning player combat. Allies in empowered hexes gain @Wolf_Health_Teamwide*100@% Health, Attack Damage, and Ability Power. Stargazers gain more.<br><br>(Gold Earned: @TFTUnitProperty.trait:TFT17_Stargazer_Wolf_TotalGold@)<br><br><expandRow>(@MinUnits@) @Wolf_Gold@ gold, @Wolf_Health*100@% %i:scaleHealth%, @Wolf_ADAP@% %i:scaleAD%%i:scaleAP%</expandRow><br><br><rules>More hexes reveal at each player level</rules>","[{""maxUnits"": 3, ""minUnits"": 3, ""style"": 1, ""variables"": {""Wolf_ADAP"": 10.0, ""Wolf_Gold"": 1, ""Wolf_Health"": 0.019999999552965164, ""Wolf_Health_Teamwide"": 0.07999999821186066, ""{f5b00dd5}"": 8.0}}, {""maxUnits"": 4, ""minUnits"": 4, ""style"": 3, ""variables"": {""Wolf_ADAP"": 15.0, ""Wolf_Gold"": 2, ""Wolf_Health"": 0.07999999821186066, ""Wolf_Health_Teamwide"": 0.07999999821186066, ""{f5b00dd5}"": 8.0}}, {""maxUnits"": 5, ""minUnits"": 5, ""style"": 3, ""variables"": {""Wolf_ADAP"": 25.0, ""Wolf_Gold"": 4, ""Wolf_Health"": 0.15000000596046448, ""Wolf_Health_Teamwide"": 0.07999999821186066, ""{f5b00dd5}"": 8.0}}, {""maxUnits"": 25000, ""minUnits"": 6, ""style"": 5, ""variables"": {""Wolf_ADAP"": 30.0, ""Wolf_Gold"": 6, ""Wolf_Health"": 0.2199999988079071, ""Wolf_Health_Teamwide"": 0.07999999821186066, ""{f5b00dd5}"": 8.0}}]"
Set 17,17,base,TFTSet17,latest,TFT17_Stargazer_Medallion,Stargazer,3,"Stargazers chart a different constellation every game. This game: The Medallion.(@MinUnits@) Allies in empowered hexes gain @Medallion_DA@% Damage Amp, which increases by @Medallion_IncreasePer3Star@% for each 3-star ally.(Current Bonus: @TFTUnitProperty.trait:TFT17_Stargazer_Medallion_Increase@% (scaleDA))More hexes reveal at each player level","Stargazers chart a different constellation every game. This game: <TFTStargazer>The Medallion</TFTStargazer>.<br><br><row>(@MinUnits@) Allies in empowered hexes gain @Medallion_DA@% Damage Amp, which increases by @Medallion_IncreasePer3Star@% for each 3-star ally.</row><br><br>(Current&nbsp;Bonus:&nbsp;@TFTUnitProperty.trait:TFT17_Stargazer_Medallion_Increase@% %i:scaleDA%)<br><br><rules>More hexes reveal at each player level</rules>","[{""maxUnits"": 25000, ""minUnits"": 3, ""style"": 5, ""variables"": {""Medallion_DA"": 15.0, ""Medallion_IncreasePer3Star"": 5.0, ""{37204635}"": 10.0, ""{3d49cc86}"": 20.0, ""{c32af02f}"": 0.05000000074505806}}]"
Set 17,17,base,TFTSet17,latest,TFT17_Stargazer_Huntress,Stargazer,3|5|7,"Stargazers chart a different constellation every game. This game: The Huntress.Combat Start: Mark the highest Health enemies. Allies in empowered hexes gain @Huntress_AS_Teamwide*100@% Attack Speed. Stargazers in empowered hexes gain more and heal for @Huntress_Heal*100@% of their max Health when a marked enemy dies.(@MinUnits@) @Huntress_AS*100@% (scaleAS), @NumMarks@ marks(@MinUnits@) @Huntress_AS*100@% (scaleAS), @NumMarks@ marks(@MinUnits@) @Huntress_AS*100@% (scaleAS), @NumMarks@ marksMore hexes reveal at each player level","Stargazers chart a different constellation every game. This game: <TFTStargazer>The Huntress</TFTStargazer>.<br><br>Combat Start: Mark the highest Health enemies. <br><br>Allies in empowered hexes gain @Huntress_AS_Teamwide*100@% Attack Speed. Stargazers in empowered hexes gain more and heal for @Huntress_Heal*100@% of their max Health when a marked enemy dies.<br><br><row>(@MinUnits@) @Huntress_AS*100@% %i:scaleAS%, @NumMarks@ marks</row><br><row>(@MinUnits@) @Huntress_AS*100@% %i:scaleAS%, @NumMarks@ marks</row><br><row>(@MinUnits@) @Huntress_AS*100@% %i:scaleAS%, @NumMarks@ marks</row><br><br><rules>More hexes reveal at each player level</rules>","[{""maxUnits"": 4, ""minUnits"": 3, ""style"": 1, ""variables"": {""Huntress_AS"": 0.15000000596046448, ""Huntress_AS_Teamwide"": 0.15000000596046448, ""Huntress_Heal"": 0.15000000596046448, ""NumMarks"": 3.0}}, {""maxUnits"": 6, ""minUnits"": 5, ""style"": 3, ""variables"": {""Huntress_AS"": 0.44999998807907104, ""Huntress_AS_Teamwide"": 0.15000000596046448, ""Huntress_Heal"": 0.15000000596046448, ""NumMarks"": 5.0}}, {""maxUnits"": 25000, ""minUnits"": 7, ""style"": 5, ""variables"": {""Huntress_AS"": 0.699999988079071, ""Huntress_AS_Teamwide"": 0.15000000596046448, ""Huntress_Heal"": 0.15000000596046448, ""NumMarks"": 9.0}}]"
Set 17,17,base,TFTSet17,latest,TFT17_Stargazer_Serpent,Stargazer,3|5|7,"Stargazers chart a different constellation every game. This game: The Serpent.Allies in empowered hexes gain @Serpent_DR_Teamwide*100@% Durability. Stargazers in empowered hexes gain more and poison enemies, repeating a portion of damage dealt as magic damage over @Serpent_Duration@ seconds.
(3) 5% (scaleDR), 25% poison damage
(5) 10% (scaleDR), 45% poison damage
(7) 15% (scaleDR), 60% poison damageMore hexes reveal at each player level","Stargazers chart a different constellation every game. This game: <TFTStargazer>The Serpent</TFTStargazer>.<br><br>Allies in empowered hexes gain @Serpent_DR_Teamwide*100@% Durability. Stargazers in empowered hexes gain more and poison enemies, repeating a portion of damage dealt as magic damage over @Serpent_Duration@ seconds.<br><br><expandRow>(@MinUnits@) @Serpent_DR*100@% %i:scaleDR%, @Serpent_Poison*100@% poison damage</expandRow><br><br><rules>More hexes reveal at each player level</rules>","[{""maxUnits"": 4, ""minUnits"": 3, ""style"": 1, ""variables"": {""Serpent_DR"": 0.05000000074505806, ""Serpent_DR_Teamwide"": 0.05000000074505806, ""Serpent_Duration"": 3, ""Serpent_Poison"": 0.25}}, {""maxUnits"": 6, ""minUnits"": 5, ""style"": 3, ""variables"": {""Serpent_DR"": 0.10000000149011612, ""Serpent_DR_Teamwide"": 0.05000000074505806, ""Serpent_Duration"": 3, ""Serpent_Poison"": 0.44999998807907104}}, {""maxUnits"": 25000, ""minUnits"": 7, ""style"": 5, ""variables"": {""Serpent_DR"": 0.15000000596046448, ""Serpent_DR_Teamwide"": 0.05000000074505806, ""Serpent_Duration"": 3, ""Serpent_Poison"": 0.6000000238418579}}]"
Set 17,17,base,TFTSet17,latest,TFT17_Stargazer_Shield,Stargazer,3,"Stargazers chart a different constellation every game. This game: The Altar.(@MinUnits@) When ANY champion dies, they are sacrificed to the Altar. Allies in empowered hexes gain @Shield_Health_Teamwide@% Health and @Shield_AS_Teamwide@% Attack Speed.After @Shield_NumDeaths@ sacrifices, Stargazers in empowered hexes gain an additional @Shield_CashoutHP@% (scaleHealth) and @Shield_CashoutAS@% (scaleAS)Sacrifices: (@TFTUnitProperty.trait:TFT17_Stargazer_Shield_Deaths@ / @Shield_NumDeaths@)More hexes reveal at each player level","Stargazers chart a different constellation every game. This game: <TFTStargazer>The Altar</TFTStargazer>.<br><br><row>(@MinUnits@) When ANY champion dies, they are sacrificed to the Altar. Allies in empowered hexes gain @Shield_Health_Teamwide@% Health and @Shield_AS_Teamwide@% Attack Speed.<br><br>After @Shield_NumDeaths@ sacrifices, Stargazers in empowered hexes gain an additional @Shield_CashoutHP@% %i:scaleHealth% and @Shield_CashoutAS@% %i:scaleAS%<br><br>Sacrifices: (@TFTUnitProperty.trait:TFT17_Stargazer_Shield_Deaths@ / @Shield_NumDeaths@)</row><br><br><rules>More hexes reveal at each player level</rules>","[{""maxUnits"": 25000, ""minUnits"": 3, ""style"": 5, ""variables"": {""Shield_AS_Teamwide"": 8.0, ""Shield_CashoutAS"": 18.0, ""Shield_CashoutHP"": 20.0, ""Shield_Health_Teamwide"": 8.0, ""Shield_NumDeaths"": 60}}]"
Set 17,17,base,TFTSet17,latest,TFT17_Stargazer_Fountain,Stargazer,3|5,Stargazers chart a different constellation every game. This game: The Fountain.Allies in empowered hexes heal @Fountain_HealthRegen_Teamwide*100@% max Health every @Fountain_Interval@ seconds. Stargazers in empowered hexes heal an additional @Fountain_HealthRegen*100@% and gain stacking Attack Damage and Ability Power every @Fountain_Interval@ seconds.(@MinUnits@) @Fountain_StackingADAP@% (scaleAD) (scaleAP)(@MinUnits@) @Fountain_StackingADAP@% (scaleAD) (scaleAP)More hexes reveal at each player level,Stargazers chart a different constellation every game. This game: <TFTStargazer>The Fountain</TFTStargazer>.<br><br>Allies in empowered hexes heal @Fountain_HealthRegen_Teamwide*100@% max Health every @Fountain_Interval@ seconds. Stargazers in empowered hexes heal an additional @Fountain_HealthRegen*100@% and gain stacking Attack Damage and Ability Power every @Fountain_Interval@ seconds.<br><br><row>(@MinUnits@) @Fountain_StackingADAP@% %i:scaleAD% %i:scaleAP%</row><br><row>(@MinUnits@) @Fountain_StackingADAP@% %i:scaleAD% %i:scaleAP%</row><br><br><rules>More hexes reveal at each player level</rules>,"[{""maxUnits"": 4, ""minUnits"": 3, ""style"": 1, ""variables"": {""Fountain_HealthRegen"": 0.029999999329447746, ""Fountain_HealthRegen_Teamwide"": 0.009999999776482582, ""Fountain_Interval"": 2.0, ""Fountain_StackingADAP"": 4.0, ""MaxStacks"": null}}, {""maxUnits"": 25000, ""minUnits"": 5, ""style"": 5, ""variables"": {""Fountain_HealthRegen"": 0.029999999329447746, ""Fountain_HealthRegen_Teamwide"": 0.009999999776482582, ""Fountain_Interval"": 2.0, ""Fountain_StackingADAP"": 9.0, ""MaxStacks"": null}}]"
Set 17,17,base,TFTSet17,latest,TFT17_Stargazer_Mountain,Stargazer,3|4|5|6|7|8|9|10|11,"Stargazers chart a different constellation every game. This game: The MountainEvery @Mountain_RoundsPerEmblem@ player combats, gain a Stargazer Emblem. Stargazers in empowered hexes gain various bonuses.(Combats Remaining: @TFTUnitProperty.trait:TFT17_Stargazer_Mountain_CombatsRemaining@)(@MinUnits@) Gain @Mountain_Health*100@% Health(@MinUnits@) AND @Mountain_ADAP*100@% Attack Damage and Ability Power(@MinUnits@) AND @Mountain_Resists@ Armor and Magic Resist(@MinUnits@) AND @Mountain_AS*100@% Attack Speed(@MinUnits@) AND @Mountain_DR*100@% Durability(@MinUnits@) AND increase all other bonuses by @Mountain_StatIncrease*100@%More hexes reveal at each player level","Stargazers chart a different constellation every game. This game: <TFTStargazer>The Mountain</TFTStargazer><br><br>Every @Mountain_RoundsPerEmblem@ player combats, gain a Stargazer Emblem. Stargazers in empowered hexes gain various bonuses.<br><br>(Combats Remaining:&nbsp;@TFTUnitProperty.trait:TFT17_Stargazer_Mountain_CombatsRemaining@)<br><br><row>(@MinUnits@) Gain @Mountain_Health*100@% Health</row><br><row>(@MinUnits@) AND @Mountain_ADAP*100@% Attack Damage and Ability Power</row><br><row>(@MinUnits@) AND @Mountain_Resists@ Armor and Magic Resist</row><br><row>(@MinUnits@) AND @Mountain_AS*100@% Attack Speed</row><br><row>(@MinUnits@) AND @Mountain_DR*100@% Durability</row><br><row>(@MinUnits@) AND increase all other bonuses by @Mountain_StatIncrease*100@%</row><br><br><rules>More hexes reveal at each player level</rules>","[{""maxUnits"": 3, ""minUnits"": 3, ""style"": 1, ""variables"": {""Mountain_ADAP"": null, ""Mountain_AS"": null, ""Mountain_DR"": null, ""Mountain_Health"": 0.15000000596046448, ""Mountain_Resists"": null, ""Mountain_RoundsPerEmblem"": 5.0, ""Mountain_StatIncrease"": null, ""{67e491c6}"": 25000.0, ""{9d012fe8}"": null}}, {""maxUnits"": 4, ""minUnits"": 4, ""style"": 3, ""variables"": {""Mountain_ADAP"": 0.15000000596046448, ""Mountain_AS"": null, ""Mountain_DR"": null, ""Mountain_Health"": 0.15000000596046448, ""Mountain_Resists"": null, ""Mountain_RoundsPerEmblem"": 5.0, ""Mountain_StatIncrease"": null, ""{67e491c6}"": 25000.0, ""{9d012fe8}"": null}}, {""maxUnits"": 5, ""minUnits"": 5, ""style"": 3, ""variables"": {""Mountain_ADAP"": 0.15000000596046448, ""Mountain_AS"": null, ""Mountain_DR"": null, ""Mountain_Health"": 0.15000000596046448, ""Mountain_Resists"": 10.0, ""Mountain_RoundsPerEmblem"": 5.0, ""Mountain_StatIncrease"": null, ""{67e491c6}"": 25000.0, ""{9d012fe8}"": null}}, {""maxUnits"": 6, ""minUnits"": 6, ""style"": 3, ""variables"": {""Mountain_ADAP"": 0.15000000596046448, ""Mountain_AS"": 0.07999999821186066, ""Mountain_DR"": null, ""Mountain_Health"": 0.15000000596046448, ""Mountain_Resists"": 10.0, ""Mountain_RoundsPerEmblem"": 5.0, ""Mountain_StatIncrease"": null, ""{67e491c6}"": 25000.0, ""{9d012fe8}"": null}}, {""maxUnits"": 7, ""minUnits"": 7, ""style"": 3, ""variables"": {""Mountain_ADAP"": 0.15000000596046448, ""Mountain_AS"": 0.07999999821186066, ""Mountain_DR"": 0.05000000074505806, ""Mountain_Health"": 0.15000000596046448, ""Mountain_Resists"": 10.0, ""Mountain_RoundsPerEmblem"": 5.0, ""Mountain_StatIncrease"": null, ""{67e491c6}"": 25000.0, ""{9d012fe8}"": null}}, {""maxUnits"": 8, ""minUnits"": 8, ""style"": 5, ""variables"": {""Mountain_ADAP"": 0.15000000596046448, ""Mountain_AS"": 0.07999999821186066, ""Mountain_DR"": 0.05000000074505806, ""Mountain_Health"": 0.15000000596046448, ""Mountain_Resists"": 10.0, ""Mountain_RoundsPerEmblem"": 5.0, ""Mountain_StatIncrease"": 0.10000000149011612, ""{67e491c6}"": 25000.0, ""{9d012fe8}"": null}}, {""maxUnits"": 9, ""minUnits"": 9, ""style"": 5, ""variables"": {""Mountain_ADAP"": 0.15000000596046448, ""Mountain_AS"": 0.07999999821186066, ""Mountain_DR"": 0.05000000074505806, ""Mountain_Health"": 0.15000000596046448, ""Mountain_Resists"": 10.0, ""Mountain_RoundsPerEmblem"": 5.0, ""Mountain_StatIncrease"": 0.10000000149011612, ""{67e491c6}"": 25000.0, ""{9d012fe8}"": null}}, {""maxUnits"": 10, ""minUnits"": 10, ""style"": 5, ""variables"": {""Mountain_ADAP"": 0.15000000596046448, ""Mountain_AS"": 0.07999999821186066, ""Mountain_DR"": 0.05000000074505806, ""Mountain_Health"": 0.15000000596046448, ""Mountain_Resists"": 10.0, ""Mountain_RoundsPerEmblem"": 5.0, ""Mountain_StatIncrease"": 0.10000000149011612, ""{67e491c6}"": 25000.0, ""{9d012fe8}"": null}}, {""maxUnits"": 25000, ""minUnits"": 11, ""style"": 6, ""variables"": {""Mountain_ADAP"": 0.15000000596046448, ""Mountain_AS"": 0.07999999821186066, ""Mountain_DR"": 0.05000000074505806, ""Mountain_Health"": 0.15000000596046448, ""Mountain_Resists"": 8.0, ""Mountain_RoundsPerEmblem"": 5.0, ""Mountain_StatIncrease"": 0.10000000149011612, ""{67e491c6}"": 25000.0, ""{9d012fe8}"": null}}]"
Set 17,17,base,TFTSet17,latest,TFT17_Stargazer,Stargazer,3|5|7|8|9|10,"Stargazers chart a different constellation every game.Stargazers in empowered hexes gain various bonuses, starting at (@MinUnits@) units.More hexes reveal at each player level.","Stargazers chart a different constellation every game.<br><br>Stargazers in empowered hexes gain various bonuses, starting at (@MinUnits@) units.<br><br><rules>More hexes reveal at each player level.</rules>","[{""maxUnits"": 4, ""minUnits"": 3, ""style"": 1, ""variables"": {""Family_BaseSharePercent"": 0.10000000149011612, ""Family_HexesToReveal_TOOLTIPONLY"": 3, ""Family_Stats"": 10.0, ""Fountain_HealthRegen"": 0.03999999910593033, ""Fountain_HealthRegen_Teamwide"": 0.019999999552965164, ""Fountain_StackingADAP"": 2.0, ""Huntress_AS"": 0.30000001192092896, ""Huntress_AS_Teamwide"": 0.15000000596046448, ""Huntress_Heal"": 0.05000000074505806, ""MaxStacks"": null, ""Medallion_DA"": 0.20000000298023224, ""Medallion_IncreasePer3Star"": 20.0, ""Mountain_Health"": 0.20000000298023224, ""Mountain_RoundsPerEmblem"": 5.0, ""NumMarks"": 3.0, ""Serpent_DR"": 0.15000000596046448, ""Serpent_DR_Teamwide"": 0.07999999821186066, ""Serpent_Duration"": 3, ""Serpent_Poison"": 0.30000001192092896, ""Shield_AS_Teamwide"": 8.0, ""Shield_CashoutAS"": 18.0, ""Shield_CashoutHP"": 20.0, ""Shield_Duration"": 10, ""Shield_Health_Teamwide"": 8.0, ""Shield_Interval"": 1, ""Shield_NumDeaths"": 60, ""Wolf_ADAP"": 10.0, ""Wolf_Gold"": 1, ""Wolf_Health"": 0.019999999552965164, ""Wolf_Health_Teamwide"": 0.07999999821186066, ""{326db998}"": 0.15000000596046448, ""{37204635}"": 10.0, ""{3d49cc86}"": 20.0, ""{457fd35a}"": 1.0, ""{56df89e0}"": 1000.0, ""{57ccf261}"": 0.25, ""{74ccce14}"": 0.07999999821186066, ""{a6419a0b}"": 0.5, ""{aa686d69}"": 10.0, ""{abed8603}"": 1.2999999523162842, ""{b44d11c3}"": 0.10000000149011612, ""{c32af02f}"": 0.05000000074505806, ""{e5275a69}"": 0.019999999552965164, ""{e8338a44}"": 0.15000000596046448}}, {""maxUnits"": 6, ""minUnits"": 5, ""style"": 3, ""variables"": {""Family_BaseSharePercent"": 0.10000000149011612, ""Family_HexesToReveal_TOOLTIPONLY"": 2, ""Family_Stats"": 35.0, ""Fountain_HealthRegen"": 0.03999999910593033, ""Fountain_HealthRegen_Teamwide"": 0.019999999552965164, ""Fountain_StackingADAP"": 4.0, ""Huntress_AS"": 0.44999998807907104, ""Huntress_AS_Teamwide"": 0.15000000596046448, ""Huntress_Heal"": 0.07999999821186066, ""MaxStacks"": null, ""Medallion_DA"": 0.30000001192092896, ""Medallion_IncreasePer3Star"": 20.0, ""Mountain_ADAP"": 0.11999999731779099, ""Mountain_Health"": 0.30000001192092896, ""Mountain_RoundsPerEmblem"": 5.0, ""NumMarks"": 5.0, ""Serpent_DR"": 0.20000000298023224, ""Serpent_DR_Teamwide"": 0.07999999821186066, ""Serpent_Duration"": 3, ""Serpent_Poison"": 0.44999998807907104, ""Shield_AS_Teamwide"": 8.0, ""Shield_Duration"": 10, ""Shield_Health_Teamwide"": 8.0, ""Shield_Interval"": 1, ""Shield_NumDeaths"": 60, ""Wolf_ADAP"": 15.0, ""Wolf_Gold"": 2, ""Wolf_Health"": 0.07999999821186066, ""Wolf_Health_Teamwide"": 0.07999999821186066, ""{326db998}"": 0.25, ""{37204635}"": 10.0, ""{3d49cc86}"": 30.0, ""{457fd35a}"": 2.0, ""{56df89e0}"": 1000.0, ""{57ccf261}"": 0.3499999940395355, ""{74ccce14}"": 0.07999999821186066, ""{a6419a0b}"": 0.5, ""{aa686d69}"": 10.0, ""{abed8603}"": 1.5, ""{b44d11c3}"": 0.10000000149011612, ""{c32af02f}"": 0.05000000074505806, ""{e5275a69}"": 0.029999999329447746, ""{e8338a44}"": 0.15000000596046448}}, {""maxUnits"": 25000, ""minUnits"": 7, ""style"": 5, ""variables"": {""Family_BaseSharePercent"": 0.10000000149011612, ""Family_EmpoweredSharePercent"": 0.30000001192092896, ""Family_Stats"": 35.0, ""Fountain_HealthRegen"": 0.03999999910593033, ""Fountain_HealthRegen_Teamwide"": 0.019999999552965164, ""Fountain_StackingADAP"": 4.0, ""Huntress_AS"": 0.6000000238418579, ""Huntress_AS_Teamwide"": 0.15000000596046448, ""Huntress_Heal"": 0.10000000149011612, ""MaxStacks"": null, ""Medallion_DA"": 0.4000000059604645, ""Medallion_IncreasePer3Star"": 20.0, ""Mountain_AS"": null, ""Mountain_DR"": null, ""Mountain_Health"": 0.44999998807907104, ""Mountain_Resists"": 12.0, ""Mountain_RoundsPerEmblem"": 5.0, ""Mountain_StatIncrease"": null, ""NumMarks"": 7.0, ""Serpent_DR"": 0.25, ""Serpent_DR_Teamwide"": 0.07999999821186066, ""Serpent_Duration"": 3, ""Serpent_Poison"": 0.6000000238418579, ""Shield_AS_Teamwide"": 8.0, ""Shield_Duration"": 10, ""Shield_Health_Teamwide"": 8.0, ""Shield_Interval"": 1, ""Shield_NumDeaths"": 60, ""Wolf_ADAP"": 25.0, ""Wolf_Gold"": 4, ""Wolf_Health"": 0.15000000596046448, ""Wolf_Health_Teamwide"": 0.07999999821186066, ""{326db998}"": 0.3499999940395355, ""{37204635}"": 10.0, ""{3d49cc86}"": 40.0, ""{457fd35a}"": 3.0, ""{4f055cc9}"": 0.009999999776482582, ""{56df89e0}"": 1000.0, ""{57ccf261}"": 0.44999998807907104, ""{74ccce14}"": 0.07999999821186066, ""{a6419a0b}"": 0.5, ""{aa686d69}"": 10.0, ""{abed8603}"": 1.75, ""{b44d11c3}"": 0.10000000149011612, ""{c32af02f}"": 0.05000000074505806, ""{c4d51662}"": 2, ""{e5275a69}"": 0.03999999910593033, ""{e8338a44}"": 0.15000000596046448}}, {""maxUnits"": 25000, ""minUnits"": 8, ""style"": 5, ""variables"": {""Family_BaseSharePercent"": 0.10000000149011612, ""Fountain_HealthRegen"": 0.03999999910593033, ""Fountain_HealthRegen_Teamwide"": 0.019999999552965164, ""Huntress_AS_Teamwide"": 0.15000000596046448, ""MaxStacks"": null, ""Medallion_IncreasePer3Star"": 20.0, ""Mountain_ADAP"": null, ""Mountain_AS"": null, ""Mountain_DR"": null, ""Mountain_Resists"": null, ""Mountain_RoundsPerEmblem"": 5.0, ""Mountain_StatIncrease"": null, ""NumMarks"": 3.0, ""Serpent_DR_Teamwide"": 0.07999999821186066, ""Serpent_Duration"": 3, ""Shield_AS_Teamwide"": 8.0, ""Shield_CashoutAS"": 18.0, ""Shield_CashoutHP"": 20.0, ""Shield_Duration"": 10, ""Shield_Health_Teamwide"": 8.0, ""Shield_Interval"": 1, ""Shield_NumDeaths"": 60, ""Wolf_ADAP"": 10.0, ""Wolf_Gold"": 1, ""Wolf_Health"": 0.019999999552965164, ""Wolf_Health_Teamwide"": 0.07999999821186066, ""{37204635}"": 10.0, ""{56df89e0}"": 1000.0, ""{74ccce14}"": 0.07999999821186066, ""{a6419a0b}"": 0.5, ""{aa686d69}"": 10.0, ""{b44d11c3}"": 0.10000000149011612, ""{c32af02f}"": 0.05000000074505806, ""{e8338a44}"": 0.15000000596046448}}, {""maxUnits"": 25000, ""minUnits"": 9, ""style"": 5, ""variables"": {""Family_BaseSharePercent"": 0.10000000149011612, ""Fountain_HealthRegen"": 0.03999999910593033, ""Fountain_HealthRegen_Teamwide"": 0.019999999552965164, ""Huntress_AS_Teamwide"": 0.15000000596046448, ""MaxStacks"": null, ""Medallion_IncreasePer3Star"": 20.0, ""Mountain_ADAP"": 0.11999999731779099, ""Mountain_AS"": 0.11999999731779099, ""Mountain_DR"": 0.05999999865889549, ""Mountain_Health"": 0.11999999731779099, ""Mountain_Resists"": 12.0, ""Mountain_RoundsPerEmblem"": 5.0, ""Mountain_StatIncrease"": null, ""Serpent_DR_Teamwide"": 0.07999999821186066, ""Serpent_Duration"": 3, ""Shield_AS_Teamwide"": 8.0, ""Shield_Duration"": 10, ""Shield_Health_Teamwide"": 8.0, ""Shield_Interval"": 1, ""Shield_NumDeaths"": 60, ""Wolf_Health_Teamwide"": 0.07999999821186066, ""{37204635}"": 10.0, ""{56df89e0}"": 1000.0, ""{74ccce14}"": 0.07999999821186066, ""{a6419a0b}"": 0.5, ""{aa686d69}"": 10.0, ""{b44d11c3}"": 0.10000000149011612, ""{c32af02f}"": 0.05000000074505806, ""{e8338a44}"": 0.15000000596046448}}, {""maxUnits"": 25000, ""minUnits"": 10, ""style"": 5, ""variables"": {""Family_BaseSharePercent"": 0.10000000149011612, ""Fountain_HealthRegen"": 0.03999999910593033, ""Fountain_HealthRegen_Teamwide"": 0.019999999552965164, ""Huntress_AS_Teamwide"": 0.15000000596046448, ""MaxStacks"": null, ""Medallion_IncreasePer3Star"": 20.0, ""Mountain_ADAP"": 0.11999999731779099, ""Mountain_AS"": 0.11999999731779099, ""Mountain_DR"": 0.05999999865889549, ""Mountain_Health"": 0.11999999731779099, ""Mountain_Resists"": 12.0, ""Mountain_RoundsPerEmblem"": 5.0, ""Mountain_StatIncrease"": 0.10000000149011612, ""Serpent_DR_Teamwide"": 0.07999999821186066, ""Serpent_Duration"": 3, ""Shield_AS_Teamwide"": 8.0, ""Shield_Duration"": 10, ""Shield_Health_Teamwide"": 8.0, ""Shield_Interval"": 1, ""Shield_NumDeaths"": 60, ""Wolf_Health_Teamwide"": 0.07999999821186066, ""{37204635}"": 10.0, ""{56df89e0}"": 1000.0, ""{74ccce14}"": 0.07999999821186066, ""{a6419a0b}"": 0.5, ""{aa686d69}"": 10.0, ""{b44d11c3}"": 0.10000000149011612, ""{c32af02f}"": 0.05000000074505806, ""{e8338a44}"": 0.15000000596046448}}]"
Set 17,17,base,TFTSet17,latest,TFT17_Timebreaker,Timebreaker,2|3|4,"(@MinUnits@) Allies gain @AttackSpeed*100@% Attack Speed.(@MinUnits@) AND When you lose, gain free rerolls. When you win, store XP in a Temporal Core (scales with stage).(@MinUnits@) AND Timebreakers gain an additional @TimebreakerAdditionalAS*100@% Attack SpeedRerolls on Loss: @TFTUnitProperty.:TFT17_Timebreaker_NumRerollsTooltip@XP on Win: @TFTUnitProperty.:TFT17_Timebreaker_NumXPTooltip@","<row>(@MinUnits@) Allies gain @AttackSpeed*100@% Attack Speed.</row><br><row>(@MinUnits@) AND When you lose, gain free rerolls. When you win, store XP in a Temporal Core (scales with stage).</row><br><row>(@MinUnits@) AND Timebreakers gain an additional @TimebreakerAdditionalAS*100@% Attack Speed</row><br><br><rules>Rerolls on Loss: @TFTUnitProperty.:TFT17_Timebreaker_NumRerollsTooltip@<br>XP on Win: @TFTUnitProperty.:TFT17_Timebreaker_NumXPTooltip@</rules>","[{""maxUnits"": 2, ""minUnits"": 2, ""style"": 1, ""variables"": {""AttackSpeed"": 0.11999999731779099, ""TimebreakerAdditionalAS"": null, ""{aaae13a0}"": null}}, {""maxUnits"": 3, ""minUnits"": 3, ""style"": 3, ""variables"": {""AttackSpeed"": 0.11999999731779099, ""TimebreakerAdditionalAS"": null, ""{aaae13a0}"": 1.0}}, {""maxUnits"": 25000, ""minUnits"": 4, ""style"": 5, ""variables"": {""AttackSpeed"": 0.11999999731779099, ""TimebreakerAdditionalAS"": 0.5, ""{aaae13a0}"": 1.0}}]"
Set 17,17,base,TFTSet17,latest,TFT17_ShieldTank,Vanguard,2|4|6,Vanguards gain @DamageReductionPct*100@% Durability while Shielded. Combat start and @HealthThreshold*100@% Health: Gain a max Health Shield for @ShieldDuration@ seconds.(@MinUnits@) @ShieldPercentAmount*100@% max Health(@MinUnits@) @ShieldPercentAmount*100@% max Health(@MinUnits@) @ShieldPercentAmount*100@% max Health;@EnhancedDurability*100@% (scaleDR) while Shielded,Vanguards gain @DamageReductionPct*100@% Durability while Shielded. <br><br>Combat start and @HealthThreshold*100@%&nbsp;Health: Gain a max Health Shield for @ShieldDuration@&nbsp;seconds.<br><br><row>(@MinUnits@) @ShieldPercentAmount*100@% max Health</row><br><row>(@MinUnits@) @ShieldPercentAmount*100@% max Health</row><br><row>(@MinUnits@) @ShieldPercentAmount*100@% max Health;<br>@EnhancedDurability*100@%&nbsp;%i:scaleDR% while Shielded</row>,"[{""maxUnits"": 3, ""minUnits"": 2, ""style"": 1, ""variables"": {""DamageReductionPct"": 0.05000000074505806, ""EnhancedDurability"": 0.07999999821186066, ""HealthThreshold"": 0.5, ""ShieldDuration"": 10.0, ""ShieldPercentAmount"": 0.1599999964237213}}, {""maxUnits"": 5, ""minUnits"": 4, ""style"": 3, ""variables"": {""DamageReductionPct"": 0.05000000074505806, ""EnhancedDurability"": 0.07999999821186066, ""HealthThreshold"": 0.5, ""ShieldDuration"": 10.0, ""ShieldPercentAmount"": 0.30000001192092896}}, {""maxUnits"": 25000, ""minUnits"": 6, ""style"": 5, ""variables"": {""DamageReductionPct"": 0.05000000074505806, ""EnhancedDurability"": 0.07999999821186066, ""HealthThreshold"": 0.5, ""ShieldDuration"": 10.0, ""ShieldPercentAmount"": 0.4000000059604645}}]"
Set 17,17,base,TFTSet17,latest,TFT17_FlexTrait,Voyager,2|3|4|5|6,"Combat Start: Your Tanks gain a Shield for @ShieldDuration@ seconds. Your other allies gain Damage Amp. Voyagers gain double.
(2) 175 Shield; 9% (scaleDA)
(3) 250 Shield; 15% (scaleDA)
(4) 350 Shield; 18% (scaleDA)
(5) 500 Shield; 22% (scaleDA)
(6) 700 Shield; 27% (scaleDA)",Combat Start: Your Tanks gain a Shield for @ShieldDuration@ seconds. Your other allies gain Damage Amp. <br><br>Voyagers gain double.<br><br><expandRow>(@MinUnits@) @ShieldHP@ Shield; @BonusDA*100@% %i:scaleDA%</expandRow><br>,"[{""maxUnits"": 2, ""minUnits"": 2, ""style"": 1, ""variables"": {""BonusDA"": 0.09000000357627869, ""ShieldDuration"": 15.0, ""ShieldHP"": 175.0, ""{2ad3e251}"": 2.0}}, {""maxUnits"": 3, ""minUnits"": 3, ""style"": 3, ""variables"": {""BonusDA"": 0.15000000596046448, ""ShieldDuration"": 15.0, ""ShieldHP"": 250.0, ""{2ad3e251}"": 2.0}}, {""maxUnits"": 4, ""minUnits"": 4, ""style"": 3, ""variables"": {""BonusDA"": 0.18000000715255737, ""ShieldDuration"": 15.0, ""ShieldHP"": 350.0, ""{2ad3e251}"": 2.0}}, {""maxUnits"": 5, ""minUnits"": 5, ""style"": 3, ""variables"": {""BonusDA"": 0.2199999988079071, ""ShieldDuration"": 15.0, ""ShieldHP"": 500.0, ""{2ad3e251}"": 2.0}}, {""maxUnits"": 25000, ""minUnits"": 6, ""style"": 5, ""variables"": {""BonusDA"": 0.27000001072883606, ""ShieldDuration"": 15.0, ""ShieldHP"": 700.0, ""{2ad3e251}"": 2.0}}]"
