set_label,set_number,set_stage,set_mutator,patch,champion_api_name,champion_name,ability_name,variable_name,star1_3,idx0,idx1,idx2,idx3,idx4,idx5,idx6
Set 1,1,base,Set1,9.21,Aatrox,Aatrox,The Darkin Blade,Damage,300/600/900,0,300,600,900,1200,1500,1800
Set 1,1,base,Set1,9.21,Ahri,Ahri,Orb of Deception,Damage,100/200/300,50,100,200,300,400,500,475
Set 1,1,base,Set1,9.21,Ahri,Ahri,Orb of Deception,HexRange,3,3,3,3,3,3,3,3
Set 1,1,base,Set1,9.21,Akali,Akali,Five Point Strike,ConeDeg,30,30,30,30,30,30,30,30
Set 1,1,base,Set1,9.21,Akali,Akali,Five Point Strike,Damage,200/350/500,50,200,350,500,650,800,950
Set 1,1,base,Set1,9.21,Akali,Akali,Five Point Strike,HexRange,1,1,1,1,1,1,1,1
Set 1,1,base,Set1,9.21,Anivia,Anivia,Glacial Storm,AttackSpeedSlow,50/70/90,30,50,70,90,110,130,150
Set 1,1,base,Set1,9.21,Anivia,Anivia,Glacial Storm,StormDuration,6,6,6,6,6,6,6,6
Set 1,1,base,Set1,9.21,Anivia,Anivia,Glacial Storm,TotalDamage,800/1100/1400,500,800,1100,1400,1700,2000,2300
Set 1,1,base,Set1,9.21,Ashe,Ashe,Enchanted Crystal Arrow,Damage,200/400/600,0,200,400,600,800,1000,1200
Set 1,1,base,Set1,9.21,Ashe,Ashe,Enchanted Crystal Arrow,StunDurationPerSquare,1/1.5/2,0.5,1,1.5,2,2.5,3,3.5
Set 1,1,base,Set1,9.21,Aurelion Sol,Aurelion Sol,Voice of Light,Damage,250/500/750,50,250,500,750,1000,1250,1500
Set 1,1,base,Set1,9.21,Aurelion Sol,Aurelion Sol,Voice of Light,HexRange,8,8,8,8,8,8,8,8
Set 1,1,base,Set1,9.21,Blitzcrank,Blitzcrank,Rocket Grab,Damage,250/550/850,-50,250,550,850,1150,1450,1750
Set 1,1,base,Set1,9.21,Blitzcrank,Blitzcrank,Rocket Grab,StunDuration,2.5,2.5,2.5,2.5,2.5,2.5,2.5,2.5
Set 1,1,base,Set1,9.21,Brand,Brand,Pyroclasm,Damage,250/450/650,50,250,450,650,850,1050,1250
Set 1,1,base,Set1,9.21,Brand,Brand,Pyroclasm,MaxBounces,4/6/20,4,4,6,20,20,20,20
Set 1,1,base,Set1,9.21,Braum,Braum,Unbreakable,ShieldDR,70/80/90,60,70,80,90,100,110,120
Set 1,1,base,Set1,9.21,Braum,Braum,Unbreakable,ShieldDuration,4,4,4,4,4,4,4,4
Set 1,1,base,Set1,9.21,Camille,Camille,The Hextech Ultimatum,Damage,200/325/450,75,200,325,450,575,700,825
Set 1,1,base,Set1,9.21,Camille,Camille,The Hextech Ultimatum,Duration,4/5/6,3,4,5,6,7,8,9
Set 1,1,base,Set1,9.21,Cho'Gath,Cho'Gath,Rupture,Damage,200/400/600,0,200,400,600,800,1000,1200
Set 1,1,base,Set1,9.21,Cho'Gath,Cho'Gath,Rupture,KnockDuration,1.5/1.75/2,1.25,1.5,1.75,2,2.25,2.5,2.75
Set 1,1,base,Set1,9.21,Cho'Gath,Cho'Gath,Rupture,RuptureDelay,1.5,1.5,1.5,1.5,1.5,1.5,1.5,1.5
Set 1,1,base,Set1,9.21,Darius,Darius,Decimate,Damage,150/200/250,100,150,200,250,300,350,400
Set 1,1,base,Set1,9.21,Darius,Darius,Decimate,Heal,100/150/200,50,100,150,200,250,300,350
Set 1,1,base,Set1,9.21,Darius,Darius,Decimate,HexRange,1,1,1,1,1,1,1,1
Set 1,1,base,Set1,9.21,Draven,Draven,Spinning Axes,ADMult,1.5/2/2.5,1,1.5,2,2.5,3,3.5,4
Set 1,1,base,Set1,9.21,Draven,Draven,Spinning Axes,ASBuff,1,1,1,1,1,1,1,1
Set 1,1,base,Set1,9.21,Draven,Draven,Spinning Axes,BuffDuration,5.75,5.75,5.75,5.75,5.75,5.75,5.75,5.75
Set 1,1,base,Set1,9.21,Elise,Elise,Spider Form,Lifesteal,0.6/0.9/1.2,0.3,0.6,0.9,1.2,1.5,1.8,2.1
Set 1,1,base,Set1,9.21,Elise,Elise,Spider Form,NumSpiderlings,1/2/4,1,1,2,4,5,6,7
Set 1,1,base,Set1,9.21,Elise,Elise,Spider Form,SpiderFormDuration,60,60,60,60,60,60,60,60
Set 1,1,base,Set1,9.21,Evelynn,Evelynn,Last Caress,BlinkBackDistance,3,3,3,3,3,3,3,3
Set 1,1,base,Set1,9.21,Evelynn,Evelynn,Last Caress,CritMultiplier,3/4/5,2,3,4,5,6,7,8
Set 1,1,base,Set1,9.21,Evelynn,Evelynn,Last Caress,CritThreshold,0.5,0.5,0.5,0.5,0.5,0.5,0.5,0.5
Set 1,1,base,Set1,9.21,Evelynn,Evelynn,Last Caress,Damage,200/300/400,100,200,300,400,500,600,700
Set 1,1,base,Set1,9.21,Fiora,Fiora,Riposte,BlockDuration,1.5,1.5,1.5,1.5,1.5,1.5,1.5,1.5
Set 1,1,base,Set1,9.21,Fiora,Fiora,Riposte,Damage,100/250/400,-50,100,250,400,550,700,850
Set 1,1,base,Set1,9.21,Fiora,Fiora,Riposte,StunDuration,1.5,1.5,1.5,1.5,1.5,1.5,1.5,1.5
Set 1,1,base,Set1,9.21,Gangplank,Gangplank,Powder Kegs,Damage,150/250/350,50,150,250,350,450,550,650
Set 1,1,base,Set1,9.21,Garen,Garen,Judgement,DamagePerTick,40/65/90,15,40,65,90,115,140,165
Set 1,1,base,Set1,9.21,Garen,Garen,Judgement,ETotalTicks,9,9,9,9,9,9,9,9
Set 1,1,base,Set1,9.21,Garen,Garen,Judgement,SpinDuration,4,4,4,4,4,4,4,4
Set 1,1,base,Set1,9.21,Gnar,Gnar,GNAR!,Damage,200/300/400,100,200,300,400,500,600,700
Set 1,1,base,Set1,9.21,Gnar,Gnar,GNAR!,RCCDuration,2,2,2,2,2,2,2,2
Set 1,1,base,Set1,9.21,Gnar,Gnar,GNAR!,RKnockbackDistance,500,500,500,500,500,500,500,500
Set 1,1,base,Set1,9.21,Gnar,Gnar,GNAR!,TransformAD,50/100/150,0,50,100,150,200,250,300
Set 1,1,base,Set1,9.21,Gnar,Gnar,GNAR!,TransformDuration,60,60,60,60,60,60,60,60
Set 1,1,base,Set1,9.21,Gnar,Gnar,GNAR!,TransformHealth,250/450/650,50,250,450,650,850,1050,1250
Set 1,1,base,Set1,9.21,Graves,Graves,Buckshot,DamageMultiplier,0.05/0.1/0.15,0,0.05,0.1,0.15,0.2,0.25,0.3
Set 1,1,base,Set1,9.21,Jayce,Jayce,Transform Mercury Cannon,AAMax,3/5/7,1,3,5,7,9,11,13
Set 1,1,base,Set1,9.21,Jayce,Jayce,Transform Mercury Cannon,CCDuration,2.5/4.25/6,0.75,2.5,4.25,6,7.75,9.5,11.25
Set 1,1,base,Set1,9.21,Jayce,Jayce,Transform Mercury Cannon,Damage,200/350/500,50,200,350,500,650,800,950
Set 1,1,base,Set1,9.21,Jayce,Jayce,Transform Mercury Cannon,HexRange,1,1,1,1,1,1,1,1
Set 1,1,base,Set1,9.21,Jayce,Jayce,Transform Mercury Cannon,KnockbackDistance,3,3,3,3,3,3,3,3
Set 1,1,base,Set1,9.21,Jayce,Jayce,Transform Mercury Cannon,RangeIncrease,3,3,3,3,3,3,3,3
Set 1,1,base,Set1,9.21,Jayce,Jayce,Transform Mercury Cannon,TransformDuration,60,60,60,60,60,60,60,60
Set 1,1,base,Set1,9.21,Jinx,Jinx,Get Excited!,AttackSpeedBonus,0.6/0.8/1,0.4,0.6,0.8,1,1.2,1.4,1.6
Set 1,1,base,Set1,9.21,Jinx,Jinx,Get Excited!,BuffDuration,60,60,60,60,60,60,60,60
Set 1,1,base,Set1,9.21,Jinx,Jinx,Get Excited!,HitWindow,4,4,4,4,4,4,4,4
Set 1,1,base,Set1,9.21,Jinx,Jinx,Get Excited!,RocketDamage,100/200/300,0,100,200,300,400,500,600
Set 1,1,base,Set1,9.21,Kai'Sa,Kai'Sa,Killer Instinct,ASPercent,0.5/0.75/1,0.25,0.5,0.75,1,1.25,1.5,1.75
Set 1,1,base,Set1,9.21,Kai'Sa,Kai'Sa,Killer Instinct,Duration,3,3,3,3,3,3,3,3
Set 1,1,base,Set1,9.21,Kai'Sa,Kai'Sa,Killer Instinct,ShieldAmount,400/700/1000,100,400,700,1000,1300,1600,1900
Set 1,1,base,Set1,9.21,Karthus,Karthus,Requiem,Damage,350/600/850,100,350,600,850,1100,1350,1600
Set 1,1,base,Set1,9.21,Karthus,Karthus,Requiem,NumberOfTargets,5/7/9,3,5,7,9,11,13,15
Set 1,1,base,Set1,9.21,Kassadin,Kassadin,Nether Blade,ManaSteal,25/50/75,0,25,50,75,100,125,150
Set 1,1,base,Set1,9.21,Kassadin,Kassadin,Nether Blade,ShieldDuration,4,4,4,4,4,4,4,4
Set 1,1,base,Set1,9.21,Katarina,Katarina,Death Lotus,DamagePerTick,45/70/95,20,45,70,95,120,145,170
Set 1,1,base,Set1,9.21,Katarina,Katarina,Death Lotus,Duration,2.5,2.5,2.5,2.5,2.5,2.5,2.5,2.5
Set 1,1,base,Set1,9.21,Katarina,Katarina,Death Lotus,GrievousWoundsDuration,3,3,3,3,3,3,3,3
Set 1,1,base,Set1,9.21,Katarina,Katarina,Death Lotus,NumberOfTargets,4/6/8,2,4,6,8,10,12,14
Set 1,1,base,Set1,9.21,Katarina,Katarina,Death Lotus,TicksPerSecond,6,6,6,6,6,6,6,6
Set 1,1,base,Set1,9.21,Katarina,Katarina,Death Lotus,TotalDamage,750/1125/1500,375,750,1125,1500,1875,2250,2625
Set 1,1,base,Set1,9.21,Kayle,Kayle,Divine Judgement,ShieldDuration,2/2.5/3,1.5,2,2.5,3,3.5,4,4.5
Set 1,1,base,Set1,9.21,Kayle,Kayle,Divine Judgement,Targets,1/2/3,0,1,2,3,4,5,6
Set 1,1,base,Set1,9.21,Kennen,Kennen,Slicing Maelstrom,Damage,225/450/675,0,225,450,675,900,1125,1350
Set 1,1,base,Set1,9.21,Kennen,Kennen,Slicing Maelstrom,Duration,3,3,3,3,3,3,3,3
Set 1,1,base,Set1,9.21,Kennen,Kennen,Slicing Maelstrom,StunDuration,1.5,1.5,1.5,1.5,1.5,1.5,1.5,1.5
Set 1,1,base,Set1,9.21,Kennen,Kennen,Slicing Maelstrom,TickRate,0.5,0.5,0.5,0.5,0.5,0.5,0.5,0.5
Set 1,1,base,Set1,9.21,Kha'Zix,Kha'Zix,Taste their Fear,Damage,150/250/350,50,150,250,350,450,550,650
Set 1,1,base,Set1,9.21,Kha'Zix,Kha'Zix,Taste their Fear,IsolationDamage,400/600/800,200,400,600,800,1000,1200,1400
Set 1,1,base,Set1,9.21,Kindred,Kindred,Lamb's Respite,Duration,3/4/5,2,3,4,5,6,7,8
Set 1,1,base,Set1,9.21,Kindred,Kindred,Lamb's Respite,MinHealth,300/600/900,0,300,600,900,1200,1500,1800
Set 1,1,base,Set1,9.21,Leona,Leona,Solar Flare,CCDuration,5/7/9,3,5,7,9,11,13,15
Set 1,1,base,Set1,9.21,Leona,Leona,Solar Flare,Damage,175/250/325,100,175,250,325,400,475,550
Set 1,1,base,Set1,9.21,Leona,Leona,Solar Flare,DelayTime,0.625,0.625,0.625,0.625,0.625,0.625,0.625,0.625
Set 1,1,base,Set1,9.21,Lissandra,Lissandra,Frozen Tomb,Damage,175/325/475,25,175,325,475,625,775,925
Set 1,1,base,Set1,9.21,Lissandra,Lissandra,Frozen Tomb,EnemyStunDuration,1.5,1.5,1.5,1.5,1.5,1.5,1.5,1.5
Set 1,1,base,Set1,9.21,Lissandra,Lissandra,Frozen Tomb,MaxHexRange,3,3,3,3,3,3,3,3
Set 1,1,base,Set1,9.21,Lissandra,Lissandra,Frozen Tomb,SelfDuration,2,2,2,2,2,2,2,2
Set 1,1,base,Set1,9.21,Lissandra,Lissandra,Frozen Tomb,SelfUltHealthPercent,0.5,0.5,0.5,0.5,0.5,0.5,0.5,0.5
Set 1,1,base,Set1,9.21,Lissandra,Lissandra,Frozen Tomb,SlowAmount,2,2,2,2,2,2,2,2
Set 1,1,base,Set1,9.21,Lissandra,Lissandra,Frozen Tomb,SlowDuration,3,3,3,3,3,3,3,3
Set 1,1,base,Set1,9.21,Lissandra,Lissandra,Frozen Tomb,SlowFieldDuration,3,0,3,3,3,3,3,3
Set 1,1,base,Set1,9.21,Lucian,Lucian,Relentless Pursuit,FirstShotRatio,1,1,1,1,1,1,1,1
Set 1,1,base,Set1,9.21,Lucian,Lucian,Relentless Pursuit,SecondShotDamage,125/250/375,0,125,250,375,500,625,750
Set 1,1,base,Set1,9.21,Lulu,Lulu,Wild Growth,BonusHealth,300/400/500,200,300,400,500,600,700,800
Set 1,1,base,Set1,9.21,Lulu,Lulu,Wild Growth,BuffDuration,6,6,6,6,6,6,6,6
Set 1,1,base,Set1,9.21,Lulu,Lulu,Wild Growth,CCDuration,1.25,1.25,1.25,1.25,1.25,1.25,1.25,1.25
Set 1,1,base,Set1,9.21,Lulu,Lulu,Wild Growth,Targets,1/2/3,0,1,2,3,4,5,6
Set 1,1,base,Set1,9.21,Miss Fortune,Miss Fortune,Bullet Time,ChannelDuration,3,3,3,3,3,3,3,3
Set 1,1,base,Set1,9.21,Miss Fortune,Miss Fortune,Bullet Time,HexRange,6,6,6,6,6,6,6,6
Set 1,1,base,Set1,9.21,Miss Fortune,Miss Fortune,Bullet Time,TotalDamage,1300/2000/2700,600,1300,2000,2700,3400,4100,4800
Set 1,1,base,Set1,9.21,Miss Fortune,Miss Fortune,Bullet Time,Waves,14,14,14,14,14,14,14,14
Set 1,1,base,Set1,9.21,Mordekaiser,Mordekaiser,Obliterate,Damage,250/500/750,0,250,500,750,1000,1250,1500
Set 1,1,base,Set1,9.21,Mordekaiser,Mordekaiser,Obliterate,MaceLength,625,625,625,625,625,625,625,625
Set 1,1,base,Set1,9.21,Mordekaiser,Mordekaiser,Obliterate,MaceStartDistance,400,400,400,400,400,400,400,400
Set 1,1,base,Set1,9.21,Mordekaiser,Mordekaiser,Obliterate,RectangleWidth,160,160,160,160,160,160,160,160
Set 1,1,base,Set1,9.21,Morgana,Morgana,Soul Shackles,CanCastRange,575,575,575,575,575,575,575,575
Set 1,1,base,Set1,9.21,Morgana,Morgana,Soul Shackles,ChainDuration,3,3,3,3,3,3,3,3
Set 1,1,base,Set1,9.21,Morgana,Morgana,Soul Shackles,Damage,175/300/425,50,175,300,425,550,675,800
Set 1,1,base,Set1,9.21,Morgana,Morgana,Soul Shackles,SlowPercent,20,20,20,20,20,20,20,20
Set 1,1,base,Set1,9.21,Morgana,Morgana,Soul Shackles,StunDuration,2/4/6,0,2,4,6,8,10,12
Set 1,1,base,Set1,9.21,Nidalee,Nidalee,Primal Surge,ADInCougar,20/70/120,-30,20,70,120,170,220,270
Set 1,1,base,Set1,9.21,Nidalee,Nidalee,Primal Surge,AnimTime,0.5,0.5,0.5,0.5,0.5,0.5,0.5,0.5
Set 1,1,base,Set1,9.21,Nidalee,Nidalee,Primal Surge,HoTDuration,6,6,6,6,6,6,6,6
Set 1,1,base,Set1,9.21,Nidalee,Nidalee,Primal Surge,HoTTotalHeal,150/375/600,-75,150,375,600,825,1050,1275
Set 1,1,base,Set1,9.21,Nidalee,Nidalee,Primal Surge,TransformDuration,60,60,60,60,60,60,60,60
Set 1,1,base,Set1,9.21,Pantheon,Pantheon,Grand Starfall,BurnDuration,10,10,10,10,10,10,10,10
Set 1,1,base,Set1,9.21,Pantheon,Pantheon,Grand Starfall,BurnPercent,0.2,0.2,0.2,0.2,0.2,0.2,0.2,0.2
Set 1,1,base,Set1,9.21,Pantheon,Pantheon,Grand Starfall,PercentHealthDamage,0.1/0.2/0.3,0,0.1,0.2,0.3,0.4,0.5,0.6
Set 1,1,base,Set1,9.21,Pantheon,Pantheon,Grand Starfall,Radius,450,450,450,450,450,450,450,450
Set 1,1,base,Set1,9.21,Pantheon,Pantheon,Grand Starfall,StunDuration,2,2,2,2,2,2,2,2
Set 1,1,base,Set1,9.21,Poppy,Poppy,Keeper's Verdict,DamagePart2,300/500/700,100,300,500,700,900,1100,1300
Set 1,1,base,Set1,9.21,Poppy,Poppy,Keeper's Verdict,KnockbackDurationPart2,1,1,1,1,1,1,1,1
Set 1,1,base,Set1,9.21,Poppy,Poppy,Keeper's Verdict,NumberOfTargets,1/2/3,0,1,2,3,4,5,6
Set 1,1,base,Set1,9.21,Poppy,Poppy,Keeper's Verdict,PoppyAnimLockDuration,0.75,0.75,0.75,0.75,0.75,0.75,0.75,0.75
Set 1,1,base,Set1,9.21,Poppy,Poppy,Keeper's Verdict,StunDuration,2/3/4,1,2,3,4,5,6,7
Set 1,1,base,Set1,9.21,Pyke,Pyke,Phantom Undertow,Damage,150/200/250,100,150,200,250,300,350,400
Set 1,1,base,Set1,9.21,Pyke,Pyke,Phantom Undertow,StunDelay,1,1,1,1,1,1,1,1
Set 1,1,base,Set1,9.21,Pyke,Pyke,Phantom Undertow,StunDuration,1.5/2/2.5,1,1.5,2,2.5,3,3.5,4
Set 1,1,base,Set1,9.21,Rek'Sai,Rek'Sai,Burrow,BurrowDuration,1,1,1,1,1,1,1,1
Set 1,1,base,Set1,9.21,Rek'Sai,Rek'Sai,Burrow,HealAmount,150/300/450,75,150,300,450,600,750,900
Set 1,1,base,Set1,9.21,Rek'Sai,Rek'Sai,Burrow,HealTickRate,0.5,0.5,0.5,0.5,0.5,0.5,0.5,0.5
Set 1,1,base,Set1,9.21,Rek'Sai,Rek'Sai,Burrow,KnockupDamage,200/350/500,50,200,350,500,650,800,950
Set 1,1,base,Set1,9.21,Rek'Sai,Rek'Sai,Burrow,KnockupDuration,1.75,1.75,1.75,1.75,1.75,1.75,1.75,1.75
Set 1,1,base,Set1,9.21,Rengar,Rengar,Savagery,ADMult,2/3/4,1,2,3,4,5,6,7
Set 1,1,base,Set1,9.21,Rengar,Rengar,Savagery,ASBuff,0.3/0.5/0.7,0.1,0.3,0.5,0.7,0.9,1.1,1.3
Set 1,1,base,Set1,9.21,Rengar,Rengar,Savagery,BuffDuration,6,6,6,6,6,6,6,6
Set 1,1,base,Set1,9.21,Rengar,Rengar,Savagery,CritBuff,0.25,0.25,0.25,0.25,0.25,0.25,0.25,0.25
Set 1,1,base,Set1,9.21,Sejuani,Sejuani,Glacial Prison,Damage,100/175/250,25,100,175,250,325,400,475
Set 1,1,base,Set1,9.21,Sejuani,Sejuani,Glacial Prison,ExplosionDelay,2,0,2,2,2,2,2,2
Set 1,1,base,Set1,9.21,Sejuani,Sejuani,Glacial Prison,StunDuration,2/3.5/5,0.5,2,3.5,5,6.5,8,9.5
Set 1,1,base,Set1,9.21,Shen,Shen,Spirit's Refuge,ZoneDuration,3/4/5,2,3,4,5,6,7,8
Set 1,1,base,Set1,9.21,Shyvana,Shyvana,Dragon's Descent,ADWhileDragon,100/150/200,50,100,150,200,250,300,350
Set 1,1,base,Set1,9.21,Shyvana,Shyvana,Dragon's Descent,BurnDamage,200/300/400,100,200,300,400,500,600,700
Set 1,1,base,Set1,9.21,Shyvana,Shyvana,Dragon's Descent,BurnDuration,3,3,3,3,3,3,3,3
Set 1,1,base,Set1,9.21,Shyvana,Shyvana,Dragon's Descent,ExtraAARange,480,480,480,480,480,480,480,480
Set 1,1,base,Set1,9.21,Shyvana,Shyvana,Dragon's Descent,TransformDuration,60,60,60,60,60,60,60,60
Set 1,1,base,Set1,9.21,Swain,Swain,Demonflare,DamagePerTick,40/80/120,0,40,80,120,160,200,240
Set 1,1,base,Set1,9.21,Swain,Swain,Demonflare,HealPerTick,30/60/90,0,30,60,90,120,150,180
Set 1,1,base,Set1,9.21,Swain,Swain,Demonflare,HealthIncrease,,,,,,,,
Set 1,1,base,Set1,9.21,Swain,Swain,Demonflare,SoulFlareDamage,300/600/900,0,300,600,900,1200,1500,1800
Set 1,1,base,Set1,9.21,Swain,Swain,Demonflare,TotalDamage,480/960/1440,0,480,960,1440,1920,2400,2880
Set 1,1,base,Set1,9.21,Swain,Swain,Demonflare,TotalHeal,360/720/1080,0,360,720,1080,1440,1800,2160
Set 1,1,base,Set1,9.21,Swain,Swain,Demonflare,TransformDuration,6,6,6,6,6,6,6,6
Set 1,1,base,Set1,9.21,Tristana,Tristana,Explosive Charge,ChargeBaseDamage,70/110/150,30,70,110,150,190,230,270
Set 1,1,base,Set1,9.21,Tristana,Tristana,Explosive Charge,ExplosiveChargeDuration,4,4,4,4,4,4,4,4
Set 1,1,base,Set1,9.21,Tristana,Tristana,Explosive Charge,MaxChargeDamage,175/275/375,75,175,275,375,475,575,675
Set 1,1,base,Set1,9.21,Tristana,Tristana,Explosive Charge,PercentDamageIncreasePerStack,0.5,0.5,0.5,0.5,0.5,0.5,0.5,0.5
Set 1,1,base,Set1,9.21,Twisted Fate,Twisted Fate,Pick a Card,BlueCardDamage,150/250/350,50,150,250,350,450,550,650
Set 1,1,base,Set1,9.21,Twisted Fate,Twisted Fate,Pick a Card,BlueCardManaRestore,30/50/70,10,30,50,70,90,110,130
Set 1,1,base,Set1,9.21,Twisted Fate,Twisted Fate,Pick a Card,GoldCardDamage,150/250/350,50,150,250,350,450,550,650
Set 1,1,base,Set1,9.21,Twisted Fate,Twisted Fate,Pick a Card,GoldCardStunDuration,2/3/4,1,2,3,4,5,6,7
Set 1,1,base,Set1,9.21,Twisted Fate,Twisted Fate,Pick a Card,RedCardDamage,150/250/350,50,150,250,350,450,550,650
Set 1,1,base,Set1,9.21,Varus,Varus,Piercing Arrow,Damage,300/550/800,50,300,550,800,1050,1300,1550
Set 1,1,base,Set1,9.21,Varus,Varus,Piercing Arrow,HexRange,8,8,8,8,8,8,8,8
Set 1,1,base,Set1,9.21,Vayne,Vayne,Silver Bolts,PercentDamage,0.08/0.12/0.16,0.04,0.08,0.12,0.16,0.2,0.24,0.28
Set 1,1,base,Set1,9.21,Veigar,Veigar,Primordial Burst,Damage,350/650/950,50,350,650,950,1250,1550,1850
Set 1,1,base,Set1,9.21,Veigar,Veigar,Primordial Burst,LowerStarDamage,19999,19999,19999,19999,19999,19999,19999,19999
Set 1,1,base,Set1,9.21,Vi,Vi,Assault and Battery,CCDuration,2/2.5/3,1.5,2,2.5,3,3.5,4,4.5
Set 1,1,base,Set1,9.21,Vi,Vi,Assault and Battery,Damage,300/500/700,100,300,500,700,900,1100,1300
Set 1,1,base,Set1,9.21,Vi,Vi,Assault and Battery,MoveSpeed,1000,1000,1000,1000,1000,1000,1000,1000
Set 1,1,base,Set1,9.21,Vi,Vi,Assault and Battery,OthersCCDuration,0.25,0.25,0.25,0.25,0.25,0.25,0.25,0.25
Set 1,1,base,Set1,9.21,Volibear,Volibear,Thunder Claws,BuffDuration,20,20,20,20,20,20,20,20
Set 1,1,base,Set1,9.21,Volibear,Volibear,Thunder Claws,ChainADMult,0.8/0.9/1,0.7,0.8,0.9,1,1.1,1.2,1.3
Set 1,1,base,Set1,9.21,Volibear,Volibear,Thunder Claws,HexRange,1,1,1,1,1,1,1,1
Set 1,1,base,Set1,9.21,Volibear,Volibear,Thunder Claws,MaxBounces,2/3/4,1,2,3,4,5,6,7
Set 1,1,base,Set1,9.21,Volibear,Volibear,Thunder Claws,SizeIncrease,0.08,0.08,0.08,0.08,0.08,0.08,0.08,0.08
Set 1,1,base,Set1,9.21,Warwick,Warwick,Infinite Duress,BaseDamage,150/225/300,75,150,225,300,375,450,525
Set 1,1,base,Set1,9.21,Warwick,Warwick,Infinite Duress,DashHexSpeed,6,6,6,6,6,6,6,6
Set 1,1,base,Set1,9.21,Warwick,Warwick,Infinite Duress,Duration,1.5,1.5,1.5,1.5,1.5,1.5,1.5,1.5
Set 1,1,base,Set1,9.21,Warwick,Warwick,Infinite Duress,Hits,3,3,3,3,3,3,3,3
Set 1,1,base,Set1,9.21,Yasuo,Yasuo,Steel Tempest,Damage,150/350/550,-50,150,350,550,750,950,1150
Set 1,1,base,Set1,9.21,Yasuo,Yasuo,Steel Tempest,QCountForEmpower,2,2,2,2,2,2,2,2
Set 1,1,base,Set1,9.21,Yasuo,Yasuo,Steel Tempest,QEmpowerHexRange,6,6,6,6,6,6,6,6
Set 1,1,base,Set1,9.21,Yasuo,Yasuo,Steel Tempest,QHexRange,2,2,2,2,2,2,2,2
Set 1,1,base,Set1,9.21,Yasuo,Yasuo,Steel Tempest,QKnockupDuration,1.5,1.5,1.5,1.5,1.5,1.5,1.5,1.5
Set 1,1,base,Set1,9.21,Yasuo,Yasuo,Steel Tempest,QWidth,75,75,75,75,75,75,75,75
Set 1,1,base,Set1,9.21,Zed,Zed,Razor Shuriken,Damage,200/350/500,50,200,350,500,650,800,950
Set 1,1,base,Set1,9.21,Zed,Zed,Razor Shuriken,HexRange,4,4,4,4,4,4,4,4
Set 2,2,base,Set2,10.5,TFT2_Aatrox,Aatrox,The Arclight Blade,Damage,300/600/1200,0,300,600,1200,1200,1250,1500
Set 2,2,base,Set2,10.5,TFT2_Amumu,Amumu,Curse of the Sad Mummy,RDamage,100/200/1337,0,100,200,1337,800,1000,1200
Set 2,2,base,Set2,10.5,TFT2_Amumu,Amumu,Curse of the Sad Mummy,RDuration,1.5/2/10,1,1.5,2,10,10,10,10
Set 2,2,base,Set2,10.5,TFT2_Amumu,Amumu,Curse of the Sad Mummy,RRange,3,3,3,3,3,3,3,3
Set 2,2,base,Set2,10.5,TFT2_Annie,Annie,Tibbers!,HexRange,1,1,1,1,1,1,1,1
Set 2,2,base,Set2,10.5,TFT2_Annie,Annie,Tibbers!,StunDamage,100/200/300,0,100,200,300,400,500,600
Set 2,2,base,Set2,10.5,TFT2_Annie,Annie,Tibbers!,TibbersDamage,125/350/1500,-50,125,350,1500,750,950,1150
Set 2,2,base,Set2,10.5,TFT2_Annie,Annie,Tibbers!,TibbersHP,1600/2200/3000,1600,1600,2200,3000,3000,3000,3000
Set 2,2,base,Set2,10.5,TFT2_Ashe,Ashe,Ranger's Focus,AttackSpeed,0.5/0.75/1,0.25,0.5,0.75,1,1.25,1.5,1.75
Set 2,2,base,Set2,10.5,TFT2_Ashe,Ashe,Ranger's Focus,Duration,5,5,5,5,5,5,5,5
Set 2,2,base,Set2,10.5,TFT2_Ashe,Ashe,Ranger's Focus,NumArrows,5,5,5,5,5,5,5,5
Set 2,2,base,Set2,10.5,TFT2_Ashe,Ashe,Ranger's Focus,PercentADPerArrow,0.3/0.35/0.75,0.25,0.3,0.35,0.75,0.75,0.75,0.75
Set 2,2,base,Set2,10.5,TFT2_Azir,Azir,Arise!,SoldierDamage,150/275/450,25,150,275,450,525,650,775
Set 2,2,base,Set2,10.5,TFT2_Azir,Azir,Arise!,SoldierDuration,6,6,6,6,6,6,6,6
Set 2,2,base,Set2,10.5,TFT2_Brand,Brand,Pyroclasm,Damage,225/300/600,175,225,300,600,600,600,600
Set 2,2,base,Set2,10.5,TFT2_Brand,Brand,Pyroclasm,MaxBounces,5/7/20,4,5,7,20,20,20,20
Set 2,2,base,Set2,10.5,TFT2_Braum,Braum,Unbreakable,ShieldDR,80/85/90,75,80,85,90,95,100,105
Set 2,2,base,Set2,10.5,TFT2_Braum,Braum,Unbreakable,ShieldDuration,4,4,4,4,4,4,4,4
Set 2,2,base,Set2,10.5,TFT2_Diana,Diana,Flame Cascade,OrbDamage,80/100/120,60,80,100,120,140,160,180
Set 2,2,base,Set2,10.5,TFT2_Diana,Diana,Flame Cascade,Orbs,3/4/6,2,3,4,6,7,7,8
Set 2,2,base,Set2,10.5,TFT2_Diana,Diana,Flame Cascade,ShieldDuration,4,4,4,4,4,4,4,4
Set 2,2,base,Set2,10.5,TFT2_Diana,Diana,Flame Cascade,ShieldValue,150/250/350,50,150,250,350,450,550,650
Set 2,2,base,Set2,10.5,TFT2_DrMundo,Dr. Mundo,Adrenaline Rush,BaseDamage,50/100/200,0,50,100,200,200,250,300
Set 2,2,base,Set2,10.5,TFT2_DrMundo,Dr. Mundo,Adrenaline Rush,Duration,8,8,8,8,8,8,8,8
Set 2,2,base,Set2,10.5,TFT2_DrMundo,Dr. Mundo,Adrenaline Rush,HealRatio,1/1.25/1.5,0.75,1,1.25,1.5,1.75,2,2.25
Set 2,2,base,Set2,10.5,TFT2_DrMundo,Dr. Mundo,Adrenaline Rush,HealthPercent,1.25,1.25,1.25,1.25,1.25,1.25,1.25,1.25
Set 2,2,base,Set2,10.5,TFT2_Ezreal,Ezreal,Ice Shot,BaseDamage,250/450/900,0,250,450,900,900,1000,1200
Set 2,2,base,Set2,10.5,TFT2_Ivern,Ivern,Triggerseed,Duration,5,5,5,5,5,5,5,5
Set 2,2,base,Set2,10.5,TFT2_Ivern,Ivern,Triggerseed,ShieldAmount,200/300/400,100,200,300,400,500,600,700
Set 2,2,base,Set2,10.5,TFT2_Janna,Janna,Monsoon,Duration,3,3,3,3,3,3,3,3
Set 2,2,base,Set2,10.5,TFT2_Janna,Janna,Monsoon,HealAmountPercent,25/35/200,10,25,35,200,200,200,100
Set 2,2,base,Set2,10.5,TFT2_Janna,Janna,Monsoon,Radius,3,3,3,3,3,3,3,3
Set 2,2,base,Set2,10.5,TFT2_Janna,Janna,Monsoon,StunDuration,1.5,1.5,1.5,1.5,1.5,1.5,1.5,1.5
Set 2,2,base,Set2,10.5,TFT2_Janna,Janna,Monsoon,TicksPerSecond,0.5,0.5,0.5,0.5,0.5,0.5,0.5,0.5
Set 2,2,base,Set2,10.5,TFT2_Jax,Jax,Counter Strike,AttackRadius,1,1,1,1,1,1,1,1
Set 2,2,base,Set2,10.5,TFT2_Jax,Jax,Counter Strike,Damage,150/300/550,50,150,300,550,550,550,650
Set 2,2,base,Set2,10.5,TFT2_Jax,Jax,Counter Strike,Duration,2,2,2,2,2,2,2,2
Set 2,2,base,Set2,10.5,TFT2_Jax,Jax,Counter Strike,StunDuration,1.5,1.5,1.5,1.5,1.5,1.5,1.5,1.5
Set 2,2,base,Set2,10.5,TFT2_Karma,Karma,Inspire,Duration,5,5,5,5,5,5,5,5
Set 2,2,base,Set2,10.5,TFT2_Karma,Karma,Inspire,ShieldAmount,250/400/800,100,250,400,800,700,850,1000
Set 2,2,base,Set2,10.5,TFT2_Karma,Karma,Inspire,StatsValue,35/50/100,20,35,50,100,100,120,140
Set 2,2,base,Set2,10.5,TFT2_Khazix,Kha'Zix,Arid Assault,Damage,100/200/500,0,100,200,500,500,500,500
Set 2,2,base,Set2,10.5,TFT2_Khazix,Kha'Zix,Arid Assault,Duration,2/1.25/0.5,2.75,2,1.25,0.5,-0.25,-1,-1.75
Set 2,2,base,Set2,10.5,TFT2_Khazix,Kha'Zix,Arid Assault,MSBuff,1000/1500/2000,500,1000,1500,2000,2500,3000,3500
Set 2,2,base,Set2,10.5,TFT2_Khazix,Kha'Zix,Arid Assault,ManaRefund,5/10/15,0,5,10,15,20,25,30
Set 2,2,base,Set2,10.5,TFT2_Kindred,Kindred,Dance of Dread,Damage,150/325/650,-25,150,325,650,675,850,1025
Set 2,2,base,Set2,10.5,TFT2_Kindred,Kindred,Dance of Dread,GrievousWoundsDuration,5,5,5,5,5,5,5,5
Set 2,2,base,Set2,10.5,TFT2_Kindred,Kindred,Dance of Dread,HexRange,2,2,2,2,2,2,2,2
Set 2,2,base,Set2,10.5,TFT2_KogMaw,Kog'Maw,Living Artillery,Damage,150/300/500,0,150,300,500,600,750,900
Set 2,2,base,Set2,10.5,TFT2_KogMaw,Kog'Maw,Living Artillery,DelayTime,0.35,0.35,0.35,0.35,0.35,0.35,0.35,0.35
Set 2,2,base,Set2,10.5,TFT2_LeBlanc,LeBlanc,Ethereal Chain,Damage,225/475/800,-50,225,475,800,950,1200,1450
Set 2,2,base,Set2,10.5,TFT2_LeBlanc,LeBlanc,Ethereal Chain,DelayTime,0.5,0.5,0.5,0.5,0.5,0.5,0.5,0.5
Set 2,2,base,Set2,10.5,TFT2_LeBlanc,LeBlanc,Ethereal Chain,NumTargets,1,1,1,1,1,1,1,1
Set 2,2,base,Set2,10.5,TFT2_LeBlanc,LeBlanc,Ethereal Chain,StunDuration,1.5,0,1.5,1.5,1.5,1.5,1.5,1.5
Set 2,2,base,Set2,10.5,TFT2_Leona,Leona,Lunar Barrier,Duration,4,4,4,4,4,4,4,4
Set 2,2,base,Set2,10.5,TFT2_Leona,Leona,Lunar Barrier,FlatDamageReduction,40/80/120,0,40,80,120,160,200,240
Set 2,2,base,Set2,10.5,TFT2_Lucian,Lucian,The Culling,AttacksPerSecondCoefficient,1,1,1,1,1,1,1,1
Set 2,2,base,Set2,10.5,TFT2_Lucian,Lucian,The Culling,BaseDamage,40/50/100,30,40,50,100,100,80,90
Set 2,2,base,Set2,10.5,TFT2_Lucian,Lucian,The Culling,Duration,4,4,4,4,4,4,4,4
Set 2,2,base,Set2,10.5,TFT2_Lucian,Lucian,The Culling,NumShots,12,12,12,12,12,12,12,12
Set 2,2,base,Set2,10.5,TFT2_Lucian,Lucian,The Culling,TADRatio,0.5,0.5,0.5,0.5,0.5,0.5,0.5,0.5
Set 2,2,base,Set2,10.5,TFT2_LuxCrystal,Lux,Final Spark,Damage,550/900/99999,200,550,900,99999,1400,1700,2000
Set 2,2,base,Set2,10.5,TFT2_LuxElectric,Lux,Final Spark,Damage,550/900/99999,200,550,900,99999,1400,1700,2000
Set 2,2,base,Set2,10.5,TFT2_LuxGlacial,Lux,Final Spark,Damage,550/900/99999,200,550,900,99999,1400,1700,2000
Set 2,2,base,Set2,10.5,TFT2_LuxInferno,Lux,Final Spark,Damage,550/900/99999,200,550,900,99999,1400,1700,2000
Set 2,2,base,Set2,10.5,TFT2_LuxLight,Lux,Final Spark,Damage,550/900/99999,200,550,900,99999,1400,1700,2000
Set 2,2,base,Set2,10.5,TFT2_LuxMetal,Lux,Final Spark,Damage,550/900/99999,200,550,900,99999,1400,1700,2000
Set 2,2,base,Set2,10.5,TFT2_LuxOcean,Lux,Final Spark,Damage,550/900/99999,200,550,900,99999,1400,1700,2000
Set 2,2,base,Set2,10.5,TFT2_LuxShadow,Lux,Final Spark,Damage,550/900/99999,200,550,900,99999,1400,1700,2000
Set 2,2,base,Set2,10.5,TFT2_LuxWind,Lux,Final Spark,Damage,550/900/99999,200,550,900,99999,1400,1700,2000
Set 2,2,base,Set2,10.5,TFT2_LuxWoodland,Lux,Final Spark,Damage,550/900/99999,200,550,900,99999,1400,1700,2000
Set 2,2,base,Set2,10.5,TFT2_LuxCrystal,Lux,Final Spark,ManaRefund,50,50,50,50,50,50,50,50
Set 2,2,base,Set2,10.5,TFT2_LuxElectric,Lux,Final Spark,ManaRefund,50,50,50,50,50,50,50,50
Set 2,2,base,Set2,10.5,TFT2_LuxGlacial,Lux,Final Spark,ManaRefund,50,50,50,50,50,50,50,50
Set 2,2,base,Set2,10.5,TFT2_LuxInferno,Lux,Final Spark,ManaRefund,50,50,50,50,50,50,50,50
Set 2,2,base,Set2,10.5,TFT2_LuxLight,Lux,Final Spark,ManaRefund,50,50,50,50,50,50,50,50
Set 2,2,base,Set2,10.5,TFT2_LuxMetal,Lux,Final Spark,ManaRefund,50,50,50,50,50,50,50,50
Set 2,2,base,Set2,10.5,TFT2_LuxOcean,Lux,Final Spark,ManaRefund,50,50,50,50,50,50,50,50
Set 2,2,base,Set2,10.5,TFT2_LuxShadow,Lux,Final Spark,ManaRefund,50,50,50,50,50,50,50,50
Set 2,2,base,Set2,10.5,TFT2_LuxWind,Lux,Final Spark,ManaRefund,50,50,50,50,50,50,50,50
Set 2,2,base,Set2,10.5,TFT2_LuxWoodland,Lux,Final Spark,ManaRefund,50,50,50,50,50,50,50,50
Set 2,2,base,Set2,10.5,TFT2_Malphite,Malphite,Unstoppable Force,Damage,150/300/1000,0,150,300,1000,1000,1000,900
Set 2,2,base,Set2,10.5,TFT2_Malphite,Malphite,Unstoppable Force,KnockupDuration,1,1,1,1,1,1,1,1
Set 2,2,base,Set2,10.5,TFT2_Malphite,Malphite,Unstoppable Force,Radius,2,2,2,2,2,2,2,2
Set 2,2,base,Set2,10.5,TFT2_Malphite,Malphite,Unstoppable Force,StunDuration,2/2.5/5,1.5,2,2.5,5,3.5,4,4.5
Set 2,2,base,Set2,10.5,TFT2_Malzahar,Malzahar,Shadow Swarm,NumVoidlings,2/3/4,1,2,3,4,5,6,7
Set 2,2,base,Set2,10.5,TFT2_Malzahar,Malzahar,Shadow Swarm,VoidlingDamage,40/70/100,10,40,70,100,130,160,190
Set 2,2,base,Set2,10.5,TFT2_Malzahar,Malzahar,Shadow Swarm,VoidlingHP,250/300/400,250,250,300,400,400,400,400
Set 2,2,base,Set2,10.5,TFT2_Maokai,Maokai,Sap Magic,BuffDuration,6,6,6,6,6,6,6,6
Set 2,2,base,Set2,10.5,TFT2_Maokai,Maokai,Sap Magic,HealAmount,100/150/200,50,100,150,200,250,300,350
Set 2,2,base,Set2,10.5,TFT2_MasterYi,Master Yi,Meditate,AttackSpeed,1,1,1,1,1,1,1,1
Set 2,2,base,Set2,10.5,TFT2_MasterYi,Master Yi,Meditate,BuffDuration,6,6,6,6,6,6,6,6
Set 2,2,base,Set2,10.5,TFT2_MasterYi,Master Yi,Meditate,Damage,40/80/500,40,40,80,500,500,500,500
Set 2,2,base,Set2,10.5,TFT2_MasterYi,Master Yi,Meditate,HealAmount,0.3,0.3,0.3,0.3,0.3,0.3,0.3,0.3
Set 2,2,base,Set2,10.5,TFT2_MasterYi,Master Yi,Meditate,MeditateDuration,1,1,1,1,1,1,1,1
Set 2,2,base,Set2,10.5,TFT2_Nami,Nami,Tidal Wave,AllyBuffDuration,8,8,8,8,8,8,8,8
Set 2,2,base,Set2,10.5,TFT2_Nami,Nami,Tidal Wave,AllyDamageBonus,25/50/300,0,25,50,300,500,500,500
Set 2,2,base,Set2,10.5,TFT2_Nami,Nami,Tidal Wave,Damage,100/200/300,0,100,200,300,400,500,600
Set 2,2,base,Set2,10.5,TFT2_Nami,Nami,Tidal Wave,StunDuration,1.5/2/2.5,1,1.5,2,2.5,3,3.5,4
Set 2,2,base,Set2,10.5,TFT2_Nasus,Nasus,Fury of the Dawn,BonusHealth,250/400/550,100,250,400,550,700,850,1000
Set 2,2,base,Set2,10.5,TFT2_Nasus,Nasus,Fury of the Dawn,Damage,50/70/90,30,50,70,90,110,130,150
Set 2,2,base,Set2,10.5,TFT2_Nasus,Nasus,Fury of the Dawn,Duration,7,7,7,7,7,7,7,7
Set 2,2,base,Set2,10.5,TFT2_Nautilus,Nautilus,Depth Charge,Damage,100/200/400,0,100,200,400,400,500,600
Set 2,2,base,Set2,10.5,TFT2_Nautilus,Nautilus,Depth Charge,StunDuration,3/4/6,1,3,4,6,6,7,8
Set 2,2,base,Set2,10.5,TFT2_Neeko,Neeko,Blooming Burst,Damage,100/200/350,0,100,200,350,400,500,600
Set 2,2,base,Set2,10.5,TFT2_Neeko,Neeko,Blooming Burst,Radius1,,,,,,,,
Set 2,2,base,Set2,10.5,TFT2_Neeko,Neeko,Blooming Burst,Radius2,1,1,1,1,1,1,1,1
Set 2,2,base,Set2,10.5,TFT2_Neeko,Neeko,Blooming Burst,Radius3,2,2,2,2,2,2,2,2
Set 2,2,base,Set2,10.5,TFT2_Nocturne,Nocturne,Steel Blades,HealPercent,0.5/0.6/0.7,0.4,0.5,0.6,0.7,0.8,0.9,1
Set 2,2,base,Set2,10.5,TFT2_Olaf,Olaf,Ragnarok,AttackSpeed,1.25/1.5/4.5,0.5,1.25,1.5,4.5,4.5,4.5,3
Set 2,2,base,Set2,10.5,TFT2_Olaf,Olaf,Ragnarok,Duration,5,5,5,5,5,5,5,5
Set 2,2,base,Set2,10.5,TFT2_Olaf,Olaf,Ragnarok,HealthThreshold,0.5,0.5,0.5,0.5,0.5,0.5,0.5,0.5
Set 2,2,base,Set2,10.5,TFT2_Olaf,Olaf,Ragnarok,LifeSteal,0.5,0.5,0.5,0.5,0.5,0.5,0.5,0.5
Set 2,2,base,Set2,10.5,TFT2_Ornn,Ornn,Lightning Breath,CritAmpPercent,25,25,25,25,25,25,25,25
Set 2,2,base,Set2,10.5,TFT2_Ornn,Ornn,Lightning Breath,Damage,125/250/450,0,125,250,450,500,625,750
Set 2,2,base,Set2,10.5,TFT2_Ornn,Ornn,Lightning Breath,Duration,10,10,10,10,10,10,10,10
Set 2,2,base,Set2,10.5,TFT2_Qiyana,Qiyana,Elemental Blade,BaseDamage,300/500/900,100,300,500,900,900,1100,1300
Set 2,2,base,Set2,10.5,TFT2_QiyanaOcean,Qiyana,Elemental Blade,BaseDamage,300/500/900,100,300,500,900,900,1100,1300
Set 2,2,base,Set2,10.5,TFT2_QiyanaInferno,Qiyana,Elemental Blade,BaseDamage,300/500/900,100,300,500,900,900,1100,1300
Set 2,2,base,Set2,10.5,TFT2_QiyanaWoodland,Qiyana,Elemental Blade,BaseDamage,300/500/900,100,300,500,900,900,1100,1300
Set 2,2,base,Set2,10.5,TFT2_QiyanaWind,Qiyana,Elemental Blade,BaseDamage,300/500/900,100,300,500,900,900,1100,1300
Set 2,2,base,Set2,10.5,TFT2_Qiyana,Qiyana,Elemental Blade,CCDuration,2.5/3.5/4.5,1.5,2.5,3.5,4.5,5.5,6.5,7.5
Set 2,2,base,Set2,10.5,TFT2_QiyanaOcean,Qiyana,Elemental Blade,CCDuration,2.5/3.5/4.5,1.5,2.5,3.5,4.5,5.5,6.5,7.5
Set 2,2,base,Set2,10.5,TFT2_QiyanaInferno,Qiyana,Elemental Blade,CCDuration,2.5/3.5/4.5,1.5,2.5,3.5,4.5,5.5,6.5,7.5
Set 2,2,base,Set2,10.5,TFT2_QiyanaWoodland,Qiyana,Elemental Blade,CCDuration,2.5/3.5/4.5,1.5,2.5,3.5,4.5,5.5,6.5,7.5
Set 2,2,base,Set2,10.5,TFT2_QiyanaWind,Qiyana,Elemental Blade,CCDuration,2.5/3.5/4.5,1.5,2.5,3.5,4.5,5.5,6.5,7.5
Set 2,2,base,Set2,10.5,TFT2_RekSai,Rek'Sai,Furious Bite,ArmorReduction,100,100,100,100,100,100,100,100
Set 2,2,base,Set2,10.5,TFT2_RekSai,Rek'Sai,Furious Bite,Damage,250/550/1000,-50,250,550,1000,1150,1450,1750
Set 2,2,base,Set2,10.5,TFT2_RekSai,Rek'Sai,Furious Bite,Duration,5,5,5,5,5,5,5,5
Set 2,2,base,Set2,10.5,TFT2_Renekton,Renekton,Cull the Meek,BaseDamage,150/275/475,25,150,275,475,525,650,775
Set 2,2,base,Set2,10.5,TFT2_Renekton,Renekton,Cull the Meek,HealAmount,150/225/300,75,150,225,300,375,450,525
Set 2,2,base,Set2,10.5,TFT2_Renekton,Renekton,Cull the Meek,HexRadius,1,1,1,1,1,1,1,1
Set 2,2,base,Set2,10.5,TFT2_Senna,Senna,Piercing Darkness,AllyBuffDuration,5,5,5,5,5,5,5,5
Set 2,2,base,Set2,10.5,TFT2_Senna,Senna,Piercing Darkness,AllyDamageBonus,20/45/70,0,20,45,70,120,150,180
Set 2,2,base,Set2,10.5,TFT2_Senna,Senna,Piercing Darkness,Damage,50/100/150,0,50,100,150,200,250,300
Set 2,2,base,Set2,10.5,TFT2_Singed,Singed,Poison Trail,CloudDuration,3.25,3.25,3.25,3.25,3.25,3.25,3.25,3.25
Set 2,2,base,Set2,10.5,TFT2_Singed,Singed,Poison Trail,MSModifier,0.75,0.75,0.75,0.75,0.75,0.75,0.75,0.75
Set 2,2,base,Set2,10.5,TFT2_Singed,Singed,Poison Trail,PoisonDuration,6,6,6,6,6,6,6,6
Set 2,2,base,Set2,10.5,TFT2_Singed,Singed,Poison Trail,TickRate,0.5,0.5,0.5,0.5,0.5,0.5,0.5,0.5
Set 2,2,base,Set2,10.5,TFT2_Singed,Singed,Poison Trail,TotalDamage,225/300/2000,0,225,300,2000,1000,1250,1500
Set 2,2,base,Set2,10.5,TFT2_Sion,Sion,Decimating Smash,ChargeUpTime,0.75,0.75,0.75,0.75,0.75,0.75,0.75,0.75
Set 2,2,base,Set2,10.5,TFT2_Sion,Sion,Decimating Smash,Damage,200/350/700,0,200,350,700,800,1000,1200
Set 2,2,base,Set2,10.5,TFT2_Sion,Sion,Decimating Smash,HexRange,2,2,2,2,2,2,2,2
Set 2,2,base,Set2,10.5,TFT2_Sivir,Sivir,Ricochet,BounceRange,2,2,2,2,2,2,2,2
Set 2,2,base,Set2,10.5,TFT2_Sivir,Sivir,Ricochet,Duration,5,5,5,5,5,5,5,5
Set 2,2,base,Set2,10.5,TFT2_Sivir,Sivir,Ricochet,NumBounces,5/7/9,3,5,7,9,11,13,15
Set 2,2,base,Set2,10.5,TFT2_Sivir,Sivir,Ricochet,PercentDamage,1/1.25/1.5,0.75,1,1.25,1.5,1.75,2,2.25
Set 2,2,base,Set2,10.5,TFT2_Skarner,Skarner,Crystalline Exoskeleton,AttackSpeed,0.5/0.75/1,0.25,0.5,0.75,1,1.25,1.5,1.75
Set 2,2,base,Set2,10.5,TFT2_Skarner,Skarner,Crystalline Exoskeleton,Duration,8,8,8,8,8,8,8,8
Set 2,2,base,Set2,10.5,TFT2_Skarner,Skarner,Crystalline Exoskeleton,ShieldAmount,150/450/750,-150,150,450,750,1050,1350,1650
Set 2,2,base,Set2,10.5,TFT2_Soraka,Soraka,Equinox,Damage,150/300/450,0,150,300,450,600,750,900
Set 2,2,base,Set2,10.5,TFT2_Soraka,Soraka,Equinox,Radius,1,1,1,1,1,1,1,1
Set 2,2,base,Set2,10.5,TFT2_Soraka,Soraka,Equinox,ZoneDuration,3/5/7,1,3,5,7,9,11,13
Set 2,2,base,Set2,10.5,TFT2_Syndra,Syndra,Hydro Sphere,Damage,225/375/650,0,225,375,650,650,875,1050
Set 2,2,base,Set2,10.5,TFT2_Syndra,Syndra,Hydro Sphere,HexRadius,2,2,2,2,2,2,2,2
Set 2,2,base,Set2,10.5,TFT2_Taliyah,Taliyah,Seismic Shove,Damage,150/350/550,-50,150,350,550,750,950,1150
Set 2,2,base,Set2,10.5,TFT2_Taliyah,Taliyah,Seismic Shove,StunDuration,2,0,2,2,2,2,2,2
Set 2,2,base,Set2,10.5,TFT2_Taliyah,Taliyah,Seismic Shove,ThrowDistance,2,2,2,2,2,2,2,2
Set 2,2,base,Set2,10.5,TFT2_Taric,Taric,Cosmic Radiance,HexRange,2/3/4,1,2,3,4,5,6,7
Set 2,2,base,Set2,10.5,TFT2_Taric,Taric,Cosmic Radiance,InitialDelay,1.5,1.5,1.5,1.5,1.5,1.5,1.5,1.5
Set 2,2,base,Set2,10.5,TFT2_Taric,Taric,Cosmic Radiance,InvulnDuration,2.5/2.5/8,3,2.5,2.5,8,3,3,3
Set 2,2,base,Set2,10.5,TFT2_Thresh,Thresh,Deep Sea Lantern,Duration,5,5,5,5,5,5,5,5
Set 2,2,base,Set2,10.5,TFT2_Thresh,Thresh,Deep Sea Lantern,Radius,1,1,1,1,1,1,1,1
Set 2,2,base,Set2,10.5,TFT2_Thresh,Thresh,Deep Sea Lantern,ShieldAmount,250/400/600,100,250,400,600,700,850,1000
Set 2,2,base,Set2,10.5,TFT2_Twitch,Twitch,Spray and Pray,ADAmp,1.3/1.6/3,1,1.3,1.6,3,2.25,2.5,2.75
Set 2,2,base,Set2,10.5,TFT2_Twitch,Twitch,Spray and Pray,Duration,8,8,8,8,8,8,8,8
Set 2,2,base,Set2,10.5,TFT2_Varus,Varus,Piercing Arrow,Damage,225/450/800,0,225,450,800,900,1125,1350
Set 2,2,base,Set2,10.5,TFT2_Varus,Varus,Piercing Arrow,HexRange,8,8,8,8,8,8,8,8
Set 2,2,base,Set2,10.5,TFT2_Vayne,Vayne,Silver Bolts,PercentDamage,0.1/0.13/0.16,0.07,0.1,0.13,0.16,0.19,0.22,0.25
Set 2,2,base,Set2,10.5,TFT2_Veigar,Veigar,Primordial Burst,Damage,325/650/975,0,325,650,975,1300,1625,1950
Set 2,2,base,Set2,10.5,TFT2_Vladimir,Vladimir,Drain,Damage,200/325/500,75,200,325,500,575,700,825
Set 2,2,base,Set2,10.5,TFT2_Vladimir,Vladimir,Drain,HealingAmp,,,,,,,,
Set 2,2,base,Set2,10.5,TFT2_Vladimir,Vladimir,Drain,HealthThreshold,,,,,,,,
Set 2,2,base,Set2,10.5,TFT2_Volibear,Volibear,Frenzied Bite,Damage,200/450/850,-50,200,450,850,950,1200,1450
Set 2,2,base,Set2,10.5,TFT2_Volibear,Volibear,Frenzied Bite,ExecuteDamage,19999,19999,19999,19999,19999,19999,19999,19999
Set 2,2,base,Set2,10.5,TFT2_Volibear,Volibear,Frenzied Bite,ExecuteThreshold,0.35,0.35,0.35,0.35,0.35,0.35,0.35,0.35
Set 2,2,base,Set2,10.5,TFT2_Warwick,Warwick,Infinite Duress,BaseDamage,200/500/800,-100,200,500,800,1100,1400,1700
Set 2,2,base,Set2,10.5,TFT2_Warwick,Warwick,Infinite Duress,DashHexSpeed,6,6,6,6,6,6,6,6
Set 2,2,base,Set2,10.5,TFT2_Warwick,Warwick,Infinite Duress,Duration,1.5,1.5,1.5,1.5,1.5,1.5,1.5,1.5
Set 2,2,base,Set2,10.5,TFT2_Warwick,Warwick,Infinite Duress,Hits,3,3,3,3,3,3,3,3
Set 2,2,base,Set2,10.5,TFT2_Yasuo,Yasuo,Last Breath,Damage,100,100,100,100,100,100,100,100
Set 2,2,base,Set2,10.5,TFT2_Yasuo,Yasuo,Last Breath,NumHits,4/5/6,3,4,5,6,7,8,9
Set 2,2,base,Set2,10.5,TFT2_Yasuo,Yasuo,Last Breath,StunDuration,1,1,1,1,1,1,1,1
Set 2,2,base,Set2,10.5,TFT2_Yorick,Yorick,Shepherd of Souls,GhoulAD,100/175/250,25,100,175,250,325,400,475
Set 2,2,base,Set2,10.5,TFT2_Yorick,Yorick,Shepherd of Souls,GhoulHealth,500/700/2000,150,500,700,2000,2000,2200,2600
Set 2,2,base,Set2,10.5,TFT2_Yorick,Yorick,Shepherd of Souls,NumAlliesToTarget,2/3/12,1,2,3,12,5,6,7
Set 2,2,base,Set2,10.5,TFT2_Zed,Zed,Living Lightning,Clones,1,1,1,1,1,1,1,1
Set 2,2,base,Set2,10.5,TFT2_Zed,Zed,Living Lightning,ManaCostIncrease,50/25/-125,75,50,25,-125,-25,-50,-75
Set 2,2,base,Set2,10.5,TFT2_Zyra,Zyra,Rampant Growth,NumPlants,2/3/5,1,2,3,5,5,6,7
Set 2,2,base,Set2,10.5,TFT2_Zyra,Zyra,Rampant Growth,PlantAD,55/65/75,45,55,65,75,85,95,105
Set 2,2,base,Set2,10.5,TFT2_Zyra,Zyra,Rampant Growth,PlantAmmo,4,4,4,4,4,4,4,4
Set 2,2,base,Set2,10.5,TFT2_Zyra,Zyra,Rampant Growth,PlantDuration,4,4,4,4,4,4,4,4
Set 3,3,base,Set3,10.11,TFT3_Ahri,Ahri,Orb of Deception,Damage,175/250/375,150,175,250,375,500,400,400
Set 3,3,base,Set3,10.11,TFT3_Ahri,Ahri,Orb of Deception,HexRange,4,4,4,4,4,4,4,4
Set 3,3,base,Set3,10.11,TFT3_Annie,Annie,Galaxy Shield-Blast,Damage,150/200/300,100,150,200,300,450,450,450
Set 3,3,base,Set3,10.11,TFT3_Annie,Annie,Galaxy Shield-Blast,ShieldAmount,270/360/540,200,270,360,540,700,450,450
Set 3,3,base,Set3,10.11,TFT3_Annie,Annie,Galaxy Shield-Blast,ShieldDuration,4,4,4,4,4,4,4,4
Set 3,3,base,Set3,10.11,TFT3_Ashe,Ashe,Enchanted Crystal Arrow,Damage,250/350/700,250,250,350,700,800,800,800
Set 3,3,base,Set3,10.11,TFT3_Ashe,Ashe,Enchanted Crystal Arrow,StunDurationPerSquare,2,2,2,2,2,2,2,2
Set 3,3,base,Set3,10.11,TFT3_AurelionSol,Aurelion Sol,Mobilize the Fleet,Damage,100/150/750,0,100,150,750,1000,1000,1000
Set 3,3,base,Set3,10.11,TFT3_AurelionSol,Aurelion Sol,Mobilize the Fleet,FightersPerCast,3,3,3,3,3,3,3,3
Set 3,3,base,Set3,10.11,TFT3_AurelionSol,Aurelion Sol,Mobilize the Fleet,InitialFighters,,,,,,,,
Set 3,3,base,Set3,10.11,TFT3_Blitzcrank,Blitzcrank,Rocket Grab,Damage,250/400/900,-50,250,400,900,950,1200,1450
Set 3,3,base,Set3,10.11,TFT3_Blitzcrank,Blitzcrank,Rocket Grab,StunDuration,2.5,2.5,2.5,2.5,2.5,2.5,2.5,2.5
Set 3,3,base,Set3,10.11,TFT3_Caitlyn,Caitlyn,Ace In The Hole,Damage,750/1500/3000,0,750,1500,3000,2400,3000,3600
Set 3,3,base,Set3,10.11,TFT3_ChoGath,Cho'Gath,Rupture,Damage,150/250/2000,0,150,250,2000,800,800,800
Set 3,3,base,Set3,10.11,TFT3_ChoGath,Cho'Gath,Rupture,KnockDuration,2/2/4,2,2,2,4,4,4,4
Set 3,3,base,Set3,10.11,TFT3_ChoGath,Cho'Gath,Rupture,RuptureDelay,1.5,1.5,1.5,1.5,1.5,1.5,1.5,1.5
Set 3,3,base,Set3,10.11,TFT3_Darius,Darius,Dreadnova Guillotine,Damage,400/500/750,50,400,500,750,1100,1300,1550
Set 3,3,base,Set3,10.11,TFT3_Darius,Darius,Dreadnova Guillotine,DamageMultiplier,2,2,2,2,2,2,2,2
Set 3,3,base,Set3,10.11,TFT3_Darius,Darius,Dreadnova Guillotine,HealthThreshold,50,50,50,50,50,50,50,50
Set 3,3,base,Set3,10.11,TFT3_Ekko,Ekko,Chronobreak,BaseDelayBetweenAttacks,0.4,0.4,0.4,0.4,0.4,0.4,0.4,0.4
Set 3,3,base,Set3,10.11,TFT3_Ekko,Ekko,Chronobreak,BonusDamage,225/400/2000,200,225,400,2000,1200,1000,1000
Set 3,3,base,Set3,10.11,TFT3_Ezreal,Ezreal,E.M.P.,Damage,200/300/600,0,200,300,600,800,1000,1200
Set 3,3,base,Set3,10.11,TFT3_Ezreal,Ezreal,E.M.P.,HexRadius,2,2,2,2,2,2,2,2
Set 3,3,base,Set3,10.11,TFT3_Ezreal,Ezreal,E.M.P.,PercentCostIncrease,40,3,40,40,40,40,40,40
Set 3,3,base,Set3,10.11,TFT3_Fiora,Fiora,Riposte,BlockDuration,1.5,1.5,1.5,1.5,1.5,1.5,1.5,1.5
Set 3,3,base,Set3,10.11,TFT3_Fiora,Fiora,Riposte,Damage,200/300/450,0,200,300,450,600,750,900
Set 3,3,base,Set3,10.11,TFT3_Fiora,Fiora,Riposte,StunDuration,1.5/1.5/3,1.5,1.5,1.5,3,1.5,1.5,1.5
Set 3,3,base,Set3,10.11,TFT3_Fizz,Fizz,Chum the Waters,Damage,350/500/2000,0,350,500,2000,2000,2000,2000
Set 3,3,base,Set3,10.11,TFT3_Fizz,Fizz,Chum the Waters,Delay,1.5,1.5,1.5,1.5,1.5,1.5,1.5,1.5
Set 3,3,base,Set3,10.11,TFT3_Fizz,Fizz,Chum the Waters,StunDuration,1.5,1,1.5,1.5,1.5,1.5,1.5,1.5
Set 3,3,base,Set3,10.11,TFT3_Gangplank,Gangplank,Orbital Strike,Damage,450/600/9001,0,450,600,9001,0,0,0
Set 3,3,base,Set3,10.11,TFT3_Gangplank,Gangplank,Orbital Strike,DoubleImpactDamagePercent,50,0,50,50,50,50,50,50
Set 3,3,base,Set3,10.11,TFT3_Gangplank,Gangplank,Orbital Strike,ImpactDelayTime,2,2,2,2,2,2,2,2
Set 3,3,base,Set3,10.11,TFT3_Gangplank,Gangplank,Orbital Strike,UpgradeDelayTime,0.3,0,0.3,0.3,0.3,0.3,0.3,0.3
Set 3,3,base,Set3,10.11,TFT3_Graves,Graves,Smoke Grenade,BlindDuration,3/4/5,2,3,4,5,6,7,8
Set 3,3,base,Set3,10.11,TFT3_Graves,Graves,Smoke Grenade,Damage,150/200/400,0,150,200,400,0,0,0
Set 3,3,base,Set3,10.11,TFT3_Irelia,Irelia,Bladesurge,PercentADDamage,1.75/2.5/5,0,1.75,2.5,5,0,0,0
Set 3,3,base,Set3,10.11,TFT3_JarvanIV,Jarvan IV,Ageless Standard,ASPercent,0.5/0.75/1,0.25,0.5,0.75,1,1.25,1.5,1.75
Set 3,3,base,Set3,10.11,TFT3_JarvanIV,Jarvan IV,Ageless Standard,Duration,6,6,6,6,6,6,6,6
Set 3,3,base,Set3,10.11,TFT3_JarvanIV,Jarvan IV,Ageless Standard,HexRadius,3,3,3,3,3,3,3,3
Set 3,3,base,Set3,10.11,TFT3_Jayce,Jayce,To the Skies!,Damage,450/600/1200,300,450,600,1200,1200,1200,1200
Set 3,3,base,Set3,10.11,TFT3_Jayce,Jayce,To the Skies!,Radius,1,1,1,1,1,1,1,1
Set 3,3,base,Set3,10.11,TFT3_Jhin,Jhin,Whisper,PercentOfAD,2.44/3.44/44.44,0,2.44,3.44,44.44,0,0,0
Set 3,3,base,Set3,10.11,TFT3_Jinx,Jinx,Get Excited!,AttackSpeedBonus,0.6/0.75/1,0.4,0.6,0.75,1,1.2,1.4,1.6
Set 3,3,base,Set3,10.11,TFT3_Jinx,Jinx,Get Excited!,BuffDuration,60,60,60,60,60,60,60,60
Set 3,3,base,Set3,10.11,TFT3_Jinx,Jinx,Get Excited!,HitWindow,10,10,10,10,10,10,10,10
Set 3,3,base,Set3,10.11,TFT3_Jinx,Jinx,Get Excited!,RocketDamage,125/200/750,0,125,200,750,1000,500,600
Set 3,3,base,Set3,10.11,TFT3_KaiSa,Kai'Sa,Missile Rain,Damage,50,50,50,50,50,50,50,50
Set 3,3,base,Set3,10.11,TFT3_KaiSa,Kai'Sa,Missile Rain,FakeCastTime,1,1,1,1,1,1,1,1
Set 3,3,base,Set3,10.11,TFT3_KaiSa,Kai'Sa,Missile Rain,HexRange,2,2,2,2,2,2,2,2
Set 3,3,base,Set3,10.11,TFT3_KaiSa,Kai'Sa,Missile Rain,NumMissiles,4/6/9,4,4,6,9,12,12,12
Set 3,3,base,Set3,10.11,TFT3_KaiSa,Kai'Sa,Missile Rain,Radius,420,420,420,420,420,420,420,420
Set 3,3,base,Set3,10.11,TFT3_Karma,Karma,Inspire,BonusAS,0.5/0.75/1.25,0.2,0.5,0.75,1.25,1,1.2,1.4
Set 3,3,base,Set3,10.11,TFT3_Karma,Karma,Inspire,Duration,4,4,4,4,4,4,4,4
Set 3,3,base,Set3,10.11,TFT3_Karma,Karma,Inspire,ShieldAmount,250/400/800,100,250,400,800,700,850,1000
Set 3,3,base,Set3,10.11,TFT3_Kassadin,Kassadin,Force Pulse,Damage,250/400/800,100,250,400,800,300,300,300
Set 3,3,base,Set3,10.11,TFT3_Kassadin,Kassadin,Force Pulse,Duration,2.5/3/3.5,3,2.5,3,3.5,3,3,3
Set 3,3,base,Set3,10.11,TFT3_Kayle,Kayle,Ascend,WaveDamage,125/200/600,0,125,200,600,0,0,0
Set 3,3,base,Set3,10.11,TFT3_NPC_KaynElite,Kayn,Umbral Trespass,AOEDamage,,,,,,,,
Set 3,3,base,Set3,10.11,TFT3_NPC_Kayn,Kayn,Blade's Reach,BoxWidth,160,160,160,160,160,160,160,160
Set 3,3,base,Set3,10.11,TFT3_NPC_Kayn,Kayn,Blade's Reach,Damage,200,200,200,200,200,200,200,200
Set 3,3,base,Set3,10.11,TFT3_NPC_Kayn,Kayn,Blade's Reach,Range,700,700,700,700,700,700,700,700
Set 3,3,base,Set3,10.11,TFT3_NPC_KaynElite,Kayn,Umbral Trespass,TargetDamage,1500,1500,1500,1500,1500,1500,1500,1500
Set 3,3,base,Set3,10.11,TFT3_KhaZix,Kha'Zix,Taste their Fear,Damage,200/275/500,50,200,275,500,450,550,650
Set 3,3,base,Set3,10.11,TFT3_KhaZix,Kha'Zix,Taste their Fear,IsolationDamage,600/825/1500,200,600,825,1500,1000,1200,1400
Set 3,3,base,Set3,10.11,TFT3_Leona,Leona,Cyber Barrier,Duration,4,4,4,4,4,4,4,4
Set 3,3,base,Set3,10.11,TFT3_Leona,Leona,Cyber Barrier,FlatDamageReduction,40/80/200,0,40,80,200,160,200,240
Set 3,3,base,Set3,10.11,TFT3_Lucian,Lucian,Relentless Pursuit,FirstShotRatio,1,1,1,1,1,1,1,1
Set 3,3,base,Set3,10.11,TFT3_Lucian,Lucian,Relentless Pursuit,SecondShotDamage,150/200/325,0,150,200,325,500,625,750
Set 3,3,base,Set3,10.11,TFT3_Lulu,Lulu,Mass Polymorph,BonusDamage,0.05/0.1/0.25,0.025,0.05,0.1,0.25,0.4,0.8,1.6
Set 3,3,base,Set3,10.11,TFT3_Lulu,Lulu,Mass Polymorph,Duration,3/3/8,0,3,3,8,4,4,4
Set 3,3,base,Set3,10.11,TFT3_Lulu,Lulu,Mass Polymorph,NumTargets,2/4/12,0,2,4,12,0,0,0
Set 3,3,base,Set3,10.11,TFT3_Lux,Lux,Lurid Binding,Damage,200/300/600,300,200,300,600,800,800,800
Set 3,3,base,Set3,10.11,TFT3_Lux,Lux,Lurid Binding,StunDuration,1.5/2/2.5,1,1.5,2,2.5,3,3.5,4
Set 3,3,base,Set3,10.11,TFT3_Malphite,Malphite,Energy Shield,PercentHealth,0.4/0.45/0.6,0.35,0.4,0.45,0.6,0.55,0.6,0.65
Set 3,3,base,Set3,10.11,TFT3_Malphite,Malphite,Energy Shield,SecondsPerRefresh,9,0,9,9,9,9,9,9
Set 3,3,base,Set3,10.11,TFT3_MasterYi,Master Yi,Chosen One,BonusTrueDamage,75/100/200,0,75,100,200,0,0,0
Set 3,3,base,Set3,10.11,TFT3_MasterYi,Master Yi,Chosen One,Duration,5,5,5,5,5,5,5,5
Set 3,3,base,Set3,10.11,TFT3_MasterYi,Master Yi,Chosen One,HealAmountPercent,0.12,0,0.12,0.12,0.12,0.2,0.2,0.2
Set 3,3,base,Set3,10.11,TFT3_MissFortune,Miss Fortune,Bullet Time,ChannelDuration,2.25,2.25,2.25,2.25,2.25,2.25,2.25,2.25
Set 3,3,base,Set3,10.11,TFT3_MissFortune,Miss Fortune,Bullet Time,HexRange,6,6,6,6,6,6,6,6
Set 3,3,base,Set3,10.11,TFT3_MissFortune,Miss Fortune,Bullet Time,PercentMaxHealth,0.6/0.8/9.99,0.2,0.6,0.8,9.99,5,5,5
Set 3,3,base,Set3,10.11,TFT3_MissFortune,Miss Fortune,Bullet Time,ShieldAmount,400/700/1000,100,400,700,1000,1300,1600,1900
Set 3,3,base,Set3,10.11,TFT3_MissFortune,Miss Fortune,Bullet Time,TotalDamage,500/900/9001,500,500,900,9001,3400,4100,4800
Set 3,3,base,Set3,10.11,TFT3_MissFortune,Miss Fortune,Bullet Time,UpgradeMoreWaves,5,0,5,5,5,5,5,5
Set 3,3,base,Set3,10.11,TFT3_MissFortune,Miss Fortune,Bullet Time,Waves,12,12,12,12,12,12,12,12
Set 3,3,base,Set3,10.11,TFT3_Mordekaiser,Mordekaiser,Indestructible,DamagePerSecond,50/75/125,20,50,75,125,180,220,260
Set 3,3,base,Set3,10.11,TFT3_Mordekaiser,Mordekaiser,Indestructible,Duration,8,8,8,8,8,8,8,8
Set 3,3,base,Set3,10.11,TFT3_Mordekaiser,Mordekaiser,Indestructible,ShieldAmount,350/500/800,0,350,500,800,1000,1250,1500
Set 3,3,base,Set3,10.11,TFT3_Neeko,Neeko,Pop Blossom,DamageAmount,200/275/550,0,200,275,550,300,375,450
Set 3,3,base,Set3,10.11,TFT3_Neeko,Neeko,Pop Blossom,HexRadius,2,2,2,2,2,2,2,2
Set 3,3,base,Set3,10.11,TFT3_Neeko,Neeko,Pop Blossom,StunDuration,1.5/2/2.5,1,1.5,2,2.5,3,3.5,4
Set 3,3,base,Set3,10.11,TFT3_Poppy,Poppy,Buckler Toss,Damage,100/150/200,50,100,150,200,250,300,350
Set 3,3,base,Set3,10.11,TFT3_Poppy,Poppy,Buckler Toss,ShieldAmount,200/300/400,100,200,300,400,500,600,700
Set 3,3,base,Set3,10.11,TFT3_Rakan,Rakan,Grand Entrance,Damage,175/275/400,75,175,275,400,475,575,675
Set 3,3,base,Set3,10.11,TFT3_Rakan,Rakan,Grand Entrance,KnockupDuration,1,1,1,1,1,1,1,1
Set 3,3,base,Set3,10.11,TFT3_Rakan,Rakan,Grand Entrance,Radius,1,1,1,1,1,1,1,1
Set 3,3,base,Set3,10.11,TFT3_Rakan,Rakan,Grand Entrance,StunDuration,1.5/2/2.5,0,1.5,2,2.5,3,3,3
Set 3,3,base,Set3,10.11,TFT3_Rumble,Rumble,Flamespitter,ConeHexRange,2,2,2,2,2,2,2,2
Set 3,3,base,Set3,10.11,TFT3_Rumble,Rumble,Flamespitter,Duration,3,3,3,3,3,3,3,3
Set 3,3,base,Set3,10.11,TFT3_Rumble,Rumble,Flamespitter,GrievousWoundsDuration,5,5,5,5,5,5,5,5
Set 3,3,base,Set3,10.11,TFT3_Rumble,Rumble,Flamespitter,GrievousWoundsPercent,50,0,50,50,50,50,50,50
Set 3,3,base,Set3,10.11,TFT3_Rumble,Rumble,Flamespitter,NumberOfTicks,12,12,12,12,12,12,12,12
Set 3,3,base,Set3,10.11,TFT3_Rumble,Rumble,Flamespitter,TickRate,0.25,0.25,0.25,0.25,0.25,0.25,0.25,0.25
Set 3,3,base,Set3,10.11,TFT3_Rumble,Rumble,Flamespitter,TotalDamage,350/500/1000,30,350,500,1000,800,680,810
Set 3,3,base,Set3,10.11,TFT3_Shaco,Shaco,Deceive,Duration,1.5,1.5,1.5,1.5,1.5,1.5,1.5,1.5
Set 3,3,base,Set3,10.11,TFT3_Shaco,Shaco,Deceive,PercentOfAD,2/2.25/2.5,1.75,2,2.25,2.5,2.75,3,3.25
Set 3,3,base,Set3,10.11,TFT3_Shen,Shen,Future's Refuge,MagicResist,15/30/45,0,15,30,45,60,75,90
Set 3,3,base,Set3,10.11,TFT3_Shen,Shen,Future's Refuge,ZoneDuration,2.5/3/5,2,2.5,3,5,6,7,8
Set 3,3,base,Set3,10.11,TFT3_Sona,Sona,Aria of Perseverance,HealAmount,150/200/300,150,150,200,300,300,300,300
Set 3,3,base,Set3,10.11,TFT3_Sona,Sona,Aria of Perseverance,NumberOfTargets,2/3/4,2,2,3,4,4,4,4
Set 3,3,base,Set3,10.11,TFT3_Soraka,Soraka,Wish,HealAmount,375/550/20000,300,375,550,20000,1500,1500,1500
Set 3,3,base,Set3,10.11,TFT3_Soraka,Soraka,Wish,HealTargets,15,15,15,15,15,15,15,15
Set 3,3,base,Set3,10.11,TFT3_SuperMech,Super-Mech,Mecha Justice,MainDamage,500/600/700,400,500,600,700,800,1200,5000
Set 3,3,base,Set3,10.11,TFT3_SuperMech,Super-Mech,Mecha Justice,SplashDamage,250/300/350,200,250,300,350,400,600,5000
Set 3,3,base,Set3,10.11,TFT3_Syndra,Syndra,Unleashed Power,CastTime,0.75,0.75,0.75,0.75,0.75,0.75,0.75,0.75
Set 3,3,base,Set3,10.11,TFT3_Syndra,Syndra,Unleashed Power,Damage,100/150/250,0,100,150,250,200,250,300
Set 3,3,base,Set3,10.11,TFT3_Syndra,Syndra,Unleashed Power,Spheres,3,3,3,3,3,3,3,3
Set 3,3,base,Set3,10.11,TFT3_Thresh,Thresh,Temporal Passage,ManaBonus,25/50/200,10,25,50,200,200,200,200
Set 3,3,base,Set3,10.11,TFT3_Thresh,Thresh,Temporal Passage,UnitCount,1/1/9,1,1,1,9,9,9,9
Set 3,3,base,Set3,10.11,TFT3_TwistedFate,Twisted Fate,Wild Cards,BaseDamage,200/300/450,0,200,300,450,450,750,900
Set 3,3,base,Set3,10.11,TFT3_VelKoz,Vel'Koz,Lifeform Disintegration Ray,BaseDamagePerSec,450/600/2000,0,450,600,2000,0,0,0
Set 3,3,base,Set3,10.11,TFT3_VelKoz,Vel'Koz,Lifeform Disintegration Ray,BeamDistance,1400,1400,1400,1400,1400,1400,1400,1400
Set 3,3,base,Set3,10.11,TFT3_VelKoz,Vel'Koz,Lifeform Disintegration Ray,BeamWidth,200,200,200,200,200,200,200,200
Set 3,3,base,Set3,10.11,TFT3_VelKoz,Vel'Koz,Lifeform Disintegration Ray,ChannelDuration,2,2,2,2,2,2,2,2
Set 3,3,base,Set3,10.11,TFT3_VelKoz,Vel'Koz,Lifeform Disintegration Ray,PercentHealthDamagePerSec,,,,,,,,
Set 3,3,base,Set3,10.11,TFT3_VelKoz,Vel'Koz,Lifeform Disintegration Ray,SweepAngle,60,60,60,60,60,60,60,60
Set 3,3,base,Set3,10.11,TFT3_VelKoz,Vel'Koz,Lifeform Disintegration Ray,TickInterval,0.25,0.25,0.25,0.25,0.25,0.25,0.25,0.25
Set 3,3,base,Set3,10.11,TFT3_Vi,Vi,Assault and Battery,CCDuration,2/2.5/3,1.5,2,2.5,3,3.5,4,4.5
Set 3,3,base,Set3,10.11,TFT3_Vi,Vi,Assault and Battery,MoveSpeed,1000,1000,1000,1000,1000,1000,1000,1000
Set 3,3,base,Set3,10.11,TFT3_Vi,Vi,Assault and Battery,OthersCCDuration,0.25,0.25,0.25,0.25,0.25,0.25,0.25,0.25
Set 3,3,base,Set3,10.11,TFT3_Vi,Vi,Assault and Battery,PrimaryDamage,400/600/1200,100,400,600,1200,900,1100,1300
Set 3,3,base,Set3,10.11,TFT3_Vi,Vi,Assault and Battery,SecondaryDamage,150/200/500,0,150,200,500,0,0,0
Set 3,3,base,Set3,10.11,TFT3_WuKong,Wukong,Cyclone,Damage,300/500/4000,200,300,500,4000,5000,5000,5000
Set 3,3,base,Set3,10.11,TFT3_WuKong,Wukong,Cyclone,Duration,3,3,3,3,3,3,3,3
Set 3,3,base,Set3,10.11,TFT3_WuKong,Wukong,Cyclone,HexRadius,1,1,1,1,1,1,1,1
Set 3,3,base,Set3,10.11,TFT3_WuKong,Wukong,Cyclone,StunDuration,2/2/5,1.5,2,2,5,5,5,5
Set 3,3,base,Set3,10.11,TFT3_Xayah,Xayah,Deadly Plumage,AttackSpeed,1/1.25/1.5,0.75,1,1.25,1.5,1.75,2,2.25
Set 3,3,base,Set3,10.11,TFT3_Xayah,Xayah,Deadly Plumage,DamageReduction,50,50,50,50,50,50,50,50
Set 3,3,base,Set3,10.11,TFT3_Xayah,Xayah,Deadly Plumage,Duration,8,8,8,8,8,8,8,8
Set 3,3,base,Set3,10.11,TFT3_Xerath,Xerath,Abyssal Bombardment,AoEDamage,75/100/625,175,75,100,625,1500,1500,1500
Set 3,3,base,Set3,10.11,TFT3_Xerath,Xerath,Abyssal Bombardment,BaseDamage,300/400/2500,350,300,400,2500,3000,3000,3000
Set 3,3,base,Set3,10.11,TFT3_Xerath,Xerath,Abyssal Bombardment,Duration,6/8/45,6,6,8,45,45,45,45
Set 3,3,base,Set3,10.11,TFT3_Xerath,Xerath,Abyssal Bombardment,StunDuration,1.5,1.5,1.5,1.5,1.5,1.5,1.5,1.5
Set 3,3,base,Set3,10.11,TFT3_XinZhao,Xin Zhao,Three Talon Strike,BonusDamage,200/275/375,4,200,275,375,8,8,8
Set 3,3,base,Set3,10.11,TFT3_XinZhao,Xin Zhao,Three Talon Strike,StunDuration,1.5,1.5,1.5,1.5,1.5,1.5,1.5,1.5
Set 3,3,base,Set3,10.11,TFT3_Yasuo,Yasuo,Last Breath,Damage,100,100,100,100,100,100,100,100
Set 3,3,base,Set3,10.11,TFT3_Yasuo,Yasuo,Last Breath,NumHits,4/5/6,3,4,5,6,7,8,9
Set 3,3,base,Set3,10.11,TFT3_Yasuo,Yasuo,Last Breath,StunDuration,1,1,1,1,1,1,1,1
Set 3,3,base,Set3,10.11,TFT3_Ziggs,Ziggs,Bomb!,Damage,300/400/700,70,300,400,700,550,650,750
Set 3,3,base,Set3,10.11,TFT3_Zoe,Zoe,Sleepy Trouble Bubble,Damage,200/275/400,75,200,275,400,375,450,525
Set 3,3,base,Set3,10.11,TFT3_Zoe,Zoe,Sleepy Trouble Bubble,StunDuration,2/2.5/4,1.5,2,2.5,4,3.5,4,4.5
Set 3.5,3,mid,TFTSet3,10.18,TFT3_Ahri,Ahri,Orb of Deception,Damage,175/250/425,150,175,250,425,500,400,400
Set 3.5,3,mid,TFTSet3,10.18,TFT3_Ahri,Ahri,Orb of Deception,HexRange,4,4,4,4,4,4,4,4
Set 3.5,3,mid,TFTSet3,10.18,TFT3_Annie,Annie,Galaxy Shield-Blast,Damage,300/400/700,100,300,400,700,450,450,450
Set 3.5,3,mid,TFTSet3,10.18,TFT3_Annie,Annie,Galaxy Shield-Blast,ShieldAmount,400/500/800,200,400,500,800,700,450,450
Set 3.5,3,mid,TFTSet3,10.18,TFT3_Annie,Annie,Galaxy Shield-Blast,ShieldDuration,4,4,4,4,4,4,4,4
Set 3.5,3,mid,TFTSet3,10.18,TFT3_Ashe,Ashe,Enchanted Crystal Arrow,Damage,200/300/600,250,200,300,600,800,800,800
Set 3.5,3,mid,TFTSet3,10.18,TFT3_Ashe,Ashe,Enchanted Crystal Arrow,StunDurationPerSquare,2/3/4,2,2,3,4,2,2,2
Set 3.5,3,mid,TFTSet3,10.18,TFT3_AurelionSol,Aurelion Sol,Mobilize the Fleet,Damage,90/150/1000,0,90,150,1000,1000,1000,1000
Set 3.5,3,mid,TFTSet3,10.18,TFT3_AurelionSol,Aurelion Sol,Mobilize the Fleet,FightersPerCast,2,2,2,2,2,2,2,2
Set 3.5,3,mid,TFTSet3,10.18,TFT3_AurelionSol,Aurelion Sol,Mobilize the Fleet,InitialFighters,4,4,4,4,4,4,4,4
Set 3.5,3,mid,TFTSet3,10.18,TFT3_AurelionSol,Aurelion Sol,Mobilize the Fleet,ManaDrain,10/15/50,0,10,15,50,40,50,60
Set 3.5,3,mid,TFTSet3,10.18,TFT3_Bard,Bard,Traveler's Call,ManaPerAttack,5/20/90,0,5,20,90,0,0,0
Set 3.5,3,mid,TFTSet3,10.18,TFT3_Blitzcrank,Blitzcrank,Rocket Grab,Damage,200/350/1337,-50,200,350,1337,950,1200,1450
Set 3.5,3,mid,TFTSet3,10.18,TFT3_Blitzcrank,Blitzcrank,Rocket Grab,StunDuration,2.5,2.5,2.5,2.5,2.5,2.5,2.5,2.5
Set 3.5,3,mid,TFTSet3,10.18,TFT3_Caitlyn,Caitlyn,Ace In The Hole,Damage,750/1500/2250,0,750,1500,2250,2400,3000,3600
Set 3.5,3,mid,TFTSet3,10.18,TFT3_Cassiopeia,Cassiopeia,Noxious Blast,Damage,750/1600/4000,0,750,1600,4000,0,0,0
Set 3.5,3,mid,TFTSet3,10.18,TFT3_Cassiopeia,Cassiopeia,Noxious Blast,Duration,14,0,14,14,14,14,14,14
Set 3.5,3,mid,TFTSet3,10.18,TFT3_Cassiopeia,Cassiopeia,Noxious Blast,ShieldReductionPercent,50,0,50,50,50,50,50,50
Set 3.5,3,mid,TFTSet3,10.18,TFT3_Darius,Darius,Dreadnova Guillotine,Damage,400/550/888,50,400,550,888,1100,1300,1550
Set 3.5,3,mid,TFTSet3,10.18,TFT3_Darius,Darius,Dreadnova Guillotine,DamageMultiplier,2,2,2,2,2,2,2,2
Set 3.5,3,mid,TFTSet3,10.18,TFT3_Darius,Darius,Dreadnova Guillotine,HealthThreshold,50,50,50,50,50,50,50,50
Set 3.5,3,mid,TFTSet3,10.18,TFT3_Ekko,Ekko,Chronobreak,ASSlow,0.5,0,0.5,0.5,0.5,0.5,0.5,0.5
Set 3.5,3,mid,TFTSet3,10.18,TFT3_Ekko,Ekko,Chronobreak,BaseDelayBetweenAttacks,0.4/0.3/0.15,0.4,0.4,0.3,0.15,0.4,0.4,0.4
Set 3.5,3,mid,TFTSet3,10.18,TFT3_Ekko,Ekko,Chronobreak,BonusDamage,100/150/2000,200,100,150,2000,1200,1000,1000
Set 3.5,3,mid,TFTSet3,10.18,TFT3_Ekko,Ekko,Chronobreak,NumAttacks,5/7/20,5,5,7,20,0,0,0
Set 3.5,3,mid,TFTSet3,10.18,TFT3_Ekko,Ekko,Chronobreak,SlowDuration,7,7,7,7,7,7,7,7
Set 3.5,3,mid,TFTSet3,10.18,TFT3_Ezreal,Ezreal,E.M.P.,Damage,100/150/800,0,100,150,800,800,1000,1200
Set 3.5,3,mid,TFTSet3,10.18,TFT3_Ezreal,Ezreal,E.M.P.,HexRadius,2,2,2,2,2,2,2,2
Set 3.5,3,mid,TFTSet3,10.18,TFT3_Ezreal,Ezreal,E.M.P.,PercentCostIncrease,33,3,33,33,33,33,33,33
Set 3.5,3,mid,TFTSet3,10.18,TFT3_Fiora,Fiora,Riposte,BlockDuration,1.5,1.5,1.5,1.5,1.5,1.5,1.5,1.5
Set 3.5,3,mid,TFTSet3,10.18,TFT3_Fiora,Fiora,Riposte,Damage,200/300/450,0,200,300,450,600,750,900
Set 3.5,3,mid,TFTSet3,10.18,TFT3_Fiora,Fiora,Riposte,StunDuration,1.5/1.5/3,1.5,1.5,1.5,3,1.5,1.5,1.5
Set 3.5,3,mid,TFTSet3,10.18,TFT3_Fizz,Fizz,Chum the Waters,Damage,350/550/4000,0,350,550,4000,2000,2000,2000
Set 3.5,3,mid,TFTSet3,10.18,TFT3_Fizz,Fizz,Chum the Waters,Delay,1.5,1.5,1.5,1.5,1.5,1.5,1.5,1.5
Set 3.5,3,mid,TFTSet3,10.18,TFT3_Fizz,Fizz,Chum the Waters,StunDuration,1.5,1,1.5,1.5,1.5,1.5,1.5,1.5
Set 3.5,3,mid,TFTSet3,10.18,TFT3_Gangplank,Gangplank,Orbital Strike,Damage,525/675/9001,0,525,675,9001,0,0,0
Set 3.5,3,mid,TFTSet3,10.18,TFT3_Gangplank,Gangplank,Orbital Strike,DoubleImpactDamagePercent,50,0,50,50,50,50,50,50
Set 3.5,3,mid,TFTSet3,10.18,TFT3_Gangplank,Gangplank,Orbital Strike,ImpactDelayTime,2,2,2,2,2,2,2,2
Set 3.5,3,mid,TFTSet3,10.18,TFT3_Gangplank,Gangplank,Orbital Strike,UpgradeDelayTime,0.3,0,0.3,0.3,0.3,0.3,0.3,0.3
Set 3.5,3,mid,TFTSet3,10.18,TFT3_Gnar,Gnar,GNAR!,Damage,100/200/800,100,100,200,800,500,600,700
Set 3.5,3,mid,TFTSet3,10.18,TFT3_Gnar,Gnar,GNAR!,RCCDuration,1.5,1.5,1.5,1.5,1.5,1.5,1.5,1.5
Set 3.5,3,mid,TFTSet3,10.18,TFT3_Gnar,Gnar,GNAR!,RKnockbackDistance,600,600,600,600,600,600,600,600
Set 3.5,3,mid,TFTSet3,10.18,TFT3_Gnar,Gnar,GNAR!,TransformAD,100/175/550,0,100,175,550,200,250,300
Set 3.5,3,mid,TFTSet3,10.18,TFT3_Gnar,Gnar,GNAR!,TransformDuration,60,60,60,60,60,60,60,60
Set 3.5,3,mid,TFTSet3,10.18,TFT3_Gnar,Gnar,GNAR!,TransformHealth,750/1250/5000,50,750,1250,5000,850,1050,1250
Set 3.5,3,mid,TFTSet3,10.18,TFT3_Graves,Graves,Smoke Grenade,BlindDuration,3/4/6,1,3,4,6,5,6,7
Set 3.5,3,mid,TFTSet3,10.18,TFT3_Graves,Graves,Smoke Grenade,Damage,150/200/400,0,150,200,400,0,0,0
Set 3.5,3,mid,TFTSet3,10.18,TFT3_Illaoi,Illaoi,Tentacle Smash,Damage,125/200/325,0,125,200,325,0,0,0
Set 3.5,3,mid,TFTSet3,10.18,TFT3_Illaoi,Illaoi,Tentacle Smash,Duration,6,0,6,6,6,6,6,6
Set 3.5,3,mid,TFTSet3,10.18,TFT3_Illaoi,Illaoi,Tentacle Smash,ResistStealPercent,30/40/60,0,30,40,60,0,0,0
Set 3.5,3,mid,TFTSet3,10.18,TFT3_Irelia,Irelia,Bladesurge,PercentADDamage,2.25/2.5/5,0,2.25,2.5,5,0,0,0
Set 3.5,3,mid,TFTSet3,10.18,TFT3_Janna,Janna,Howling Gale,BuffDuration,5,0,5,5,5,0,0,0
Set 3.5,3,mid,TFTSet3,10.18,TFT3_Janna,Janna,Howling Gale,PercentAttackSpeed,80/125/500,0,80,125,500,0,0,0
Set 3.5,3,mid,TFTSet3,10.18,TFT3_Janna,Janna,Howling Gale,StunDuration,1.5/1.5/8,0,1.5,1.5,8,0,0,0
Set 3.5,3,mid,TFTSet3,10.18,TFT3_JarvanIV,Jarvan IV,Ageless Standard,ASPercent,0.5/0.6/0.75,0.65,0.5,0.6,0.75,1.05,1.15,1.25
Set 3.5,3,mid,TFTSet3,10.18,TFT3_JarvanIV,Jarvan IV,Ageless Standard,Duration,6,6,6,6,6,6,6,6
Set 3.5,3,mid,TFTSet3,10.18,TFT3_JarvanIV,Jarvan IV,Ageless Standard,HexRadius,3,3,3,3,3,3,3,3
Set 3.5,3,mid,TFTSet3,10.18,TFT3_Jayce,Jayce,To the Skies!,Damage,450/600/1200,300,450,600,1200,1200,1200,1200
Set 3.5,3,mid,TFTSet3,10.18,TFT3_Jayce,Jayce,To the Skies!,Radius,1,1,1,1,1,1,1,1
Set 3.5,3,mid,TFTSet3,10.18,TFT3_Jhin,Jhin,Whisper,AttackSpeed,0.85/0.9/1.2,0,0.85,0.9,1.2,0,0,0
Set 3.5,3,mid,TFTSet3,10.18,TFT3_Jhin,Jhin,Whisper,PercentOfAD,3.44/4.44/44.44,0,3.44,4.44,44.44,0,0,0
Set 3.5,3,mid,TFTSet3,10.18,TFT3_Jinx,Jinx,Get Excited!,AttackSpeedBonus,0.5/0.75/1.25,0.4,0.5,0.75,1.25,1.2,1.4,1.6
Set 3.5,3,mid,TFTSet3,10.18,TFT3_Jinx,Jinx,Get Excited!,BuffDuration,60,60,60,60,60,60,60,60
Set 3.5,3,mid,TFTSet3,10.18,TFT3_Jinx,Jinx,Get Excited!,HitWindow,10,10,10,10,10,10,10,10
Set 3.5,3,mid,TFTSet3,10.18,TFT3_Jinx,Jinx,Get Excited!,RocketDamage,150/250/1000,0,150,250,1000,1000,500,600
Set 3.5,3,mid,TFTSet3,10.18,TFT3_Karma,Karma,Inspire,BonusAS,0.7/0.9/1.5,0.2,0.7,0.9,1.5,1,1.2,1.4
Set 3.5,3,mid,TFTSet3,10.18,TFT3_Karma,Karma,Inspire,Duration,4,4,4,4,4,4,4,4
Set 3.5,3,mid,TFTSet3,10.18,TFT3_Karma,Karma,Inspire,ShieldAmount,300/450/900,100,300,450,900,700,850,1000
Set 3.5,3,mid,TFTSet3,10.18,TFT3_NPC_KaynElite,Kayn,Umbral Trespass,AOEDamage,,,,,,,,
Set 3.5,3,mid,TFTSet3,10.18,TFT3_NPC_Kayn,Kayn,Blade's Reach,BoxWidth,160,160,160,160,160,160,160,160
Set 3.5,3,mid,TFTSet3,10.18,TFT3_NPC_Kayn,Kayn,Blade's Reach,Damage,200,200,200,200,200,200,200,200
Set 3.5,3,mid,TFTSet3,10.18,TFT3_NPC_Kayn,Kayn,Blade's Reach,Range,700,700,700,700,700,700,700,700
Set 3.5,3,mid,TFTSet3,10.18,TFT3_NPC_KaynElite,Kayn,Umbral Trespass,TargetDamage,1500,1500,1500,1500,1500,1500,1500,1500
Set 3.5,3,mid,TFTSet3,10.18,TFT3_KogMaw,Kog'Maw,Barrage,Duration,3,3,3,3,3,3,3,3
Set 3.5,3,mid,TFTSet3,10.18,TFT3_KogMaw,Kog'Maw,Barrage,PercentAttackSpeed,80,80,80,80,80,80,80,80
Set 3.5,3,mid,TFTSet3,10.18,TFT3_KogMaw,Kog'Maw,Barrage,PercentMaxHPDamage,2/4/8,0,2,4,8,8,10,12
Set 3.5,3,mid,TFTSet3,10.18,TFT3_Leona,Leona,Cyber Barrier,Duration,4,4,4,4,4,4,4,4
Set 3.5,3,mid,TFTSet3,10.18,TFT3_Leona,Leona,Cyber Barrier,FlatDamageReduction,40/80/400,0,40,80,400,160,200,240
Set 3.5,3,mid,TFTSet3,10.18,TFT3_Lucian,Lucian,Relentless Pursuit,FirstShotRatio,1,1,1,1,1,1,1,1
Set 3.5,3,mid,TFTSet3,10.18,TFT3_Lucian,Lucian,Relentless Pursuit,SecondShotDamage,175/250/600,0,175,250,600,500,625,750
Set 3.5,3,mid,TFTSet3,10.18,TFT3_Lulu,Lulu,Mass Polymorph,BonusDamage,0.05/0.1/0.25,0.025,0.05,0.1,0.25,0.4,0.8,1.6
Set 3.5,3,mid,TFTSet3,10.18,TFT3_Lulu,Lulu,Mass Polymorph,Duration,3/3/8,0,3,3,8,4,4,4
Set 3.5,3,mid,TFTSet3,10.18,TFT3_Lulu,Lulu,Mass Polymorph,NumTargets,2/4/12,0,2,4,12,0,0,0
Set 3.5,3,mid,TFTSet3,10.18,TFT3_Malphite,Malphite,Energy Shield,PercentHealth,0.4/0.45/0.7,0.35,0.4,0.45,0.7,0.55,0.6,0.65
Set 3.5,3,mid,TFTSet3,10.18,TFT3_Malphite,Malphite,Energy Shield,SecondsPerRefresh,9,0,9,9,9,9,9,9
Set 3.5,3,mid,TFTSet3,10.18,TFT3_MasterYi,Master Yi,Chosen One,BonusTrueDamage,70/95/145,0,70,95,145,0,0,0
Set 3.5,3,mid,TFTSet3,10.18,TFT3_MasterYi,Master Yi,Chosen One,Duration,5,5,5,5,5,5,5,5
Set 3.5,3,mid,TFTSet3,10.18,TFT3_MasterYi,Master Yi,Chosen One,HealAmountPercent,0.12,0,0.12,0.12,0.12,0.2,0.2,0.2
Set 3.5,3,mid,TFTSet3,10.18,TFT3_BardMeep,Meep,Sell For Experience,MeepValue,1,1,1,1,1,1,1,1
Set 3.5,3,mid,TFTSet3,10.18,TFT3_Mordekaiser,Mordekaiser,Indestructible,DamagePerSecond,75/100/200,20,75,100,200,180,220,260
Set 3.5,3,mid,TFTSet3,10.18,TFT3_Mordekaiser,Mordekaiser,Indestructible,Duration,8,8,8,8,8,8,8,8
Set 3.5,3,mid,TFTSet3,10.18,TFT3_Mordekaiser,Mordekaiser,Indestructible,ShieldAmount,350/500/850,0,350,500,850,1000,1250,1500
Set 3.5,3,mid,TFTSet3,10.18,TFT3_Nautilus,Nautilus,Impact Crater,Damage,100/200/500,0,100,200,500,0,0,0
Set 3.5,3,mid,TFTSet3,10.18,TFT3_Nautilus,Nautilus,Impact Crater,StunDuration,3/3/6,0,3,3,6,0,0,0
Set 3.5,3,mid,TFTSet3,10.18,TFT3_Neeko,Neeko,Pop Blossom,DamageAmount,150/250/450,0,150,250,450,300,375,450
Set 3.5,3,mid,TFTSet3,10.18,TFT3_Neeko,Neeko,Pop Blossom,HexRadius,2,2,2,2,2,2,2,2
Set 3.5,3,mid,TFTSet3,10.18,TFT3_Neeko,Neeko,Pop Blossom,StunDuration,1.5/2/2.5,1,1.5,2,2.5,3,3.5,4
Set 3.5,3,mid,TFTSet3,10.18,TFT3_Nocturne,Nocturne,Unspeakable Horror,Damage,200/250/400,200,200,250,400,500,500,500
Set 3.5,3,mid,TFTSet3,10.18,TFT3_Nocturne,Nocturne,Unspeakable Horror,StunDuration,2/2.5/4,200,2,2.5,4,2.5,2.5,2.5
Set 3.5,3,mid,TFTSet3,10.18,TFT3_Poppy,Poppy,Buckler Toss,Damage,100/150/225,50,100,150,225,250,300,350
Set 3.5,3,mid,TFTSet3,10.18,TFT3_Poppy,Poppy,Buckler Toss,ShieldAmount,200/300/450,100,200,300,450,500,600,700
Set 3.5,3,mid,TFTSet3,10.18,TFT3_Rakan,Rakan,Grand Entrance,Damage,175/275/400,75,175,275,400,475,575,675
Set 3.5,3,mid,TFTSet3,10.18,TFT3_Rakan,Rakan,Grand Entrance,KnockupDuration,1,1,1,1,1,1,1,1
Set 3.5,3,mid,TFTSet3,10.18,TFT3_Rakan,Rakan,Grand Entrance,Radius,1,1,1,1,1,1,1,1
Set 3.5,3,mid,TFTSet3,10.18,TFT3_Rakan,Rakan,Grand Entrance,StunDuration,1.5/2/2.5,1,1.5,2,2.5,3,3.5,4
Set 3.5,3,mid,TFTSet3,10.18,TFT3_Riven,Riven,Energy Slash,Damage,100/150/600,50,100,150,600,1000,1250,1500
Set 3.5,3,mid,TFTSet3,10.18,TFT3_Riven,Riven,Energy Slash,DamageFinal,300/500/1500,0,300,500,1500,0,0,0
Set 3.5,3,mid,TFTSet3,10.18,TFT3_Riven,Riven,Energy Slash,Shield,200/350/1200,0,200,350,1200,0,0,0
Set 3.5,3,mid,TFTSet3,10.18,TFT3_Riven,Riven,Energy Slash,ShieldDuration,4,4,4,4,4,4,4,4
Set 3.5,3,mid,TFTSet3,10.18,TFT3_Riven,Riven,Energy Slash,SlashHexRadius,1,1,1,1,1,1,1,1
Set 3.5,3,mid,TFTSet3,10.18,TFT3_Rumble,Rumble,Flamespitter,ConeHexRange,2,2,2,2,2,2,2,2
Set 3.5,3,mid,TFTSet3,10.18,TFT3_Rumble,Rumble,Flamespitter,Duration,3,3,3,3,3,3,3,3
Set 3.5,3,mid,TFTSet3,10.18,TFT3_Rumble,Rumble,Flamespitter,GrievousWoundsDuration,5,5,5,5,5,5,5,5
Set 3.5,3,mid,TFTSet3,10.18,TFT3_Rumble,Rumble,Flamespitter,GrievousWoundsPercent,50,0,50,50,50,50,50,50
Set 3.5,3,mid,TFTSet3,10.18,TFT3_Rumble,Rumble,Flamespitter,NumberOfTicks,12,12,12,12,12,12,12,12
Set 3.5,3,mid,TFTSet3,10.18,TFT3_Rumble,Rumble,Flamespitter,TickRate,0.25,0.25,0.25,0.25,0.25,0.25,0.25,0.25
Set 3.5,3,mid,TFTSet3,10.18,TFT3_Rumble,Rumble,Flamespitter,TotalDamage,500/750/1650,30,500,750,1650,800,680,810
Set 3.5,3,mid,TFTSet3,10.18,TFT3_Shaco,Shaco,Deceive,Duration,1.5,1.5,1.5,1.5,1.5,1.5,1.5,1.5
Set 3.5,3,mid,TFTSet3,10.18,TFT3_Shaco,Shaco,Deceive,PercentOfAD,2.5/2.75/3,2.25,2.5,2.75,3,3.25,3.5,3.75
Set 3.5,3,mid,TFTSet3,10.18,TFT3_Shen,Shen,Future's Refuge,MagicResist,15/30/45,0,15,30,45,60,75,90
Set 3.5,3,mid,TFTSet3,10.18,TFT3_Shen,Shen,Future's Refuge,ZoneDuration,2.5/3/5,2,2.5,3,5,6,7,8
Set 3.5,3,mid,TFTSet3,10.18,TFT3_Soraka,Soraka,Wish,HealAmount,325/500/20000,300,325,500,20000,1500,1500,1500
Set 3.5,3,mid,TFTSet3,10.18,TFT3_Soraka,Soraka,Wish,HealTargets,15,15,15,15,15,15,15,15
Set 3.5,3,mid,TFTSet3,10.18,TFT3_SuperMech,Super-Mech,Mecha Justice,MainDamage,700/750/850,650,700,750,850,900,1200,5000
Set 3.5,3,mid,TFTSet3,10.18,TFT3_SuperMech,Super-Mech,Mecha Justice,SplashDamage,350/375/425,325,350,375,425,450,600,5000
Set 3.5,3,mid,TFTSet3,10.18,TFT3_Syndra,Syndra,Unleashed Power,CastTime,0.75,0.75,0.75,0.75,0.75,0.75,0.75,0.75
Set 3.5,3,mid,TFTSet3,10.18,TFT3_Syndra,Syndra,Unleashed Power,Damage,100/140/220,0,100,140,220,200,250,300
Set 3.5,3,mid,TFTSet3,10.18,TFT3_Syndra,Syndra,Unleashed Power,RetargetOnKill,1,1,1,1,1,1,1,1
Set 3.5,3,mid,TFTSet3,10.18,TFT3_Syndra,Syndra,Unleashed Power,RetargetOverkillAmount,500,500,500,500,500,500,500,500
Set 3.5,3,mid,TFTSet3,10.18,TFT3_Syndra,Syndra,Unleashed Power,Spheres,3,3,3,3,3,3,3,3
Set 3.5,3,mid,TFTSet3,10.18,TFT3_Teemo,Teemo,Satellite Traps,Damage,125/175/550,0,125,175,550,0,0,0
Set 3.5,3,mid,TFTSet3,10.18,TFT3_Teemo,Teemo,Satellite Traps,DetonationDelay,3,0,3,3,3,3,3,3
Set 3.5,3,mid,TFTSet3,10.18,TFT3_Teemo,Teemo,Satellite Traps,SlowDuration,3,0,3,3,3,3,3,3
Set 3.5,3,mid,TFTSet3,10.18,TFT3_Thresh,Thresh,Temporal Passage,ManaBonus,25/50/200,10,25,50,200,200,200,200
Set 3.5,3,mid,TFTSet3,10.18,TFT3_Thresh,Thresh,Temporal Passage,UnitCount,1/1/9,1,1,1,9,9,9,9
Set 3.5,3,mid,TFTSet3,10.18,TFT3_TwistedFate,Twisted Fate,Wild Cards,BaseDamage,200/300/450,0,200,300,450,450,750,900
Set 3.5,3,mid,TFTSet3,10.18,TFT3_Urgot,Urgot,Fear Beyond Death,ChannelDuration,3/2/1,0,3,2,1,5,5,5
Set 3.5,3,mid,TFTSet3,10.18,TFT3_Urgot,Urgot,Fear Beyond Death,ManaCostReduction,20/30/100,0,20,30,100,0,0,0
Set 3.5,3,mid,TFTSet3,10.18,TFT3_Vayne,Vayne,Final Hour,Duration,10,0,10,10,10,10,10,10
Set 3.5,3,mid,TFTSet3,10.18,TFT3_Vayne,Vayne,Final Hour,TumbleAttackPercentAD,175/200/275,150,175,200,275,250,275,300
Set 3.5,3,mid,TFTSet3,10.18,TFT3_Vi,Vi,Assault and Battery,CCDuration,2/2.5/3,1.5,2,2.5,3,3.5,4,4.5
Set 3.5,3,mid,TFTSet3,10.18,TFT3_Vi,Vi,Assault and Battery,MoveSpeed,1000,1000,1000,1000,1000,1000,1000,1000
Set 3.5,3,mid,TFTSet3,10.18,TFT3_Vi,Vi,Assault and Battery,OthersCCDuration,0.25,0.25,0.25,0.25,0.25,0.25,0.25,0.25
Set 3.5,3,mid,TFTSet3,10.18,TFT3_Vi,Vi,Assault and Battery,PrimaryDamage,350/550/1350,100,350,550,1350,900,1100,1300
Set 3.5,3,mid,TFTSet3,10.18,TFT3_Vi,Vi,Assault and Battery,SecondaryDamage,150/200/600,0,150,200,600,0,0,0
Set 3.5,3,mid,TFTSet3,10.18,TFT3_Viktor,Viktor,Death Ray,FlatDamage,200/325/1500,0,200,325,1500,0,0,0
Set 3.5,3,mid,TFTSet3,10.18,TFT3_Viktor,Viktor,Death Ray,PercentHealthDamage,15/20/80,0,15,20,80,0,0,0
Set 3.5,3,mid,TFTSet3,10.18,TFT3_WuKong,Wukong,Cyclone,Damage,300/500/4000,200,300,500,4000,5000,5000,5000
Set 3.5,3,mid,TFTSet3,10.18,TFT3_WuKong,Wukong,Cyclone,Duration,3,3,3,3,3,3,3,3
Set 3.5,3,mid,TFTSet3,10.18,TFT3_WuKong,Wukong,Cyclone,HexRadius,1,1,1,1,1,1,1,1
Set 3.5,3,mid,TFTSet3,10.18,TFT3_WuKong,Wukong,Cyclone,StunDuration,2/2/5,1.5,2,2,5,5,5,5
Set 3.5,3,mid,TFTSet3,10.18,TFT3_Xayah,Xayah,Deadly Plumage,AttackSpeed,1/1.25/1.5,0.75,1,1.25,1.5,1.75,2,2.25
Set 3.5,3,mid,TFTSet3,10.18,TFT3_Xayah,Xayah,Deadly Plumage,DamageReduction,50,50,50,50,50,50,50,50
Set 3.5,3,mid,TFTSet3,10.18,TFT3_Xayah,Xayah,Deadly Plumage,Duration,8,8,8,8,8,8,8,8
Set 3.5,3,mid,TFTSet3,10.18,TFT3_Xerath,Xerath,Abyssal Bombardment,AoEDamage,80/110/625,175,80,110,625,1500,1500,1500
Set 3.5,3,mid,TFTSet3,10.18,TFT3_Xerath,Xerath,Abyssal Bombardment,BaseDamage,320/440/2500,350,320,440,2500,3000,3000,3000
Set 3.5,3,mid,TFTSet3,10.18,TFT3_Xerath,Xerath,Abyssal Bombardment,Duration,6/8/45,6,6,8,45,45,45,45
Set 3.5,3,mid,TFTSet3,10.18,TFT3_Xerath,Xerath,Abyssal Bombardment,StunDuration,1.5,1.5,1.5,1.5,1.5,1.5,1.5,1.5
Set 3.5,3,mid,TFTSet3,10.18,TFT3_XinZhao,Xin Zhao,Three Talon Strike,BonusDamage,200/275/375,4,200,275,375,8,8,8
Set 3.5,3,mid,TFTSet3,10.18,TFT3_XinZhao,Xin Zhao,Three Talon Strike,StunDuration,1.5,1.5,1.5,1.5,1.5,1.5,1.5,1.5
Set 3.5,3,mid,TFTSet3,10.18,TFT3_Yasuo,Yasuo,Last Breath,Damage,100,100,100,100,100,100,100,100
Set 3.5,3,mid,TFTSet3,10.18,TFT3_Yasuo,Yasuo,Last Breath,NumHits,4/5/6,3,4,5,6,7,8,9
Set 3.5,3,mid,TFTSet3,10.18,TFT3_Yasuo,Yasuo,Last Breath,StunDuration,1,1,1,1,1,1,1,1
Set 3.5,3,mid,TFTSet3,10.18,TFT3_Zed,Zed,Contempt For The Weak,ADSteal,0.2/0.33/0.5,0.25,0.2,0.33,0.5,0.8,0.8,0.8
Set 3.5,3,mid,TFTSet3,10.18,TFT3_Zed,Zed,Contempt For The Weak,Damage,50/90/150,0,50,90,150,0,0,0
Set 3.5,3,mid,TFTSet3,10.18,TFT3_Ziggs,Ziggs,Bomb!,Damage,300/400/600,70,300,400,600,550,650,750
Set 3.5,3,mid,TFTSet3,10.18,TFT3_Zoe,Zoe,Sleepy Trouble Bubble,Damage,200/275/400,75,200,275,400,375,450,525
Set 3.5,3,mid,TFTSet3,10.18,TFT3_Zoe,Zoe,Sleepy Trouble Bubble,StunDuration,2/2.5/4,1.5,2,2.5,4,3.5,4,4.5
Set 4,4,base,TFTSet4,11.1,TFT4_Aatrox,Aatrox,Infernal Chains,Damage,250/450/1250,0,250,450,1250,1200,1250,1500
Set 4,4,base,TFTSet4,11.1,TFT4_Aatrox,Aatrox,Infernal Chains,NumberOfTargets,2/2/5,0.5,2,2,5,8,16,32
Set 4,4,base,TFTSet4,11.1,TFT4_Ahri,Ahri,Spirit Bomb,CastTime,1.5,1.5,1.5,1.5,1.5,1.5,1.5,1.5
Set 4,4,base,TFTSet4,11.1,TFT4_Ahri,Ahri,Spirit Bomb,Damage,500/700/3000,0,500,700,3000,0,0,0
Set 4,4,base,TFTSet4,11.1,TFT4_Ahri,Ahri,Spirit Bomb,MinDamagePercent,0.5,0.5,0.5,0.5,0.5,0.5,0.5,0.5
Set 4,4,base,TFTSet4,11.1,TFT4_Akali,Akali,Five Point Strike,ConeDeg,30,30,30,30,30,30,30,30
Set 4,4,base,TFTSet4,11.1,TFT4_Akali,Akali,Five Point Strike,Damage,175/250/400,20,175,250,400,500,620,740
Set 4,4,base,TFTSet4,11.1,TFT4_Akali,Akali,Five Point Strike,HexRange,1,1,1,1,1,1,1,1
Set 4,4,base,TFTSet4,11.1,TFT4_Annie,Annie,Burst Shield,Damage,250/350/450,100,250,350,450,450,450,450
Set 4,4,base,TFTSet4,11.1,TFT4_Annie,Annie,Burst Shield,ShieldAmount,500/700/900,200,500,700,900,700,450,450
Set 4,4,base,TFTSet4,11.1,TFT4_Annie,Annie,Burst Shield,ShieldDuration,8,8,8,8,8,8,8,8
Set 4,4,base,TFTSet4,11.1,TFT4_Aphelios,Aphelios,Sentry Turret,Duration,7/8/9,0,7,8,9,11,0,0
Set 4,4,base,TFTSet4,11.1,TFT4_Ashe,Ashe,Hunter's Focus,AttackSpeed,0.45/0.65/3,0.25,0.45,0.65,3,1.25,1.5,1.75
Set 4,4,base,TFTSet4,11.1,TFT4_Ashe,Ashe,Hunter's Focus,Duration,5,5,5,5,5,5,5,5
Set 4,4,base,TFTSet4,11.1,TFT4_Ashe,Ashe,Hunter's Focus,NumArrows,5,5,5,5,5,5,5,5
Set 4,4,base,TFTSet4,11.1,TFT4_Ashe,Ashe,Hunter's Focus,PercentADPerArrow,0.45,0.45,0.45,0.45,0.45,0.45,0.45,0.45
Set 4,4,base,TFTSet4,11.1,TFT4_Azir,Azir,Emperor's Divide,KnockupDuration,2,2,2,2,2,2,2,2
Set 4,4,base,TFTSet4,11.1,TFT4_Azir,Azir,Emperor's Divide,SlowDuration,4,4,4,4,4,4,4,4
Set 4,4,base,TFTSet4,11.1,TFT4_Azir,Azir,Emperor's Divide,WallDamage,200/350/8888,250,200,350,8888,525,650,775
Set 4,4,base,TFTSet4,11.1,TFT4_Azir,Azir,Emperor's Divide,WallDuration,3,3,3,3,3,3,3,3
Set 4,4,base,TFTSet4,11.1,TFT4_Azir,Azir,Emperor's Divide,WallLength,2100,2100,2100,2100,2100,2100,2100,2100
Set 4,4,base,TFTSet4,11.1,TFT4_Azir,Azir,Emperor's Divide,WallWidth,450,450,450,450,450,450,450,450
Set 4,4,base,TFTSet4,11.1,TFT4_Cassiopeia,Cassiopeia,Petrifying Gaze,ConeLength,800,800,800,800,800,800,800,800
Set 4,4,base,TFTSet4,11.1,TFT4_Cassiopeia,Cassiopeia,Petrifying Gaze,ConeWidth,35,35,35,35,35,35,35,35
Set 4,4,base,TFTSet4,11.1,TFT4_Cassiopeia,Cassiopeia,Petrifying Gaze,Damage,275/400/2000,75,275,400,2000,1200,2400,4800
Set 4,4,base,TFTSet4,11.1,TFT4_Cassiopeia,Cassiopeia,Petrifying Gaze,DamageAmp,0.2,0.2,0.2,0.2,0.2,0.2,0.2,0.2
Set 4,4,base,TFTSet4,11.1,TFT4_Cassiopeia,Cassiopeia,Petrifying Gaze,StunDuration,2.5/3/5,1.75,2.5,3,5,4.75,5.5,6.25
Set 4,4,base,TFTSet4,11.1,TFT4_Diana,Diana,Pale Cascade,OrbDamage,70/80/90,60,70,80,90,100,110,120
Set 4,4,base,TFTSet4,11.1,TFT4_Diana,Diana,Pale Cascade,Orbs,4/5/6,2,4,5,6,8,7,8
Set 4,4,base,TFTSet4,11.1,TFT4_Diana,Diana,Pale Cascade,ShieldDuration,4,4,4,4,4,4,4,4
Set 4,4,base,TFTSet4,11.1,TFT4_Diana,Diana,Pale Cascade,ShieldValue,200/300/400,50,200,300,400,500,550,650
Set 4,4,base,TFTSet4,11.1,TFT4_Elise,Elise,Spider Form,Lifesteal,40/80/160,0,40,80,160,160,200,240
Set 4,4,base,TFTSet4,11.1,TFT4_Elise,Elise,Spider Form,PercentHealth,0.35/0.4/0.45,0.3,0.35,0.4,0.45,0.5,0.55,0.6
Set 4,4,base,TFTSet4,11.1,TFT4_Elise,Elise,Spider Form,SpiderFormDuration,60,60,60,60,60,60,60,60
Set 4,4,base,TFTSet4,11.1,TFT4_Evelynn,Evelynn,Last Caress,BlinkBackDistance,3,3,3,3,3,3,3,3
Set 4,4,base,TFTSet4,11.1,TFT4_Evelynn,Evelynn,Last Caress,CritMultiplier,2.5,2.5,2.5,2.5,2.5,2.5,2.5,2.5
Set 4,4,base,TFTSet4,11.1,TFT4_Evelynn,Evelynn,Last Caress,CritThreshold,0.5,0.5,0.5,0.5,0.5,0.5,0.5,0.5
Set 4,4,base,TFTSet4,11.1,TFT4_Evelynn,Evelynn,Last Caress,Damage,350/600/1500,100,350,600,1500,500,600,700
Set 4,4,base,TFTSet4,11.1,TFT4_Ezreal,Ezreal,Flux Barrage,AttackSpeedDuration,5,5,5,5,5,5,5,5
Set 4,4,base,TFTSet4,11.1,TFT4_Ezreal,Ezreal,Flux Barrage,BaseDamage,250/450/9999,0,250,450,9999,900,1000,1200
Set 4,4,base,TFTSet4,11.1,TFT4_Ezreal,Ezreal,Flux Barrage,BaseHeal,250/450/9999,0,250,450,9999,0,0,0
Set 4,4,base,TFTSet4,11.1,TFT4_Ezreal,Ezreal,Flux Barrage,Duration,5,5,5,5,5,5,5,5
Set 4,4,base,TFTSet4,11.1,TFT4_Fiora,Fiora,Riposte,BlockDuration,1.5,1.5,1.5,1.5,1.5,1.5,1.5,1.5
Set 4,4,base,TFTSet4,11.1,TFT4_Fiora,Fiora,Riposte,Damage,250/400/600,0,250,400,600,600,750,900
Set 4,4,base,TFTSet4,11.1,TFT4_Fiora,Fiora,Riposte,StunDuration,1.5/2/3,1.5,1.5,2,3,1.5,1.5,1.5
Set 4,4,base,TFTSet4,11.1,TFT4_Galio,Galio,Provocation Aura,BaseDR,0.5,0.5,0.5,0.5,0.5,0.5,0.5,0.5
Set 4,4,base,TFTSet4,11.1,TFT4_Galio,Galio,Provocation Aura,CritMagicAOEPercent,0.5,0.5,0.5,0.5,0.5,0.5,0.5,0.5
Set 4,4,base,TFTSet4,11.1,TFT4_Galio,Galio,Provocation Aura,Damage,0/150/300,0,0,150,300,0,0,0
Set 4,4,base,TFTSet4,11.1,TFT4_Galio,Galio,Provocation Aura,Duration,3,3,3,3,3,3,3,3
Set 4,4,base,TFTSet4,11.1,TFT4_Galio,Galio,Provocation Aura,EndDamage,0/300/600,0,0,300,600,0,0,0
Set 4,4,base,TFTSet4,11.1,TFT4_Galio,Galio,Provocation Aura,TauntHexRadius,2,2,2,2,2,2,2,2
Set 4,4,base,TFTSet4,11.1,TFT4_Garen,Garen,Judgement,DamagePerTick,50/75/125,15,50,75,125,115,140,165
Set 4,4,base,TFTSet4,11.1,TFT4_Garen,Garen,Judgement,ETotalTicks,9,9,9,9,9,9,9,9
Set 4,4,base,TFTSet4,11.1,TFT4_Garen,Garen,Judgement,MagicDamageReduction,0.8,0.8,0.8,0.8,0.8,0.8,0.8,0.8
Set 4,4,base,TFTSet4,11.1,TFT4_Garen,Garen,Judgement,SpinDuration,4,4,4,4,4,4,4,4
Set 4,4,base,TFTSet4,11.1,TFT4_Hecarim,Hecarim,Spirit Of Life,Damage,250/400/600,40,250,400,600,520,640,760
Set 4,4,base,TFTSet4,11.1,TFT4_Hecarim,Hecarim,Spirit Of Life,Duration,3,3,3,3,3,3,3,3
Set 4,4,base,TFTSet4,11.1,TFT4_Hecarim,Hecarim,Spirit Of Life,Healing,250/400/600,40,250,400,600,520,640,760
Set 4,4,base,TFTSet4,11.1,TFT4_Hecarim,Hecarim,Spirit Of Life,Radius,1,1,1,1,1,1,1,1
Set 4,4,base,TFTSet4,11.1,TFT4_Hecarim,Hecarim,Spirit Of Life,TickRate,1,1,1,1,1,1,1,1
Set 4,4,base,TFTSet4,11.1,TFT4_Irelia,Irelia,Bladestorm,Damage,200/300/550,100,200,300,550,1600,3200,6400
Set 4,4,base,TFTSet4,11.1,TFT4_Irelia,Irelia,Bladestorm,DisarmDuration,2.5/3/3.5,2,2.5,3,3.5,4,4.5,5
Set 4,4,base,TFTSet4,11.1,TFT4_Janna,Janna,Eye of the Storm,Duration,4,0,4,4,4,0,0,0
Set 4,4,base,TFTSet4,11.1,TFT4_Janna,Janna,Eye of the Storm,NumAllies,2/3/4,1,2,3,4,5,6,7
Set 4,4,base,TFTSet4,11.1,TFT4_Janna,Janna,Eye of the Storm,ShieldAD,20/30/60,0,20,30,60,0,0,0
Set 4,4,base,TFTSet4,11.1,TFT4_Janna,Janna,Eye of the Storm,ShieldAmount,250/300/400,0,250,300,400,0,0,0
Set 4,4,base,TFTSet4,11.1,TFT4_JarvanIV,Jarvan IV,Dragon Strike,Damage,175/250/750,50,175,250,750,550,675,800
Set 4,4,base,TFTSet4,11.1,TFT4_JarvanIV,Jarvan IV,Dragon Strike,StunDuration,1,0,1,1,1,2,2,2
Set 4,4,base,TFTSet4,11.1,TFT4_Jax,Jax,Counter Strike,AttackRadius,1,1,1,1,1,1,1,1
Set 4,4,base,TFTSet4,11.1,TFT4_Jax,Jax,Counter Strike,Damage,150/250/450,50,150,250,450,500,500,500
Set 4,4,base,TFTSet4,11.1,TFT4_Jax,Jax,Counter Strike,Duration,2,2,2,2,2,2,2,2
Set 4,4,base,TFTSet4,11.1,TFT4_Jax,Jax,Counter Strike,StunDuration,1.5,1.5,1.5,1.5,1.5,1.5,1.5,1.5
Set 4,4,base,TFTSet4,11.1,TFT4_Jhin,Jhin,Whisper,ADFromAttackSpeed,0.8,0,0.8,0.8,0.8,0,0,0
Set 4,4,base,TFTSet4,11.1,TFT4_Jhin,Jhin,Whisper,AttackSpeed,0.85/0.9/1.2,0,0.85,0.9,1.2,0,0,0
Set 4,4,base,TFTSet4,11.1,TFT4_Jhin,Jhin,Whisper,PercentOfAD,4.44/5/12.34,0,4.44,5,12.34,0,0,0
Set 4,4,base,TFTSet4,11.1,TFT4_Jinx,Jinx,Fishbones,RocketDamage,150/250/450,0,150,250,450,0,0,0
Set 4,4,base,TFTSet4,11.1,TFT4_Jinx,Jinx,Fishbones,StunDuration,1.5/2/2.5,0,1.5,2,2.5,2,2,2
Set 4,4,base,TFTSet4,11.1,TFT4_Kalista,Kalista,Rend,PercentHealthDamage,0.04/0.06/0.09,0.02,0.04,0.06,0.09,0.1,0.12,0.14
Set 4,4,base,TFTSet4,11.1,TFT4_Katarina,Katarina,Death Lotus,DamagePerTick,40/60/120,20,40,60,120,120,145,170
Set 4,4,base,TFTSet4,11.1,TFT4_Katarina,Katarina,Death Lotus,Duration,2.5,2.5,2.5,2.5,2.5,2.5,2.5,2.5
Set 4,4,base,TFTSet4,11.1,TFT4_Katarina,Katarina,Death Lotus,GrievousWoundsDuration,5,5,5,5,5,5,5,5
Set 4,4,base,TFTSet4,11.1,TFT4_Katarina,Katarina,Death Lotus,NumberOfTargets,4/6/8,2,4,6,8,10,12,14
Set 4,4,base,TFTSet4,11.1,TFT4_Katarina,Katarina,Death Lotus,TicksPerSecond,6,6,6,6,6,6,6,6
Set 4,4,base,TFTSet4,11.1,TFT4_Katarina,Katarina,Death Lotus,TotalDamage,750/900/1600,375,750,900,1600,1875,2250,2625
Set 4,4,base,TFTSet4,11.1,TFT4_Kayn,Kayn,Reaping Slash,Damage,375/575/6666,300,375,575,6666,1200,1200,1200
Set 4,4,base,TFTSet4,11.1,TFT4_Kayn,Kayn,Reaping Slash,PercentRestored,0.5,0.5,0.5,0.5,0.5,0.5,0.5,0.5
Set 4,4,base,TFTSet4,11.1,TFT4_Kayn,Kayn,Reaping Slash,ShadowDamagePercent,50,50,50,50,50,50,50,50
Set 4,4,base,TFTSet4,11.1,TFT4_Kayn,Kayn,Reaping Slash,ShadowDuration,10,10,10,10,10,10,10,10
Set 4,4,base,TFTSet4,11.1,TFT4_Kennen,Kennen,Slicing Maelstrom,Damage,300/450/1200,0,300,450,1200,700,875,1050
Set 4,4,base,TFTSet4,11.1,TFT4_Kennen,Kennen,Slicing Maelstrom,Duration,3,3,3,3,3,3,3,3
Set 4,4,base,TFTSet4,11.1,TFT4_Kennen,Kennen,Slicing Maelstrom,StunDuration,1.5,1.5,1.5,1.5,1.5,1.5,1.5,1.5
Set 4,4,base,TFTSet4,11.1,TFT4_Kennen,Kennen,Slicing Maelstrom,TickRate,0.5,0.5,0.5,0.5,0.5,0.5,0.5,0.5
Set 4,4,base,TFTSet4,11.1,TFT4_Kindred,Kindred,Dance of Dread,Damage,450/650/1000,100,450,650,1000,650,650,650
Set 4,4,base,TFTSet4,11.1,TFT4_Kindred,Kindred,Dance of Dread,GrievousWoundsDuration,5,5,5,5,5,5,5,5
Set 4,4,base,TFTSet4,11.1,TFT4_Kindred,Kindred,Dance of Dread,HexRange,2,2,2,2,2,2,2,2
Set 4,4,base,TFTSet4,11.1,TFT4_LeeSin,Lee Sin,God Fist,Damage,250/450/1000,0,250,450,1000,0,0,0
Set 4,4,base,TFTSet4,11.1,TFT4_LeeSin,Lee Sin,God Fist,PrimaryStunDuration,2/3/10,0,2,3,10,0,0,0
Set 4,4,base,TFTSet4,11.1,TFT4_LeeSin,Lee Sin,God Fist,SecondaryStunDuration,1/1/10,0,1,1,10,0,0,0
Set 4,4,base,TFTSet4,11.1,TFT4_Lillia,Lillia,Lilting Lullaby,BreakDamage,500,0,500,500,500,0,0,0
Set 4,4,base,TFTSet4,11.1,TFT4_Lillia,Lillia,Lilting Lullaby,Damage,500/750/5000,0,500,750,5000,0,0,0
Set 4,4,base,TFTSet4,11.1,TFT4_Lillia,Lillia,Lilting Lullaby,Duration,3/4/8,2.5,3,4,8,5,5,5
Set 4,4,base,TFTSet4,11.1,TFT4_Lillia,Lillia,Lilting Lullaby,NumTargets,2/3/10,0,2,3,10,4000,8000,16000
Set 4,4,base,TFTSet4,11.1,TFT4_Lissandra,Lissandra,1000 Daggers,Damage,350/450/550,0,350,450,550,750,0,0
Set 4,4,base,TFTSet4,11.1,TFT4_Lissandra,Lissandra,1000 Daggers,SecondaryDamage,175/225/275,0,175,225,275,375,0,0
Set 4,4,base,TFTSet4,11.1,TFT4_Lulu,Lulu,Wild Growth,BonusHealth,400/600/950,200,400,600,950,1200,1200,1200
Set 4,4,base,TFTSet4,11.1,TFT4_Lulu,Lulu,Wild Growth,BuffDuration,60,60,60,60,60,60,60,60
Set 4,4,base,TFTSet4,11.1,TFT4_Lulu,Lulu,Wild Growth,CCDuration,1,1,1,1,1,1,1,1
Set 4,4,base,TFTSet4,11.1,TFT4_Lulu,Lulu,Wild Growth,DamageAmp,0.25/0.3/0.4,0.1,0.25,0.3,0.4,0.1,0.1,0.1
Set 4,4,base,TFTSet4,11.1,TFT4_Lux,Lux,Light Binding,Damage,300/400/700,300,300,400,700,800,800,800
Set 4,4,base,TFTSet4,11.1,TFT4_Lux,Lux,Light Binding,StunDuration,1.5/2/3,1,1.5,2,3,3,3.5,4
Set 4,4,base,TFTSet4,11.1,TFT4_Maokai,Maokai,Bramble Smash,ASSlowDuration,3,3,3,3,3,3,3,3
Set 4,4,base,TFTSet4,11.1,TFT4_Maokai,Maokai,Bramble Smash,Damage,225/350/550,50,225,350,550,1000,1250,1500
Set 4,4,base,TFTSet4,11.1,TFT4_Morgana,Morgana,Hallowed Ground,Damage,250/400/2000,0,250,400,2000,0,0,0
Set 4,4,base,TFTSet4,11.1,TFT4_Morgana,Morgana,Hallowed Ground,Duration,5,0,5,5,5,5,5,5
Set 4,4,base,TFTSet4,11.1,TFT4_Morgana,Morgana,Hallowed Ground,HealPercent,20/25/30,0,20,25,30,0,0,0
Set 4,4,base,TFTSet4,11.1,TFT4_Nami,Nami,Aqua Prison,Damage,225/300/450,50,225,300,450,450,550,650
Set 4,4,base,TFTSet4,11.1,TFT4_Nami,Nami,Aqua Prison,StunDuration,2.5/3/4,1.5,2.5,3,4,3.5,4,4.5
Set 4,4,base,TFTSet4,11.1,TFT4_NPC_Nexus,Nexus Minion,,BaseDamage,200,200,200,200,200,200,200,200
Set 4,4,base,TFTSet4,11.1,TFT4_NPC_Nexus,Nexus Minion,,HealthPercentDamage,0.6,0.6,0.6,0.6,0.6,0.6,0.6,0.6
Set 4,4,base,TFTSet4,11.1,TFT4_Nidalee,Nidalee,Javelin Toss,BaseDamage,225/350/600,50,225,350,600,450,550,650
Set 4,4,base,TFTSet4,11.1,TFT4_Nidalee,Nidalee,Javelin Toss,PercentPerHex,0.2,0.2,0.2,0.2,0.2,0.2,0.2,0.2
Set 4,4,base,TFTSet4,11.1,TFT4_Nunu,Nunu & Willump,Consume,Damage,450/650/1800,200,450,650,1800,3200,6400,12800
Set 4,4,base,TFTSet4,11.1,TFT4_Nunu,Nunu & Willump,Consume,DamageAmp,0.5,0.5,0.5,0.5,0.5,0.5,0.5,0.5
Set 4,4,base,TFTSet4,11.1,TFT4_Pyke,Pyke,Phantom Undertow,Damage,125/200/375,100,125,200,375,300,350,400
Set 4,4,base,TFTSet4,11.1,TFT4_Pyke,Pyke,Phantom Undertow,StunDelay,1,1,1,1,1,1,1,1
Set 4,4,base,TFTSet4,11.1,TFT4_Pyke,Pyke,Phantom Undertow,StunDuration,2/2.5/4,1,2,2.5,4,3,3.5,4
Set 4,4,base,TFTSet4,11.1,TFT4_Riven,Riven,Sweeping Strikes,Damage,175/250/750,50,175,250,750,1000,1250,1500
Set 4,4,base,TFTSet4,11.1,TFT4_Riven,Riven,Sweeping Strikes,DamageFinal,300/450/1350,0,300,450,1350,0,0,0
Set 4,4,base,TFTSet4,11.1,TFT4_Riven,Riven,Sweeping Strikes,Shield,175/250/750,0,175,250,750,0,0,0
Set 4,4,base,TFTSet4,11.1,TFT4_Riven,Riven,Sweeping Strikes,ShieldDuration,4,4,4,4,4,4,4,4
Set 4,4,base,TFTSet4,11.1,TFT4_Riven,Riven,Sweeping Strikes,SlashHexRadius,1,1,1,1,1,1,1,1
Set 4,4,base,TFTSet4,11.1,TFT4_Sejuani,Sejuani,Firecracker,Damage,100/200/800,25,100,200,800,325,400,475
Set 4,4,base,TFTSet4,11.1,TFT4_Sejuani,Sejuani,Firecracker,ExplosionDelay,2,0,2,2,2,2,2,2
Set 4,4,base,TFTSet4,11.1,TFT4_Sejuani,Sejuani,Firecracker,HexRadius,3,3,3,3,3,3,3,3
Set 4,4,base,TFTSet4,11.1,TFT4_Sejuani,Sejuani,Firecracker,StunDuration,2.5/3/6,0.5,2.5,3,6,6.5,8,9.5
Set 4,4,base,TFTSet4,11.1,TFT4_Sett,Sett,Showstopper,PercentMaxHealthDamagePrimary,0.4/0.6/4,0,0.4,0.6,4,0,0,0
Set 4,4,base,TFTSet4,11.1,TFT4_Sett,Sett,Showstopper,PercentMaxHealthDamageSecondary,0.2/0.3/2,0,0.2,0.3,2,0,0,0
Set 4,4,base,TFTSet4,11.1,TFT4_Shen,Shen,Shadow Dash,Duration,4/4/8,4,4,4,8,4,4,4
Set 4,4,base,TFTSet4,11.1,TFT4_Shen,Shen,Shadow Dash,ShieldAmount,500/800/4000,250,500,800,4000,5000,5000,5000
Set 4,4,base,TFTSet4,11.1,TFT4_Sylas,Sylas,Chain Lash,BaseDamage,250/400/700,0,250,400,700,1111,800,800
Set 4,4,base,TFTSet4,11.1,TFT4_Sylas,Sylas,Chain Lash,Duration,2/3/4,1,2,3,4,5,6,7
Set 4,4,base,TFTSet4,11.1,TFT4_Sylas,Sylas,Chain Lash,HexDistance,3,3,3,3,3,3,3,3
Set 4,4,base,TFTSet4,11.1,TFT4_TahmKench,Tahm Kench,Thick Skin,DamageReduction,15/25/75,15,15,25,75,1050,1300,1550
Set 4,4,base,TFTSet4,11.1,TFT4_Talon,Talon,Truestrike,Damage,85/135/400,0,85,135,400,0,0,0
Set 4,4,base,TFTSet4,11.1,TFT4_Talon,Talon,Truestrike,PercentOfAD,2.4/2.5/2.75,0,2.4,2.5,2.75,0,0,0
Set 4,4,base,TFTSet4,11.1,TFT4_Teemo,Teemo,Sporecloud Dart,Duration,2.5/3/4.5,2,2.5,3,4.5,6,7,8
Set 4,4,base,TFTSet4,11.1,TFT4_Teemo,Teemo,Sporecloud Dart,TickRate,0.5,0.5,0.5,0.5,0.5,0.5,0.5,0.5
Set 4,4,base,TFTSet4,11.1,TFT4_Teemo,Teemo,Sporecloud Dart,TotalDamage,300/450/900,50,300,450,900,650,800,950
Set 4,4,base,TFTSet4,11.1,TFT4_Thresh,Thresh,Spectral Lantern,Duration,4,4,4,4,4,4,4,4
Set 4,4,base,TFTSet4,11.1,TFT4_Thresh,Thresh,Spectral Lantern,Radius,1,1,1,1,1,1,1,1
Set 4,4,base,TFTSet4,11.1,TFT4_Thresh,Thresh,Spectral Lantern,ShieldAmount,250/450/750,100,250,450,750,700,850,1000
Set 4,4,base,TFTSet4,11.1,TFT4_TwistedFate,Twisted Fate,Wild Cards,BaseDamage,250/350/475,0,250,350,475,550,550,550
Set 4,4,base,TFTSet4,11.1,TFT4_Vayne,Vayne,Silver Bolts,BonusDamage,50/90/140,60,50,90,140,225,225,225
Set 4,4,base,TFTSet4,11.1,TFT4_Veigar,Veigar,Dark Blossom,APToAdd,1/1/2,1,1,1,2,27,27,27
Set 4,4,base,TFTSet4,11.1,TFT4_Veigar,Veigar,Dark Blossom,Damage,450/600/900,0,450,600,900,900,900,900
Set 4,4,base,TFTSet4,11.1,TFT4_Vi,Vi,Denting Blow,ArmorReduction,0.4/0.6/0.8,0.25,0.4,0.6,0.8,1.25,1.5,1.75
Set 4,4,base,TFTSet4,11.1,TFT4_Vi,Vi,Denting Blow,Damage,250/400/800,50,250,400,800,650,800,950
Set 4,4,base,TFTSet4,11.1,TFT4_Vi,Vi,Denting Blow,Duration,8,8,8,8,8,8,8,8
Set 4,4,base,TFTSet4,11.1,TFT4_Warwick,Warwick,Primal Hunger,AllyAS,0.6/0.75/2,0,0.6,0.75,2,0,0,0
Set 4,4,base,TFTSet4,11.1,TFT4_Warwick,Warwick,Primal Hunger,AllyASDuration,3,3,3,3,3,3,3,3
Set 4,4,base,TFTSet4,11.1,TFT4_Warwick,Warwick,Primal Hunger,AttackSpeedPercent,1.35/1.5/5,5,1.35,1.5,5,5,5,5
Set 4,4,base,TFTSet4,11.1,TFT4_Warwick,Warwick,Primal Hunger,FearDuration,0.75/0.75/3,200,0.75,0.75,3,200,200,200
Set 4,4,base,TFTSet4,11.1,TFT4_Warwick,Warwick,Primal Hunger,LifestealPercent,40/40/200,0,40,40,200,0.2,0.2,0.2
Set 4,4,base,TFTSet4,11.1,TFT4_Wukong,Wukong,Crushing Blow,Duration,1.5/2/3,1.5,1.5,2,3,2,2,2
Set 4,4,base,TFTSet4,11.1,TFT4_Wukong,Wukong,Crushing Blow,PercentAD,2.5/2.65/2.8,1.5,2.5,2.65,2.8,3.5,4,4.5
Set 4,4,base,TFTSet4,11.1,TFT4_XinZhao,Xin Zhao,Crescent Guard,ArmorAndMR,50/60/75,0,50,60,75,0,0,0
Set 4,4,base,TFTSet4,11.1,TFT4_XinZhao,Xin Zhao,Crescent Guard,Damage,150/225/500,75,150,225,500,575,700,825
Set 4,4,base,TFTSet4,11.1,TFT4_XinZhao,Xin Zhao,Crescent Guard,DamageAmp,2,2,2,2,2,2,2,2
Set 4,4,base,TFTSet4,11.1,TFT4_XinZhao,Xin Zhao,Crescent Guard,DamageReduction,0.85,0.85,0.85,0.85,0.85,0.85,0.85,0.85
Set 4,4,base,TFTSet4,11.1,TFT4_XinZhao,Xin Zhao,Crescent Guard,Duration,6,6,6,6,6,6,6,6
Set 4,4,base,TFTSet4,11.1,TFT4_XinZhao,Xin Zhao,Crescent Guard,HexRadius,1,1,1,1,1,1,1,1
Set 4,4,base,TFTSet4,11.1,TFT4_XinZhao,Xin Zhao,Crescent Guard,PercentOfAttackDamage,3.3/3.4/3.5,0,3.3,3.4,3.5,5,0,0
Set 4,4,base,TFTSet4,11.1,TFT4_Yasuo,Yasuo,Striking Steel,ADPercent,1.8/2/2.25,0,1.8,2,2.25,0,0,0
Set 4,4,base,TFTSet4,11.1,TFT4_Yasuo,Yasuo,Striking Steel,HexRange,2,2,2,2,2,2,2,2
Set 4,4,base,TFTSet4,11.1,TFT4_Yasuo,Yasuo,Striking Steel,Width,75,75,75,75,75,75,75,75
Set 4,4,base,TFTSet4,11.1,TFT4_Yone,Yone,Seal Fate,Damage,600/1200/9999,1000,600,1200,9999,9999,9999,9999
Set 4,4,base,TFTSet4,11.1,TFT4_Yone,Yone,Seal Fate,KnockUpDuration,1,1,1,1,1,1,1,1
Set 4,4,base,TFTSet4,11.1,TFT4_Yone,Yone,Seal Fate,MaxDistance,880,880,880,880,880,880,880,880
Set 4,4,base,TFTSet4,11.1,TFT4_Yone,Yone,Seal Fate,ShredPercent,60,0,60,60,60,60,60,60
Set 4,4,base,TFTSet4,11.1,TFT4_Yone,Yone,Seal Fate,UnforgottenDamage,200/400/1000,0,200,400,1000,0,0,0
Set 4,4,base,TFTSet4,11.1,TFT4_Yuumi,Yuumi,Zoomies,AttackSpeed,0.3/0.4/0.6,0.2,0.3,0.4,0.6,1,1.2,1.4
Set 4,4,base,TFTSet4,11.1,TFT4_Yuumi,Yuumi,Zoomies,DashSpeed,1600,1600,1600,1600,1600,1600,1600,1600
Set 4,4,base,TFTSet4,11.1,TFT4_Yuumi,Yuumi,Zoomies,Duration,5,5,5,5,5,5,5,5
Set 4,4,base,TFTSet4,11.1,TFT4_Yuumi,Yuumi,Zoomies,Healing,0.3/0.45/0.75,0.15,0.3,0.45,0.75,0.75,0.9,1.05
Set 4,4,base,TFTSet4,11.1,TFT4_Zed,Zed,Contempt For The Weak,ADSteal,0.25/0.3/0.35,0.25,0.25,0.3,0.35,0.8,0.8,0.8
Set 4,4,base,TFTSet4,11.1,TFT4_Zed,Zed,Contempt For The Weak,Damage,40/50/75,0,40,50,75,0,0,0
Set 4,4,base,TFTSet4,11.1,TFT4_Zilean,Zilean,Rewind Fate,AttackSpeed,0.5/0.75/5,0.75,0.5,0.75,5,0.75,0.75,0.75
Set 4,4,base,TFTSet4,11.1,TFT4_Zilean,Zilean,Rewind Fate,HealthAmount,350/500/3000,400,350,500,3000,400,400,400
Set 4,4,base,TFTSet4,11.1,TFT4_Zilean,Zilean,Rewind Fate,NumTargets,2/3/10,0,2,3,10,4,5,6
Set 4,4,base,TFTSet4,11.1,TFT4_Zilean,Zilean,Rewind Fate,ReviveDelay,3.5/3/1,6,3.5,3,1,1,1,0
Set 4.5,4,mid,TFTSet4_Act2,11.8,TFT4_Aatrox,Aatrox,Infernal Chains,Damage,400/600/2500,0,400,600,2500,1200,1250,1500
Set 4.5,4,mid,TFTSet4_Act2,11.8,TFT4_Aatrox,Aatrox,Infernal Chains,NumberOfTargets,2/2/5,0.5,2,2,5,8,16,32
Set 4.5,4,mid,TFTSet4_Act2,11.8,TFT4_Akali,Akali,Five Point Strike,ConeDeg,30,30,30,30,30,30,30,30
Set 4.5,4,mid,TFTSet4_Act2,11.8,TFT4_Akali,Akali,Five Point Strike,Damage,200/275/450,20,200,275,450,500,620,740
Set 4.5,4,mid,TFTSet4_Act2,11.8,TFT4_Akali,Akali,Five Point Strike,HexRange,1,1,1,1,1,1,1,1
Set 4.5,4,mid,TFTSet4_Act2,11.8,TFT4_Annie,Annie,Burst Shield,Damage,250/350/450,100,250,350,450,450,450,450
Set 4.5,4,mid,TFTSet4_Act2,11.8,TFT4_Annie,Annie,Burst Shield,ShieldAmount,500/700/900,200,500,700,900,700,450,450
Set 4.5,4,mid,TFTSet4_Act2,11.8,TFT4_Annie,Annie,Burst Shield,ShieldDuration,8,8,8,8,8,8,8,8
Set 4.5,4,mid,TFTSet4_Act2,11.8,TFT4_AurelionSol,Aurelion Sol,Voice of Lightning,Damage,300/475/1300,400,300,475,1300,1000,1250,1500
Set 4.5,4,mid,TFTSet4_Act2,11.8,TFT4_AurelionSol,Aurelion Sol,Voice of Lightning,OCAmp,0.5,0.5,0.5,0.5,0.5,0.5,0.5,0.5
Set 4.5,4,mid,TFTSet4_Act2,11.8,TFT4_AurelionSol,Aurelion Sol,Voice of Lightning,OCDuration,10,10,10,10,10,10,10,10
Set 4.5,4,mid,TFTSet4_Act2,11.8,TFT4_Azir,Azir,Emperor's Divide,KnockupDuration,1.5,1.5,1.5,1.5,1.5,1.5,1.5,1.5
Set 4.5,4,mid,TFTSet4_Act2,11.8,TFT4_Azir,Azir,Emperor's Divide,SlowDuration,3,3,3,3,3,3,3,3
Set 4.5,4,mid,TFTSet4_Act2,11.8,TFT4_Azir,Azir,Emperor's Divide,WallDamage,225/375/18888,250,225,375,18888,525,650,775
Set 4.5,4,mid,TFTSet4_Act2,11.8,TFT4_Azir,Azir,Emperor's Divide,WallDuration,3,3,3,3,3,3,3,3
Set 4.5,4,mid,TFTSet4_Act2,11.8,TFT4_Azir,Azir,Emperor's Divide,WallLength,2100,2100,2100,2100,2100,2100,2100,2100
Set 4.5,4,mid,TFTSet4_Act2,11.8,TFT4_Azir,Azir,Emperor's Divide,WallWidth,450,450,450,450,450,450,450,450
Set 4.5,4,mid,TFTSet4_Act2,11.8,TFT4_Brand,Brand,Dragonfire Pillar,Damage,200/300/500,0,200,300,500,550,550,550
Set 4.5,4,mid,TFTSet4_Act2,11.8,TFT4_Brand,Brand,Dragonfire Pillar,Radius,1,1,1,1,1,1,1,1
Set 4.5,4,mid,TFTSet4_Act2,11.8,TFT4_Brand,Brand,Dragonfire Pillar,StunDuration,1.5/2/3,1,1.5,2,3,3,3.5,4
Set 4.5,4,mid,TFTSet4_Act2,11.8,TFT4_Braum,Braum,Unbreakable,ShieldDR,0.75/0.8/0.9,0.7,0.75,0.8,0.9,0.9,0.95,1
Set 4.5,4,mid,TFTSet4_Act2,11.8,TFT4_Braum,Braum,Unbreakable,ShieldDuration,4,4,4,4,4,4,4,4
Set 4.5,4,mid,TFTSet4_Act2,11.8,TFT4_ChoGath,Cho'Gath,Rupture,Damage,200/400/2000,0,200,400,2000,800,800,800
Set 4.5,4,mid,TFTSet4_Act2,11.8,TFT4_ChoGath,Cho'Gath,Rupture,KnockDuration,2/2.5/8,1.5,2,2.5,8,4,4,4
Set 4.5,4,mid,TFTSet4_Act2,11.8,TFT4_ChoGath,Cho'Gath,Rupture,RuptureDelay,1.5,1.5,1.5,1.5,1.5,1.5,1.5,1.5
Set 4.5,4,mid,TFTSet4_Act2,11.8,TFT4_Darius,Darius,Fortune's Guillotine,Damage,550/850/1400,50,550,850,1400,2000,3000,4000
Set 4.5,4,mid,TFTSet4_Act2,11.8,TFT4_Darius,Darius,Fortune's Guillotine,DamageFalloff,0.25/0.2/0.15,0,0.25,0.2,0.15,0,0,0
Set 4.5,4,mid,TFTSet4_Act2,11.8,TFT4_Darius,Darius,Fortune's Guillotine,HealthThreshold,0.5,0.5,0.5,0.5,0.5,0.5,0.5,0.5
Set 4.5,4,mid,TFTSet4_Act2,11.8,TFT4b_Diana,Diana,Pale Cascade,OrbDamage,80/85/90,60,80,85,90,100,110,120
Set 4.5,4,mid,TFTSet4_Act2,11.8,TFT4b_Diana,Diana,Pale Cascade,Orbs,4/5/6,2,4,5,6,9,7,8
Set 4.5,4,mid,TFTSet4_Act2,11.8,TFT4b_Diana,Diana,Pale Cascade,ShieldDuration,4,4,4,4,4,4,4,4
Set 4.5,4,mid,TFTSet4_Act2,11.8,TFT4b_Diana,Diana,Pale Cascade,ShieldValue,200/300/450,50,200,300,450,500,550,650
Set 4.5,4,mid,TFTSet4_Act2,11.8,TFT4_Elise,Elise,Spider Form,Lifesteal,40/80/160,0,40,80,160,160,200,240
Set 4.5,4,mid,TFTSet4_Act2,11.8,TFT4_Elise,Elise,Spider Form,PercentHealth,0.25/0.3/0.45,0.3,0.25,0.3,0.45,0.5,0.55,0.6
Set 4.5,4,mid,TFTSet4_Act2,11.8,TFT4_Elise,Elise,Spider Form,PercentManaIncrease,0.35/0.35/0.5,0.33,0.35,0.35,0.5,0.33,0.33,0.33
Set 4.5,4,mid,TFTSet4_Act2,11.8,TFT4_Elise,Elise,Spider Form,SpiderFormDuration,60,60,60,60,60,60,60,60
Set 4.5,4,mid,TFTSet4_Act2,11.8,TFT4_Fiora,Fiora,Riposte,BlockDuration,1.5,1.5,1.5,1.5,1.5,1.5,1.5,1.5
Set 4.5,4,mid,TFTSet4_Act2,11.8,TFT4_Fiora,Fiora,Riposte,Damage,250/400/600,0,250,400,600,600,750,900
Set 4.5,4,mid,TFTSet4_Act2,11.8,TFT4_Fiora,Fiora,Riposte,StunDuration,2/2.5/4,1.5,2,2.5,4,1.5,1.5,1.5
Set 4.5,4,mid,TFTSet4_Act2,11.8,TFT4_Galio,Galio,Provocation Aura,BaseDR,0.5,0.5,0.5,0.5,0.5,0.5,0.5,0.5
Set 4.5,4,mid,TFTSet4_Act2,11.8,TFT4_Galio,Galio,Provocation Aura,CritMagicAOEPercent,0.5,0.5,0.5,0.5,0.5,0.5,0.5,0.5
Set 4.5,4,mid,TFTSet4_Act2,11.8,TFT4_Galio,Galio,Provocation Aura,Damage,0/150/300,0,0,150,300,0,0,0
Set 4.5,4,mid,TFTSet4_Act2,11.8,TFT4_Galio,Galio,Provocation Aura,Duration,3,3,3,3,3,3,3,3
Set 4.5,4,mid,TFTSet4_Act2,11.8,TFT4_Galio,Galio,Provocation Aura,EndDamage,0/250/500,0,0,250,500,0,0,0
Set 4.5,4,mid,TFTSet4_Act2,11.8,TFT4_Galio,Galio,Provocation Aura,TauntHexRadius,2,2,2,2,2,2,2,2
Set 4.5,4,mid,TFTSet4_Act2,11.8,TFT4_Garen,Garen,Judgement,DamagePerTick,50/75/138.889,15,50,75,138.889,115,140,165
Set 4.5,4,mid,TFTSet4_Act2,11.8,TFT4_Garen,Garen,Judgement,ETotalTicks,9,9,9,9,9,9,9,9
Set 4.5,4,mid,TFTSet4_Act2,11.8,TFT4_Garen,Garen,Judgement,MagicDamageReduction,0.8,0.8,0.8,0.8,0.8,0.8,0.8,0.8
Set 4.5,4,mid,TFTSet4_Act2,11.8,TFT4_Garen,Garen,Judgement,SpinDuration,4,4,4,4,4,4,4,4
Set 4.5,4,mid,TFTSet4_Act2,11.8,TFT4_Irelia,Irelia,Bladestorm,Damage,200/300/700,100,200,300,700,1600,3200,6400
Set 4.5,4,mid,TFTSet4_Act2,11.8,TFT4_Irelia,Irelia,Bladestorm,DisarmDuration,2.5/3/5,2,2.5,3,5,4,4.5,5
Set 4.5,4,mid,TFTSet4_Act2,11.8,TFT4_Janna,Janna,Eye of the Storm,Duration,4,0,4,4,4,0,0,0
Set 4.5,4,mid,TFTSet4_Act2,11.8,TFT4_Janna,Janna,Eye of the Storm,NumAllies,2/3/4,1,2,3,4,5,6,7
Set 4.5,4,mid,TFTSet4_Act2,11.8,TFT4_Janna,Janna,Eye of the Storm,ShieldAD,20/30/60,0,20,30,60,0,0,0
Set 4.5,4,mid,TFTSet4_Act2,11.8,TFT4_Janna,Janna,Eye of the Storm,ShieldAmount,250/275/350,0,250,275,350,0,0,0
Set 4.5,4,mid,TFTSet4_Act2,11.8,TFT4_JarvanIV,Jarvan IV,Dragon Strike,Damage,175/250/750,50,175,250,750,550,675,800
Set 4.5,4,mid,TFTSet4_Act2,11.8,TFT4_JarvanIV,Jarvan IV,Dragon Strike,StunDuration,1,0,1,1,1,2,2,2
Set 4.5,4,mid,TFTSet4_Act2,11.8,TFT4_Jax,Jax,Counter Strike,AttackRadius,1,1,1,1,1,1,1,1
Set 4.5,4,mid,TFTSet4_Act2,11.8,TFT4_Jax,Jax,Counter Strike,Damage,150/250/450,50,150,250,450,500,500,500
Set 4.5,4,mid,TFTSet4_Act2,11.8,TFT4_Jax,Jax,Counter Strike,Duration,2,2,2,2,2,2,2,2
Set 4.5,4,mid,TFTSet4_Act2,11.8,TFT4_Jax,Jax,Counter Strike,StunDuration,1.5,1.5,1.5,1.5,1.5,1.5,1.5,1.5
Set 4.5,4,mid,TFTSet4_Act2,11.8,TFT4_Kalista,Kalista,Rend,PercentHealthDamage,0.04/0.06/0.09,0.02,0.04,0.06,0.09,0.1,0.12,0.14
Set 4.5,4,mid,TFTSet4_Act2,11.8,TFT4_Katarina,Katarina,Death Lotus,Duration,2.5,2.5,2.5,2.5,2.5,2.5,2.5,2.5
Set 4.5,4,mid,TFTSet4_Act2,11.8,TFT4_Katarina,Katarina,Death Lotus,GrievousWoundsDuration,5,5,5,5,5,5,5,5
Set 4.5,4,mid,TFTSet4_Act2,11.8,TFT4_Katarina,Katarina,Death Lotus,NumberOfTargets,4/5/6,2,4,5,6,10,12,14
Set 4.5,4,mid,TFTSet4_Act2,11.8,TFT4_Katarina,Katarina,Death Lotus,NumberOfWaves,15,0,15,15,15,15,15,15
Set 4.5,4,mid,TFTSet4_Act2,11.8,TFT4_Katarina,Katarina,Death Lotus,TotalDamage,650/1000/1500,375,650,1000,1500,1875,2250,2625
Set 4.5,4,mid,TFTSet4_Act2,11.8,TFT4_Kayle,Kayle,Divine Ascension,WaveDamage,110/150/350,0,110,150,350,0,0,0
Set 4.5,4,mid,TFTSet4_Act2,11.8,TFT4_Kennen,Kennen,Slicing Maelstrom,Damage,350/550/1200,0,350,550,1200,700,875,1050
Set 4.5,4,mid,TFTSet4_Act2,11.8,TFT4_Kennen,Kennen,Slicing Maelstrom,Duration,3,3,3,3,3,3,3,3
Set 4.5,4,mid,TFTSet4_Act2,11.8,TFT4_Kennen,Kennen,Slicing Maelstrom,StunDuration,1.5,1.5,1.5,1.5,1.5,1.5,1.5,1.5
Set 4.5,4,mid,TFTSet4_Act2,11.8,TFT4_Kennen,Kennen,Slicing Maelstrom,TickRate,0.5,0.5,0.5,0.5,0.5,0.5,0.5,0.5
Set 4.5,4,mid,TFTSet4_Act2,11.8,TFT4b_Kindred,Kindred,Dance of Dread,Damage,400/600/1000,100,400,600,1000,650,650,650
Set 4.5,4,mid,TFTSet4_Act2,11.8,TFT4b_Kindred,Kindred,Dance of Dread,GrievousWoundsDuration,5,5,5,5,5,5,5,5
Set 4.5,4,mid,TFTSet4_Act2,11.8,TFT4b_Kindred,Kindred,Dance of Dread,HexRange,2,2,2,2,2,2,2,2
Set 4.5,4,mid,TFTSet4_Act2,11.8,TFT4_LeeSin,Lee Sin,God Fist,Damage,200/375/1000,0,200,375,1000,0,0,0
Set 4.5,4,mid,TFTSet4_Act2,11.8,TFT4_LeeSin,Lee Sin,God Fist,PrimaryStunDuration,2/3/10,0,2,3,10,0,0,0
Set 4.5,4,mid,TFTSet4_Act2,11.8,TFT4_LeeSin,Lee Sin,God Fist,SecondaryStunDuration,1/1/10,0,1,1,10,0,0,0
Set 4.5,4,mid,TFTSet4_Act2,11.8,TFT4_Lulu,Lulu,Wild Growth,BonusHealth,400/600/950,200,400,600,950,1200,1200,1200
Set 4.5,4,mid,TFTSet4_Act2,11.8,TFT4_Lulu,Lulu,Wild Growth,BuffDuration,60,60,60,60,60,60,60,60
Set 4.5,4,mid,TFTSet4_Act2,11.8,TFT4_Lulu,Lulu,Wild Growth,CCDuration,1,1,1,1,1,1,1,1
Set 4.5,4,mid,TFTSet4_Act2,11.8,TFT4_Lulu,Lulu,Wild Growth,DamageAmp,0.25/0.3/0.4,0.1,0.25,0.3,0.4,0.1,0.1,0.1
Set 4.5,4,mid,TFTSet4_Act2,11.8,TFT4_Maokai,Maokai,Bramble Smash,ASSlowDuration,3,3,3,3,3,3,3,3
Set 4.5,4,mid,TFTSet4_Act2,11.8,TFT4_Maokai,Maokai,Bramble Smash,Damage,225/350/550,50,225,350,550,1000,1250,1500
Set 4.5,4,mid,TFTSet4_Act2,11.8,TFT4b_Morgana,Morgana,Hallowed Ground,ADReductionPercent,40/40/80,0,40,40,80,0,0,0
Set 4.5,4,mid,TFTSet4_Act2,11.8,TFT4b_Morgana,Morgana,Hallowed Ground,Damage,250/400/1600,0,250,400,1600,0,0,0
Set 4.5,4,mid,TFTSet4_Act2,11.8,TFT4b_Morgana,Morgana,Hallowed Ground,Duration,5,0,5,5,5,5,5,5
Set 4.5,4,mid,TFTSet4_Act2,11.8,TFT4_Nasus,Nasus,Wither,Damage,350/550/850,0,350,550,850,0,0,0
Set 4.5,4,mid,TFTSet4_Act2,11.8,TFT4_Nasus,Nasus,Wither,Duration,5,5,5,5,5,5,5,5
Set 4.5,4,mid,TFTSet4_Act2,11.8,TFT4_Nasus,Nasus,Wither,SlowPercent,0.5,0.5,0.5,0.5,0.5,0.5,0.5,0.5
Set 4.5,4,mid,TFTSet4_Act2,11.8,TFT4_Nautilus,Nautilus,Impact Crater,Damage,300/450/1000,0,300,450,1000,0,0,0
Set 4.5,4,mid,TFTSet4_Act2,11.8,TFT4_Nautilus,Nautilus,Impact Crater,FabledDuration,5,5,5,5,5,5,5,5
Set 4.5,4,mid,TFTSet4_Act2,11.8,TFT4_Nautilus,Nautilus,Impact Crater,FabledReduction,0.5,0.5,0.5,0.5,0.5,0.5,0.5,0.5
Set 4.5,4,mid,TFTSet4_Act2,11.8,TFT4_Nautilus,Nautilus,Impact Crater,StunDuration,3/4/5,0,3,4,5,0,0,0
Set 4.5,4,mid,TFTSet4_Act2,11.8,TFT4_Neeko,Neeko,Blooming Burst,Damage,250/325/425,0,250,325,425,400,500,600
Set 4.5,4,mid,TFTSet4_Act2,11.8,TFT4_Neeko,Neeko,Blooming Burst,MythBonusMultiplier,1.5,1.5,1.5,1.5,1.5,1.5,1.5,1.5
Set 4.5,4,mid,TFTSet4_Act2,11.8,TFT4_Neeko,Neeko,Blooming Burst,Radius1,,,,,,,,
Set 4.5,4,mid,TFTSet4_Act2,11.8,TFT4_Neeko,Neeko,Blooming Burst,Radius2,1,1,1,1,1,1,1,1
Set 4.5,4,mid,TFTSet4_Act2,11.8,TFT4_Neeko,Neeko,Blooming Burst,Radius3,2,2,2,2,2,2,2,2
Set 4.5,4,mid,TFTSet4_Act2,11.8,TFT4_NPC_Nexus,Nexus Minion,,BaseDamage,200,200,200,200,200,200,200,200
Set 4.5,4,mid,TFTSet4_Act2,11.8,TFT4_NPC_Nexus,Nexus Minion,,HealthPercentDamage,0.6,0.6,0.6,0.6,0.6,0.6,0.6,0.6
Set 4.5,4,mid,TFTSet4_Act2,11.8,TFT4_Nidalee,Nidalee,Javelin Toss,BaseDamage,100/175/350,50,100,175,350,450,550,650
Set 4.5,4,mid,TFTSet4_Act2,11.8,TFT4_Nidalee,Nidalee,Javelin Toss,PercentPerHex,0.8,0.8,0.8,0.8,0.8,0.8,0.8,0.8
Set 4.5,4,mid,TFTSet4_Act2,11.8,TFT4_Nunu,Nunu & Willump,Consume,Damage,450/700/1500,200,450,700,1500,3200,6400,12800
Set 4.5,4,mid,TFTSet4_Act2,11.8,TFT4_Nunu,Nunu & Willump,Consume,DamageAmp,0.5,0.5,0.5,0.5,0.5,0.5,0.5,0.5
Set 4.5,4,mid,TFTSet4_Act2,11.8,TFT4_Olaf,Olaf,Ragnarok,AttackSpeed,1.5/1.75/3.5,0.5,1.5,1.75,3.5,4.5,4.5,3
Set 4.5,4,mid,TFTSet4_Act2,11.8,TFT4_Olaf,Olaf,Ragnarok,CleaveDamage,0.5,0.2,0.5,0.5,0.5,0.6,0.7,0.8
Set 4.5,4,mid,TFTSet4_Act2,11.8,TFT4_Olaf,Olaf,Ragnarok,Duration,5,5,5,5,5,5,5,5
Set 4.5,4,mid,TFTSet4_Act2,11.8,TFT4_Olaf,Olaf,Ragnarok,HealthThreshold,0.5,0.5,0.5,0.5,0.5,0.5,0.5,0.5
Set 4.5,4,mid,TFTSet4_Act2,11.8,TFT4_Olaf,Olaf,Ragnarok,LifeSteal,,,,,,,,
Set 4.5,4,mid,TFTSet4_Act2,11.8,TFT4_Ornn,Ornn,Stampede,Damage,175/275/9999,0,175,275,9999,0,0,0
Set 4.5,4,mid,TFTSet4_Act2,11.8,TFT4_Ornn,Ornn,Stampede,SlowDuration,3,3,3,3,3,3,3,3
Set 4.5,4,mid,TFTSet4_Act2,11.8,TFT4_Ornn,Ornn,Stampede,StunDuration,1.5/2/15,1,1.5,2,15,5,6,7
Set 4.5,4,mid,TFTSet4_Act2,11.8,TFT4_Pyke,Pyke,Phantom Undertow,Damage,100/175/275,25,100,175,275,325,400,475
Set 4.5,4,mid,TFTSet4_Act2,11.8,TFT4_Pyke,Pyke,Phantom Undertow,StunDelay,1,1,1,1,1,1,1,1
Set 4.5,4,mid,TFTSet4_Act2,11.8,TFT4_Pyke,Pyke,Phantom Undertow,StunDuration,2/2.5/4,1,2,2.5,4,3,3.5,4
Set 4.5,4,mid,TFTSet4_Act2,11.8,TFT4_Rakan,Rakan,Disarming Diversion,Damage,175/275/400,75,175,275,400,475,575,675
Set 4.5,4,mid,TFTSet4_Act2,11.8,TFT4_Rakan,Rakan,Disarming Diversion,DisarmDuration,2.5/3/4,2,2.5,3,4,2,2,2
Set 4.5,4,mid,TFTSet4_Act2,11.8,TFT4_Rakan,Rakan,Disarming Diversion,Radius,1,1,1,1,1,1,1,1
Set 4.5,4,mid,TFTSet4_Act2,11.8,TFT4_Rakan,Rakan,Disarming Diversion,ShieldAmount,200/400/800,0,200,400,800,0,0,0
Set 4.5,4,mid,TFTSet4_Act2,11.8,TFT4_Rakan,Rakan,Disarming Diversion,ShieldDuration,4,4,4,4,4,4,4,4
Set 4.5,4,mid,TFTSet4_Act2,11.8,TFT4_Samira,Samira,Inferno Trigger,BaseDamage,10/20/777,0,10,20,777,0,0,0
Set 4.5,4,mid,TFTSet4_Act2,11.8,TFT4_Samira,Samira,Inferno Trigger,Duration,2,2,2,2,2,2,2,2
Set 4.5,4,mid,TFTSet4_Act2,11.8,TFT4_Samira,Samira,Inferno Trigger,NumTargets,3/3/9,0,3,3,9,0,0,0
Set 4.5,4,mid,TFTSet4_Act2,11.8,TFT4_Samira,Samira,Inferno Trigger,PercentAD,0.3/0.4/0.6,0,0.3,0.4,0.6,0.8,0.8,0.8
Set 4.5,4,mid,TFTSet4_Act2,11.8,TFT4_Samira,Samira,Inferno Trigger,ShotsPerSecond,3/3/10,0.2,3,3,10,0.2,0.2,0.2
Set 4.5,4,mid,TFTSet4_Act2,11.8,TFT4_Sejuani,Sejuani,Firecracker,Damage,100/200/1600,25,100,200,1600,325,400,475
Set 4.5,4,mid,TFTSet4_Act2,11.8,TFT4_Sejuani,Sejuani,Firecracker,ExplosionDelay,2,0,2,2,2,2,2,2
Set 4.5,4,mid,TFTSet4_Act2,11.8,TFT4_Sejuani,Sejuani,Firecracker,HexRadius,3,3,3,3,3,3,3,3
Set 4.5,4,mid,TFTSet4_Act2,11.8,TFT4_Sejuani,Sejuani,Firecracker,StunDuration,2/2.5/8,0.5,2,2.5,8,6.5,8,9.5
Set 4.5,4,mid,TFTSet4_Act2,11.8,TFT4_Sett,Sett,Showstopper,PercentMaxHealthDamagePrimary,0.4/0.6/8,0,0.4,0.6,8,0,0,0
Set 4.5,4,mid,TFTSet4_Act2,11.8,TFT4_Sett,Sett,Showstopper,PercentMaxHealthDamageSecondary,0.2/0.3/4,0,0.2,0.3,4,0,0,0
Set 4.5,4,mid,TFTSet4_Act2,11.8,TFT4_Shen,Shen,Shadow Dash,Duration,4/4/8,4,4,4,8,4,4,4
Set 4.5,4,mid,TFTSet4_Act2,11.8,TFT4_Shen,Shen,Shadow Dash,ManaLockDuration,4,4,4,4,4,4,4,4
Set 4.5,4,mid,TFTSet4_Act2,11.8,TFT4_Shen,Shen,Shadow Dash,ShieldAmount,500/800/4000,250,500,800,4000,5000,5000,5000
Set 4.5,4,mid,TFTSet4_Act2,11.8,TFT4_Shyvana,Shyvana,Dragon's Descent,ADWhileDragon,30/60/120,50,30,60,120,250,300,350
Set 4.5,4,mid,TFTSet4_Act2,11.8,TFT4_Shyvana,Shyvana,Dragon's Descent,BonusHealthPercent,0.4/0.45/0.5,0.8,0.4,0.45,0.5,0.8,0.8,0.8
Set 4.5,4,mid,TFTSet4_Act2,11.8,TFT4_Shyvana,Shyvana,Dragon's Descent,BurnDamage,125/250/500,100,125,250,500,500,600,700
Set 4.5,4,mid,TFTSet4_Act2,11.8,TFT4_Shyvana,Shyvana,Dragon's Descent,BurnDuration,2,2,2,2,2,2,2,2
Set 4.5,4,mid,TFTSet4_Act2,11.8,TFT4_Shyvana,Shyvana,Dragon's Descent,ExtraAARange,480,480,480,480,480,480,480,480
Set 4.5,4,mid,TFTSet4_Act2,11.8,TFT4_Shyvana,Shyvana,Dragon's Descent,TransformDuration,60,60,60,60,60,60,60,60
Set 4.5,4,mid,TFTSet4_Act2,11.8,TFT4_Sivir,Sivir,On the Hunt,AttackDamage,100/200/350,20,100,200,350,100,120,140
Set 4.5,4,mid,TFTSet4_Act2,11.8,TFT4_Sivir,Sivir,On the Hunt,AttackSpeed,0.4/0.5/0.7,0.5,0.4,0.5,0.7,0.5,0.5,0.5
Set 4.5,4,mid,TFTSet4_Act2,11.8,TFT4_Sivir,Sivir,On the Hunt,Duration,5,5,5,5,5,5,5,5
Set 4.5,4,mid,TFTSet4_Act2,11.8,TFT4_Sivir,Sivir,On the Hunt,HexRange,2,2,2,2,2,2,2,2
Set 4.5,4,mid,TFTSet4_Act2,11.8,TFT4_Swain,Swain,Draconic Ascension,BreathFrequencySeconds,2,2,2,2,2,2,2,2
Set 4.5,4,mid,TFTSet4_Act2,11.8,TFT4_Swain,Swain,Draconic Ascension,BurnDuration,10,10,10,10,10,10,10,10
Set 4.5,4,mid,TFTSet4_Act2,11.8,TFT4_Swain,Swain,Draconic Ascension,BurnPercent,25,25,25,25,25,25,25,25
Set 4.5,4,mid,TFTSet4_Act2,11.8,TFT4_Swain,Swain,Draconic Ascension,ConeDamage,175/350/5000,0,175,350,5000,0,0,0
Set 4.5,4,mid,TFTSet4_Act2,11.8,TFT4_Swain,Swain,Draconic Ascension,DamagePerTick,75/150/1000,0,75,150,1000,160,200,240
Set 4.5,4,mid,TFTSet4_Act2,11.8,TFT4_Swain,Swain,Draconic Ascension,HealthPercentIncrease,0.6/0.65/1,0,0.6,0.65,1,0,0,0
Set 4.5,4,mid,TFTSet4_Act2,11.8,TFT4_Swain,Swain,Draconic Ascension,HexRange,2.5/2.5/5,0,2.5,2.5,5,0,0,0
Set 4.5,4,mid,TFTSet4_Act2,11.8,TFT4_Swain,Swain,Draconic Ascension,TransformDuration,6,6,6,6,6,6,6,6
Set 4.5,4,mid,TFTSet4_Act2,11.8,TFT4_TahmKench,Tahm Kench,Thick Skin,DamageReduction,15/25/75,15,15,25,75,1050,1300,1550
Set 4.5,4,mid,TFTSet4_Act2,11.8,TFT4_Talon,Talon,Truestrike,Damage,150/200/600,0,150,200,600,0,0,0
Set 4.5,4,mid,TFTSet4_Act2,11.8,TFT4_Talon,Talon,Truestrike,PercentOfAD,2.4/2.5/3,0,2.4,2.5,3,0,0,0
Set 4.5,4,mid,TFTSet4_Act2,11.8,TFT4_Teemo,Teemo,Sporecloud Dart,BlindDuration,2.5/3/4.5,0,2.5,3,4.5,0,0,0
Set 4.5,4,mid,TFTSet4_Act2,11.8,TFT4_Teemo,Teemo,Sporecloud Dart,Duration,2.5/3/4.5,2,2.5,3,4.5,6,7,8
Set 4.5,4,mid,TFTSet4_Act2,11.8,TFT4_Teemo,Teemo,Sporecloud Dart,TickRate,0.5,0.5,0.5,0.5,0.5,0.5,0.5,0.5
Set 4.5,4,mid,TFTSet4_Act2,11.8,TFT4_Teemo,Teemo,Sporecloud Dart,TotalDamage,250/400/900,50,250,400,900,650,800,950
Set 4.5,4,mid,TFTSet4_Act2,11.8,TFT4_Tristana,Tristana,Rapid Fire,BonusAS,0.6/0.65/0.7,1.2,0.6,0.65,0.7,1.2,1.2,1.2
Set 4.5,4,mid,TFTSet4_Act2,11.8,TFT4_Tristana,Tristana,Rapid Fire,BonusDamage,40/60/80,0,40,60,80,80,100,120
Set 4.5,4,mid,TFTSet4_Act2,11.8,TFT4_Tristana,Tristana,Rapid Fire,Duration,3,3,3,3,3,3,3,3
Set 4.5,4,mid,TFTSet4_Act2,11.8,TFT4_Tryndamere,Tryndamere,Spinning Slash,BonusAAPercent,0.75/1/2,0,0.75,1,2,0,0,0
Set 4.5,4,mid,TFTSet4_Act2,11.8,TFT4_Tryndamere,Tryndamere,Spinning Slash,SpinDamage,1.4,1.4,1.4,1.4,1.4,1.4,1.4,1.4
Set 4.5,4,mid,TFTSet4_Act2,11.8,TFT4_TwistedFate,Twisted Fate,Wild Cards,BaseDamage,250/350/475,0,250,350,475,550,550,550
Set 4.5,4,mid,TFTSet4_Act2,11.8,TFT4_Veigar,Veigar,Dark Blossom,APToAdd,1/1/2,1,1,1,2,27,27,27
Set 4.5,4,mid,TFTSet4_Act2,11.8,TFT4_Veigar,Veigar,Dark Blossom,Damage,500/650/1000,0,500,650,1000,900,900,900
Set 4.5,4,mid,TFTSet4_Act2,11.8,TFT4_Vi,Vi,Denting Blow,ArmorReduction,0.4/0.5/0.7,0.25,0.4,0.5,0.7,1.25,1.5,1.75
Set 4.5,4,mid,TFTSet4_Act2,11.8,TFT4_Vi,Vi,Denting Blow,Damage,250/425/850,50,250,425,850,650,800,950
Set 4.5,4,mid,TFTSet4_Act2,11.8,TFT4_Vi,Vi,Denting Blow,Duration,8,8,8,8,8,8,8,8
Set 4.5,4,mid,TFTSet4_Act2,11.8,TFT4_Vladimir,Vladimir,Transfusion,AllyHealPercent,0.5,0.5,0.5,0.5,0.5,0.5,0.5,0.5
Set 4.5,4,mid,TFTSet4_Act2,11.8,TFT4_Vladimir,Vladimir,Transfusion,Damage,400/600/1000,75,400,600,1000,575,700,825
Set 4.5,4,mid,TFTSet4_Act2,11.8,TFT4_Vladimir,Vladimir,Transfusion,HealRange,420,420,420,420,420,420,420,420
Set 4.5,4,mid,TFTSet4_Act2,11.8,TFT4_Wukong,Wukong,Crushing Blow,Duration,1.5/2/3,1.5,1.5,2,3,2,2,2
Set 4.5,4,mid,TFTSet4_Act2,11.8,TFT4_Wukong,Wukong,Crushing Blow,PercentAD,2.4/2.5/2.6,1.5,2.4,2.5,2.6,3.5,4,4.5
Set 4.5,4,mid,TFTSet4_Act2,11.8,TFT4_Xayah,Xayah,Featherstorm,Airtime,1,1,1,1,1,1,1,1
Set 4.5,4,mid,TFTSet4_Act2,11.8,TFT4_Xayah,Xayah,Featherstorm,ConeRadiusDegrees,50,50,50,50,50,50,50,50
Set 4.5,4,mid,TFTSet4_Act2,11.8,TFT4_Xayah,Xayah,Featherstorm,FeatherReturnDelay,1.5,1.5,1.5,1.5,1.5,1.5,1.5,1.5
Set 4.5,4,mid,TFTSet4_Act2,11.8,TFT4_Xayah,Xayah,Featherstorm,MagicDamagePerFeather,100/200/600,0,100,200,600,0,0,0
Set 4.5,4,mid,TFTSet4_Act2,11.8,TFT4_Xayah,Xayah,Featherstorm,NumFeathers,9,9,9,9,9,9,9,9
Set 4.5,4,mid,TFTSet4_Act2,11.8,TFT4_Xayah,Xayah,Featherstorm,PercentADPerFeather,2.5/2.75/3.5,0,2.5,2.75,3.5,3.5,3.5,3.5
Set 4.5,4,mid,TFTSet4_Act2,11.8,TFT4_Yasuo,Yasuo,Striking Steel,ADPercent,1.9/2/2.1,0,1.9,2,2.1,0,0,0
Set 4.5,4,mid,TFTSet4_Act2,11.8,TFT4_Yasuo,Yasuo,Striking Steel,HexRange,2,2,2,2,2,2,2,2
Set 4.5,4,mid,TFTSet4_Act2,11.8,TFT4_Yasuo,Yasuo,Striking Steel,Width,75,75,75,75,75,75,75,75
Set 4.5,4,mid,TFTSet4_Act2,11.8,TFT4_Yone,Yone,Seal Fate,Damage,800/1200/20000,1000,800,1200,20000,9999,9999,9999
Set 4.5,4,mid,TFTSet4_Act2,11.8,TFT4_Yone,Yone,Seal Fate,KnockUpDuration,1,1,1,1,1,1,1,1
Set 4.5,4,mid,TFTSet4_Act2,11.8,TFT4_Yone,Yone,Seal Fate,MarkDuration,8,8,8,8,8,8,8,8
Set 4.5,4,mid,TFTSet4_Act2,11.8,TFT4_Yone,Yone,Seal Fate,MaxDistance,880,880,880,880,880,880,880,880
Set 4.5,4,mid,TFTSet4_Act2,11.8,TFT4_Yone,Yone,Seal Fate,ShredPercent,60/60/70,0,60,60,70,40,40,40
Set 4.5,4,mid,TFTSet4_Act2,11.8,TFT4_Yone,Yone,Seal Fate,UnforgottenDamage,400/750/9999,0,400,750,9999,0,0,0
Set 4.5,4,mid,TFTSet4_Act2,11.8,TFT4_Yone,Yone,Seal Fate,UnforgottenManaCost,10,10,10,10,10,10,10,10
Set 4.5,4,mid,TFTSet4_Act2,11.8,TFT4_Yone,Yone,Seal Fate,UnforgottenMaxAmp,1,1,1,1,1,1,1,1
Set 4.5,4,mid,TFTSet4_Act2,11.8,TFT4_Yone,Yone,Seal Fate,UnforgottenMinAmp,,,,,,,,
Set 4.5,4,mid,TFTSet4_Act2,11.8,TFT4_Yuumi,Yuumi,Zoomies,AttackSpeed,0.3/0.4/0.6,0.2,0.3,0.4,0.6,1,1.2,1.4
Set 4.5,4,mid,TFTSet4_Act2,11.8,TFT4_Yuumi,Yuumi,Zoomies,DashSpeed,1600,1600,1600,1600,1600,1600,1600,1600
Set 4.5,4,mid,TFTSet4_Act2,11.8,TFT4_Yuumi,Yuumi,Zoomies,Duration,5,5,5,5,5,5,5,5
Set 4.5,4,mid,TFTSet4_Act2,11.8,TFT4_Yuumi,Yuumi,Zoomies,Healing,0.3/0.45/0.9,0.15,0.3,0.45,0.9,0.75,0.9,1.05
Set 4.5,4,mid,TFTSet4_Act2,11.8,TFT4b_Zed,Zed,Contempt For The Weak,ADSteal,0.3,0.3,0.3,0.3,0.3,0.3,0.3,0.3
Set 4.5,4,mid,TFTSet4_Act2,11.8,TFT4b_Zed,Zed,Contempt For The Weak,Damage,25/50/75,0,25,50,75,0,0,0
Set 4.5,4,mid,TFTSet4_Act2,11.8,TFT4_Zilean,Zilean,Rewind Fate,AttackSpeed,0.5/0.75/5,0.75,0.5,0.75,5,0.75,0.75,0.75
Set 4.5,4,mid,TFTSet4_Act2,11.8,TFT4_Zilean,Zilean,Rewind Fate,HealthAmount,350/500/3000,400,350,500,3000,400,400,400
Set 4.5,4,mid,TFTSet4_Act2,11.8,TFT4_Zilean,Zilean,Rewind Fate,NumTargets,2/3/10,0,2,3,10,4,5,6
Set 4.5,4,mid,TFTSet4_Act2,11.8,TFT4_Zilean,Zilean,Rewind Fate,ReviveDelay,3/2/0.5,6,3,2,0.5,1,1,0
Set 5,5,base,TFT_Set5,11.14,TFT5_Aatrox,Aatrox,Deathbringer Strike,Heal,200/300/450,0,200,300,450,0,0,0
Set 5,5,base,TFT_Set5,11.14,TFT5_Aatrox,Aatrox,Deathbringer Strike,PercentAttackDamage,260/280/360,0,260,280,360,0,0,0
Set 5,5,base,TFT_Set5,11.14,TFT5_Aphelios,Aphelios,Dark Vigil,BaseDamage,125/150/300,0,125,150,300,0,0,0
Set 5,5,base,TFT_Set5,11.14,TFT5_Aphelios,Aphelios,Dark Vigil,NumOfAttacks,4/4/8,0,4,4,8,0,0,0
Set 5,5,base,TFT_Set5,11.14,TFT5_Aphelios,Aphelios,Dark Vigil,PercentAttackDamage,1.4/1.5/1.8,0,1.4,1.5,1.8,0,0,0
Set 5,5,base,TFT_Set5,11.14,TFT5_Ashe,Ashe,Enchanted Arrow,Damage,300/450/750,250,300,450,750,800,800,800
Set 5,5,base,TFT_Set5,11.14,TFT5_Ashe,Ashe,Enchanted Arrow,HexThreshold,5,5,5,5,5,5,5,5
Set 5,5,base,TFT_Set5,11.14,TFT5_Ashe,Ashe,Enchanted Arrow,ReducedEffectiveness,0.5,0.5,0.5,0.5,0.5,0.5,0.5,0.5
Set 5,5,base,TFT_Set5,11.14,TFT5_Ashe,Ashe,Enchanted Arrow,StunDuration,1.5/2/2.5,0,1.5,2,2.5,0,0,0
Set 5,5,base,TFT_Set5,11.14,TFT5_HeimerTurret,Baby Dragon,Turret Plating,Immunity,100,0,100,100,100,0,0,0
Set 5,5,base,TFT_Set5,11.14,TFT5_Brand,Brand,Sear,Damage,600/900/1500,0,600,900,1500,0,0,0
Set 5,5,base,TFT_Set5,11.14,TFT5_Brand,Brand,Sear,Duration,12,0,12,12,12,12,12,12
Set 5,5,base,TFT_Set5,11.14,TFT5_Brand,Brand,Sear,MRShred,40/50/70,40,40,50,70,40,40,40
Set 5,5,base,TFT_Set5,11.14,TFT5_IvernMinion,Daisy,Shockwave,Damage,250/350/1200,0,250,350,1200,0,0,0
Set 5,5,base,TFT_Set5,11.14,TFT5_IvernMinion,Daisy,Shockwave,StunDuration,2/2.5/6,1.5,2,2.5,6,1.5,1.5,1.5
Set 5,5,base,TFT_Set5,11.14,TFT5_Darius,Darius,God-Wolf's Carnage,ArmorReductionTooltip,50,50,50,50,50,50,50,50
Set 5,5,base,TFT_Set5,11.14,TFT5_Darius,Darius,God-Wolf's Carnage,DebuffDuration,8,8,8,8,8,8,8,8
Set 5,5,base,TFT_Set5,11.14,TFT5_Darius,Darius,God-Wolf's Carnage,NumAttacks,2,0,2,2,2,0,0,0
Set 5,5,base,TFT_Set5,11.14,TFT5_Darius,Darius,God-Wolf's Carnage,PercentAttackDamage,200/225/2000,0,200,225,2000,0,0,0
Set 5,5,base,TFT_Set5,11.14,TFT5_Darius,Darius,God-Wolf's Carnage,PercentHealth,0.15/0.2/0.5,0.18,0.15,0.2,0.5,0.18,0.18,0.18
Set 5,5,base,TFT_Set5,11.14,TFT5_Darius,Darius,God-Wolf's Carnage,WolfCount,3/4/10,0,3,4,10,0,0,0
Set 5,5,base,TFT_Set5,11.14,TFT5_Diana,Diana,Moonfall,Damage,250/350/1500,0,250,350,1500,0,0,0
Set 5,5,base,TFT_Set5,11.14,TFT5_Diana,Diana,Moonfall,StunDuration,2/2.5/4,1.5,2,2.5,4,1.5,1.5,1.5
Set 5,5,base,TFT_Set5,11.14,TFT5_DraconicEgg,Draconic Egg,Hatching,RoundsToHatch,2,2,2,2,2,2,2,2
Set 5,5,base,TFT_Set5,11.14,TFT5_Draven,Draven,Spinning Axes,ADMult,1.7/1.8/3.4,1,1.7,1.8,3.4,3,3.5,4
Set 5,5,base,TFT_Set5,11.14,TFT5_Draven,Draven,Spinning Axes,BuffDuration,5.75,5.75,5.75,5.75,5.75,5.75,5.75,5.75
Set 5,5,base,TFT_Set5,11.14,TFT5_Draven,Draven,Spinning Axes,Damage,150/200/800,0,150,200,800,0,0,0
Set 5,5,base,TFT_Set5,11.14,TFT5_Garen,Garen,God-Lion's Justice,MRShredDuration,8,8,8,8,8,8,8,8
Set 5,5,base,TFT_Set5,11.14,TFT5_Garen,Garen,God-Lion's Justice,MRShredTooltip,50,50,50,50,50,50,50,50
Set 5,5,base,TFT_Set5,11.14,TFT5_Garen,Garen,God-Lion's Justice,PercentMaxHealth,0.2/0.25/2,0,0.2,0.25,2,0,0,0
Set 5,5,base,TFT_Set5,11.14,TFT5_Garen,Garen,God-Lion's Justice,ShieldDuration,4,4,4,4,4,4,4,4
Set 5,5,base,TFT_Set5,11.14,TFT5_Garen,Garen,God-Lion's Justice,ShieldPercent,0.35/0.45/2,0.5,0.35,0.45,2,0.5,0.5,0.5
Set 5,5,base,TFT_Set5,11.14,TFT5_Gragas,Gragas,Drunken Rage,DamageReduction,35/45/60,0,35,45,60,0,0,0
Set 5,5,base,TFT_Set5,11.14,TFT5_Gragas,Gragas,Drunken Rage,Duration,4,4,4,4,4,4,4,4
Set 5,5,base,TFT_Set5,11.14,TFT5_Gragas,Gragas,Drunken Rage,MagicDamage,175/250/400,0,175,250,400,0,0,0
Set 5,5,base,TFT_Set5,11.14,TFT5_Hecarim,Hecarim,Spirit of Dread,Damage,250/350/500,40,250,350,500,520,640,760
Set 5,5,base,TFT_Set5,11.14,TFT5_Hecarim,Hecarim,Spirit of Dread,Duration,3,3,3,3,3,3,3,3
Set 5,5,base,TFT_Set5,11.14,TFT5_Hecarim,Hecarim,Spirit of Dread,Healing,250/350/500,40,250,350,500,520,640,760
Set 5,5,base,TFT_Set5,11.14,TFT5_Hecarim,Hecarim,Spirit of Dread,Radius,1,1,1,1,1,1,1,1
Set 5,5,base,TFT_Set5,11.14,TFT5_Hecarim,Hecarim,Spirit of Dread,TickRate,1,1,1,1,1,1,1,1
Set 5,5,base,TFT_Set5,11.14,TFT5_Heimerdinger,Heimerdinger,Upgrade!!!,BurnDuration,6,0,6,6,6,0,0,0
Set 5,5,base,TFT_Set5,11.14,TFT5_Heimerdinger,Heimerdinger,Upgrade!!!,BurnPercent,18,18,18,18,18,18,18,18
Set 5,5,base,TFT_Set5,11.14,TFT5_Heimerdinger,Heimerdinger,Upgrade!!!,TurretMagicDamage,500/650/7777,0,500,650,7777,0,0,0
Set 5,5,base,TFT_Set5,11.14,TFT5_Ivern,Ivern,Daisy!,AbilityPowerBonus,100/150/300,0,100,150,300,0,0,0
Set 5,5,base,TFT_Set5,11.14,TFT5_Ivern,Ivern,Daisy!,DaisyBonusAPConversion,100,100,100,100,100,100,100,100
Set 5,5,base,TFT_Set5,11.14,TFT5_Ivern,Ivern,Daisy!,DaisyHealth,1500/2400/10000,0,1500,2400,10000,0,0,0
Set 5,5,base,TFT_Set5,11.14,TFT5_Jax,Jax,Empowered Strike,PercentAttackDamage,200/220/300,0,200,220,300,0,0,0
Set 5,5,base,TFT_Set5,11.14,TFT5_Jax,Jax,Empowered Strike,PercentAttackSpeed,0.3/0.35/1,0,0.3,0.35,1,0.33,0.33,0.33
Set 5,5,base,TFT_Set5,11.14,TFT5_Kalista,Kalista,Pierce,BaseDamage,350/600/1000,400,350,600,1000,0,0,0
Set 5,5,base,TFT_Set5,11.14,TFT5_Kalista,Kalista,Pierce,PercentAttackDamage,1.8/2/2.4,0,1.8,2,2.4,0,0,0
Set 5,5,base,TFT_Set5,11.14,TFT5_Karma,Karma,Soulflare,MagicDamage,225/280/700,0,225,280,700,0,0,0
Set 5,5,base,TFT_Set5,11.14,TFT5_Karma,Karma,Soulflare,MaxManaReduction,15/15/30,0,15,15,30,0,0,0
Set 5,5,base,TFT_Set5,11.14,TFT5_Katarina,Katarina,Sinister Blade,Damage,180/250/420,0,180,250,420,0,0,0
Set 5,5,base,TFT_Set5,11.14,TFT5_Katarina,Katarina,Sinister Blade,HealingReduction,50,0,50,50,50,50,50,50
Set 5,5,base,TFT_Set5,11.14,TFT5_Katarina,Katarina,Sinister Blade,HealingReductionDuration,6,0,6,6,6,6,6,6
Set 5,5,base,TFT_Set5,11.14,TFT5_Katarina,Katarina,Sinister Blade,NumTargets,3,0,3,3,3,3,3,3
Set 5,5,base,TFT_Set5,11.14,TFT5_Katarina,Katarina,Sinister Blade,SecondaryDamage,90/125/210,0,90,125,210,0,0,0
Set 5,5,base,TFT_Set5,11.14,TFT5_Kayle,Kayle,Divine Ascent,AoEDamage,80/125/4000,0,80,125,4000,0,0,0
Set 5,5,base,TFT_Set5,11.14,TFT5_Kayle,Kayle,Divine Ascent,AscensionDelay,5/5/1,0,5,5,1,0,0,0
Set 5,5,base,TFT_Set5,11.14,TFT5_Kayle,Kayle,Divine Ascent,ImmunityDuration,1,0,1,1,1,1,1,1
Set 5,5,base,TFT_Set5,11.14,TFT5_Kayle,Kayle,Divine Ascent,NumAttacksImmunity,15,0,15,15,15,15,15,15
Set 5,5,base,TFT_Set5,11.14,TFT5_Kayle,Kayle,Divine Ascent,PercentAttackDamage,90/100/1000,0,90,100,1000,0,0,0
Set 5,5,base,TFT_Set5,11.14,TFT5_Kennen,Kennen,Flame Rush,Damage,150/225/350,0,150,225,350,0,0,0
Set 5,5,base,TFT_Set5,11.14,TFT5_Kennen,Kennen,Flame Rush,StunDuration,1.5/2/2.5,0,1.5,2,2.5,0,0,0
Set 5,5,base,TFT_Set5,11.14,TFT5_Khazix,Kha'Zix,Taste their Fear,Damage,250/350/550,50,250,350,550,450,550,650
Set 5,5,base,TFT_Set5,11.14,TFT5_Khazix,Kha'Zix,Taste their Fear,IsolationDamage,750/1050/1650,200,750,1050,1650,1000,1200,1400
Set 5,5,base,TFT_Set5,11.14,TFT5_Kindred,Kindred,Lamb's Respite,Duration,2.5/3/10,2,2.5,3,10,6,7,8
Set 5,5,base,TFT_Set5,11.14,TFT5_Kindred,Kindred,Lamb's Respite,FlatDamage,100,0,100,100,100,100,100,100
Set 5,5,base,TFT_Set5,11.14,TFT5_Kindred,Kindred,Lamb's Respite,MinHealth,100/100/2500,0,100,100,2500,1200,1500,1800
Set 5,5,base,TFT_Set5,11.14,TFT5_Kindred,Kindred,Lamb's Respite,PercentTarMissingHealth,50,0,50,50,50,50,50,50
Set 5,5,base,TFT_Set5,11.14,TFT5_Kled,Kled,Violent Tendencies,AttackSpeedPercent,70/80/100,0,70,80,100,100,100,100
Set 5,5,base,TFT_Set5,11.14,TFT5_Kled,Kled,Violent Tendencies,PercentOfAttackDamage,200,0,200,200,200,200,200,200
Set 5,5,base,TFT_Set5,11.14,TFT5_Kled,Kled,Violent Tendencies,ShieldPercent,0.8,0,0.8,0.8,0.8,0.8,0.8,0.8
Set 5,5,base,TFT_Set5,11.14,TFT5_LeBlanc,LeBlanc,Ethereal Chain,Damage,100/150/250,-50,100,150,250,950,1200,1450
Set 5,5,base,TFT_Set5,11.14,TFT5_LeBlanc,LeBlanc,Ethereal Chain,DelayTime,0.5,0.5,0.5,0.5,0.5,0.5,0.5,0.5
Set 5,5,base,TFT_Set5,11.14,TFT5_LeBlanc,LeBlanc,Ethereal Chain,NumTargets,2,2,2,2,2,2,2,2
Set 5,5,base,TFT_Set5,11.14,TFT5_LeBlanc,LeBlanc,Ethereal Chain,StunDuration,1.5/2/2.5,0,1.5,2,2.5,1.5,1.5,1.5
Set 5,5,base,TFT_Set5,11.14,TFT5_LeeSin,Lee Sin,Cripple,AttackSpeedSlow,50,50,50,50,50,50,50,50
Set 5,5,base,TFT_Set5,11.14,TFT5_LeeSin,Lee Sin,Cripple,AttackSpeedSlowDuration,4,4,4,4,4,4,4,4
Set 5,5,base,TFT_Set5,11.14,TFT5_LeeSin,Lee Sin,Cripple,Damage,250/350/700,0,250,350,700,0,0,0
Set 5,5,base,TFT_Set5,11.14,TFT5_Leona,Leona,Solar Barrier,Duration,4,4,4,4,4,4,4,4
Set 5,5,base,TFT_Set5,11.14,TFT5_Leona,Leona,Solar Barrier,FlatDamageReduction,30/60/250,0,30,60,250,160,200,240
Set 5,5,base,TFT_Set5,11.14,TFT5_Lissandra,Lissandra,1000 Daggers,ADReduction,40,40,40,40,40,40,40,40
Set 5,5,base,TFT_Set5,11.14,TFT5_Lissandra,Lissandra,1000 Daggers,ADReductionDuration,8,8,8,8,8,8,8,8
Set 5,5,base,TFT_Set5,11.14,TFT5_Lissandra,Lissandra,1000 Daggers,Damage,280/330/450,0,280,330,450,750,0,0
Set 5,5,base,TFT_Set5,11.14,TFT5_Lissandra,Lissandra,1000 Daggers,SecondaryDamage,140/165/225,0,140,165,225,375,0,0
Set 5,5,base,TFT_Set5,11.14,TFT5_Lulu,Lulu,Whimsy,AllyBuffDuration,4,0,4,4,4,4,4,4
Set 5,5,base,TFT_Set5,11.14,TFT5_Lulu,Lulu,Whimsy,AttackSpeedPercent,0.7/0.8/1.2,8,0.7,0.8,1.2,8,8,8
Set 5,5,base,TFT_Set5,11.14,TFT5_Lulu,Lulu,Whimsy,DamageAmp,20,20,20,20,20,20,20,20
Set 5,5,base,TFT_Set5,11.14,TFT5_Lulu,Lulu,Whimsy,NumTargets,3/4/6,2,3,4,6,6,7,8
Set 5,5,base,TFT_Set5,11.14,TFT5_Lulu,Lulu,Whimsy,PolymorphDuration,1.5/2/2.5,0,1.5,2,2.5,2.5,2.5,2.5
Set 5,5,base,TFT_Set5,11.14,TFT5_Lux,Lux,Prismatic Illumination,HitDamage,400/600/1000,40,400,600,1000,40,40,40
Set 5,5,base,TFT_Set5,11.14,TFT5_Lux,Lux,Prismatic Illumination,ShieldAmount,120/180/360,200,120,180,360,200,200,200
Set 5,5,base,TFT_Set5,11.14,TFT5_Lux,Lux,Prismatic Illumination,ShieldDuration,3,3,3,3,3,3,3,3
Set 5,5,base,TFT_Set5,11.14,TFT5_Mordekaiser,Mordekaiser,Infernal Rise,DamageOnHit,450/600/5000,0,450,600,5000,0,0,0
Set 5,5,base,TFT_Set5,11.14,TFT5_Mordekaiser,Mordekaiser,Infernal Rise,Duration,5,0,5,5,5,5,5,5
Set 5,5,base,TFT_Set5,11.14,TFT5_Mordekaiser,Mordekaiser,Infernal Rise,ShieldPercent,0.5,0,0.5,0.5,0.5,0.5,0.5,0.5
Set 5,5,base,TFT_Set5,11.14,TFT5_Morgana,Morgana,Soul Shackles,ChainDuration,3,3,3,3,3,3,3,3
Set 5,5,base,TFT_Set5,11.14,TFT5_Morgana,Morgana,Soul Shackles,Damage,250/300/550,50,250,300,550,550,675,800
Set 5,5,base,TFT_Set5,11.14,TFT5_Morgana,Morgana,Soul Shackles,EndDamage,250/300/550,0,250,300,550,0,0,0
Set 5,5,base,TFT_Set5,11.14,TFT5_Morgana,Morgana,Soul Shackles,StunDuration,2.5/3/4,0,2.5,3,4,0,0,0
Set 5,5,base,TFT_Set5,11.14,TFT5_Nautilus,Nautilus,Anchor Slam,Damage,200/300/750,0,200,300,750,0,0,0
Set 5,5,base,TFT_Set5,11.14,TFT5_Nautilus,Nautilus,Anchor Slam,StunDuration,3/4/6,0,3,4,6,0,0,0
Set 5,5,base,TFT_Set5,11.14,TFT5_Nidalee,Nidalee,Aspect of the Cougar,AttackSpeedPercent,40/50/75,30,40,50,75,110,0,0
Set 5,5,base,TFT_Set5,11.14,TFT5_Nidalee,Nidalee,Aspect of the Cougar,Damage,200/300/600,0,200,300,600,0,0,0
Set 5,5,base,TFT_Set5,11.14,TFT5_Nidalee,Nidalee,Aspect of the Cougar,DodgeChance,45,0,45,45,45,45,45,45
Set 5,5,base,TFT_Set5,11.14,TFT5_Nocturne,Nocturne,Umbra Blades,AttackSpeed,30/35/40,0,30,35,40,0,0,0
Set 5,5,base,TFT_Set5,11.14,TFT5_Nocturne,Nocturne,Umbra Blades,Duration,3,0,3,3,3,0,0,0
Set 5,5,base,TFT_Set5,11.14,TFT5_Nocturne,Nocturne,Umbra Blades,HealPercent,0.9/0.95/1,0.6,0.9,0.95,1,1,1.1,1.2
Set 5,5,base,TFT_Set5,11.14,TFT5_Nocturne,Nocturne,Umbra Blades,PercentAttackDamage,125,0,125,125,125,125,125,125
Set 5,5,base,TFT_Set5,11.14,TFT5_Nunu,Nunu & Willump,Consume,Damage,500/750/1800,200,500,750,1800,3200,6400,12800
Set 5,5,base,TFT_Set5,11.14,TFT5_Nunu,Nunu & Willump,Consume,DamageAmp,0.5,0.5,0.5,0.5,0.5,0.5,0.5,0.5
Set 5,5,base,TFT_Set5,11.14,TFT5_Pantheon,Pantheon,Aegis Assault,DamageReductionPercent,0.65,0,0.65,0.65,0.65,0,0,0
Set 5,5,base,TFT_Set5,11.14,TFT5_Pantheon,Pantheon,Aegis Assault,Duration,4,0,4,4,4,4,4,4
Set 5,5,base,TFT_Set5,11.14,TFT5_Pantheon,Pantheon,Aegis Assault,HealingReduction,50,0,50,50,50,50,50,50
Set 5,5,base,TFT_Set5,11.14,TFT5_Pantheon,Pantheon,Aegis Assault,HealingReductionDuration,8,0,8,8,8,8,8,8
Set 5,5,base,TFT_Set5,11.14,TFT5_Pantheon,Pantheon,Aegis Assault,PercentAttackDamage,400/450/650,0,400,450,650,0,0,0
Set 5,5,base,TFT_Set5,11.14,TFT5_Poppy,Poppy,Buckler Toss,Damage,150/250/400,50,150,250,400,250,300,350
Set 5,5,base,TFT_Set5,11.14,TFT5_Poppy,Poppy,Buckler Toss,ShieldAmount,250/375/525,100,250,375,525,500,600,700
Set 5,5,base,TFT_Set5,11.14,TFT5_Rell,Rell,Attract and Repel,ShieldAmount,300/450/3000,100,300,450,3000,1,1,1
Set 5,5,base,TFT_Set5,11.14,TFT5_Rell,Rell,Attract and Repel,ShieldDuration,4,4,4,4,4,4,4,4
Set 5,5,base,TFT_Set5,11.14,TFT5_Rell,Rell,Attract and Repel,StunDuration,1.5/2/8,2.5,1.5,2,8,2.5,2.5,2.5
Set 5,5,base,TFT_Set5,11.14,TFT5_Riven,Riven,Blade of the Dawn,BonusAttackDamagePercent,0.9/1/1.3,0,0.9,1,1.3,0,0,0
Set 5,5,base,TFT_Set5,11.14,TFT5_Riven,Riven,Blade of the Dawn,EmpowerDuration,8,8,8,8,8,8,8,8
Set 5,5,base,TFT_Set5,11.14,TFT5_Riven,Riven,Blade of the Dawn,MagicDamage,100/200/500,0,100,200,500,0,0,0
Set 5,5,base,TFT_Set5,11.14,TFT5_Riven,Riven,Blade of the Dawn,StunDuration,1.5,0,1.5,1.5,1.5,1.5,1.5,1.5
Set 5,5,base,TFT_Set5,11.14,TFT5_Ryze,Ryze,Rune Prison,Damage,200/250/800,0,200,250,800,0,0,0
Set 5,5,base,TFT_Set5,11.14,TFT5_Ryze,Ryze,Rune Prison,StunDuration,1.5/2/4,0,1.5,2,4,0,0,0
Set 5,5,base,TFT_Set5,11.14,TFT5_Sejuani,Sejuani,Fury of the North,DefensiveStats,100/150/300,0,100,150,300,0,0,0
Set 5,5,base,TFT_Set5,11.14,TFT5_Sejuani,Sejuani,Fury of the North,Duration,4,4,4,4,4,4,4,4
Set 5,5,base,TFT_Set5,11.14,TFT5_Sejuani,Sejuani,Fury of the North,MagicDamage,300/450/750,0,300,450,750,0,0,0
Set 5,5,base,TFT_Set5,11.14,TFT5_Sejuani,Sejuani,Fury of the North,StunDuration,2/3/4,0,2,3,4,0,0,0
Set 5,5,base,TFT_Set5,11.14,TFT5_Sett,Sett,Haymaker,ArmorShredDuration,10,10,10,10,10,10,10,10
Set 5,5,base,TFT_Set5,11.14,TFT5_Sett,Sett,Haymaker,FlatArmorShred,20/25/30,0,20,25,30,0,0,0
Set 5,5,base,TFT_Set5,11.14,TFT5_Sett,Sett,Haymaker,PhysicalDamagePercent,170/185/200,0,170,185,200,0,0,0
Set 5,5,base,TFT_Set5,11.14,TFT5_Soraka,Soraka,Equinox,Damage,150/250/400,0,150,250,400,600,750,900
Set 5,5,base,TFT_Set5,11.14,TFT5_Soraka,Soraka,Equinox,ManaIncrease,35,0,35,35,35,0,0,0
Set 5,5,base,TFT_Set5,11.14,TFT5_Syndra,Syndra,Force of Will,Damage,300/400/600,0,300,400,600,0,0,0
Set 5,5,base,TFT_Set5,11.14,TFT5_Syndra,Syndra,Force of Will,StunDuration,2/2.5/4,0,2,2.5,4,0,0,0
Set 5,5,base,TFT_Set5,11.14,TFT5_Taric,Taric,Nature's Touch,Armor,50/75/500,0,50,75,500,0,0,0
Set 5,5,base,TFT_Set5,11.14,TFT5_Taric,Taric,Nature's Touch,Health,500/750/5000,0,500,750,5000,0,0,0
Set 5,5,base,TFT_Set5,11.14,TFT5_Teemo,Teemo,Teemo's Cruelty,AttackSpeedSlowTooltip,50,50,50,50,50,50,50,50
Set 5,5,base,TFT_Set5,11.14,TFT5_Teemo,Teemo,Teemo's Cruelty,Damage,130/160/666,0,130,160,666,0,0,0
Set 5,5,base,TFT_Set5,11.14,TFT5_Teemo,Teemo,Teemo's Cruelty,DebuffDuration,3,3,3,3,3,3,3,3
Set 5,5,base,TFT_Set5,11.14,TFT5_Teemo,Teemo,Teemo's Cruelty,DetonationDelay,3,0,3,3,3,3,3,3
Set 5,5,base,TFT_Set5,11.14,TFT5_Teemo,Teemo,Teemo's Cruelty,MaxMushroomDeployRadius,225,225,225,225,225,225,225,225
Set 5,5,base,TFT_Set5,11.14,TFT5_Teemo,Teemo,Teemo's Cruelty,MushroomAOERadius,360,360,360,360,360,360,360,360
Set 5,5,base,TFT_Set5,11.14,TFT5_Teemo,Teemo,Teemo's Cruelty,MushroomAreaTriggerRadius,200,200,200,200,200,200,200,200
Set 5,5,base,TFT_Set5,11.14,TFT5_Teemo,Teemo,Teemo's Cruelty,MushroomCount,5/6/42,3,5,6,42,7,8,9
Set 5,5,base,TFT_Set5,11.14,TFT5_Teemo,Teemo,Teemo's Cruelty,TickRate,0.5,0.5,0.5,0.5,0.5,0.5,0.5,0.5
Set 5,5,base,TFT_Set5,11.14,TFT5_Monstrosity,The Monstrosity,Enrage,AttackSpeed,2,0,2,2,2,2,0,0
Set 5,5,base,TFT_Set5,11.14,TFT5_Monstrosity,The Monstrosity,Enrage,Duration,3,3,3,3,3,3,3,3
Set 5,5,base,TFT_Set5,11.14,TFT5_Monstrosity,The Monstrosity,Enrage,HealPercent,0.4,0,0.4,0.4,0.4,0.4,0,0
Set 5,5,base,TFT_Set5,11.14,TFT5_Thresh,Thresh,Death Sentence,Damage,200/400/1000,0,200,400,1000,0,0,0
Set 5,5,base,TFT_Set5,11.14,TFT5_Thresh,Thresh,Death Sentence,PullDuration,2/3/4,0,2,3,4,0,0,0
Set 5,5,base,TFT_Set5,11.14,TFT5_Trundle,Trundle,Subjugate,Duration,8,0,8,8,8,8,8,8
Set 5,5,base,TFT_Set5,11.14,TFT5_Trundle,Trundle,Subjugate,StatStealModifier,1/1.3/2,1,1,1.3,2,1,1,1
Set 5,5,base,TFT_Set5,11.14,TFT5_Trundle,Trundle,Subjugate,StatStealPercent,0.35,0.35,0.35,0.35,0.35,0.35,0.35,0.35
Set 5,5,base,TFT_Set5,11.14,TFT5_Udyr,Udyr,Feral Instinct,PercentAD,120/130/180,0,120,130,180,0,0,0
Set 5,5,base,TFT_Set5,11.14,TFT5_Udyr,Udyr,Feral Instinct,ShieldAmount,250/350/550,0,250,350,550,0,0,0
Set 5,5,base,TFT_Set5,11.14,TFT5_Udyr,Udyr,Feral Instinct,ShieldDuration,4,0,4,4,4,0,0,0
Set 5,5,base,TFT_Set5,11.14,TFT5_Varus,Varus,Holy Arrows,Duration,6,0,6,6,6,0,0,0
Set 5,5,base,TFT_Set5,11.14,TFT5_Varus,Varus,Holy Arrows,MagicDamage,40/60/90,0,40,60,90,0,0,0
Set 5,5,base,TFT_Set5,11.14,TFT5_Varus,Varus,Holy Arrows,PercentOfAD,150/155/165,0,150,155,165,0,0,0
Set 5,5,base,TFT_Set5,11.14,TFT5_Vayne,Vayne,Silver Bolts,BonusDamage,70/100/140,60,70,100,140,225,225,225
Set 5,5,base,TFT_Set5,11.14,TFT5_Velkoz,Vel'Koz,Lifeform Disintegration Ray,BaseDamagePerSec,900/1150/4000,0,900,1150,4000,0,0,0
Set 5,5,base,TFT_Set5,11.14,TFT5_Viego,Viego,Sovereign's Domination,Damage,180/300/1500,0,180,300,1500,0,0,0
Set 5,5,base,TFT_Set5,11.14,TFT5_Viego,Viego,Sovereign's Domination,DecayPercentDamagePerSecond,15/7/0,0,15,7,0,0,0,0
Set 5,5,base,TFT_Set5,11.14,TFT5_Viego,Viego,Sovereign's Domination,Duration,5,0,5,5,5,5,5,5
Set 5,5,base,TFT_Set5,11.14,TFT5_Viego,Viego,Sovereign's Domination,IncreasePercent,100,0,100,100,100,100,100,100
Set 5,5,base,TFT_Set5,11.14,TFT5_Viktor,Viktor,Siphon Power,Damage,300/500/850,0,300,500,850,0,0,0
Set 5,5,base,TFT_Set5,11.14,TFT5_Viktor,Viktor,Siphon Power,NumShields,3,0,3,3,3,3,3,3
Set 5,5,base,TFT_Set5,11.14,TFT5_Viktor,Viktor,Siphon Power,Shield,150/225/425,0,150,225,425,0,0,0
Set 5,5,base,TFT_Set5,11.14,TFT5_Viktor,Viktor,Siphon Power,ShieldDuration,5,0,5,5,5,5,5,5
Set 5,5,base,TFT_Set5,11.14,TFT5_Vladimir,Vladimir,Transfusion,Damage,300/420/540,75,300,420,540,575,700,825
Set 5,5,base,TFT_Set5,11.14,TFT5_Vladimir,Vladimir,Transfusion,Heal,200/280/360,0,200,280,360,0,0,0
Set 5,5,base,TFT_Set5,11.14,TFT5_Volibear,Volibear,Doombringer,Damage,150/300/5000,0,150,300,5000,0,0,0
Set 5,5,base,TFT_Set5,11.14,TFT5_Volibear,Volibear,Doombringer,StunDuration,2.5/3.5/10,0,2.5,3.5,10,0,0,0
Set 5,5,base,TFT_Set5,11.14,TFT5_Warwick,Warwick,Infinite Duress,Damage,200/300/450,200,200,300,450,1100,1400,1700
Set 5,5,base,TFT_Set5,11.14,TFT5_Warwick,Warwick,Infinite Duress,DashHexSpeed,6,6,6,6,6,6,6,6
Set 5,5,base,TFT_Set5,11.14,TFT5_Warwick,Warwick,Infinite Duress,Duration,2,2,2,2,2,2,2,2
Set 5,5,base,TFT_Set5,11.14,TFT5_Warwick,Warwick,Infinite Duress,HealPercent,80,0,80,80,80,0,0,0
Set 5,5,base,TFT_Set5,11.14,TFT5_Warwick,Warwick,Infinite Duress,Hits,6,6,6,6,6,6,6,6
Set 5,5,base,TFT_Set5,11.14,TFT5_KindredWolfCombat,Wolf,Wolf's Frenzy,Damage,300/400/9999,0,300,400,9999,0,0,0
Set 5,5,base,TFT_Set5,11.14,TFT5_KindredWolfCombat,Wolf,Wolf's Frenzy,Heal,150/200/9999,0,150,200,9999,0,0,0
Set 5,5,base,TFT_Set5,11.14,TFT5_Yasuo,Yasuo,Burning Blade,Duration,60,60,60,60,60,60,60,60
Set 5,5,base,TFT_Set5,11.14,TFT5_Yasuo,Yasuo,Burning Blade,MagicDamage,250/350/650,0,250,350,650,0,0,0
Set 5,5,base,TFT_Set5,11.14,TFT5_Yasuo,Yasuo,Burning Blade,TrueDamageBonus,25/35/65,0,25,35,65,0,0,0
Set 5,5,base,TFT_Set5,11.14,TFT5_Ziggs,Ziggs,Arcane Bomb,Damage,250/375/525,70,250,375,525,550,650,750
Set 5,5,base,TFT_Set5,11.14,TFT5_Ziggs,Ziggs,Arcane Bomb,StunDuration,0.5,0,0.5,0.5,0.5,0.5,0.5,0.5
Set 5,5,base,TFT_Set5,11.14,TFT5_Zyra,Zyra,Grasping Roots,Damage,200/325/650,0,200,325,650,0,0,0
Set 5,5,base,TFT_Set5,11.14,TFT5_Zyra,Zyra,Grasping Roots,StunDuration,2/2.5/3,0,2,2.5,3,2,2,2
Set 5.5,5,mid,TFT_Set5_Stage2,11.21,TFT5_Aatrox,Aatrox,Deathbringer Strike,Heal,200/300/400,0,200,300,400,0,0,0
Set 5.5,5,mid,TFT_Set5_Stage2,11.21,TFT5_Aatrox,Aatrox,Deathbringer Strike,PercentAttackDamage,260/280/360,0,260,280,360,0,0,0
Set 5.5,5,mid,TFT_Set5_Stage2,11.21,TFT5_Akshan,Akshan,Heroic Swing,AttackSpeedPercent,60/70/400,0,60,70,400,0,0,0
Set 5.5,5,mid,TFT_Set5_Stage2,11.21,TFT5_Akshan,Akshan,Heroic Swing,BuffDuration,4,0,4,4,4,4,4,4
Set 5.5,5,mid,TFT_Set5_Stage2,11.21,TFT5_Akshan,Akshan,Heroic Swing,ShredDuration,4,0,4,4,4,4,4,4
Set 5.5,5,mid,TFT_Set5_Stage2,11.21,TFT5_Aphelios,Aphelios,Dark Vigil,BaseDamage,150/200/500,0,150,200,500,0,0,0
Set 5.5,5,mid,TFT_Set5_Stage2,11.21,TFT5_Aphelios,Aphelios,Dark Vigil,NumOfAttacks,5/5/10,0,5,5,10,0,0,0
Set 5.5,5,mid,TFT_Set5_Stage2,11.21,TFT5_Aphelios,Aphelios,Dark Vigil,PercentAttackDamage,3.5/3.75/4.5,0,3.5,3.75,4.5,0,0,0
Set 5.5,5,mid,TFT_Set5_Stage2,11.21,TFT5_Ashe,Ashe,Enchanted Arrow,Damage,300/450/650,250,300,450,650,800,800,800
Set 5.5,5,mid,TFT_Set5_Stage2,11.21,TFT5_Ashe,Ashe,Enchanted Arrow,HexThreshold,5,5,5,5,5,5,5,5
Set 5.5,5,mid,TFT_Set5_Stage2,11.21,TFT5_Ashe,Ashe,Enchanted Arrow,ReducedEffectiveness,0.5,0.5,0.5,0.5,0.5,0.5,0.5,0.5
Set 5.5,5,mid,TFT_Set5_Stage2,11.21,TFT5_Ashe,Ashe,Enchanted Arrow,StunDuration,1.5/2/2.5,0,1.5,2,2.5,0,0,0
Set 5.5,5,mid,TFT_Set5_Stage2,11.21,TFT5_HeimerTurret,Baby Dragon,Turret Plating,Immunity,100,0,100,100,100,0,0,0
Set 5.5,5,mid,TFT_Set5_Stage2,11.21,TFT5_Brand,Brand,Sear,Damage,650/950/1750,0,650,950,1750,0,0,0
Set 5.5,5,mid,TFT_Set5_Stage2,11.21,TFT5_Brand,Brand,Sear,Duration,12,0,12,12,12,12,12,12
Set 5.5,5,mid,TFT_Set5_Stage2,11.21,TFT5_Brand,Brand,Sear,MRShred,40/50/70,40,40,50,70,40,40,40
Set 5.5,5,mid,TFT_Set5_Stage2,11.21,TFT5_IvernMinion,Daisy,Shockwave,Damage,250/350/1200,250,250,350,1200,250,250,250
Set 5.5,5,mid,TFT_Set5_Stage2,11.21,TFT5_IvernMinion,Daisy,Shockwave,StunDuration,0.5/0.5/6,0.5,0.5,0.5,6,1.5,1.5,1.5
Set 5.5,5,mid,TFT_Set5_Stage2,11.21,TFT5_Diana,Diana,Moonfall,Damage,300/450/3000,0,300,450,3000,0,0,0
Set 5.5,5,mid,TFT_Set5_Stage2,11.21,TFT5_Diana,Diana,Moonfall,StunDuration,2/2.5/4,1.5,2,2.5,4,1.5,1.5,1.5
Set 5.5,5,mid,TFT_Set5_Stage2,11.21,TFT5_DraconicEgg,Draconic Egg,Hatching,RoundsToHatch,2,2,2,2,2,2,2,2
Set 5.5,5,mid,TFT_Set5_Stage2,11.21,TFT5_Draven,Draven,Spinning Axes,ADMult,1.4/1.5/4,1,1.4,1.5,4,3,3.5,4
Set 5.5,5,mid,TFT_Set5_Stage2,11.21,TFT5_Draven,Draven,Spinning Axes,ArmorPenPercent,50,50,50,50,50,50,50,50
Set 5.5,5,mid,TFT_Set5_Stage2,11.21,TFT5_Draven,Draven,Spinning Axes,BuffDuration,5.75,5.75,5.75,5.75,5.75,5.75,5.75,5.75
Set 5.5,5,mid,TFT_Set5_Stage2,11.21,TFT5_Draven,Draven,Spinning Axes,Damage,125/200/700,0,125,200,700,0,0,0
Set 5.5,5,mid,TFT_Set5_Stage2,11.21,TFT5_Fiddlesticks,Fiddlesticks,Crowstorm,Duration,5,0,5,5,5,0,0,0
Set 5.5,5,mid,TFT_Set5_Stage2,11.21,TFT5_Fiddlesticks,Fiddlesticks,Crowstorm,ExtendedDuration,1,1,1,1,1,1,1,1
Set 5.5,5,mid,TFT_Set5_Stage2,11.21,TFT5_Fiddlesticks,Fiddlesticks,Crowstorm,MagicDamage,150/200/750,0,150,200,750,0,0,0
Set 5.5,5,mid,TFT_Set5_Stage2,11.21,TFT5_Fiddlesticks,Fiddlesticks,Crowstorm,PercentHeal,0.25,0.25,0.25,0.25,0.25,0.25,0.25,0.25
Set 5.5,5,mid,TFT_Set5_Stage2,11.21,TFT5_Galio,Galio,Shield of Durand,Duration,2.5,2.5,2.5,2.5,2.5,2.5,2.5,2.5
Set 5.5,5,mid,TFT_Set5_Stage2,11.21,TFT5_Galio,Galio,Shield of Durand,HexRange,3,3,3,3,3,3,3,3
Set 5.5,5,mid,TFT_Set5_Stage2,11.21,TFT5_Galio,Galio,Shield of Durand,MagicDamage,200/300/1500,0,200,300,1500,0,0,0
Set 5.5,5,mid,TFT_Set5_Stage2,11.21,TFT5_Galio,Galio,Shield of Durand,PercentDamageReduction,0.55/0.6/0.95,0,0.55,0.6,0.95,0,0,0
Set 5.5,5,mid,TFT_Set5_Stage2,11.21,TFT5_Galio,Galio,Shield of Durand,PercentHealed,0.6,0.6,0.6,0.6,0.6,0.6,0.6,0.6
Set 5.5,5,mid,TFT_Set5_Stage2,11.21,TFT5_Garen,Garen,God-Lion's Justice,MRShredDuration,8,8,8,8,8,8,8,8
Set 5.5,5,mid,TFT_Set5_Stage2,11.21,TFT5_Garen,Garen,God-Lion's Justice,MRShredTooltip,50,50,50,50,50,50,50,50
Set 5.5,5,mid,TFT_Set5_Stage2,11.21,TFT5_Garen,Garen,God-Lion's Justice,PercentMaxHealth,0.25/0.35/2,0,0.25,0.35,2,0,0,0
Set 5.5,5,mid,TFT_Set5_Stage2,11.21,TFT5_Garen,Garen,God-Lion's Justice,ShieldDuration,5,5,5,5,5,5,5,5
Set 5.5,5,mid,TFT_Set5_Stage2,11.21,TFT5_Garen,Garen,God-Lion's Justice,ShieldPercent,0.4/0.55/2,0.5,0.4,0.55,2,0.5,0.5,0.5
Set 5.5,5,mid,TFT_Set5_Stage2,11.21,TFT5_Gragas,Gragas,Drunken Rage,DamageReduction,35/45/60,0,35,45,60,0,0,0
Set 5.5,5,mid,TFT_Set5_Stage2,11.21,TFT5_Gragas,Gragas,Drunken Rage,Duration,4,4,4,4,4,4,4,4
Set 5.5,5,mid,TFT_Set5_Stage2,11.21,TFT5_Gragas,Gragas,Drunken Rage,MagicDamage,175/250/475,0,175,250,475,0,0,0
Set 5.5,5,mid,TFT_Set5_Stage2,11.21,TFT5_Gwen,Gwen,Skip 'N Slash,Defenses,2/2/11,1,2,2,11,1,1,1
Set 5.5,5,mid,TFT_Set5_Stage2,11.21,TFT5_Gwen,Gwen,Skip 'N Slash,HealthThresholdPercent,0.4,0.4,0.4,0.4,0.4,0.4,0.4,0.4
Set 5.5,5,mid,TFT_Set5_Stage2,11.21,TFT5_Gwen,Gwen,Skip 'N Slash,MagicDamage,125/200/2222,0,125,200,2222,0,0,0
Set 5.5,5,mid,TFT_Set5_Stage2,11.21,TFT5_Gwen,Gwen,Skip 'N Slash,PercentMaxHealth,0.04/0.07/0.5,0,0.04,0.07,0.5,0,0,0
Set 5.5,5,mid,TFT_Set5_Stage2,11.21,TFT5_Gwen,Gwen,Skip 'N Slash,Snips,3,3,3,3,3,3,3,3
Set 5.5,5,mid,TFT_Set5_Stage2,11.21,TFT5_Hecarim,Hecarim,Spirit of Dread,Damage,200/400/600,40,200,400,600,520,640,760
Set 5.5,5,mid,TFT_Set5_Stage2,11.21,TFT5_Hecarim,Hecarim,Spirit of Dread,Duration,3,3,3,3,3,3,3,3
Set 5.5,5,mid,TFT_Set5_Stage2,11.21,TFT5_Hecarim,Hecarim,Spirit of Dread,Healing,200/225/250,40,200,225,250,520,640,760
Set 5.5,5,mid,TFT_Set5_Stage2,11.21,TFT5_Hecarim,Hecarim,Spirit of Dread,Radius,1,1,1,1,1,1,1,1
Set 5.5,5,mid,TFT_Set5_Stage2,11.21,TFT5_Hecarim,Hecarim,Spirit of Dread,TickRate,1,1,1,1,1,1,1,1
Set 5.5,5,mid,TFT_Set5_Stage2,11.21,TFT5_Heimerdinger,Heimerdinger,Upgrade!!!,BurnDuration,6,0,6,6,6,0,0,0
Set 5.5,5,mid,TFT_Set5_Stage2,11.21,TFT5_Heimerdinger,Heimerdinger,Upgrade!!!,BurnPercent,18,18,18,18,18,18,18,18
Set 5.5,5,mid,TFT_Set5_Stage2,11.21,TFT5_Heimerdinger,Heimerdinger,Upgrade!!!,TurretMagicDamage,425/600/3333,0,425,600,3333,0,0,0
Set 5.5,5,mid,TFT_Set5_Stage2,11.21,TFT5_Irelia,Irelia,Defiant Dance,DamageReduction,0.3/0.4/0.5,0,0.3,0.4,0.5,0.5,0.5,0.5
Set 5.5,5,mid,TFT_Set5_Stage2,11.21,TFT5_Irelia,Irelia,Defiant Dance,DamageReductionIncrease,0.1,0,0.1,0.1,0.1,0.1,0.1,0.1
Set 5.5,5,mid,TFT_Set5_Stage2,11.21,TFT5_Irelia,Irelia,Defiant Dance,DamageReductionMax,0.8,0,0.8,0.8,0.8,0.8,0.8,0.8
Set 5.5,5,mid,TFT_Set5_Stage2,11.21,TFT5_Irelia,Irelia,Defiant Dance,MagicDamage,250/400/650,0,250,400,650,0,0,0
Set 5.5,5,mid,TFT_Set5_Stage2,11.21,TFT5_Irelia,Irelia,Defiant Dance,StanceDuration,4,4,4,4,4,4,4,4
Set 5.5,5,mid,TFT_Set5_Stage2,11.21,TFT5_Ivern,Ivern,Daisy!,AbilityPowerBonus,100/150/300,0,100,150,300,0,0,0
Set 5.5,5,mid,TFT_Set5_Stage2,11.21,TFT5_Ivern,Ivern,Daisy!,DaisyBonusAPConversion,100,100,100,100,100,100,100,100
Set 5.5,5,mid,TFT_Set5_Stage2,11.21,TFT5_Ivern,Ivern,Daisy!,DaisyHealth,1600/2600/10000,0,1600,2600,10000,0,0,0
Set 5.5,5,mid,TFT_Set5_Stage2,11.21,TFT5_Ivern,Ivern,Daisy!,TooltipDaisyDamage,250/350/1200,250,250,350,1200,250,250,250
Set 5.5,5,mid,TFT_Set5_Stage2,11.21,TFT5_Ivern,Ivern,Daisy!,TooltipDaisyStun,0.5/0.5/6,0.5,0.5,0.5,6,1.5,1.5,1.5
Set 5.5,5,mid,TFT_Set5_Stage2,11.21,TFT5_Jax,Jax,Empowered Strike,PercentAttackDamage,220/240/500,0,220,240,500,0,0,0
Set 5.5,5,mid,TFT_Set5_Stage2,11.21,TFT5_Jax,Jax,Empowered Strike,PercentAttackSpeed,0.2/0.3/1,0,0.2,0.3,1,0.33,0.33,0.33
Set 5.5,5,mid,TFT_Set5_Stage2,11.21,TFT5_Kalista,Kalista,Pierce,BaseDamage,350/600/900,400,350,600,900,0,0,0
Set 5.5,5,mid,TFT_Set5_Stage2,11.21,TFT5_Kalista,Kalista,Pierce,PercentAttackDamage,1.8/2/2.2,0,1.8,2,2.2,0,0,0
Set 5.5,5,mid,TFT_Set5_Stage2,11.21,TFT5_Karma,Karma,Soulflare,MagicDamage,230/300/850,0,230,300,850,0,0,0
Set 5.5,5,mid,TFT_Set5_Stage2,11.21,TFT5_Karma,Karma,Soulflare,MaxManaReduction,15/15/40,0,15,15,40,0,0,0
Set 5.5,5,mid,TFT_Set5_Stage2,11.21,TFT5_Kayle,Kayle,Divine Ascent,AoEDamage,90/150/4000,0,90,150,4000,0,0,0
Set 5.5,5,mid,TFT_Set5_Stage2,11.21,TFT5_Kayle,Kayle,Divine Ascent,AscensionDelay,5/5/1,0,5,5,1,0,0,0
Set 5.5,5,mid,TFT_Set5_Stage2,11.21,TFT5_Kayle,Kayle,Divine Ascent,ImmunityDuration,1,0,1,1,1,1,1,1
Set 5.5,5,mid,TFT_Set5_Stage2,11.21,TFT5_Kayle,Kayle,Divine Ascent,NumAttacksImmunity,12,0,12,12,12,12,12,12
Set 5.5,5,mid,TFT_Set5_Stage2,11.21,TFT5_Kayle,Kayle,Divine Ascent,PercentAttackDamage,50/60/1000,0,50,60,1000,0,0,0
Set 5.5,5,mid,TFT_Set5_Stage2,11.21,TFT5_Kennen,Kennen,Flame Rush,Damage,150/225/350,0,150,225,350,0,0,0
Set 5.5,5,mid,TFT_Set5_Stage2,11.21,TFT5_Kennen,Kennen,Flame Rush,StunDuration,1.5/2/2.5,0,1.5,2,2.5,0,0,0
Set 5.5,5,mid,TFT_Set5_Stage2,11.21,TFT5_Khazix,Kha'Zix,Taste their Fear,Damage,250/350/450,50,250,350,450,450,550,650
Set 5.5,5,mid,TFT_Set5_Stage2,11.21,TFT5_Khazix,Kha'Zix,Taste their Fear,IsolationDamage,750/1050/1350,200,750,1050,1350,1000,1200,1400
Set 5.5,5,mid,TFT_Set5_Stage2,11.21,TFT5_Kled,Kled,Violent Tendencies,AttackSpeedPercent,70/80/110,0,70,80,110,100,100,100
Set 5.5,5,mid,TFT_Set5_Stage2,11.21,TFT5_Kled,Kled,Violent Tendencies,PercentOfAttackDamage,150,0,150,150,150,150,150,150
Set 5.5,5,mid,TFT_Set5_Stage2,11.21,TFT5_Kled,Kled,Violent Tendencies,ShieldPercent,0.8,0,0.8,0.8,0.8,0.8,0.8,0.8
Set 5.5,5,mid,TFT_Set5_Stage2,11.21,TFT5_LeeSin,Lee Sin,Cripple,AttackSpeedSlow,50,50,50,50,50,50,50,50
Set 5.5,5,mid,TFT_Set5_Stage2,11.21,TFT5_LeeSin,Lee Sin,Cripple,AttackSpeedSlowDuration,4,4,4,4,4,4,4,4
Set 5.5,5,mid,TFT_Set5_Stage2,11.21,TFT5_LeeSin,Lee Sin,Cripple,Damage,200/350/600,0,200,350,600,0,0,0
Set 5.5,5,mid,TFT_Set5_Stage2,11.21,TFT5_Leona,Leona,Solar Barrier,Duration,4,4,4,4,4,4,4,4
Set 5.5,5,mid,TFT_Set5_Stage2,11.21,TFT5_Leona,Leona,Solar Barrier,FlatDamageReduction,30/40/120,0,30,40,120,160,200,240
Set 5.5,5,mid,TFT_Set5_Stage2,11.21,TFT5_Lucian,Lucian,The Culling,AttacksPerSecondCoefficient,1,1,1,1,1,1,1,1
Set 5.5,5,mid,TFT_Set5_Stage2,11.21,TFT5_Lucian,Lucian,The Culling,BaseDamage,40/70/400,30,40,70,400,100,80,90
Set 5.5,5,mid,TFT_Set5_Stage2,11.21,TFT5_Lucian,Lucian,The Culling,Duration,4,4,4,4,4,4,4,4
Set 5.5,5,mid,TFT_Set5_Stage2,11.21,TFT5_Lucian,Lucian,The Culling,NumShots,16,16,16,16,16,16,16,16
Set 5.5,5,mid,TFT_Set5_Stage2,11.21,TFT5_Lucian,Lucian,The Culling,TADRatio,0.5,0.5,0.5,0.5,0.5,0.5,0.5,0.5
Set 5.5,5,mid,TFT_Set5_Stage2,11.21,TFT5_Lulu,Lulu,Whimsy,AllyBuffDuration,5,0,5,5,5,5,5,5
Set 5.5,5,mid,TFT_Set5_Stage2,11.21,TFT5_Lulu,Lulu,Whimsy,AttackSpeedPercent,0.7/0.8/1.2,8,0.7,0.8,1.2,8,8,8
Set 5.5,5,mid,TFT_Set5_Stage2,11.21,TFT5_Lulu,Lulu,Whimsy,DamageAmp,20,20,20,20,20,20,20,20
Set 5.5,5,mid,TFT_Set5_Stage2,11.21,TFT5_Lulu,Lulu,Whimsy,NumTargets,3/4/5,2,3,4,5,6,7,8
Set 5.5,5,mid,TFT_Set5_Stage2,11.21,TFT5_Lulu,Lulu,Whimsy,PolymorphDuration,1.5,0,1.5,1.5,1.5,1.5,1.5,1.5
Set 5.5,5,mid,TFT_Set5_Stage2,11.21,TFT5_Lux,Lux,Prismatic Illumination,HitDamage,400/600/1000,40,400,600,1000,40,40,40
Set 5.5,5,mid,TFT_Set5_Stage2,11.21,TFT5_Lux,Lux,Prismatic Illumination,ShieldAmount,120/180/360,200,120,180,360,200,200,200
Set 5.5,5,mid,TFT_Set5_Stage2,11.21,TFT5_Lux,Lux,Prismatic Illumination,ShieldDuration,3,3,3,3,3,3,3,3
Set 5.5,5,mid,TFT_Set5_Stage2,11.21,TFT5_MissFortune,Miss Fortune,Make It Rain,HealingReduction,50,0,50,50,50,50,50,50
Set 5.5,5,mid,TFT_Set5_Stage2,11.21,TFT5_MissFortune,Miss Fortune,Make It Rain,HealingReductionDuration,6,0,6,6,6,6,6,6
Set 5.5,5,mid,TFT_Set5_Stage2,11.21,TFT5_MissFortune,Miss Fortune,Make It Rain,MagicDamage,250/375/550,0,250,375,550,0,0,0
Set 5.5,5,mid,TFT_Set5_Stage2,11.21,TFT5_Nautilus,Nautilus,Anchor Slam,Damage,200/300/750,0,200,300,750,0,0,0
Set 5.5,5,mid,TFT_Set5_Stage2,11.21,TFT5_Nautilus,Nautilus,Anchor Slam,StunDuration,3/4/6,0,3,4,6,0,0,0
Set 5.5,5,mid,TFT_Set5_Stage2,11.21,TFT5_Nidalee,Nidalee,Aspect of the Cougar,AttackSpeedPercent,30/50/75,30,30,50,75,110,0,0
Set 5.5,5,mid,TFT_Set5_Stage2,11.21,TFT5_Nidalee,Nidalee,Aspect of the Cougar,Damage,200/300/600,0,200,300,600,0,0,0
Set 5.5,5,mid,TFT_Set5_Stage2,11.21,TFT5_Nidalee,Nidalee,Aspect of the Cougar,DodgeChance,40,0,40,40,40,40,40,40
Set 5.5,5,mid,TFT_Set5_Stage2,11.21,TFT5_Nocturne,Nocturne,Umbra Blades,AttackSpeed,35,0,35,35,35,35,35,35
Set 5.5,5,mid,TFT_Set5_Stage2,11.21,TFT5_Nocturne,Nocturne,Umbra Blades,BonusDamage,100,80,100,100,100,250,0,0
Set 5.5,5,mid,TFT_Set5_Stage2,11.21,TFT5_Nocturne,Nocturne,Umbra Blades,Duration,3,0,3,3,3,0,0,0
Set 5.5,5,mid,TFT_Set5_Stage2,11.21,TFT5_Nocturne,Nocturne,Umbra Blades,HealPercent,100,100,100,100,100,100,100,100
Set 5.5,5,mid,TFT_Set5_Stage2,11.21,TFT5_Nocturne,Nocturne,Umbra Blades,PercentAttackDamage,0.7,0,0.7,0.7,0.7,0.7,0.7,0.7
Set 5.5,5,mid,TFT_Set5_Stage2,11.21,TFT5_Nunu,Nunu & Willump,Consume,Damage,450/700/1600,200,450,700,1600,3200,6400,12800
Set 5.5,5,mid,TFT_Set5_Stage2,11.21,TFT5_Nunu,Nunu & Willump,Consume,DamageAmp,0.5,0.5,0.5,0.5,0.5,0.5,0.5,0.5
Set 5.5,5,mid,TFT_Set5_Stage2,11.21,TFT5_Olaf,Olaf,Berserker Rage,AttackSpeed,0.02/0.03/0.04,0,0.02,0.03,0.04,0,0,0
Set 5.5,5,mid,TFT_Set5_Stage2,11.21,TFT5_Olaf,Olaf,Berserker Rage,Heal,20/30/70,0,20,30,70,0,0,0
Set 5.5,5,mid,TFT_Set5_Stage2,11.21,TFT5_Olaf,Olaf,Berserker Rage,PercentHealth,1,1,1,1,1,1,1,1
Set 5.5,5,mid,TFT_Set5_Stage2,11.21,TFT5_Poppy,Poppy,Buckler Toss,Damage,150/250/450,50,150,250,450,250,300,350
Set 5.5,5,mid,TFT_Set5_Stage2,11.21,TFT5_Poppy,Poppy,Buckler Toss,ShieldAmount,250/375/525,100,250,375,525,500,600,700
Set 5.5,5,mid,TFT_Set5_Stage2,11.21,TFT5_Pyke,Pyke,Phantom Undertow,Damage,150/225/325,25,150,225,325,325,400,475
Set 5.5,5,mid,TFT_Set5_Stage2,11.21,TFT5_Pyke,Pyke,Phantom Undertow,StunDelay,1,1,1,1,1,1,1,1
Set 5.5,5,mid,TFT_Set5_Stage2,11.21,TFT5_Pyke,Pyke,Phantom Undertow,StunDuration,1.5/2/3,1,1.5,2,3,3,3.5,4
Set 5.5,5,mid,TFT_Set5_Stage2,11.21,TFT5_Rakan,Rakan,Gleaming Quill,Damage,350/500/800,0,350,500,800,0,0,0
Set 5.5,5,mid,TFT_Set5_Stage2,11.21,TFT5_Rakan,Rakan,Gleaming Quill,HealPercent,0.35/0.5/0.7,0,0.35,0.5,0.7,0,0,0
Set 5.5,5,mid,TFT_Set5_Stage2,11.21,TFT5_Rell,Rell,Attract and Repel,ShieldAmount,300/450/3000,100,300,450,3000,1,1,1
Set 5.5,5,mid,TFT_Set5_Stage2,11.21,TFT5_Rell,Rell,Attract and Repel,ShieldDuration,4,4,4,4,4,4,4,4
Set 5.5,5,mid,TFT_Set5_Stage2,11.21,TFT5_Rell,Rell,Attract and Repel,StunDuration,1.5/2/8,2.5,1.5,2,8,2.5,2.5,2.5
Set 5.5,5,mid,TFT_Set5_Stage2,11.21,TFT5_Riven,Riven,Blade of the Dawn,BonusAttackDamagePercent,0.9/1/1.15,0,0.9,1,1.15,0,0,0
Set 5.5,5,mid,TFT_Set5_Stage2,11.21,TFT5_Riven,Riven,Blade of the Dawn,EmpowerDuration,8,8,8,8,8,8,8,8
Set 5.5,5,mid,TFT_Set5_Stage2,11.21,TFT5_Riven,Riven,Blade of the Dawn,MagicDamage,100/200/300,0,100,200,300,0,0,0
Set 5.5,5,mid,TFT_Set5_Stage2,11.21,TFT5_Riven,Riven,Blade of the Dawn,StunDuration,1.5,0,1.5,1.5,1.5,1.5,1.5,1.5
Set 5.5,5,mid,TFT_Set5_Stage2,11.21,TFT5_Sejuani,Sejuani,Fury of the North,DefensiveStats,60/100/200,0,60,100,200,0,0,0
Set 5.5,5,mid,TFT_Set5_Stage2,11.21,TFT5_Sejuani,Sejuani,Fury of the North,Duration,4,4,4,4,4,4,4,4
Set 5.5,5,mid,TFT_Set5_Stage2,11.21,TFT5_Sejuani,Sejuani,Fury of the North,MagicDamage,300/450/750,0,300,450,750,0,0,0
Set 5.5,5,mid,TFT_Set5_Stage2,11.21,TFT5_Sejuani,Sejuani,Fury of the North,StunDuration,2/3/4,0,2,3,4,0,0,0
Set 5.5,5,mid,TFT_Set5_Stage2,11.21,TFT5_Senna,Senna,Last Embrace,Damage,200/300/450,0,200,300,450,0,0,0
Set 5.5,5,mid,TFT_Set5_Stage2,11.21,TFT5_Senna,Senna,Last Embrace,StunDuration,1.5/2/3,0,1.5,2,3,0,0,0
Set 5.5,5,mid,TFT_Set5_Stage2,11.21,TFT5_Sett,Sett,Haymaker,ArmorShredDuration,10,10,10,10,10,10,10,10
Set 5.5,5,mid,TFT_Set5_Stage2,11.21,TFT5_Sett,Sett,Haymaker,FlatArmorShred,20/25/40,0,20,25,40,0,0,0
Set 5.5,5,mid,TFT_Set5_Stage2,11.21,TFT5_Sett,Sett,Haymaker,PhysicalDamagePercent,170/185/200,0,170,185,200,0,0,0
Set 5.5,5,mid,TFT_Set5_Stage2,11.21,TFT5_Soraka,Soraka,Equinox,Damage,200/275/400,0,200,275,400,600,750,900
Set 5.5,5,mid,TFT_Set5_Stage2,11.21,TFT5_Soraka,Soraka,Equinox,ManaIncrease,35,0,35,35,35,0,0,0
Set 5.5,5,mid,TFT_Set5_Stage2,11.21,TFT5_Syndra,Syndra,Force of Will,Damage,250/350/650,0,250,350,650,0,0,0
Set 5.5,5,mid,TFT_Set5_Stage2,11.21,TFT5_Syndra,Syndra,Force of Will,StunDuration,2/2.5/4,0,2,2.5,4,0,0,0
Set 5.5,5,mid,TFT_Set5_Stage2,11.21,TFT5_Teemo,Teemo,Teemo's Cruelty,AttackSpeedSlowTooltip,50,50,50,50,50,50,50,50
Set 5.5,5,mid,TFT_Set5_Stage2,11.21,TFT5_Teemo,Teemo,Teemo's Cruelty,Damage,120/160/666,0,120,160,666,0,0,0
Set 5.5,5,mid,TFT_Set5_Stage2,11.21,TFT5_Teemo,Teemo,Teemo's Cruelty,DebuffDuration,3,3,3,3,3,3,3,3
Set 5.5,5,mid,TFT_Set5_Stage2,11.21,TFT5_Teemo,Teemo,Teemo's Cruelty,DetonationDelay,3,0,3,3,3,3,3,3
Set 5.5,5,mid,TFT_Set5_Stage2,11.21,TFT5_Teemo,Teemo,Teemo's Cruelty,MaxMushroomDeployRadius,225,225,225,225,225,225,225,225
Set 5.5,5,mid,TFT_Set5_Stage2,11.21,TFT5_Teemo,Teemo,Teemo's Cruelty,MushroomAOERadius,360,360,360,360,360,360,360,360
Set 5.5,5,mid,TFT_Set5_Stage2,11.21,TFT5_Teemo,Teemo,Teemo's Cruelty,MushroomAreaTriggerRadius,200,200,200,200,200,200,200,200
Set 5.5,5,mid,TFT_Set5_Stage2,11.21,TFT5_Teemo,Teemo,Teemo's Cruelty,MushroomCount,5/6/42,3,5,6,42,7,8,9
Set 5.5,5,mid,TFT_Set5_Stage2,11.21,TFT5_Teemo,Teemo,Teemo's Cruelty,TickRate,0.5,0.5,0.5,0.5,0.5,0.5,0.5,0.5
Set 5.5,5,mid,TFT_Set5_Stage2,11.21,TFT5_Monstrosity,The Monstrosity,Enrage,AttackSpeed,1,1,1,1,1,1,1,1
Set 5.5,5,mid,TFT_Set5_Stage2,11.21,TFT5_Monstrosity,The Monstrosity,Enrage,Duration,4,4,4,4,4,4,4,4
Set 5.5,5,mid,TFT_Set5_Stage2,11.21,TFT5_Monstrosity,The Monstrosity,Enrage,HealPercent,0.6,0.6,0.6,0.6,0.6,0.6,0.6,0.6
Set 5.5,5,mid,TFT_Set5_Stage2,11.21,TFT5_Thresh,Thresh,Death Sentence,Damage,175/350/800,0,175,350,800,0,0,0
Set 5.5,5,mid,TFT_Set5_Stage2,11.21,TFT5_Thresh,Thresh,Death Sentence,PullDuration,2/3/4,0,2,3,4,0,0,0
Set 5.5,5,mid,TFT_Set5_Stage2,11.21,TFT5_EmblemArmoryKey,Tome of Traits,Tome of Traits,RoundsToHatch,2,2,2,2,2,2,2,2
Set 5.5,5,mid,TFT_Set5_Stage2,11.21,TFT5_Tristana,Tristana,Rocket Jump,AttackSpeedPercent,1.2/1.3/1.4,0,1.2,1.3,1.4,0,0,0
Set 5.5,5,mid,TFT_Set5_Stage2,11.21,TFT5_Tristana,Tristana,Rocket Jump,Duration,4,4,4,4,4,4,4,4
Set 5.5,5,mid,TFT_Set5_Stage2,11.21,TFT5_Udyr,Udyr,Feral Instinct,PercentAD,120/130/180,0,120,130,180,0,0,0
Set 5.5,5,mid,TFT_Set5_Stage2,11.21,TFT5_Udyr,Udyr,Feral Instinct,ShieldAmount,250/350/600,0,250,350,600,0,0,0
Set 5.5,5,mid,TFT_Set5_Stage2,11.21,TFT5_Udyr,Udyr,Feral Instinct,ShieldDuration,4,0,4,4,4,0,0,0
Set 5.5,5,mid,TFT_Set5_Stage2,11.21,TFT5_Varus,Varus,Holy Arrows,Duration,6,0,6,6,6,0,0,0
Set 5.5,5,mid,TFT_Set5_Stage2,11.21,TFT5_Varus,Varus,Holy Arrows,MagicDamage,40/60/90,0,40,60,90,0,0,0
Set 5.5,5,mid,TFT_Set5_Stage2,11.21,TFT5_Varus,Varus,Holy Arrows,PercentOfAD,150/155/165,0,150,155,165,0,0,0
Set 5.5,5,mid,TFT_Set5_Stage2,11.21,TFT5_Vayne,Vayne,Silver Bolts,BonusDamage,70/85/100,60,70,85,100,225,225,225
Set 5.5,5,mid,TFT_Set5_Stage2,11.21,TFT5_Velkoz,Vel'Koz,Lifeform Disintegration Ray,BaseDamagePerSec,850/1100/4000,0,850,1100,4000,0,0,0
Set 5.5,5,mid,TFT_Set5_Stage2,11.21,TFT5_Viego,Viego,Sovereign's Domination,Damage,150/400/2000,0,150,400,2000,0,0,0
Set 5.5,5,mid,TFT_Set5_Stage2,11.21,TFT5_Viego,Viego,Sovereign's Domination,DecayPercentDamagePerSecond,10/5/0,0,10,5,0,0,0,0
Set 5.5,5,mid,TFT_Set5_Stage2,11.21,TFT5_Viego,Viego,Sovereign's Domination,Duration,5,0,5,5,5,5,5,5
Set 5.5,5,mid,TFT_Set5_Stage2,11.21,TFT5_Viego,Viego,Sovereign's Domination,IncreasePercent,50,0,50,50,50,50,50,50
Set 5.5,5,mid,TFT_Set5_Stage2,11.21,TFT5_Vladimir,Vladimir,Transfusion,Damage,300/420/540,75,300,420,540,575,700,825
Set 5.5,5,mid,TFT_Set5_Stage2,11.21,TFT5_Vladimir,Vladimir,Transfusion,Heal,200/280/360,0,200,280,360,0,0,0
Set 5.5,5,mid,TFT_Set5_Stage2,11.21,TFT5_Volibear,Volibear,Doombringer,Damage,125/250/5000,0,125,250,5000,0,0,0
Set 5.5,5,mid,TFT_Set5_Stage2,11.21,TFT5_Volibear,Volibear,Doombringer,StunDuration,2/3.5/10,0,2,3.5,10,0,0,0
Set 5.5,5,mid,TFT_Set5_Stage2,11.21,TFT5_Yasuo,Yasuo,Burning Blade,Duration,60,60,60,60,60,60,60,60
Set 5.5,5,mid,TFT_Set5_Stage2,11.21,TFT5_Yasuo,Yasuo,Burning Blade,MagicDamage,250/350/550,0,250,350,550,0,0,0
Set 5.5,5,mid,TFT_Set5_Stage2,11.21,TFT5_Yasuo,Yasuo,Burning Blade,TrueDamageBonus,20/25/40,0,20,25,40,0,0,0
Set 5.5,5,mid,TFT_Set5_Stage2,11.21,TFT5_Ziggs,Ziggs,Arcane Bomb,Damage,250/375/550,70,250,375,550,550,650,750
Set 5.5,5,mid,TFT_Set5_Stage2,11.21,TFT5_Ziggs,Ziggs,Arcane Bomb,StunDuration,0.5,0,0.5,0.5,0.5,0.5,0.5,0.5
Set 5.5,5,mid,TFT_Set5_Stage2,11.21,TFT5_Zyra,Zyra,Grasping Roots,Damage,200/300/525,0,200,300,525,0,0,0
Set 5.5,5,mid,TFT_Set5_Stage2,11.21,TFT5_Zyra,Zyra,Grasping Roots,StunDuration,1.5/2/2.5,0,1.5,2,2.5,2,2,2
Set 6,6,base,TFT_Set6,12.2,TFT6_Akali,Akali,Perfect Execution,DashDamage,275/375/2000,250,275,375,2000,1666,1666,1666
Set 6,6,base,TFT_Set6,12.2,TFT6_Akali,Akali,Perfect Execution,ExecuteThreshold,0.15/0.2/0.9,0,0.15,0.2,0.9,0.5,0.5,0.5
Set 6,6,base,TFT_Set6,12.2,TFT6_Akali,Akali,Perfect Execution,InitialDamage,275/375/2000,250,275,375,2000,1666,1666,1666
Set 6,6,base,TFT_Set6,12.2,TFT6_Akali,Akali,Perfect Execution,MarkDuration,7,7,7,7,7,7,7,7
Set 6,6,base,TFT_Set6,12.2,TFT6_Blitzcrank,Blitzcrank,Rocket Grab,Damage,150/300/900,200,150,300,900,950,1200,1450
Set 6,6,base,TFT_Set6,12.2,TFT6_Blitzcrank,Blitzcrank,Rocket Grab,StunDuration,1.5,1.5,1.5,1.5,1.5,1.5,1.5,1.5
Set 6,6,base,TFT_Set6,12.2,TFT6_Braum,Braum,Vault Breaker,Damage,100/200/600,100,100,200,600,100,100,100
Set 6,6,base,TFT_Set6,12.2,TFT6_Braum,Braum,Vault Breaker,StunDuration,2/3/6,2.5,2,3,6,7,7,7
Set 6,6,base,TFT_Set6,12.2,TFT6_Caitlyn,Caitlyn,Ace in the Hole,Damage,800/1400/2000,0,800,1400,2000,2400,3000,3600
Set 6,6,base,TFT_Set6,12.2,TFT6_Camille,Camille,Defensive Sweep,Damage,150/200/300,25,150,200,300,325,400,475
Set 6,6,base,TFT_Set6,12.2,TFT6_Camille,Camille,Defensive Sweep,HealingPerAttack,30/50/80,10,30,50,80,90,110,130
Set 6,6,base,TFT_Set6,12.2,TFT6_Camille,Camille,Defensive Sweep,Shield,225/300/435,100,225,300,435,300,350,400
Set 6,6,base,TFT_Set6,12.2,TFT6_Camille,Camille,Defensive Sweep,ShieldDuration,4,4,4,4,4,4,4,4
Set 6,6,base,TFT_Set6,12.2,TFT6_ChoGath,Cho'Gath,Feast,BonusHealthOnKill,0.02,0.02,0.02,0.02,0.02,0.02,0.02,0.02
Set 6,6,base,TFT_Set6,12.2,TFT6_ChoGath,Cho'Gath,Feast,Damage,900/975/1050,200,900,975,1050,3200,6400,12800
Set 6,6,base,TFT_Set6,12.2,TFT6_ChoGath,Cho'Gath,Feast,MaxFeastStacks,20/40/999,0,20,40,999,0,0,0
Set 6,6,base,TFT_Set6,12.2,TFT6_Darius,Darius,Decimate,Damage,200/275/350,125,200,275,350,425,500,575
Set 6,6,base,TFT_Set6,12.2,TFT6_Darius,Darius,Decimate,Heal,120/140/160,100,120,140,160,180,200,220
Set 6,6,base,TFT_Set6,12.2,TFT6_Darius,Darius,Decimate,HexRange,1,1,1,1,1,1,1,1
Set 6,6,base,TFT_Set6,12.2,TFT6_DrMundo,Dr. Mundo,Zap Dose,Damage,80/125/300,10,80,125,300,100,110,130
Set 6,6,base,TFT_Set6,12.2,TFT6_DrMundo,Dr. Mundo,Zap Dose,DamageTickRate,1,1,1,1,1,1,1,1
Set 6,6,base,TFT_Set6,12.2,TFT6_DrMundo,Dr. Mundo,Zap Dose,Duration,5,5,5,5,5,5,5,5
Set 6,6,base,TFT_Set6,12.2,TFT6_DrMundo,Dr. Mundo,Zap Dose,HealingTickRate,1,1,1,1,1,1,1,1
Set 6,6,base,TFT_Set6,12.2,TFT6_DrMundo,Dr. Mundo,Zap Dose,PercentHealthDamage,0.15/0.2/0.5,0.05,0.15,0.2,0.5,0.25,0.3,0.35
Set 6,6,base,TFT_Set6,12.2,TFT6_DrMundo,Dr. Mundo,Zap Dose,PercentHealthHealing,0.25/0.35/1,0.3,0.25,0.35,1,1.5,1.8,2.1
Set 6,6,base,TFT_Set6,12.2,TFT6_DrMundo,Dr. Mundo,Zap Dose,PercentHealthInstantHeal,0.35,0.35,0.35,0.35,0.35,0.35,0.35,0.35
Set 6,6,base,TFT_Set6,12.2,TFT6_Ekko,Ekko,Parallel Convergence,ASSlow,0.35/0.35/0.5,0,0.35,0.35,0.5,0,0,0
Set 6,6,base,TFT_Set6,12.2,TFT6_Ekko,Ekko,Parallel Convergence,BonusAS,0.35/0.4/0.5,0.1,0.35,0.4,0.5,0.9,1.1,1.3
Set 6,6,base,TFT_Set6,12.2,TFT6_Ekko,Ekko,Parallel Convergence,BuffDuration,4,4,4,4,4,4,4,4
Set 6,6,base,TFT_Set6,12.2,TFT6_Ekko,Ekko,Parallel Convergence,Damage,175/225/375,75,175,225,375,575,700,825
Set 6,6,base,TFT_Set6,12.2,TFT6_Ekko,Ekko,Parallel Convergence,FieldDelay,2.2,2.2,2.2,2.2,2.2,2.2,2.2,2.2
Set 6,6,base,TFT_Set6,12.2,TFT6_Ekko,Ekko,Parallel Convergence,FieldDuration,2,2,2,2,2,2,2,2
Set 6,6,base,TFT_Set6,12.2,TFT6_Ekko,Ekko,Parallel Convergence,HexRadius,2,2,2,2,2,2,2,2
Set 6,6,base,TFT_Set6,12.2,TFT6_Ekko,Ekko,Parallel Convergence,SlowDuration,4,4,4,4,4,4,4,4
Set 6,6,base,TFT_Set6,12.2,TFT6_Ezreal,Ezreal,Mystic Shot,ASBoost,0.2,0.2,0.2,0.2,0.2,0.2,0.2,0.2
Set 6,6,base,TFT_Set6,12.2,TFT6_Ezreal,Ezreal,Mystic Shot,BonusDamage,25/50/100,0,25,50,100,0,0,0
Set 6,6,base,TFT_Set6,12.2,TFT6_Ezreal,Ezreal,Mystic Shot,MaxStacks,5,5,5,5,5,5,5,5
Set 6,6,base,TFT_Set6,12.2,TFT6_Ezreal,Ezreal,Mystic Shot,PercentAD,1.5,1.5,1.5,1.5,1.5,1.5,1.5,1.5
Set 6,6,base,TFT_Set6,12.2,TFT6_Fiora,Fiora,Blade Waltz,BonusTrueDamage,60/100/300,75,60,100,300,400,400,400
Set 6,6,base,TFT_Set6,12.2,TFT6_Fiora,Fiora,Blade Waltz,PercentAD,1.7,1.7,1.7,1.7,1.7,1.7,1.7,1.7
Set 6,6,base,TFT_Set6,12.2,TFT6_Fiora,Fiora,Blade Waltz,PercentHealing,0.2,0.2,0.2,0.2,0.2,0.2,0.2,0.2
Set 6,6,base,TFT_Set6,12.2,TFT6_Galio,Galio,Colossal Entrance,CritBonusDamage,70/100/1999,0,70,100,1999,0,0,0
Set 6,6,base,TFT_Set6,12.2,TFT6_Galio,Galio,Colossal Entrance,Damage,200/300/9001,200,200,300,9001,200,200,200
Set 6,6,base,TFT_Set6,12.2,TFT6_Galio,Galio,Colossal Entrance,HexRadius,3/3/5,3,3,3,5,3,3,3
Set 6,6,base,TFT_Set6,12.2,TFT6_Galio,Galio,Colossal Entrance,StunDuration,1.5/1.75/9.5,1.5,1.5,1.75,9.5,1.5,1.5,1.5
Set 6,6,base,TFT_Set6,12.2,TFT6_Gangplank,Gangplank,Parrrley,ADPercent,1.7,1.7,1.7,1.7,1.7,1.7,1.7,1.7
Set 6,6,base,TFT_Set6,12.2,TFT6_Gangplank,Gangplank,Parrrley,Damage,110/150/200,0,110,150,200,0,0,0
Set 6,6,base,TFT_Set6,12.2,TFT6_Garen,Garen,Decisive Strike,PercentAD,2,2,2,2,2,2,2,2
Set 6,6,base,TFT_Set6,12.2,TFT6_Garen,Garen,Decisive Strike,PercentHealth,0.15,0.15,0.15,0.15,0.15,0.15,0.15,0.15
Set 6,6,base,TFT_Set6,12.2,TFT6_Graves,Graves,Smoke Grenade,Damage,150/250/400,0,150,250,400,0,0,0
Set 6,6,base,TFT_Set6,12.2,TFT6_Graves,Graves,Smoke Grenade,DisarmDuration,2/2.5/3,1.5,2,2.5,3,3.5,4,4.5
Set 6,6,base,TFT_Set6,12.2,TFT6_Heimerdinger,Heimerdinger,Rocket Swarm,BaseDamage,70/100/150,0,70,100,150,75,90,90
Set 6,6,base,TFT_Set6,12.2,TFT6_Heimerdinger,Heimerdinger,Rocket Swarm,MaxWaves,3,3,3,3,3,3,3,3
Set 6,6,base,TFT_Set6,12.2,TFT6_Illaoi,Illaoi,Harsh Lesson,Duration,5,5,5,5,5,5,5,5
Set 6,6,base,TFT_Set6,12.2,TFT6_Illaoi,Illaoi,Harsh Lesson,MagicDamage,200/325/550,0,200,325,550,0,0,0
Set 6,6,base,TFT_Set6,12.2,TFT6_Illaoi,Illaoi,Harsh Lesson,PercentHealing,0.25/0.3/0.4,0,0.25,0.3,0.4,0,0,0
Set 6,6,base,TFT_Set6,12.2,TFT6_Janna,Janna,Monsoon,Duration,3,3,3,3,3,3,3,3
Set 6,6,base,TFT_Set6,12.2,TFT6_Janna,Janna,Monsoon,HealAmount,275/350/1000,300,275,350,1000,200,200,100
Set 6,6,base,TFT_Set6,12.2,TFT6_Janna,Janna,Monsoon,KnockbackRadius,3,3,3,3,3,3,3,3
Set 6,6,base,TFT_Set6,12.2,TFT6_Janna,Janna,Monsoon,StunDuration,0.5/0.5/4,1.5,0.5,0.5,4,1.5,1.5,1.5
Set 6,6,base,TFT_Set6,12.2,TFT6_Janna,Janna,Monsoon,TicksPerSecond,0.5,0.5,0.5,0.5,0.5,0.5,0.5,0.5
Set 6,6,base,TFT_Set6,12.2,TFT6_Jhin,Jhin,Curtain Call,ADFromAttackSpeed,0.8,0.8,0.8,0.8,0.8,0.8,0.8,0.8
Set 6,6,base,TFT_Set6,12.2,TFT6_Jhin,Jhin,Curtain Call,AttackSpeed,0.9/0.9/1.4,0.85,0.9,0.9,1.4,0.85,0.85,0.85
Set 6,6,base,TFT_Set6,12.2,TFT6_Jhin,Jhin,Curtain Call,BonusDamage,1,1,1,1,1,1,1,1
Set 6,6,base,TFT_Set6,12.2,TFT6_Jhin,Jhin,Curtain Call,DamageFalloff,0.33,0.33,0.33,0.33,0.33,0.33,0.33,0.33
Set 6,6,base,TFT_Set6,12.2,TFT6_Jhin,Jhin,Curtain Call,PercentAttackDamage,1.5/2/3,1.2,1.5,2,3,1.2,1.2,1.2
Set 6,6,base,TFT_Set6,12.2,TFT6_Jinx,Jinx,Super Mega Death Rocket,Damage,450/700/8888,500,450,700,8888,3000,3000,3000
Set 6,6,base,TFT_Set6,12.2,TFT6_Jinx,Jinx,Super Mega Death Rocket,FalloffPercent,0.5,0.5,0.5,0.5,0.5,0.5,0.5,0.5
Set 6,6,base,TFT_Set6,12.2,TFT6_Jinx,Jinx,Super Mega Death Rocket,HexDuration,5,5,5,5,5,5,5,5
Set 6,6,base,TFT_Set6,12.2,TFT6_Jinx,Jinx,Super Mega Death Rocket,InnerRadius,1/1/2,1,1,1,2,1,1,1
Set 6,6,base,TFT_Set6,12.2,TFT6_Jinx,Jinx,Super Mega Death Rocket,OuterRadius,3/3/5,3,3,3,5,3,3,3
Set 6,6,base,TFT_Set6,12.2,TFT6_Jinx,Jinx,Super Mega Death Rocket,PercentBurn,2/3/4,1,2,3,4,5,6,7
Set 6,6,base,TFT_Set6,12.2,TFT6_Jinx,Jinx,Super Mega Death Rocket,RocketLauncherPercentAD,2/2.1/8.88,0.75,2,2.1,8.88,0.75,0.75,0.75
Set 6,6,base,TFT_Set6,12.2,TFT6_Kaisa,Kai'Sa,Icathian Monsoon,Damage,70/90/180,50,70,90,180,50,50,50
Set 6,6,base,TFT_Set6,12.2,TFT6_Kaisa,Kai'Sa,Icathian Monsoon,FakeCastTime,1,1,1,1,1,1,1,1
Set 6,6,base,TFT_Set6,12.2,TFT6_Kaisa,Kai'Sa,Icathian Monsoon,NumMissiles,12/18/100,4,12,18,100,12,12,12
Set 6,6,base,TFT_Set6,12.2,TFT6_Kassadin,Kassadin,Null Sphere,Damage,250/325/400,150,250,325,400,150,150,150
Set 6,6,base,TFT_Set6,12.2,TFT6_Kassadin,Kassadin,Null Sphere,DamageReduction,0.25,0.25,0.25,0.25,0.25,0.25,0.25,0.25
Set 6,6,base,TFT_Set6,12.2,TFT6_Kassadin,Kassadin,Null Sphere,Duration,5,5,5,5,5,5,5,5
Set 6,6,base,TFT_Set6,12.2,TFT6_Kassadin,Kassadin,Null Sphere,ManaReave,0.5,0,0.5,0.5,0.5,0,0,0
Set 6,6,base,TFT_Set6,12.2,TFT6_Katarina,Katarina,Shunpo,Damage,160/200/250,0,160,200,250,0,0,0
Set 6,6,base,TFT_Set6,12.2,TFT6_Katarina,Katarina,Shunpo,ManaRefund,20,20,20,20,20,20,20,20
Set 6,6,base,TFT_Set6,12.2,TFT6_KogMaw,Kog'Maw,Barrage,Duration,3,3,3,3,3,3,3,3
Set 6,6,base,TFT_Set6,12.2,TFT6_KogMaw,Kog'Maw,Barrage,PercentAttackSpeed,0.75,0.75,0.75,0.75,0.75,0.75,0.75,0.75
Set 6,6,base,TFT_Set6,12.2,TFT6_KogMaw,Kog'Maw,Barrage,PercentMaxHPDamage,0.08,0.08,0.08,0.08,0.08,0.08,0.08,0.08
Set 6,6,base,TFT_Set6,12.2,TFT6_Leona,Leona,Solar Eclipse,BonusStats,30/50/80,25,30,50,80,25,25,25
Set 6,6,base,TFT_Set6,12.2,TFT6_Leona,Leona,Solar Eclipse,Duration,5/5/8,4,5,5,8,4,4,4
Set 6,6,base,TFT_Set6,12.2,TFT6_Leona,Leona,Solar Eclipse,Shielding,400/650/1000,0,400,650,1000,160,200,240
Set 6,6,base,TFT_Set6,12.2,TFT6_Lissandra,Lissandra,Iron Maiden,Damage,250/325/550,0,250,325,550,0,0,0
Set 6,6,base,TFT_Set6,12.2,TFT6_Lissandra,Lissandra,Iron Maiden,HealthThreshold,0.5,0.5,0.5,0.5,0.5,0.5,0.5,0.5
Set 6,6,base,TFT_Set6,12.2,TFT6_Lissandra,Lissandra,Iron Maiden,StunDuration,1.5,1.5,1.5,1.5,1.5,1.5,1.5,1.5
Set 6,6,base,TFT_Set6,12.2,TFT6_Lissandra,Lissandra,Iron Maiden,UntargetableDuration,2,2,2,2,2,2,2,2
Set 6,6,base,TFT_Set6,12.2,TFT6_Lissandra,Lissandra,Iron Maiden,WeakenedDuration,4,4,4,4,4,4,4,4
Set 6,6,base,TFT_Set6,12.2,TFT6_Lissandra,Lissandra,Iron Maiden,WeakenedPercent,0.3,0.3,0.3,0.3,0.3,0.3,0.3,0.3
Set 6,6,base,TFT_Set6,12.2,TFT6_Lulu,Lulu,Wild Growth,BonusHealth,325/350/375,300,325,350,375,600,1200,1200
Set 6,6,base,TFT_Set6,12.2,TFT6_Lulu,Lulu,Wild Growth,BuffDuration,60,60,60,60,60,60,60,60
Set 6,6,base,TFT_Set6,12.2,TFT6_Lulu,Lulu,Wild Growth,CCDuration,1,1,1,1,1,1,1,1
Set 6,6,base,TFT_Set6,12.2,TFT6_Lulu,Lulu,Wild Growth,NumAllies,1/2/3,1,1,2,3,1,1,1
Set 6,6,base,TFT_Set6,12.2,TFT6_Lux,Lux,Final Spark,Damage,225/375/900,200,225,375,900,1400,1700,2000
Set 6,6,base,TFT_Set6,12.2,TFT6_Lux,Lux,Final Spark,ManaRefund,20,20,20,20,20,20,20,20
Set 6,6,base,TFT_Set6,12.2,TFT6_Malzahar,Malzahar,Malefic Visions,Damage,650/900/1100,0,650,900,1100,0,0,0
Set 6,6,base,TFT_Set6,12.2,TFT6_Malzahar,Malzahar,Malefic Visions,Duration,8,0,8,8,8,8,8,8
Set 6,6,base,TFT_Set6,12.2,TFT6_Malzahar,Malzahar,Malefic Visions,MRShred,0.4,0.4,0.4,0.4,0.4,0.4,0.4,0.4
Set 6,6,base,TFT_Set6,12.2,TFT6_Malzahar,Malzahar,Malefic Visions,SpreadTargets,1/1/2,0,1,1,2,4,5,6
Set 6,6,base,TFT_Set6,12.2,TFT6_Malzahar,Malzahar,Malefic Visions,TickRate,0.5,0.5,0.5,0.5,0.5,0.5,0.5,0.5
Set 6,6,base,TFT_Set6,12.2,TFT6_Tibbers,Mechanical Bear,Power Surge,AllyADAPBuff,20,20,20,20,20,20,20,20
Set 6,6,base,TFT_Set6,12.2,TFT6_Tibbers,Mechanical Bear,Power Surge,AllyPercentAD,0.4,0.4,0.4,0.4,0.4,0.4,0.4,0.4
Set 6,6,base,TFT_Set6,12.2,TFT6_Tibbers,Mechanical Bear,Power Surge,AllyPercentASBase,1,1,1,1,1,1,1,1
Set 6,6,base,TFT_Set6,12.2,TFT6_Tibbers,Mechanical Bear,Power Surge,BuffDuration,4,4,4,4,4,4,4,4
Set 6,6,base,TFT_Set6,12.2,TFT6_Tibbers,Mechanical Bear,Power Surge,PercentAD,1,1,1,1,1,1,1,1
Set 6,6,base,TFT_Set6,12.2,TFT6_HexTechDragon,Mechanical Dragon,Electrifying Roar,BonusLightningDamage,500,500,500,500,500,500,500,500
Set 6,6,base,TFT_Set6,12.2,TFT6_HexTechDragon,Mechanical Dragon,Electrifying Roar,CritDamageIncrease,0.4,0.4,0.4,0.4,0.4,0.4,0.4,0.4
Set 6,6,base,TFT_Set6,12.2,TFT6_HexTechDragon,Mechanical Dragon,Electrifying Roar,CritIncrease,0.75,0.75,0.75,0.75,0.75,0.75,0.75,0.75
Set 6,6,base,TFT_Set6,12.2,TFT6_HexTechDragon,Mechanical Dragon,Electrifying Roar,EnergizedDuration,8,8,8,8,8,8,8,8
Set 6,6,base,TFT_Set6,12.2,TFT6_HexTechDragon,Mechanical Dragon,Electrifying Roar,FearDuration,3,3,3,3,3,3,3,3
Set 6,6,base,TFT_Set6,12.2,TFT6_HexTechDragon,Mechanical Dragon,Electrifying Roar,FearHexRange,5,5,5,5,5,5,5,5
Set 6,6,base,TFT_Set6,12.2,TFT6_HexTechDragon,Mechanical Dragon,Electrifying Roar,NumEnemies,3,3,3,3,3,3,3,3
Set 6,6,base,TFT_Set6,12.2,TFT6_MalzaharVoidling,Mechanical Scarab,Reflective Barrier,DamageAmount,50,50,50,50,50,50,50,50
Set 6,6,base,TFT_Set6,12.2,TFT6_MalzaharVoidling,Mechanical Scarab,Reflective Barrier,DamageReducedDuration,4,4,4,4,4,4,4,4
Set 6,6,base,TFT_Set6,12.2,TFT6_MalzaharVoidling,Mechanical Scarab,Reflective Barrier,DamageReducedPercent,0.25,0.25,0.25,0.25,0.25,0.25,0.25,0.25
Set 6,6,base,TFT_Set6,12.2,TFT6_MercenaryChest,Mercenary Chest,Mercenary Chest,RoundsToHatch,2,2,2,2,2,2,2,2
Set 6,6,base,TFT_Set6,12.2,TFT6_MissFortune,Miss Fortune,Make it Rain,HealingReduction,50,0,50,50,50,50,50,50
Set 6,6,base,TFT_Set6,12.2,TFT6_MissFortune,Miss Fortune,Make it Rain,HealingReductionDuration,6,0,6,6,6,6,6,6
Set 6,6,base,TFT_Set6,12.2,TFT6_MissFortune,Miss Fortune,Make it Rain,MagicDamage,275/375/600,0,275,375,600,0,0,0
Set 6,6,base,TFT_Set6,12.2,TFT6_Orianna,Orianna,Command: Shockwave,Damage,350/550/1200,0,350,550,1200,0,0,0
Set 6,6,base,TFT_Set6,12.2,TFT6_Orianna,Orianna,Command: Shockwave,Duration,4,0,4,4,4,0,0,0
Set 6,6,base,TFT_Set6,12.2,TFT6_Orianna,Orianna,Command: Shockwave,ShieldAmount,100/150/400,0,100,150,400,0,0,0
Set 6,6,base,TFT_Set6,12.2,TFT6_Orianna,Orianna,Command: Shockwave,StunDuration,1/1/4,2,1,1,4,2,2,2
Set 6,6,base,TFT_Set6,12.2,TFT6_Poppy,Poppy,Buckler Toss,PercentArmorDamage,1.8/2.1/2.4,2,1.8,2.1,2.4,4,4,4
Set 6,6,base,TFT_Set6,12.2,TFT6_Poppy,Poppy,Buckler Toss,ShieldAmount,225/275/325,100,225,275,325,525,600,700
Set 6,6,base,TFT_Set6,12.2,TFT6_Quinn,Quinn,Disarming Assault,ADReduction,,,,,,,,
Set 6,6,base,TFT_Set6,12.2,TFT6_Quinn,Quinn,Disarming Assault,ADReductionDuration,,,,,,,,
Set 6,6,base,TFT_Set6,12.2,TFT6_Quinn,Quinn,Disarming Assault,BonusDamage,200/300/700,0,200,300,700,0,0,0
Set 6,6,base,TFT_Set6,12.2,TFT6_Quinn,Quinn,Disarming Assault,DisarmDuration,2/2.5/3,3,2,2.5,3,3,3,3
Set 6,6,base,TFT_Set6,12.2,TFT6_Samira,Samira,Flair,ADPercent,1.75/1.8/1.9,1.5,1.75,1.8,1.9,1.5,1.5,1.5
Set 6,6,base,TFT_Set6,12.2,TFT6_Samira,Samira,Flair,ArmorShred,10/15/20,0,10,15,20,20,25,30
Set 6,6,base,TFT_Set6,12.2,TFT6_Samira,Samira,Flair,ManaRefund,20,20,20,20,20,20,20,20
Set 6,6,base,TFT_Set6,12.2,TFT6_Seraphine,Seraphine,Encore,ASBonus,0.3/0.5/1,0.3,0.3,0.5,1,0.3,0.3,0.3
Set 6,6,base,TFT_Set6,12.2,TFT6_Seraphine,Seraphine,Encore,ASBonusDuration,4,4,4,4,4,4,4,4
Set 6,6,base,TFT_Set6,12.2,TFT6_Seraphine,Seraphine,Encore,Damage,275/450/1200,1,275,450,1200,2,2.25,2.5
Set 6,6,base,TFT_Set6,12.2,TFT6_Seraphine,Seraphine,Encore,Heal,250/350/1000,0,250,350,1000,0,0,0
Set 6,6,base,TFT_Set6,12.2,TFT6_Shaco,Shaco,Deceive,BaseDamage,90/110/130,0,90,110,130,0,0,0
Set 6,6,base,TFT_Set6,12.2,TFT6_Shaco,Shaco,Deceive,Duration,2,2,2,2,2,2,2,2
Set 6,6,base,TFT_Set6,12.2,TFT6_Shaco,Shaco,Deceive,PercentHealthCrit,0.5,0.5,0.5,0.5,0.5,0.5,0.5,0.5
Set 6,6,base,TFT_Set6,12.2,TFT6_Shaco,Shaco,Deceive,PercentOfAD,1.85,1.85,1.85,1.85,1.85,1.85,1.85,1.85
Set 6,6,base,TFT_Set6,12.2,TFT6_Singed,Singed,Fling,AoEStunDuration,0.75,0.75,0.75,0.75,0.75,0.75,0.75,0.75
Set 6,6,base,TFT_Set6,12.2,TFT6_Singed,Singed,Fling,Damage,125/175/250,50,125,175,250,800,1600,3200
Set 6,6,base,TFT_Set6,12.2,TFT6_Singed,Singed,Fling,StunDuration,1.5/2/3,2,1.5,2,3,4,4,4
Set 6,6,base,TFT_Set6,12.2,TFT6_Sion,Sion,Decimating Smash,ChargeUpTime,1.25,1.25,1.25,1.25,1.25,1.25,1.25,1.25
Set 6,6,base,TFT_Set6,12.2,TFT6_Sion,Sion,Decimating Smash,Damage,125/200/500,0,125,200,500,2000,2000,1200
Set 6,6,base,TFT_Set6,12.2,TFT6_Sion,Sion,Decimating Smash,KnockUpDuration,2.5/3/6,1.5,2.5,3,6,1.5,1.5,1.5
Set 6,6,base,TFT_Set6,12.2,TFT6_Swain,Swain,Death's Hand,BaseDamage,250/375/525,0,250,375,525,0,0,0
Set 6,6,base,TFT_Set6,12.2,TFT6_Swain,Swain,Death's Hand,Healing,225/250/350,80,225,250,350,80,80,80
Set 6,6,base,TFT_Set6,12.2,TFT6_Swain,Swain,Death's Hand,Range,660,660,660,660,660,660,660,660
Set 6,6,base,TFT_Set6,12.2,TFT6_TahmKench,Tahm Kench,Devour,BellyDuration,3,0,3,3,3,3,3,3
Set 6,6,base,TFT_Set6,12.2,TFT6_TahmKench,Tahm Kench,Devour,Damage,900/1350/30000,600,900,1350,30000,9999,1300,1550
Set 6,6,base,TFT_Set6,12.2,TFT6_TahmKench,Tahm Kench,Devour,DamageReduction,0.3,0.3,0.3,0.3,0.3,0.3,0.3,0.3
Set 6,6,base,TFT_Set6,12.2,TFT6_TahmKench,Tahm Kench,Devour,ReducedDamageToCC,300/450/10500,0,300,450,10500,0,0,0
Set 6,6,base,TFT_Set6,12.2,TFT6_TahmKench,Tahm Kench,Devour,StunDuration,1,1,1,1,1,1,1,1
Set 6,6,base,TFT_Set6,12.2,TFT6_TahmKench,Tahm Kench,Devour,TickRate,0.5,0.5,0.5,0.5,0.5,0.5,0.5,0.5
Set 6,6,base,TFT_Set6,12.2,TFT6_Talon,Talon,Blade's End,BleedDuration,7,7,7,7,7,7,7,7
Set 6,6,base,TFT_Set6,12.2,TFT6_Talon,Talon,Blade's End,Damage,450/625/950,0,450,625,950,0,0,0
Set 6,6,base,TFT_Set6,12.2,TFT6_Taric,Taric,Starlight Bastion,Duration,4,4,4,4,4,4,4,4
Set 6,6,base,TFT_Set6,12.2,TFT6_Taric,Taric,Starlight Bastion,HealAmount,325/425/600,0,325,425,600,0,0,0
Set 6,6,base,TFT_Set6,12.2,TFT5_EmblemArmoryKey,Tome of Traits,Tome of Traits,RoundsToHatch,2,2,2,2,2,2,2,2
Set 6,6,base,TFT_Set6,12.2,TFT6_Tristana,Tristana,Buster Shot,BonusDamage,125/150/175,0,125,150,175,0,0,0
Set 6,6,base,TFT_Set6,12.2,TFT6_Tristana,Tristana,Buster Shot,HexKnockback,1/2/3,0.5,1,2,3,8,16,32
Set 6,6,base,TFT_Set6,12.2,TFT6_Tristana,Tristana,Buster Shot,KnockbackRadius,2,2,2,2,2,2,2,2
Set 6,6,base,TFT_Set6,12.2,TFT6_Tristana,Tristana,Buster Shot,PercentAD,2/2.1/2.25,0,2,2.1,2.25,0,0,0
Set 6,6,base,TFT_Set6,12.2,TFT6_Tristana,Tristana,Buster Shot,StunDuration,1,1,1,1,1,1,1,1
Set 6,6,base,TFT_Set6,12.2,TFT6_Trundle,Trundle,Chomp,ADSteal,20/25/40,0,20,25,40,80,100,120
Set 6,6,base,TFT_Set6,12.2,TFT6_Trundle,Trundle,Chomp,ASSlow,0.25,0.25,0.25,0.25,0.25,0.25,0.25,0.25
Set 6,6,base,TFT_Set6,12.2,TFT6_Trundle,Trundle,Chomp,PercentAttackDamage,1.4,1.4,1.4,1.4,1.4,1.4,1.4,1.4
Set 6,6,base,TFT_Set6,12.2,TFT6_Trundle,Trundle,Chomp,SlowDuration,3,3,3,3,3,3,3,3
Set 6,6,base,TFT_Set6,12.2,TFT6_TwistedFate,Twisted Fate,Wild Cards,BaseDamage,155/205/275,0,155,205,275,700,700,700
Set 6,6,base,TFT_Set6,12.2,TFT6_Twitch,Twitch,Piercing Bolt,BaseDamage,25/50/75,0.5,25,50,75,0.5,0,0
Set 6,6,base,TFT_Set6,12.2,TFT6_Twitch,Twitch,Piercing Bolt,GWDuration,5,5,5,5,5,5,5,5
Set 6,6,base,TFT_Set6,12.2,TFT6_Twitch,Twitch,Piercing Bolt,GWStrength,0.5,0.5,0.5,0.5,0.5,0.5,0.5,0.5
Set 6,6,base,TFT_Set6,12.2,TFT6_Twitch,Twitch,Piercing Bolt,PercentAttackDamage,1.25/1.35/1.5,0,1.25,1.35,1.5,0,0,0
Set 6,6,base,TFT_Set6,12.2,TFT6_Urgot,Urgot,Purge,ADRatio,0.3,0.3,0.3,0.3,0.3,0.3,0.3,0.3
Set 6,6,base,TFT_Set6,12.2,TFT6_Urgot,Urgot,Purge,ASRatio,0.3,0.3,0.3,0.3,0.3,0.3,0.3,0.3
Set 6,6,base,TFT_Set6,12.2,TFT6_Urgot,Urgot,Purge,AttacksPerSecond,5/7/12,5,5,7,12,5,5,5
Set 6,6,base,TFT_Set6,12.2,TFT6_Urgot,Urgot,Purge,Duration,5/5/10,5,5,5,10,5,5,5
Set 6,6,base,TFT_Set6,12.2,TFT6_Urgot,Urgot,Purge,NumShotsPerLaunchAttack,3,3,3,3,3,3,3,3
Set 6,6,base,TFT_Set6,12.2,TFT6_Veigar,Veigar,,Damage,250/300/777,0,250,300,777,250,250,250
Set 6,6,base,TFT_Set6,12.2,TFT6_Veigar,Veigar,,NumStrikes,20/30/99,0,20,30,99,0,0,0
Set 6,6,base,TFT_Set6,12.2,TFT6_Vex,Vex,Personal Space,BonusDamage,100/135/175,125,100,135,175,125,125,125
Set 6,6,base,TFT_Set6,12.2,TFT6_Vex,Vex,Personal Space,ShieldAmount,525/675/850,400,525,675,850,900,900,900
Set 6,6,base,TFT_Set6,12.2,TFT6_Vex,Vex,Personal Space,ShieldAmp,0.15,0.15,0.15,0.15,0.15,0.15,0.15,0.15
Set 6,6,base,TFT_Set6,12.2,TFT6_Vex,Vex,Personal Space,ShieldDamage,100/135/175,125,100,135,175,125,125,125
Set 6,6,base,TFT_Set6,12.2,TFT6_Vex,Vex,Personal Space,ShieldDuration,4,4,4,4,4,4,4,4
Set 6,6,base,TFT_Set6,12.2,TFT6_Vi,Vi,Denting Blow,ArmorReduction,0.4/0.5/0.7,0.25,0.4,0.5,0.7,1.25,1.5,1.75
Set 6,6,base,TFT_Set6,12.2,TFT6_Vi,Vi,Denting Blow,Damage,250/375/600,50,250,375,600,650,800,950
Set 6,6,base,TFT_Set6,12.2,TFT6_Vi,Vi,Denting Blow,Duration,8,8,8,8,8,8,8,8
Set 6,6,base,TFT_Set6,12.2,TFT6_Viktor,Viktor,Chaos Rays,ArmorReduction,0.7,0.5,0.7,0.7,0.7,0.5,0.5,0.5
Set 6,6,base,TFT_Set6,12.2,TFT6_Viktor,Viktor,Chaos Rays,DamageAmount,360/420/1500,50,360,420,1500,50,50,50
Set 6,6,base,TFT_Set6,12.2,TFT6_Viktor,Viktor,Chaos Rays,NumLasers,3/4/12,3,3,4,12,3,3,3
Set 6,6,base,TFT_Set6,12.2,TFT6_Viktor,Viktor,Chaos Rays,ShieldDestructionPercent,0.25/0.33/1,0,0.25,0.33,1,0,0,0
Set 6,6,base,TFT_Set6,12.2,TFT6_Viktor,Viktor,Chaos Rays,ShredDuration,6,6,6,6,6,6,6,6
Set 6,6,base,TFT_Set6,12.2,TFT6_Warwick,Warwick,Eternal Hunger,HealAmount,35/50/75,0,35,50,75,0,0,0
Set 6,6,base,TFT_Set6,12.2,TFT6_Warwick,Warwick,Eternal Hunger,PercentHealth,0.07/0.09/0.12,0.05,0.07,0.09,0.12,0.05,0.05,0.05
Set 6,6,base,TFT_Set6,12.2,TFT6_Yone,Yone,Soul Unbound,Duration,4/5/15,4,4,5,15,4,4,4
Set 6,6,base,TFT_Set6,12.2,TFT6_Yone,Yone,Soul Unbound,HexRange,3,3,3,3,3,3,3,3
Set 6,6,base,TFT_Set6,12.2,TFT6_Yone,Yone,Soul Unbound,Lifesteal,0.4/0.5/1,0.4,0.4,0.5,1,0.4,0.4,0.4
Set 6,6,base,TFT_Set6,12.2,TFT6_Yuumi,Yuumi,Final Chapter,Damage,45/80/247,0,45,80,247,0,0,0
Set 6,6,base,TFT_Set6,12.2,TFT6_Yuumi,Yuumi,Final Chapter,NumOfWaves,3/5/33,0,3,5,33,0,0,0
Set 6,6,base,TFT_Set6,12.2,TFT6_Yuumi,Yuumi,Final Chapter,StunDuration,0.75,0,0.75,0.75,0.75,0.75,0.75,0.75
Set 6,6,base,TFT_Set6,12.2,TFT6_Yuumi,Yuumi,Final Chapter,TimeBetweenWaves,0.4/0.4/0.1,0.4,0.4,0.4,0.1,0.4,0.4,0.4
Set 6,6,base,TFT_Set6,12.2,TFT6_Zac,Zac,Yoink!,Damage,400/525/999,50,400,525,999,450,550,650
Set 6,6,base,TFT_Set6,12.2,TFT6_Zac,Zac,Yoink!,HexPull,2,2,2,2,2,2,2,2
Set 6,6,base,TFT_Set6,12.2,TFT6_Ziggs,Ziggs,Mini Inferno Bomb,Damage,300/400/550,0,300,400,550,700,500,600
Set 6,6,base,TFT_Set6,12.2,TFT6_Zilean,Zilean,Time Bomb,Damage,250/350/700,0,250,350,700,0,0,0
Set 6,6,base,TFT_Set6,12.2,TFT6_Zilean,Zilean,Time Bomb,Slow,0.25/0.35/0.5,0,0.25,0.35,0.5,0,0,0
Set 6,6,base,TFT_Set6,12.2,TFT6_Zilean,Zilean,Time Bomb,SlowDuration,4,4,4,4,4,4,4,4
Set 6,6,base,TFT_Set6,12.2,TFT6_Zilean,Zilean,Time Bomb,StunDuration,1.5/2/2.5,0,1.5,2,2.5,0,0,0
Set 6,6,base,TFT_Set6,12.2,TFT6_Zyra,Zyra,Grasping Spines,Damage,325/450/675,0,325,450,675,0,0,0
Set 6,6,base,TFT_Set6,12.2,TFT6_Zyra,Zyra,Grasping Spines,StunDuration,1.5/2/2.5,1,1.5,2,2.5,3,3.5,4
Set 6.5,6,mid,TFTSet6_Stage2,12.10,TFT6_Ahri,Ahri,Orbs of Deception,AngleBetweenOrbs,10,10,10,10,10,10,10,10
Set 6.5,6,mid,TFTSet6_Stage2,12.10,TFT6_Ahri,Ahri,Orbs of Deception,Damage,140/210/500,150,140,210,500,500,400,400
Set 6.5,6,mid,TFTSet6_Stage2,12.10,TFT6_Ahri,Ahri,Orbs of Deception,HexRange,5,5,5,5,5,5,5,5
Set 6.5,6,mid,TFTSet6_Stage2,12.10,TFT6_Ahri,Ahri,Orbs of Deception,MultiOrbDamage,0.6,0.6,0.6,0.6,0.6,0.6,0.6,0.6
Set 6.5,6,mid,TFTSet6_Stage2,12.10,TFT6_Ahri,Ahri,Orbs of Deception,SpiritFireStacks,1/1/2,0,1,1,2,0,0,0
Set 6.5,6,mid,TFTSet6_Stage2,12.10,TFT6_Alistar,Alistar,Pulverize,Damage,200/325/1200,0,200,325,1200,1000,1000,900
Set 6.5,6,mid,TFTSet6_Stage2,12.10,TFT6_Alistar,Alistar,Pulverize,KnockupDuration,1,1,1,1,1,1,1,1
Set 6.5,6,mid,TFTSet6_Stage2,12.10,TFT6_Alistar,Alistar,Pulverize,Radius,2,2,2,2,2,2,2,2
Set 6.5,6,mid,TFTSet6_Stage2,12.10,TFT6_Alistar,Alistar,Pulverize,StunDuration,1.5/2/8,1.5,1.5,2,8,3.5,4,4.5
Set 6.5,6,mid,TFTSet6_Stage2,12.10,TFT6_Annie,Annie,EMP Wave,ADReduction,0.4/0.4/0.8,0,0.4,0.4,0.8,0,0,0
Set 6.5,6,mid,TFTSet6_Stage2,12.10,TFT6_Annie,Annie,EMP Wave,ADReductionDuration,6,6,6,6,6,6,6,6
Set 6.5,6,mid,TFTSet6_Stage2,12.10,TFT6_Annie,Annie,EMP Wave,Damage,250/350/450,100,250,350,450,450,450,450
Set 6.5,6,mid,TFTSet6_Stage2,12.10,TFT6_Ashe,Ashe,Volley,ADPercent,1.1,1.1,1.1,1.1,1.1,1.1,1.1,1.1
Set 6.5,6,mid,TFTSet6_Stage2,12.10,TFT6_Ashe,Ashe,Volley,ASReduction,20,20,20,20,20,20,20,20
Set 6.5,6,mid,TFTSet6_Stage2,12.10,TFT6_Ashe,Ashe,Volley,Duration,3,3,3,3,3,3,3,3
Set 6.5,6,mid,TFTSet6_Stage2,12.10,TFT6_Ashe,Ashe,Volley,NumOfArrows,8,0,8,8,8,0,0,0
Set 6.5,6,mid,TFTSet6_Stage2,12.10,TFT6_Blitzcrank,Blitzcrank,Rocket Grab,Damage,150/300/900,200,150,300,900,950,1200,1450
Set 6.5,6,mid,TFTSet6_Stage2,12.10,TFT6_Blitzcrank,Blitzcrank,Rocket Grab,StunDuration,1.5,1.5,1.5,1.5,1.5,1.5,1.5,1.5
Set 6.5,6,mid,TFTSet6_Stage2,12.10,TFT6_Brand,Brand,Sear,BlazeDuration,4,0,4,4,4,4,4,4
Set 6.5,6,mid,TFTSet6_Stage2,12.10,TFT6_Brand,Brand,Sear,BonusDamage,165/225/300,0,165,225,300,0,0,0
Set 6.5,6,mid,TFTSet6_Stage2,12.10,TFT6_Brand,Brand,Sear,Damage,135/175/235,0,135,175,235,0,0,0
Set 6.5,6,mid,TFTSet6_Stage2,12.10,TFT6_Brand,Brand,Sear,StunDuration,1/1.5/2,0,1,1.5,2,0,0,0
Set 6.5,6,mid,TFTSet6_Stage2,12.10,TFT6_Brand,Brand,Sear,VIPBonusReducedDamage,45,45,45,45,45,45,45,45
Set 6.5,6,mid,TFTSet6_Stage2,12.10,TFT6_Braum,Braum,Vault Breaker,Damage,100/200/750,100,100,200,750,100,100,100
Set 6.5,6,mid,TFTSet6_Stage2,12.10,TFT6_Braum,Braum,Vault Breaker,StunDuration,2/2.75/8,2.5,2,2.75,8,7,7,7
Set 6.5,6,mid,TFTSet6_Stage2,12.10,TFT6_Caitlyn,Caitlyn,Ace in the Hole,Damage,900/1500/2250,0,900,1500,2250,2400,3000,3600
Set 6.5,6,mid,TFTSet6_Stage2,12.10,TFT6_Camille,Camille,Defensive Sweep,Damage,200/275/375,25,200,275,375,325,400,475
Set 6.5,6,mid,TFTSet6_Stage2,12.10,TFT6_Camille,Camille,Defensive Sweep,HealingPerAttack,30/50/80,10,30,50,80,90,110,130
Set 6.5,6,mid,TFTSet6_Stage2,12.10,TFT6_Camille,Camille,Defensive Sweep,Shield,225/300/435,100,225,300,435,300,350,400
Set 6.5,6,mid,TFTSet6_Stage2,12.10,TFT6_Camille,Camille,Defensive Sweep,ShieldDuration,4,4,4,4,4,4,4,4
Set 6.5,6,mid,TFTSet6_Stage2,12.10,TFT6_ChoGath,Cho'Gath,Feast,BonusHealthOnKill,0.02,0.02,0.02,0.02,0.02,0.02,0.02,0.02
Set 6.5,6,mid,TFTSet6_Stage2,12.10,TFT6_ChoGath,Cho'Gath,Feast,Damage,850/950/1050,200,850,950,1050,3200,6400,12800
Set 6.5,6,mid,TFTSet6_Stage2,12.10,TFT6_ChoGath,Cho'Gath,Feast,MaxFeastStacks,30/60/999,0,30,60,999,0,0,0
Set 6.5,6,mid,TFTSet6_Stage2,12.10,TFT6_Corki,Corki,Bombardment,RocketDamage,180/220/290,0,180,220,290,0,0,0
Set 6.5,6,mid,TFTSet6_Stage2,12.10,TFT6_Darius,Darius,Decimate,Damage,200/275/350,125,200,275,350,425,500,575
Set 6.5,6,mid,TFTSet6_Stage2,12.10,TFT6_Darius,Darius,Decimate,Heal,120/140/160,100,120,140,160,180,200,220
Set 6.5,6,mid,TFTSet6_Stage2,12.10,TFT6_Darius,Darius,Decimate,HexRange,1,1,1,1,1,1,1,1
Set 6.5,6,mid,TFTSet6_Stage2,12.10,TFT6_Draven,Draven,Spinning Axes,ADMult,1.7/1.8/4,1,1.7,1.8,4,3,3.5,4
Set 6.5,6,mid,TFTSet6_Stage2,12.10,TFT6_Draven,Draven,Spinning Axes,ArmorPenPercent,25,25,25,25,25,25,25,25
Set 6.5,6,mid,TFTSet6_Stage2,12.10,TFT6_Draven,Draven,Spinning Axes,BuffDuration,5.75,5.75,5.75,5.75,5.75,5.75,5.75,5.75
Set 6.5,6,mid,TFTSet6_Stage2,12.10,TFT6_Draven,Draven,Spinning Axes,Damage,120/150/400,0,120,150,400,0,0,0
Set 6.5,6,mid,TFTSet6_Stage2,12.10,TFT6_Draven,Draven,Spinning Axes,PassiveArmorPenPercent,25,25,25,25,25,25,25,25
Set 6.5,6,mid,TFTSet6_Stage2,12.10,TFT6_Draven,Draven,Spinning Axes,T1DebutantBonus,2.5,2.5,2.5,2.5,2.5,2.5,2.5,2.5
Set 6.5,6,mid,TFTSet6_Stage2,12.10,TFT6_Ekko,Ekko,Parallel Convergence,ASSlow,0.2/0.2/0.3,0,0.2,0.2,0.3,0,0,0
Set 6.5,6,mid,TFTSet6_Stage2,12.10,TFT6_Ekko,Ekko,Parallel Convergence,BonusAS,0.3/0.4/0.5,0.1,0.3,0.4,0.5,0.9,1.1,1.3
Set 6.5,6,mid,TFTSet6_Stage2,12.10,TFT6_Ekko,Ekko,Parallel Convergence,BuffDuration,4,4,4,4,4,4,4,4
Set 6.5,6,mid,TFTSet6_Stage2,12.10,TFT6_Ekko,Ekko,Parallel Convergence,Damage,125/200/400,75,125,200,400,575,700,825
Set 6.5,6,mid,TFTSet6_Stage2,12.10,TFT6_Ekko,Ekko,Parallel Convergence,FieldDelay,2.2,2.2,2.2,2.2,2.2,2.2,2.2,2.2
Set 6.5,6,mid,TFTSet6_Stage2,12.10,TFT6_Ekko,Ekko,Parallel Convergence,FieldDuration,2,2,2,2,2,2,2,2
Set 6.5,6,mid,TFTSet6_Stage2,12.10,TFT6_Ekko,Ekko,Parallel Convergence,HexRadius,2,2,2,2,2,2,2,2
Set 6.5,6,mid,TFTSet6_Stage2,12.10,TFT6_Ekko,Ekko,Parallel Convergence,SlowDuration,4,4,4,4,4,4,4,4
Set 6.5,6,mid,TFTSet6_Stage2,12.10,TFT6_Ezreal,Ezreal,Mystic Shot,ASBoost,0.18,0.18,0.18,0.18,0.18,0.18,0.18,0.18
Set 6.5,6,mid,TFTSet6_Stage2,12.10,TFT6_Ezreal,Ezreal,Mystic Shot,BonusDamage,25/50/100,0,25,50,100,0,0,0
Set 6.5,6,mid,TFTSet6_Stage2,12.10,TFT6_Ezreal,Ezreal,Mystic Shot,MaxStacks,5,5,5,5,5,5,5,5
Set 6.5,6,mid,TFTSet6_Stage2,12.10,TFT6_Ezreal,Ezreal,Mystic Shot,PercentAD,1.5,1.5,1.5,1.5,1.5,1.5,1.5,1.5
Set 6.5,6,mid,TFTSet6_Stage2,12.10,TFT6_Galio,Galio,Colossal Entrance,CritBonusDamage,70/100/1999,0,70,100,1999,0,0,0
Set 6.5,6,mid,TFTSet6_Stage2,12.10,TFT6_Galio,Galio,Colossal Entrance,Damage,125/175/9001,200,125,175,9001,200,200,200
Set 6.5,6,mid,TFTSet6_Stage2,12.10,TFT6_Galio,Galio,Colossal Entrance,HexRadius,3/3/5,3,3,3,5,3,3,3
Set 6.5,6,mid,TFTSet6_Stage2,12.10,TFT6_Galio,Galio,Colossal Entrance,MaxHealthPercent,0.1,0.1,0.1,0.1,0.1,0.1,0.1,0.1
Set 6.5,6,mid,TFTSet6_Stage2,12.10,TFT6_Galio,Galio,Colossal Entrance,StunDuration,1.5/1.5/10,1,1.5,1.5,10,1.5,1.5,1.5
Set 6.5,6,mid,TFTSet6_Stage2,12.10,TFT6_Gangplank,Gangplank,Parrrley,ADPercent,1.7,1.7,1.7,1.7,1.7,1.7,1.7,1.7
Set 6.5,6,mid,TFTSet6_Stage2,12.10,TFT6_Gangplank,Gangplank,Parrrley,Damage,110/175/275,0,110,175,275,0,0,0
Set 6.5,6,mid,TFTSet6_Stage2,12.10,TFT6_Gnar,Gnar,GNAR!,ADPercent,1.75,1.75,1.75,1.75,1.75,1.75,1.75,1.75
Set 6.5,6,mid,TFTSet6_Stage2,12.10,TFT6_Gnar,Gnar,GNAR!,Damage,150/200/300,0,150,200,300,0,0,0
Set 6.5,6,mid,TFTSet6_Stage2,12.10,TFT6_Gnar,Gnar,GNAR!,RCCDuration,1.5/2/3,1.5,1.5,2,3,1.5,1.5,1.5
Set 6.5,6,mid,TFTSet6_Stage2,12.10,TFT6_Gnar,Gnar,GNAR!,RKnockbackDistance,,,,,,,,
Set 6.5,6,mid,TFTSet6_Stage2,12.10,TFT6_Gnar,Gnar,GNAR!,TransformDuration,60,60,60,60,60,60,60,60
Set 6.5,6,mid,TFTSet6_Stage2,12.10,TFT6_Gnar,Gnar,GNAR!,TransformHealth,500/750/1200,50,500,750,1200,850,1050,1250
Set 6.5,6,mid,TFTSet6_Stage2,12.10,TFT6_Gnar,Gnar,GNAR!,TransformManaReduc,20,20,20,20,20,20,20,20
Set 6.5,6,mid,TFTSet6_Stage2,12.10,TFT6_Illaoi,Illaoi,Harsh Lesson,Duration,5,5,5,5,5,5,5,5
Set 6.5,6,mid,TFTSet6_Stage2,12.10,TFT6_Illaoi,Illaoi,Harsh Lesson,MagicDamage,250/375/650,0,250,375,650,0,0,0
Set 6.5,6,mid,TFTSet6_Stage2,12.10,TFT6_Illaoi,Illaoi,Harsh Lesson,PercentHealing,0.3/0.35/0.45,0,0.3,0.35,0.45,0,0,0
Set 6.5,6,mid,TFTSet6_Stage2,12.10,TFT6_Irelia,Irelia,Bladesurge,BaseDamage,75/100/550,0,75,100,550,0,0,0
Set 6.5,6,mid,TFTSet6_Stage2,12.10,TFT6_Irelia,Irelia,Bladesurge,PercentADDamage,1.9,1.9,1.9,1.9,1.9,1.9,1.9,1.9
Set 6.5,6,mid,TFTSet6_Stage2,12.10,TFT6_JarvanIV,Jarvan IV,Ageless Standard,ASPercent,0.4/0.55/0.8,0.65,0.4,0.55,0.8,1.05,1.15,1.25
Set 6.5,6,mid,TFTSet6_Stage2,12.10,TFT6_JarvanIV,Jarvan IV,Ageless Standard,Duration,5,5,5,5,5,5,5,5
Set 6.5,6,mid,TFTSet6_Stage2,12.10,TFT6_JarvanIV,Jarvan IV,Ageless Standard,HexRadius,3,3,3,3,3,3,3,3
Set 6.5,6,mid,TFTSet6_Stage2,12.10,TFT6_Jhin,Jhin,Curtain Call,ADFromAttackSpeed,0.8,0.8,0.8,0.8,0.8,0.8,0.8,0.8
Set 6.5,6,mid,TFTSet6_Stage2,12.10,TFT6_Jhin,Jhin,Curtain Call,AttackSpeed,0.9/0.9/1.4,0.85,0.9,0.9,1.4,0.85,0.85,0.85
Set 6.5,6,mid,TFTSet6_Stage2,12.10,TFT6_Jhin,Jhin,Curtain Call,BonusDamage,1,1,1,1,1,1,1,1
Set 6.5,6,mid,TFTSet6_Stage2,12.10,TFT6_Jhin,Jhin,Curtain Call,DamageFalloff,0.33,0.33,0.33,0.33,0.33,0.33,0.33,0.33
Set 6.5,6,mid,TFTSet6_Stage2,12.10,TFT6_Jhin,Jhin,Curtain Call,PercentAttackDamage,1.75/2/3,1.2,1.75,2,3,1.2,1.2,1.2
Set 6.5,6,mid,TFTSet6_Stage2,12.10,TFT6_Jinx,Jinx,Super Mega Death Rocket,Damage,450/700/8888,500,450,700,8888,3000,3000,3000
Set 6.5,6,mid,TFTSet6_Stage2,12.10,TFT6_Jinx,Jinx,Super Mega Death Rocket,FalloffPercent,0.5,0.5,0.5,0.5,0.5,0.5,0.5,0.5
Set 6.5,6,mid,TFTSet6_Stage2,12.10,TFT6_Jinx,Jinx,Super Mega Death Rocket,HexDuration,5,5,5,5,5,5,5,5
Set 6.5,6,mid,TFTSet6_Stage2,12.10,TFT6_Jinx,Jinx,Super Mega Death Rocket,InnerRadius,1/1/2,1,1,1,2,1,1,1
Set 6.5,6,mid,TFTSet6_Stage2,12.10,TFT6_Jinx,Jinx,Super Mega Death Rocket,OuterRadius,3/3/5,3,3,3,5,3,3,3
Set 6.5,6,mid,TFTSet6_Stage2,12.10,TFT6_Jinx,Jinx,Super Mega Death Rocket,PercentBurn,2/3/4,1,2,3,4,5,6,7
Set 6.5,6,mid,TFTSet6_Stage2,12.10,TFT6_Jinx,Jinx,Super Mega Death Rocket,RocketLauncherPercentAD,2.1/2.2/8.88,0.75,2.1,2.2,8.88,0.75,0.75,0.75
Set 6.5,6,mid,TFTSet6_Stage2,12.10,TFT6_Kaisa,Kai'Sa,Icathian Monsoon,Damage,75/100/180,50,75,100,180,50,50,50
Set 6.5,6,mid,TFTSet6_Stage2,12.10,TFT6_Kaisa,Kai'Sa,Icathian Monsoon,FakeCastTime,1,1,1,1,1,1,1,1
Set 6.5,6,mid,TFTSet6_Stage2,12.10,TFT6_Kaisa,Kai'Sa,Icathian Monsoon,NumMissiles,12/18/100,4,12,18,100,12,12,12
Set 6.5,6,mid,TFTSet6_Stage2,12.10,TFT6_Kassadin,Kassadin,Null Sphere,Damage,250/325/400,150,250,325,400,150,150,150
Set 6.5,6,mid,TFTSet6_Stage2,12.10,TFT6_Kassadin,Kassadin,Null Sphere,DamageReduction,0.25,0.25,0.25,0.25,0.25,0.25,0.25,0.25
Set 6.5,6,mid,TFTSet6_Stage2,12.10,TFT6_Kassadin,Kassadin,Null Sphere,Duration,5,5,5,5,5,5,5,5
Set 6.5,6,mid,TFTSet6_Stage2,12.10,TFT6_Kassadin,Kassadin,Null Sphere,ManaReave,0.5,0,0.5,0.5,0.5,0,0,0
Set 6.5,6,mid,TFTSet6_Stage2,12.10,TFT6_Kassadin,Kassadin,Null Sphere,ShieldAmount,150/250/350,0,150,250,350,0,0,0
Set 6.5,6,mid,TFTSet6_Stage2,12.10,TFT6_KhaZix,Kha'Zix,Void Assault,ADPercent,1.8/1.85/2.6,0,1.8,1.85,2.6,0,0,0
Set 6.5,6,mid,TFTSet6_Stage2,12.10,TFT6_KhaZix,Kha'Zix,Void Assault,Damage,175/225/500,0,175,225,500,500,500,500
Set 6.5,6,mid,TFTSet6_Stage2,12.10,TFT6_KhaZix,Kha'Zix,Void Assault,MSBuff,1500,1500,1500,1500,1500,1500,1500,1500
Set 6.5,6,mid,TFTSet6_Stage2,12.10,TFT6_KhaZix,Kha'Zix,Void Assault,ManaReave,50,0,50,50,50,20,25,30
Set 6.5,6,mid,TFTSet6_Stage2,12.10,TFT6_Leona,Leona,Solar Eclipse,BonusStats,30/50/80,25,30,50,80,25,25,25
Set 6.5,6,mid,TFTSet6_Stage2,12.10,TFT6_Leona,Leona,Solar Eclipse,Duration,5/5/8,4,5,5,8,4,4,4
Set 6.5,6,mid,TFTSet6_Stage2,12.10,TFT6_Leona,Leona,Solar Eclipse,Shielding,400/650/1000,0,400,650,1000,160,200,240
Set 6.5,6,mid,TFTSet6_Stage2,12.10,TFT6_Leona,Leona,Solar Eclipse,T1DebutantBonus,1.25,1.25,1.25,1.25,1.25,1.25,1.25,1.25
Set 6.5,6,mid,TFTSet6_Stage2,12.10,TFT6_Lucian,Lucian,Relentless Pursuit,Damage,170/260/295,0,170,260,295,500,625,750
Set 6.5,6,mid,TFTSet6_Stage2,12.10,TFT6_Lucian,Lucian,Relentless Pursuit,NumShots,2/2/3,0,2,2,3,0,0,0
Set 6.5,6,mid,TFTSet6_Stage2,12.10,TFT6_Lulu,Lulu,Wild Growth,BonusHealth,350/370/390,300,350,370,390,600,1200,1200
Set 6.5,6,mid,TFTSet6_Stage2,12.10,TFT6_Lulu,Lulu,Wild Growth,BuffDuration,60,60,60,60,60,60,60,60
Set 6.5,6,mid,TFTSet6_Stage2,12.10,TFT6_Lulu,Lulu,Wild Growth,CCDuration,1,1,1,1,1,1,1,1
Set 6.5,6,mid,TFTSet6_Stage2,12.10,TFT6_Lulu,Lulu,Wild Growth,NumAllies,1/2/3,1,1,2,3,1,1,1
Set 6.5,6,mid,TFTSet6_Stage2,12.10,TFT6_Malzahar,Malzahar,Malefic Visions,Damage,650/900/1100,0,650,900,1100,0,0,0
Set 6.5,6,mid,TFTSet6_Stage2,12.10,TFT6_Malzahar,Malzahar,Malefic Visions,Duration,8,0,8,8,8,8,8,8
Set 6.5,6,mid,TFTSet6_Stage2,12.10,TFT6_Malzahar,Malzahar,Malefic Visions,MRShred,0.4,0.4,0.4,0.4,0.4,0.4,0.4,0.4
Set 6.5,6,mid,TFTSet6_Stage2,12.10,TFT6_Malzahar,Malzahar,Malefic Visions,SpreadTargets,1/1/2,0,1,1,2,4,5,6
Set 6.5,6,mid,TFTSet6_Stage2,12.10,TFT6_Malzahar,Malzahar,Malefic Visions,TickRate,0.5,0.5,0.5,0.5,0.5,0.5,0.5,0.5
Set 6.5,6,mid,TFTSet6_Stage2,12.10,TFT6_Tibbers,Mechanical Bear,Power Surge,AllyADAPBuff,15,15,15,15,15,15,15,15
Set 6.5,6,mid,TFTSet6_Stage2,12.10,TFT6_Tibbers,Mechanical Bear,Power Surge,AllyPercentAD,0.4,0.4,0.4,0.4,0.4,0.4,0.4,0.4
Set 6.5,6,mid,TFTSet6_Stage2,12.10,TFT6_Tibbers,Mechanical Bear,Power Surge,AllyPercentASBase,1,1,1,1,1,1,1,1
Set 6.5,6,mid,TFTSet6_Stage2,12.10,TFT6_Tibbers,Mechanical Bear,Power Surge,BuffDuration,4,4,4,4,4,4,4,4
Set 6.5,6,mid,TFTSet6_Stage2,12.10,TFT6_Tibbers,Mechanical Bear,Power Surge,PercentAD,0.75,0.75,0.75,0.75,0.75,0.75,0.75,0.75
Set 6.5,6,mid,TFTSet6_Stage2,12.10,TFT6_HexTechDragon,Mechanical Dragon,Electrifying Roar,BonusLightningDamage,600,600,600,600,600,600,600,600
Set 6.5,6,mid,TFTSet6_Stage2,12.10,TFT6_HexTechDragon,Mechanical Dragon,Electrifying Roar,CritDamageIncrease,0.25,0.25,0.25,0.25,0.25,0.25,0.25,0.25
Set 6.5,6,mid,TFTSet6_Stage2,12.10,TFT6_HexTechDragon,Mechanical Dragon,Electrifying Roar,EnergizedDuration,8,8,8,8,8,8,8,8
Set 6.5,6,mid,TFTSet6_Stage2,12.10,TFT6_HexTechDragon,Mechanical Dragon,Electrifying Roar,FearDuration,2,2,2,2,2,2,2,2
Set 6.5,6,mid,TFTSet6_Stage2,12.10,TFT6_HexTechDragon,Mechanical Dragon,Electrifying Roar,FearHexRange,5,5,5,5,5,5,5,5
Set 6.5,6,mid,TFTSet6_Stage2,12.10,TFT6_HexTechDragon,Mechanical Dragon,Electrifying Roar,NumEnemies,3,3,3,3,3,3,3,3
Set 6.5,6,mid,TFTSet6_Stage2,12.10,TFT6_MalzaharVoidling,Mechanical Scarab,Reflective Barrier,DamageAmount,50,50,50,50,50,50,50,50
Set 6.5,6,mid,TFTSet6_Stage2,12.10,TFT6_MalzaharVoidling,Mechanical Scarab,Reflective Barrier,DamageReducedDuration,4,4,4,4,4,4,4,4
Set 6.5,6,mid,TFTSet6_Stage2,12.10,TFT6_MalzaharVoidling,Mechanical Scarab,Reflective Barrier,DamageReducedPercent,0.2,0.2,0.2,0.2,0.2,0.2,0.2,0.2
Set 6.5,6,mid,TFTSet6_Stage2,12.10,TFT6_MercenaryChest,Mercenary Chest,Mercenary Chest,RoundsToHatch,2,2,2,2,2,2,2,2
Set 6.5,6,mid,TFTSet6_Stage2,12.10,TFT6_MissFortune,Miss Fortune,Make it Rain,HealingReduction,50,0,50,50,50,50,50,50
Set 6.5,6,mid,TFTSet6_Stage2,12.10,TFT6_MissFortune,Miss Fortune,Make it Rain,HealingReductionDuration,6,0,6,6,6,6,6,6
Set 6.5,6,mid,TFTSet6_Stage2,12.10,TFT6_MissFortune,Miss Fortune,Make it Rain,MagicDamage,275/375/600,0,275,375,600,0,0,0
Set 6.5,6,mid,TFTSet6_Stage2,12.10,TFT6_Morgana,Morgana,Soul Shackles,DamagePerSecond,80/125/175,0,80,125,175,0,0,0
Set 6.5,6,mid,TFTSet6_Stage2,12.10,TFT6_Morgana,Morgana,Soul Shackles,Radius,2,2,2,2,2,2,2,2
Set 6.5,6,mid,TFTSet6_Stage2,12.10,TFT6_Morgana,Morgana,Soul Shackles,RefundedMana,30,30,30,30,30,30,30,30
Set 6.5,6,mid,TFTSet6_Stage2,12.10,TFT6_Morgana,Morgana,Soul Shackles,ShieldAmount,500/600/700,50,500,600,700,550,675,800
Set 6.5,6,mid,TFTSet6_Stage2,12.10,TFT6_Morgana,Morgana,Soul Shackles,ShieldDuration,3,3,3,3,3,3,3,3
Set 6.5,6,mid,TFTSet6_Stage2,12.10,TFT6_Morgana,Morgana,Soul Shackles,StunDuration,1.5/2/2.5,0,1.5,2,2.5,0,0,0
Set 6.5,6,mid,TFTSet6_Stage2,12.10,TFT6_Nocturne,Nocturne,Unspeakable Horror,Damage,190/300/450,200,190,300,450,500,500,500
Set 6.5,6,mid,TFTSet6_Stage2,12.10,TFT6_Nocturne,Nocturne,Unspeakable Horror,StunDuration,2/2.5/3,2,2,2.5,3,3.5,2.5,2.5
Set 6.5,6,mid,TFTSet6_Stage2,12.10,TFT6_Orianna,Orianna,Command: Shockwave,Damage,300/425/1500,0,300,425,1500,0,0,0
Set 6.5,6,mid,TFTSet6_Stage2,12.10,TFT6_Orianna,Orianna,Command: Shockwave,Duration,4,0,4,4,4,0,0,0
Set 6.5,6,mid,TFTSet6_Stage2,12.10,TFT6_Orianna,Orianna,Command: Shockwave,ShieldAmount,125/200/700,0,125,200,700,0,0,0
Set 6.5,6,mid,TFTSet6_Stage2,12.10,TFT6_Orianna,Orianna,Command: Shockwave,StunDuration,1/1/4,2,1,1,4,2,2,2
Set 6.5,6,mid,TFTSet6_Stage2,12.10,TFT6_Poppy,Poppy,Buckler Toss,PercentArmorDamage,1.8/2.2/2.8,2,1.8,2.2,2.8,4,4,4
Set 6.5,6,mid,TFTSet6_Stage2,12.10,TFT6_Poppy,Poppy,Buckler Toss,ShieldAmount,225/275/325,100,225,275,325,525,600,700
Set 6.5,6,mid,TFTSet6_Stage2,12.10,TFT6_Quinn,Quinn,Disarming Assault,ADReduction,,,,,,,,
Set 6.5,6,mid,TFTSet6_Stage2,12.10,TFT6_Quinn,Quinn,Disarming Assault,ADReductionDuration,,,,,,,,
Set 6.5,6,mid,TFTSet6_Stage2,12.10,TFT6_Quinn,Quinn,Disarming Assault,BonusDamage,200/300/650,0,200,300,650,0,0,0
Set 6.5,6,mid,TFTSet6_Stage2,12.10,TFT6_Quinn,Quinn,Disarming Assault,DisarmDuration,1.5/2/2.5,3,1.5,2,2.5,3,3,3
Set 6.5,6,mid,TFTSet6_Stage2,12.10,TFT6_RekSai,Rek'Sai,Furious Bite,ADPercent,1.25,1.25,1.25,1.25,1.25,1.25,1.25,1.25
Set 6.5,6,mid,TFTSet6_Stage2,12.10,TFT6_RekSai,Rek'Sai,Furious Bite,Damage,100/150/200,0,100,150,200,0,0,0
Set 6.5,6,mid,TFTSet6_Stage2,12.10,TFT6_RekSai,Rek'Sai,Furious Bite,Heal,200/225/400,0,200,225,400,0,0,0
Set 6.5,6,mid,TFTSet6_Stage2,12.10,TFT6_RekSai,Rek'Sai,Furious Bite,HealBonus,275/350/600,0,275,350,600,0,0,0
Set 6.5,6,mid,TFTSet6_Stage2,12.10,TFT6_RekSai,Rek'Sai,Furious Bite,ResistPercentSteal,0.3/0.35/0.4,0,0.3,0.35,0.4,0,0,0
Set 6.5,6,mid,TFTSet6_Stage2,12.10,TFT6_Renata,Renata Glasc,Toxic Wave,ASReduction,20,0.3,20,20,20,0.3,0.3,0.3
Set 6.5,6,mid,TFTSet6_Stage2,12.10,TFT6_Renata,Renata Glasc,Toxic Wave,DamagePerSecond,50/75/250,1,50,75,250,2,2.25,2.5
Set 6.5,6,mid,TFTSet6_Stage2,12.10,TFT6_Renata,Renata Glasc,Toxic Wave,Duration,15,15,15,15,15,15,15,15
Set 6.5,6,mid,TFTSet6_Stage2,12.10,TFT6_Renata,Renata Glasc,Toxic Wave,SpellRange,6,6,6,6,6,6,6,6
Set 6.5,6,mid,TFTSet6_Stage2,12.10,TFT6_Sejuani,Sejuani,Fury of the North,DefensiveStats,50/75/125,0,50,75,125,0,0,0
Set 6.5,6,mid,TFTSet6_Stage2,12.10,TFT6_Sejuani,Sejuani,Fury of the North,Duration,4,4,4,4,4,4,4,4
Set 6.5,6,mid,TFTSet6_Stage2,12.10,TFT6_Sejuani,Sejuani,Fury of the North,MagicDamage,300/450/750,0,300,450,750,0,0,0
Set 6.5,6,mid,TFTSet6_Stage2,12.10,TFT6_Sejuani,Sejuani,Fury of the North,StunDuration,1.5/1.5/2,0,1.5,1.5,2,0,0,0
Set 6.5,6,mid,TFTSet6_Stage2,12.10,TFT6_Senna,Senna,Piercing Darkness,BaseHealing,,,,,,,,
Set 6.5,6,mid,TFTSet6_Stage2,12.10,TFT6_Senna,Senna,Piercing Darkness,Damage,100/140/200,0,100,140,200,0,0,0
Set 6.5,6,mid,TFTSet6_Stage2,12.10,TFT6_Senna,Senna,Piercing Darkness,PercentAD,1.5,1.5,1.5,1.5,1.5,1.5,1.5,1.5
Set 6.5,6,mid,TFTSet6_Stage2,12.10,TFT6_Senna,Senna,Piercing Darkness,PercentHealing,0.6,0.6,0.6,0.6,0.6,0.6,0.6,0.6
Set 6.5,6,mid,TFTSet6_Stage2,12.10,TFT6_Seraphine,Seraphine,Encore,ASBonus,0.3/0.45/1,0.3,0.3,0.45,1,0.3,0.3,0.3
Set 6.5,6,mid,TFTSet6_Stage2,12.10,TFT6_Seraphine,Seraphine,Encore,ASBonusDuration,4,4,4,4,4,4,4,4
Set 6.5,6,mid,TFTSet6_Stage2,12.10,TFT6_Seraphine,Seraphine,Encore,Damage,250/400/1200,1,250,400,1200,2,2.25,2.5
Set 6.5,6,mid,TFTSet6_Stage2,12.10,TFT6_Seraphine,Seraphine,Encore,Heal,250/350/1000,0,250,350,1000,0,0,0
Set 6.5,6,mid,TFTSet6_Stage2,12.10,TFT6_Silco,Silco,Unstable Concoction,AttackSpeed,0.5/1.25/6.66,50,0.5,1.25,6.66,0.5,0.5,0.5
Set 6.5,6,mid,TFTSet6_Stage2,12.10,TFT6_Silco,Silco,Unstable Concoction,Damage,350/600/5000,0,350,600,5000,0,0,0
Set 6.5,6,mid,TFTSet6_Stage2,12.10,TFT6_Silco,Silco,Unstable Concoction,Duration,6/7/10,6,6,7,10,6,6,6
Set 6.5,6,mid,TFTSet6_Stage2,12.10,TFT6_Silco,Silco,Unstable Concoction,MaxHealth,0.5,70,0.5,0.5,0.5,70,70,70
Set 6.5,6,mid,TFTSet6_Stage2,12.10,TFT6_Silco,Silco,Unstable Concoction,NumTargets,1/1/5,0,1,1,5,4,5,6
Set 6.5,6,mid,TFTSet6_Stage2,12.10,TFT6_Singed,Singed,Fling,AoEStunDuration,0.75,0.75,0.75,0.75,0.75,0.75,0.75,0.75
Set 6.5,6,mid,TFTSet6_Stage2,12.10,TFT6_Singed,Singed,Fling,Damage,125/175/250,50,125,175,250,800,1600,3200
Set 6.5,6,mid,TFTSet6_Stage2,12.10,TFT6_Singed,Singed,Fling,StunDuration,1.5/2/3,2,1.5,2,3,4,4,4
Set 6.5,6,mid,TFTSet6_Stage2,12.10,TFT6_Sivir,Sivir,Ricochet,BonusAttackSpeed,0.3/0.6/3,0,0.3,0.6,3,0,0,0
Set 6.5,6,mid,TFTSet6_Stage2,12.10,TFT6_Sivir,Sivir,Ricochet,BounceRange,5,5,5,5,5,5,5,5
Set 6.5,6,mid,TFTSet6_Stage2,12.10,TFT6_Sivir,Sivir,Ricochet,Duration,5,5,5,5,5,5,5,5
Set 6.5,6,mid,TFTSet6_Stage2,12.10,TFT6_Sivir,Sivir,Ricochet,NumBounces,4/5/9,3,4,5,9,11,13,15
Set 6.5,6,mid,TFTSet6_Stage2,12.10,TFT6_Sivir,Sivir,Ricochet,PercentDamage,0.3,0.3,0.3,0.3,0.3,0.3,0.3,0.3
Set 6.5,6,mid,TFTSet6_Stage2,12.10,TFT6_Swain,Swain,Death's Hand,BaseDamage,250/350/500,0,250,350,500,0,0,0
Set 6.5,6,mid,TFTSet6_Stage2,12.10,TFT6_Swain,Swain,Death's Hand,Healing,250/300/350,80,250,300,350,80,80,80
Set 6.5,6,mid,TFTSet6_Stage2,12.10,TFT6_Swain,Swain,Death's Hand,Range,660,660,660,660,660,660,660,660
Set 6.5,6,mid,TFTSet6_Stage2,12.10,TFT6_Syndra,Syndra,Force of Will,Damage,225/300/425,0,225,300,425,0,0,0
Set 6.5,6,mid,TFTSet6_Stage2,12.10,TFT6_Syndra,Syndra,Force of Will,StunDuration,2/2.5/3,0,2,2.5,3,0,0,0
Set 6.5,6,mid,TFTSet6_Stage2,12.10,TFT6_Syndra,Syndra,Force of Will,VIPDebutantBonus,1.5,1.5,1.5,1.5,1.5,1.5,1.5,1.5
Set 6.5,6,mid,TFTSet6_Stage2,12.10,TFT6_TahmKench,Tahm Kench,Devour,BellyDuration,3,0,3,3,3,3,3,3
Set 6.5,6,mid,TFTSet6_Stage2,12.10,TFT6_TahmKench,Tahm Kench,Devour,Damage,900/1350/30000,600,900,1350,30000,9999,1300,1550
Set 6.5,6,mid,TFTSet6_Stage2,12.10,TFT6_TahmKench,Tahm Kench,Devour,DamageReduction,0.3,0.3,0.3,0.3,0.3,0.3,0.3,0.3
Set 6.5,6,mid,TFTSet6_Stage2,12.10,TFT6_TahmKench,Tahm Kench,Devour,ReducedDamageToCC,450/675/15000,0,450,675,15000,0,0,0
Set 6.5,6,mid,TFTSet6_Stage2,12.10,TFT6_TahmKench,Tahm Kench,Devour,StunDuration,1,1,1,1,1,1,1,1
Set 6.5,6,mid,TFTSet6_Stage2,12.10,TFT6_TahmKench,Tahm Kench,Devour,TickRate,0.5,0.5,0.5,0.5,0.5,0.5,0.5,0.5
Set 6.5,6,mid,TFTSet6_Stage2,12.10,TFT6_Talon,Talon,Blade's End,BleedDuration,7,7,7,7,7,7,7,7
Set 6.5,6,mid,TFTSet6_Stage2,12.10,TFT6_Talon,Talon,Blade's End,Damage,450/575/800,0,450,575,800,0,0,0
Set 6.5,6,mid,TFTSet6_Stage2,12.10,TFT6_Talon,Talon,Blade's End,VIPBleedDurationBonus,100,100,100,100,100,100,100,100
Set 6.5,6,mid,TFTSet6_Stage2,12.10,TFT6_TheGoldenEgg,The Golden Egg,Hatching,EggTurns,7,7,7,7,7,7,7,7
Set 6.5,6,mid,TFTSet6_Stage2,12.10,TFT6_DragonEgg,Treasure Dragon Egg,Hatching,EggTurns,7,7,7,7,7,7,7,7
Set 6.5,6,mid,TFTSet6_Stage2,12.10,TFT6_Tryndamere,Tryndamere,Spinning Slash,BaseSpinDamage,70/90/110,0,70,90,110,0,0,0
Set 6.5,6,mid,TFTSet6_Stage2,12.10,TFT6_Tryndamere,Tryndamere,Spinning Slash,BonusAAPercent,0.25,0.25,0.25,0.25,0.25,0.25,0.25,0.25
Set 6.5,6,mid,TFTSet6_Stage2,12.10,TFT6_Tryndamere,Tryndamere,Spinning Slash,SpinDamage,1,1,1,1,1,1,1,1
Set 6.5,6,mid,TFTSet6_Stage2,12.10,TFT6_Twitch,Twitch,Piercing Bolt,BaseDamage,60/70/80,0.5,60,70,80,0.5,0,0
Set 6.5,6,mid,TFTSet6_Stage2,12.10,TFT6_Twitch,Twitch,Piercing Bolt,GWDuration,5,5,5,5,5,5,5,5
Set 6.5,6,mid,TFTSet6_Stage2,12.10,TFT6_Twitch,Twitch,Piercing Bolt,GWStrength,0.5,0.5,0.5,0.5,0.5,0.5,0.5,0.5
Set 6.5,6,mid,TFTSet6_Stage2,12.10,TFT6_Twitch,Twitch,Piercing Bolt,PercentAttackDamage,1.25,1.25,1.25,1.25,1.25,1.25,1.25,1.25
Set 6.5,6,mid,TFTSet6_Stage2,12.10,TFT6_Veigar,Veigar,,Damage,300/325/777,0,300,325,777,250,250,250
Set 6.5,6,mid,TFTSet6_Stage2,12.10,TFT6_Veigar,Veigar,,NumStrikes,20/30/99,0,20,30,99,0,0,0
Set 6.5,6,mid,TFTSet6_Stage2,12.10,TFT6_Vex,Vex,Personal Space,BonusDamage,100/135/175,125,100,135,175,125,125,125
Set 6.5,6,mid,TFTSet6_Stage2,12.10,TFT6_Vex,Vex,Personal Space,ShieldAmount,500/650/850,400,500,650,850,900,900,900
Set 6.5,6,mid,TFTSet6_Stage2,12.10,TFT6_Vex,Vex,Personal Space,ShieldAmp,0.15,0.15,0.15,0.15,0.15,0.15,0.15,0.15
Set 6.5,6,mid,TFTSet6_Stage2,12.10,TFT6_Vex,Vex,Personal Space,ShieldDamage,100/135/175,125,100,135,175,125,125,125
Set 6.5,6,mid,TFTSet6_Stage2,12.10,TFT6_Vex,Vex,Personal Space,ShieldDuration,4,4,4,4,4,4,4,4
Set 6.5,6,mid,TFTSet6_Stage2,12.10,TFT6b_Vi,Vi,Piltover Pulverizer,AoEHexRadius,2,2,2,2,2,2,2,2
Set 6.5,6,mid,TFTSet6_Stage2,12.10,TFT6b_Vi,Vi,Piltover Pulverizer,Damage,175/250/600,50,175,250,600,1000,1250,1500
Set 6.5,6,mid,TFTSet6_Stage2,12.10,TFT6b_Vi,Vi,Piltover Pulverizer,DamageFinal,250/350/900,0,250,350,900,0,0,0
Set 6.5,6,mid,TFTSet6_Stage2,12.10,TFT6b_Vi,Vi,Piltover Pulverizer,Shield,225/325/850,0,225,325,850,0,0,0
Set 6.5,6,mid,TFTSet6_Stage2,12.10,TFT6b_Vi,Vi,Piltover Pulverizer,ShieldDuration,4,4,4,4,4,4,4,4
Set 6.5,6,mid,TFTSet6_Stage2,12.10,TFT6_Viktor,Viktor,Chaos Rays,ArmorReduction,0.7,0.5,0.7,0.7,0.7,0.5,0.5,0.5
Set 6.5,6,mid,TFTSet6_Stage2,12.10,TFT6_Viktor,Viktor,Chaos Rays,DamageAmount,360/420/1500,50,360,420,1500,50,50,50
Set 6.5,6,mid,TFTSet6_Stage2,12.10,TFT6_Viktor,Viktor,Chaos Rays,NumLasers,3/4/12,3,3,4,12,3,3,3
Set 6.5,6,mid,TFTSet6_Stage2,12.10,TFT6_Viktor,Viktor,Chaos Rays,ShieldDestructionPercent,0.4/0.5/2,0,0.4,0.5,2,0,0,0
Set 6.5,6,mid,TFTSet6_Stage2,12.10,TFT6_Viktor,Viktor,Chaos Rays,ShredDuration,6,6,6,6,6,6,6,6
Set 6.5,6,mid,TFTSet6_Stage2,12.10,TFT6_Warwick,Warwick,Eternal Hunger,HealAmount,30/40/50,0,30,40,50,0,0,0
Set 6.5,6,mid,TFTSet6_Stage2,12.10,TFT6_Warwick,Warwick,Eternal Hunger,PercentHealth,0.07/0.09/0.12,0.05,0.07,0.09,0.12,0.05,0.05,0.05
Set 6.5,6,mid,TFTSet6_Stage2,12.10,TFT6_Zac,Zac,Yoink!,Damage,300/450/700,50,300,450,700,450,550,650
Set 6.5,6,mid,TFTSet6_Stage2,12.10,TFT6_Zac,Zac,Yoink!,DamageReduction,60,60,60,60,60,60,60,60
Set 6.5,6,mid,TFTSet6_Stage2,12.10,TFT6_Zac,Zac,Yoink!,HexPull,2,2,2,2,2,2,2,2
Set 6.5,6,mid,TFTSet6_Stage2,12.10,TFT6_Zeri,Zeri,Lightning Crash,BonusOnHit,12/20/40,0,12,20,40,0,0,0
Set 6.5,6,mid,TFTSet6_Stage2,12.10,TFT6_Zeri,Zeri,Lightning Crash,CritBoost,0.25/0.4/1,0.25,0.25,0.4,1,0.25,0.25,0.25
Set 6.5,6,mid,TFTSet6_Stage2,12.10,TFT6_Zeri,Zeri,Lightning Crash,CritDuration,8,8,8,8,8,8,8,8
Set 6.5,6,mid,TFTSet6_Stage2,12.10,TFT6_Zeri,Zeri,Lightning Crash,Damage,200/350/5000,0,200,350,5000,500,625,750
Set 6.5,6,mid,TFTSet6_Stage2,12.10,TFT6_Zeri,Zeri,Lightning Crash,Duration,6,6,6,6,6,6,6,6
Set 6.5,6,mid,TFTSet6_Stage2,12.10,TFT6_Zeri,Zeri,Lightning Crash,NumBullets,5/5/30,5,5,5,30,5,5,5
Set 6.5,6,mid,TFTSet6_Stage2,12.10,TFT6_Zeri,Zeri,Lightning Crash,PercentAD,0.18,0.18,0.18,0.18,0.18,0.18,0.18,0.18
Set 6.5,6,mid,TFTSet6_Stage2,12.10,TFT6_Zeri,Zeri,Lightning Crash,VIPTotalDuration,60,60,60,60,60,60,60,60
Set 6.5,6,mid,TFTSet6_Stage2,12.10,TFT6_Ziggs,Ziggs,Mini Inferno Bomb,Damage,300/400/550,0,300,400,550,700,500,600
Set 6.5,6,mid,TFTSet6_Stage2,12.10,TFT6_Zilean,Zilean,Time Bomb,Damage,275/400/777,0,275,400,777,0,0,0
Set 6.5,6,mid,TFTSet6_Stage2,12.10,TFT6_Zilean,Zilean,Time Bomb,Slow,0.3/0.4/0.5,0,0.3,0.4,0.5,0,0,0
Set 6.5,6,mid,TFTSet6_Stage2,12.10,TFT6_Zilean,Zilean,Time Bomb,SlowDuration,4,4,4,4,4,4,4,4
Set 6.5,6,mid,TFTSet6_Stage2,12.10,TFT6_Zilean,Zilean,Time Bomb,StunDuration,1.5,0,1.5,1.5,1.5,0,0,0
Set 6.5,6,mid,TFTSet6_Stage2,12.10,TFT6_Zyra,Zyra,Grasping Spines,Damage,275/375/575,0,275,375,575,0,0,0
Set 6.5,6,mid,TFTSet6_Stage2,12.10,TFT6_Zyra,Zyra,Grasping Spines,StunDuration,1.5/2/2.5,1,1.5,2,2.5,3,3.5,4
Set 7,7,base,TFTSet7,12.15,TFT7_Aatrox,Aatrox,Deathbringer Strike,Heal,300/350/400,0,300,350,400,0,0,0
Set 7,7,base,TFTSet7,12.15,TFT7_Aatrox,Aatrox,Deathbringer Strike,PercentAttackDamage,275/305/385,0,275,305,385,0,0,0
Set 7,7,base,TFTSet7,12.15,TFT7_Anivia,Anivia,Prismatic Storm,Damage,325/475/750,0,325,475,750,0,0,0
Set 7,7,base,TFTSet7,12.15,TFT7_Anivia,Anivia,Prismatic Storm,Duration,3,3,3,3,3,3,3,3
Set 7,7,base,TFTSet7,12.15,TFT7_AoShin,Ao Shin,Lightning Rain,Damage,225/400/2500,0,225,400,2500,0,0,0
Set 7,7,base,TFTSet7,12.15,TFT7_AoShin,Ao Shin,Lightning Rain,ManaDrain,10,0,10,10,10,10,10,10
Set 7,7,base,TFTSet7,12.15,TFT7_AoShin,Ao Shin,Lightning Rain,NumStrikes,20,0,20,20,20,18,18,18
Set 7,7,base,TFTSet7,12.15,TFT7_Ashe,Ashe,Volley,ASReduction,30,30,30,30,30,30,30,30
Set 7,7,base,TFTSet7,12.15,TFT7_Ashe,Ashe,Volley,Damage,125/175/250,0,125,175,250,0,0,0
Set 7,7,base,TFTSet7,12.15,TFT7_Ashe,Ashe,Volley,DragonmancerDamageMultiplier,3,0,3,3,3,3,3,3
Set 7,7,base,TFTSet7,12.15,TFT7_Ashe,Ashe,Volley,Duration,3,3,3,3,3,3,3,3
Set 7,7,base,TFTSet7,12.15,TFT7_Ashe,Ashe,Volley,NumOfArrows,6,6,6,6,6,6,6,6
Set 7,7,base,TFTSet7,12.15,TFT7_AurelionSol,Aurelion Sol,Black Hole,AscendDamageIncrease,0.15,0.15,0.15,0.15,0.15,0.15,0.15,0.15
Set 7,7,base,TFTSet7,12.15,TFT7_AurelionSol,Aurelion Sol,Black Hole,AscendTimer,18,18,18,18,18,18,18,18
Set 7,7,base,TFTSet7,12.15,TFT7_AurelionSol,Aurelion Sol,Black Hole,DebuffDuration,10,10,10,10,10,10,10,10
Set 7,7,base,TFTSet7,12.15,TFT7_AurelionSol,Aurelion Sol,Black Hole,DebuffPercent,0.2,0.2,0.2,0.2,0.2,0.2,0.2,0.2
Set 7,7,base,TFTSet7,12.15,TFT7_AurelionSol,Aurelion Sol,Black Hole,SpellDamage,375/625/5000,0,375,625,5000,0,0,0
Set 7,7,base,TFTSet7,12.15,TFT7_Bard,Bard,Tempered Fate,DamageAmpRatio,0.15/0.2/99.99,0,0.15,0.2,99.99,0.2,0.2,0.2
Set 7,7,base,TFTSet7,12.15,TFT7_Bard,Bard,Tempered Fate,GuildBonus,2,2,2,2,2,2,2,2
Set 7,7,base,TFTSet7,12.15,TFT7_Bard,Bard,Tempered Fate,StasisDuration,1.25/2/15,2,1.25,2,15,1.5,1.5,1.5
Set 7,7,base,TFTSet7,12.15,TFT7_Braum,Braum,Unbreakable,ShieldDR,0.6/0.7/0.8,0.5,0.6,0.7,0.8,0.9,1,1.1
Set 7,7,base,TFTSet7,12.15,TFT7_Braum,Braum,Unbreakable,ShieldDuration,4,4,4,4,4,4,4,4
Set 7,7,base,TFTSet7,12.15,TFT7_Corki,Corki,Missile Barrage,BigOneHexRadius,2,2,2,2,2,2,2,2
Set 7,7,base,TFTSet7,12.15,TFT7_Corki,Corki,Missile Barrage,BigPercentAttackDamage,1.6/2/3.5,0,1.6,2,3.5,0,0,0
Set 7,7,base,TFTSet7,12.15,TFT7_Corki,Corki,Missile Barrage,MagicDamage,90/140/600,50,90,140,600,150,175,200
Set 7,7,base,TFTSet7,12.15,TFT7_Corki,Corki,Missile Barrage,NumMissiles,4,4,4,4,4,4,4,4
Set 7,7,base,TFTSet7,12.15,TFT7_Corki,Corki,Missile Barrage,PercentAttackDamage,0.5/0.7/2,0.5,0.5,0.7,2,0.5,0.5,0.5
Set 7,7,base,TFTSet7,12.15,TFT7_DragonBlue,Daeja,Windblast,BlastDamage,300/400/1800,0,300,400,1800,0,0,0
Set 7,7,base,TFTSet7,12.15,TFT7_DragonBlue,Daeja,Windblast,MRReduction,5,0,5,5,5,5,5,5
Set 7,7,base,TFTSet7,12.15,TFT7_DragonBlue,Daeja,Windblast,PassiveDamage,25/40/150,0,25,40,150,0,0,0
Set 7,7,base,TFTSet7,12.15,TFT7_Diana,Diana,Pale Cascade,OrbDamage,80/90/110,70,80,90,110,110,120,130
Set 7,7,base,TFTSet7,12.15,TFT7_Diana,Diana,Pale Cascade,Orbs,5/6/7,2,5,6,7,8,7,8
Set 7,7,base,TFTSet7,12.15,TFT7_Diana,Diana,Pale Cascade,ShieldDuration,6,6,6,6,6,6,6,6
Set 7,7,base,TFTSet7,12.15,TFT7_Diana,Diana,Pale Cascade,ShieldValue,300/350/400,50,300,350,400,500,550,650
Set 7,7,base,TFTSet7,12.15,TFT7_Elise,Elise,Spider Form,Damage,210/260/310,0,210,260,310,0,0,0
Set 7,7,base,TFTSet7,12.15,TFT7_Ezreal,Ezreal,Mystic Shot,ASBoost,0.1,0.1,0.1,0.1,0.1,0.1,0.1,0.1
Set 7,7,base,TFTSet7,12.15,TFT7_Ezreal,Ezreal,Mystic Shot,MagicDamage,200/250/325,70,200,250,325,70,70,70
Set 7,7,base,TFTSet7,12.15,TFT7_Ezreal,Ezreal,Mystic Shot,MaxStacks,5,5,5,5,5,5,5,5
Set 7,7,base,TFTSet7,12.15,TFT7_Gnar,Gnar,Mega Gnar,Armor,40/50/75,0,40,50,75,0,0,0
Set 7,7,base,TFTSet7,12.15,TFT7_Gnar,Gnar,Mega Gnar,AttackDamage,50/80/150,0,50,80,150,0,0,0
Set 7,7,base,TFTSet7,12.15,TFT7_Gnar,Gnar,Mega Gnar,StunDuration,1,1,1,1,1,1,1,1
Set 7,7,base,TFTSet7,12.15,TFT7_Hecarim,Hecarim,Onslaught of Shadows,Damage,150/250/1000,0,150,250,1000,0,0,0
Set 7,7,base,TFTSet7,12.15,TFT7_Hecarim,Hecarim,Onslaught of Shadows,StunDuration,1.5/2/8,0,1.5,2,8,0,0,0
Set 7,7,base,TFTSet7,12.15,TFT7_Heimerdinger,Heimerdinger,Egg Toss,MagicDamage,225/325/475,0,225,325,475,0,0,0
Set 7,7,base,TFTSet7,12.15,TFT7_Heimerdinger,Heimerdinger,Egg Toss,StunDuration,1.5,0,1.5,1.5,1.5,0,0,0
Set 7,7,base,TFTSet7,12.15,TFT7_DragonGold,Idas,Golden Scales,ASBonusBase,0.3,0.3,0.3,0.3,0.3,0.3,0.3,0.3
Set 7,7,base,TFTSet7,12.15,TFT7_DragonGold,Idas,Golden Scales,DamageReduction,35/55/300,0,35,55,300,0,0,0
Set 7,7,base,TFTSet7,12.15,TFT7_DragonGold,Idas,Golden Scales,DefenseDuration,2,2,2,2,2,2,2,2
Set 7,7,base,TFTSet7,12.15,TFT7_DragonGold,Idas,Golden Scales,Heal,450/600/3000,0,450,600,3000,0,0,0
Set 7,7,base,TFTSet7,12.15,TFT7_DragonGold,Idas,Golden Scales,RoarDuration,5,5,5,5,5,5,5,5
Set 7,7,base,TFTSet7,12.15,TFT7_DragonGold,Idas,Golden Scales,ShieldValue,180/275/2000,0,180,275,2000,0,0,0
Set 7,7,base,TFTSet7,12.15,TFT7_Illaoi,Illaoi,Cosmic Lash,Duration,5,5,5,5,5,5,5,5
Set 7,7,base,TFTSet7,12.15,TFT7_Illaoi,Illaoi,Cosmic Lash,MagicDamage,125/175/250,0,125,175,250,0,0,0
Set 7,7,base,TFTSet7,12.15,TFT7_Illaoi,Illaoi,Cosmic Lash,PercentAD,1/1.1/1.2,0,1,1.1,1.2,0,0,0
Set 7,7,base,TFTSet7,12.15,TFT7_Illaoi,Illaoi,Cosmic Lash,ResistStealPercent,33,33,33,33,33,33,33,33
Set 7,7,base,TFTSet7,12.15,TFT7_Illaoi,Illaoi,Cosmic Lash,Tentacles,3,0,3,3,3,0,0,0
Set 7,7,base,TFTSet7,12.15,TFT7_Jinx,Jinx,Flame Chompers,MagicDamage,250/400/600,0,250,400,600,0,0,0
Set 7,7,base,TFTSet7,12.15,TFT7_Jinx,Jinx,Flame Chompers,ManaRefund,25,25,25,25,25,25,25,25
Set 7,7,base,TFTSet7,12.15,TFT7_Jinx,Jinx,Flame Chompers,StunDuration,1.5/1.5/2,0,1.5,1.5,2,0,0,0
Set 7,7,base,TFTSet7,12.15,TFT7_Karma,Karma,Inner Flame,MagicDamage,220/300/380,0,220,300,380,0,0,0
Set 7,7,base,TFTSet7,12.15,TFT7_Kayn,Kayn,Blade's Reach,ADRatio,2.75,2.75,2.75,2.75,2.75,2.75,2.75,2.75
Set 7,7,base,TFTSet7,12.15,TFT7_Kayn,Kayn,Blade's Reach,BaseBonusDamage,90/150/275,0.5,90,150,275,0,0,0
Set 7,7,base,TFTSet7,12.15,TFT7_LeeSin,Lee Sin,Dragon's Rage,DragonmancerASDuration,5,0,5,5,5,5,5,5
Set 7,7,base,TFTSet7,12.15,TFT7_LeeSin,Lee Sin,Dragon's Rage,DragonmancerASPercent,50,0,50,50,50,50,50,50
Set 7,7,base,TFTSet7,12.15,TFT7_LeeSin,Lee Sin,Dragon's Rage,MagicDamage,295/375/495,0,295,375,495,0,0,0
Set 7,7,base,TFTSet7,12.15,TFT7_LeeSin,Lee Sin,Dragon's Rage,StunDuration,1.5,0,1.5,1.5,1.5,0,0,0
Set 7,7,base,TFTSet7,12.15,TFT7_Leona,Leona,Solar Barrier,Duration,4,4,4,4,4,4,4,4
Set 7,7,base,TFTSet7,12.15,TFT7_Leona,Leona,Solar Barrier,FlatDamageReduction,30/40/60,0,30,40,60,160,200,240
Set 7,7,base,TFTSet7,12.15,TFT7_Lillia,Lillia,Watch Out!,CenterBonusMagicDamage,190/240/320,0,190,240,320,0,0,0
Set 7,7,base,TFTSet7,12.15,TFT7_Lillia,Lillia,Watch Out!,MagicDamage,215/275/350,0,215,275,350,0,0,0
Set 7,7,base,TFTSet7,12.15,TFT7_Lillia,Lillia,Watch Out!,StunDuration,1,1,1,1,1,1,1,1
Set 7,7,base,TFTSet7,12.15,TFT7_Lulu,Lulu,Whimsy,AllyBuffDuration,5,0,5,5,5,5,5,5
Set 7,7,base,TFTSet7,12.15,TFT7_Lulu,Lulu,Whimsy,AttackSpeedPercent,0.7/0.8/1.2,8,0.7,0.8,1.2,8,8,8
Set 7,7,base,TFTSet7,12.15,TFT7_Lulu,Lulu,Whimsy,DamageAmp,20,20,20,20,20,20,20,20
Set 7,7,base,TFTSet7,12.15,TFT7_Lulu,Lulu,Whimsy,NumTargets,3/4/5,2,3,4,5,6,7,8
Set 7,7,base,TFTSet7,12.15,TFT7_Lulu,Lulu,Whimsy,PolymorphDuration,1.5,0,1.5,1.5,1.5,1.5,1.5,1.5
Set 7,7,base,TFTSet7,12.15,TFT7_Nami,Nami,Ebb and Flow,BounceCount,2,2,2,2,2,2,2,2
Set 7,7,base,TFTSet7,12.15,TFT7_Nami,Nami,Ebb and Flow,Healing,170/190/210,0,170,190,210,0,0,0
Set 7,7,base,TFTSet7,12.15,TFT7_Nami,Nami,Ebb and Flow,MagicDamage,150/180/210,0,150,180,210,0,0,0
Set 7,7,base,TFTSet7,12.15,TFT7_Neeko,Neeko,Inherent Glamour,HealthRatio,0.1/0.2/0.5,0.6,0.1,0.2,0.5,2,0,0
Set 7,7,base,TFTSet7,12.15,TFT7_Neeko,Neeko,Inherent Glamour,MagicDamage,300/425/1500,0,300,425,1500,0,0,0
Set 7,7,base,TFTSet7,12.15,TFT7_Neeko,Neeko,Inherent Glamour,OnHitBonusDamage,40/80/200,0,40,80,200,0,0,0
Set 7,7,base,TFTSet7,12.15,TFT7_Neeko,Neeko,Inherent Glamour,ShieldBase,275/400/2000,0,275,400,2000,0,0,0
Set 7,7,base,TFTSet7,12.15,TFT7_Neeko,Neeko,Inherent Glamour,StatRatio,0.8/1/1.5,0.6,0.8,1,1.5,2,0,0
Set 7,7,base,TFTSet7,12.15,TFT7_Neeko,Neeko,Inherent Glamour,StunDuration,1.5,1.5,1.5,1.5,1.5,1.5,1.5,1.5
Set 7,7,base,TFTSet7,12.15,TFT7_Nidalee,Nidalee,Primal Surge,ADRatio,2.25,2.25,2.25,2.25,2.25,2.25,2.25,2.25
Set 7,7,base,TFTSet7,12.15,TFT7_Nidalee,Nidalee,Primal Surge,BaseAS,0.4,0.4,0.4,0.4,0.4,0.4,0.4,0.4
Set 7,7,base,TFTSet7,12.15,TFT7_Nidalee,Nidalee,Primal Surge,BufferTime,0.5,0.5,0.5,0.5,0.5,0.5,0.5,0.5
Set 7,7,base,TFTSet7,12.15,TFT7_Nidalee,Nidalee,Primal Surge,NumAttacks,3,3,3,3,3,3,3,3
Set 7,7,base,TFTSet7,12.15,TFT7_TrainerDragon,Nomsy,Fireball!,BurnDuration,8,8,8,8,8,8,8,8
Set 7,7,base,TFTSet7,12.15,TFT7_TrainerDragon,Nomsy,Fireball!,Damage,85/110/140,50,85,110,140,175,175,200
Set 7,7,base,TFTSet7,12.15,TFT7_TrainerDragon,Nomsy,Fireball!,FireballSize,1/1/2,1,1,1,2,2,2,2
Set 7,7,base,TFTSet7,12.15,TFT7_TrainerDragon,Nomsy,Fireball!,GrievousWoundsPercent,50,0,50,50,50,50,50,50
Set 7,7,base,TFTSet7,12.15,TFT7_TrainerDragon,Nomsy,Fireball!,ShieldAmount,150/250/350,50,150,250,350,450,350,350
Set 7,7,base,TFTSet7,12.15,TFT7_TrainerDragon,Nomsy,Fireball!,ShieldDuration,,,,,,,,
Set 7,7,base,TFTSet7,12.15,TFT7_TrainerDragon,Nomsy,Fireball!,ShouldBurn,1,1,1,1,1,1,1,1
Set 7,7,base,TFTSet7,12.15,TFT7_TrainerDragon,Nomsy,Fireball!,ShouldStun,,,,,,,,
Set 7,7,base,TFTSet7,12.15,TFT7_TrainerDragon,Nomsy,Fireball!,StunDuration,,,,,,,,
Set 7,7,base,TFTSet7,12.15,TFT7_TrainerDragon,Nomsy,Fireball!,TooltipBurnPercent,0.01,0.01,0.01,0.01,0.01,0.01,0.01,0.01
Set 7,7,base,TFTSet7,12.15,TFT7_Nunu,Nunu & Willump,Consume,Damage,350/500/800,200,350,500,800,3200,6400,12800
Set 7,7,base,TFTSet7,12.15,TFT7_Nunu,Nunu & Willump,Consume,DamageAmp,0.33,0.33,0.33,0.33,0.33,0.33,0.33,0.33
Set 7,7,base,TFTSet7,12.15,TFT7_Olaf,Olaf,Recklessness,AttackDamageRatio,2,0,2,2,2,0,0,0
Set 7,7,base,TFTSet7,12.15,TFT7_Olaf,Olaf,Recklessness,AttackSpeedRatio,0.35/0.5/0.75,0.3,0.35,0.5,0.75,0.7,0.8,0.9
Set 7,7,base,TFTSet7,12.15,TFT7_Olaf,Olaf,Recklessness,BuffDuration,6,0,6,6,6,6,6,6
Set 7,7,base,TFTSet7,12.15,TFT7_Olaf,Olaf,Recklessness,HealthPercentThreshold,50,0,50,50,50,50,50,50
Set 7,7,base,TFTSet7,12.15,TFT7_Olaf,Olaf,Recklessness,StackingAD,5,5,5,5,5,0,0,0
Set 7,7,base,TFTSet7,12.15,TFT7_Ornn,Ornn,Stampede,Damage,150/250/1000,0,150,250,1000,0,0,0
Set 7,7,base,TFTSet7,12.15,TFT7_Ornn,Ornn,Stampede,SlowDuration,2,2,2,2,2,2,2,2
Set 7,7,base,TFTSet7,12.15,TFT7_Ornn,Ornn,Stampede,StunDuration,1.25/1.75/8,1,1.25,1.75,8,5,6,7
Set 7,7,base,TFTSet7,12.15,TFT7_Pyke,Pyke,Death From Below,Damage,325/450/5000,75,325,450,5000,475,575,675
Set 7,7,base,TFTSet7,12.15,TFT7_Pyke,Pyke,Death From Below,HealingReduction,50,50,50,50,50,50,50,50
Set 7,7,base,TFTSet7,12.15,TFT7_Pyke,Pyke,Death From Below,HealingReductionDuration,8,8,8,8,8,8,8,8
Set 7,7,base,TFTSet7,12.15,TFT7_Pyke,Pyke,Death From Below,HealthThreshold,25/33/1,0,25,33,1,0,0,0
Set 7,7,base,TFTSet7,12.15,TFT7_Pyke,Pyke,Death From Below,SecondaryDamage,150/250/5000,1,150,250,5000,1,1,1
Set 7,7,base,TFTSet7,12.15,TFT7_Qiyana,Qiyana,Elemental Blade,BaseDamage,200/275/375,50,200,275,375,450,450,450
Set 7,7,base,TFTSet7,12.15,TFT7_Qiyana,Qiyana,Elemental Blade,CCDuration,1.5/1.75/2,1.25,1.5,1.75,2,2.25,2.5,2.75
Set 7,7,base,TFTSet7,12.15,TFT7_Ryze,Ryze,Overload,GuildBonus,10,10,10,10,10,10,10,10
Set 7,7,base,TFTSet7,12.15,TFT7_Ryze,Ryze,Overload,ManaIncrease,20,20,20,20,20,20,20,20
Set 7,7,base,TFTSet7,12.15,TFT7_Ryze,Ryze,Overload,NumOfOrbs,1,1,1,1,1,1,1,1
Set 7,7,base,TFTSet7,12.15,TFT7_Ryze,Ryze,Overload,OrbIncrease,1,1,1,1,1,1,1,1
Set 7,7,base,TFTSet7,12.15,TFT7_Ryze,Ryze,Overload,PercentMana,180/260/420,0,180,260,420,0,0,0
Set 7,7,base,TFTSet7,12.15,TFT7_Ryze,Ryze,Overload,PercentManaCalc,2/3/5,0,2,3,5,0,0,0
Set 7,7,base,TFTSet7,12.15,TFT7_Sejuani,Sejuani,Warrior's Wrath,FractionMaxHealth,0.06,0.06,0.06,0.06,0.06,0.06,0.06,0.06
Set 7,7,base,TFTSet7,12.15,TFT7_Sejuani,Sejuani,Warrior's Wrath,GuildBonus,100,100,100,100,100,100,100,100
Set 7,7,base,TFTSet7,12.15,TFT7_Sejuani,Sejuani,Warrior's Wrath,StunDuration,1.5/1.75/2,0,1.5,1.75,2,0,0,0
Set 7,7,base,TFTSet7,12.15,TFT7_Senna,Senna,Last Embrace,BonusMagicDamage,300/500/700,0,300,500,700,0,0,0
Set 7,7,base,TFTSet7,12.15,TFT7_Senna,Senna,Last Embrace,PercentAttackDamage,200,0,200,200,200,200,200,200
Set 7,7,base,TFTSet7,12.15,TFT7_Sett,Sett,Knuckle Down,ADRatio,1.7,0,1.7,1.7,1.7,1.7,1.7,1.7
Set 7,7,base,TFTSet7,12.15,TFT7_Sett,Sett,Knuckle Down,BaseResistAmount,50/60/80,15,50,60,80,110,140,170
Set 7,7,base,TFTSet7,12.15,TFT7_Sett,Sett,Knuckle Down,Duration,4,4,4,4,4,4,4,4
Set 7,7,base,TFTSet7,12.15,TFT7_Shen,Shen,Flame's Refuge,IfZoneDurChangesCheckLUA,,,,,,,,
Set 7,7,base,TFTSet7,12.15,TFT7_Shen,Shen,Flame's Refuge,MagicResist,50/75/100,0,50,75,100,60,75,90
Set 7,7,base,TFTSet7,12.15,TFT7_Shen,Shen,Flame's Refuge,ZoneDuration,2.5/3/4,2,2.5,3,4,6,7,8
Set 7,7,base,TFTSet7,12.15,TFT7_DragonGreen,Shi Oh Yu,Jade Form,DamageReduction,0.2/0.25/0.5,0.2,0.2,0.25,0.5,0.5,0.5,0.5
Set 7,7,base,TFTSet7,12.15,TFT7_DragonGreen,Shi Oh Yu,Jade Form,PercentAttackDamage,265/290/1000,0,265,290,1000,0,0,0
Set 7,7,base,TFTSet7,12.15,TFT7_DragonGreen,Shi Oh Yu,Jade Form,Stun,1.25,1.25,1.25,1.25,1.25,1.25,1.25,1.25
Set 7,7,base,TFTSet7,12.15,TFT7_Shyvana,Shyvana,Dragon's Descent,FlameBreathDamage,1050/1650/30000,1500,1050,1650,30000,30000,30000,30000
Set 7,7,base,TFTSet7,12.15,TFT7_Shyvana,Shyvana,Dragon's Descent,FlameBreathDuration,3.75,3.75,3.75,3.75,3.75,3.75,3.75,3.75
Set 7,7,base,TFTSet7,12.15,TFT7_Shyvana,Shyvana,Dragon's Descent,InitialDamage,100/175/500,0,100,175,500,0,0,0
Set 7,7,base,TFTSet7,12.15,TFT7_Shyvana,Shyvana,Dragon's Descent,LingerDuration,1.5,0,1.5,1.5,1.5,1.5,1.5,1.5
Set 7,7,base,TFTSet7,12.15,TFT7_Shyvana,Shyvana,Dragon's Descent,PercentMaxHealth,60/75/999,0,60,75,999,0,0,0
Set 7,7,base,TFTSet7,12.15,TFT7_Shyvana,Shyvana,Dragon's Descent,StunDuration,1.5,0,1.5,1.5,1.5,1.5,1.5,1.5
Set 7,7,base,TFTSet7,12.15,TFT7_Skarner,Skarner,Crystalline Exoskeleton,AttackSpeed,1.6/1.8/2,1.4,1.6,1.8,2,2.2,2.4,2.6
Set 7,7,base,TFTSet7,12.15,TFT7_Skarner,Skarner,Crystalline Exoskeleton,Duration,8,8,8,8,8,8,8,8
Set 7,7,base,TFTSet7,12.15,TFT7_Skarner,Skarner,Crystalline Exoskeleton,ShieldAmount,300/360/420,225,300,360,420,425,475,525
Set 7,7,base,TFTSet7,12.15,TFT7_Sona,Sona,Crescendo,MagicDamage,250/350/1000,0,250,350,1000,0,0,0
Set 7,7,base,TFTSet7,12.15,TFT7_Sona,Sona,Crescendo,StunDuration,1/1/4,0,1,1,4,0,0,0
Set 7,7,base,TFTSet7,12.15,TFT7_Soraka,Soraka,Starfall,Duration,2,2,2,2,2,2,2,2
Set 7,7,base,TFTSet7,12.15,TFT7_Soraka,Soraka,Starfall,Healing,120/180/1000,0,120,180,1000,0,0,0
Set 7,7,base,TFTSet7,12.15,TFT7_Soraka,Soraka,Starfall,HealthThreshold,50,50,50,50,50,50,50,50
Set 7,7,base,TFTSet7,12.15,TFT7_Soraka,Soraka,Starfall,ManaPerAttack,15,15,15,15,15,15,15,15
Set 7,7,base,TFTSet7,12.15,TFT7_Soraka,Soraka,Starfall,Stars,14,14,14,14,14,14,14,14
Set 7,7,base,TFTSet7,12.15,TFT7_Swain,Swain,Draconic Ascension,FireballDamage,65/105/165,0,65,105,165,0,0,0
Set 7,7,base,TFTSet7,12.15,TFT7_Swain,Swain,Draconic Ascension,PercentBonusDamage,100,0,100,100,100,100,100,100
Set 7,7,base,TFTSet7,12.15,TFT7_DragonPurple,Sy'fen,Rampage,ADRatio,1.5/1.7/4.5,0,1.5,1.7,4.5,2,2,2
Set 7,7,base,TFTSet7,12.15,TFT7_DragonPurple,Sy'fen,Rampage,ArmorPenPercent,50,0,50,50,50,50,50,50
Set 7,7,base,TFTSet7,12.15,TFT7_DragonPurple,Sy'fen,Rampage,BiteADRatio,5/6/30,0,5,6,30,0,0,0
Set 7,7,base,TFTSet7,12.15,TFT7_DragonPurple,Sy'fen,Rampage,ChargeDistance,2,2,2,2,2,2,2,2
Set 7,7,base,TFTSet7,12.15,TFT7_Sylas,Sylas,Petricite Burst,Damage,110/170/240,0,110,170,240,0,0,0
Set 7,7,base,TFTSet7,12.15,TFT7_Sylas,Sylas,Petricite Burst,Shield,365/415/475,0,365,415,475,0,0,0
Set 7,7,base,TFTSet7,12.15,TFT7_Sylas,Sylas,Petricite Burst,ShieldDuration,6,0,6,6,6,6,6,6
Set 7,7,base,TFTSet7,12.15,TFT7_TahmKench,Tahm Kench,Thicker Skin,BaseShield,240/250/275,0,240,250,275,0,0,0
Set 7,7,base,TFTSet7,12.15,TFT7_TahmKench,Tahm Kench,Thicker Skin,MagicDamage,75/100/125,0,75,100,125,0,0,0
Set 7,7,base,TFTSet7,12.15,TFT7_TahmKench,Tahm Kench,Thicker Skin,NumAttacks,3,3,3,3,3,3,3,3
Set 7,7,base,TFTSet7,12.15,TFT7_TahmKench,Tahm Kench,Thicker Skin,ShieldDuration,6,6,6,6,6,6,6,6
Set 7,7,base,TFTSet7,12.15,TFT7_TahmKench,Tahm Kench,Thicker Skin,ShieldHealthRatio,0.1,0.1,0.1,0.1,0.1,0.1,0.1,0.1
Set 7,7,base,TFTSet7,12.15,TFT7_Talon,Talon,Shadow Assault,ADRatio,3.25,3.25,3.25,3.25,3.25,3.25,3.25,3.25
Set 7,7,base,TFTSet7,12.15,TFT7_Talon,Talon,Shadow Assault,BaseDamage,120/200/1200,0,120,200,1200,1200,1200,1200
Set 7,7,base,TFTSet7,12.15,TFT7_Talon,Talon,Shadow Assault,DashHexRange,4,4,4,4,4,4,4,4
Set 7,7,base,TFTSet7,12.15,TFT7_Talon,Talon,Shadow Assault,GuildBonus,10,10,10,10,10,10,10,10
Set 7,7,base,TFTSet7,12.15,TFT7_Talon,Talon,Shadow Assault,NumBlades,12,12,12,12,12,12,12,12
Set 7,7,base,TFTSet7,12.15,TFT7_Talon,Talon,Shadow Assault,RingOffsetDistance,550,550,550,550,550,550,550,550
Set 7,7,base,TFTSet7,12.15,TFT7_Talon,Talon,Shadow Assault,SecondaryRatio,0.75/1/3,0.5,0.75,1,3,0.5,0.5,0.5
Set 7,7,base,TFTSet7,12.15,TFT7_Talon,Talon,Shadow Assault,StealthDuration,1.5,1.5,1.5,1.5,1.5,1.5,1.5,1.5
Set 7,7,base,TFTSet7,12.15,TFT7_Taric,Taric,Bastion,Armor,30/60/120,0,30,60,120,0,0,0
Set 7,7,base,TFTSet7,12.15,TFT7_Taric,Taric,Bastion,Duration,6,6,6,6,6,6,6,6
Set 7,7,base,TFTSet7,12.15,TFT6_TheGoldenEgg,The Golden Egg,Hatching,EggTurns,10,10,10,10,10,10,10,10
Set 7,7,base,TFTSet7,12.15,TFT7_Thresh,Thresh,Death Sentence,Damage,250/400/800,0,250,400,800,0,0,0
Set 7,7,base,TFTSet7,12.15,TFT7_Thresh,Thresh,Death Sentence,PullDuration,2,2,2,2,2,2,2,2
Set 7,7,base,TFTSet7,12.15,TFT7_Tristana,Tristana,Explosive Charge,Damage,130/160/200,0,130,160,200,0,0,0
Set 7,7,base,TFTSet7,12.15,TFT7_Tristana,Tristana,Explosive Charge,Duration,1,1,1,1,1,1,1,1
Set 7,7,base,TFTSet7,12.15,TFT7_Tristana,Tristana,Explosive Charge,HexRadius,1,1,1,1,1,1,1,1
Set 7,7,base,TFTSet7,12.15,TFT7_Tristana,Tristana,Explosive Charge,NumOfCharges,2,2,2,2,2,2,2,2
Set 7,7,base,TFTSet7,12.15,TFT7_Tristana,Tristana,Explosive Charge,PercentAD,1.4/1.7/2.1,1.6,1.4,1.7,2.1,1.8,1.85,1.9
Set 7,7,base,TFTSet7,12.15,TFT7_Twitch,Twitch,Blast Potion,ADRatio,1.2,1.2,1.2,1.2,1.2,1.2,1.2,1.2
Set 7,7,base,TFTSet7,12.15,TFT7_Twitch,Twitch,Blast Potion,BaseDamage,40/80/150,0,40,80,150,0,0,0
Set 7,7,base,TFTSet7,12.15,TFT7_Twitch,Twitch,Blast Potion,GuildBonus,0.1,0.1,0.1,0.1,0.1,0.1,0.1,0.1
Set 7,7,base,TFTSet7,12.15,TFT7_Twitch,Twitch,Blast Potion,ShredDuration,5,5,5,5,5,5,5,5
Set 7,7,base,TFTSet7,12.15,TFT7_Twitch,Twitch,Blast Potion,TooltipShredMult,0.4,0.4,0.4,0.4,0.4,0.4,0.4,0.4
Set 7,7,base,TFTSet7,12.15,TFT7_Varus,Varus,Chain of Constellations,ADPercent,250,0,250,250,250,0,0,0
Set 7,7,base,TFTSet7,12.15,TFT7_Varus,Varus,Chain of Constellations,MagicDamage,100/180/300,0,100,180,300,0,0,0
Set 7,7,base,TFTSet7,12.15,TFT7_Varus,Varus,Chain of Constellations,SpreadCount,3,3,3,3,3,3,3,3
Set 7,7,base,TFTSet7,12.15,TFT7_Varus,Varus,Chain of Constellations,StunDuration,1.5/1.75/2,0,1.5,1.75,2,0,0,0
Set 7,7,base,TFTSet7,12.15,TFT7_Vladimir,Vladimir,Transfusion,Damage,275/325/375,75,275,325,375,575,700,825
Set 7,7,base,TFTSet7,12.15,TFT7_Vladimir,Vladimir,Transfusion,Heal,270/300/330,0,270,300,330,0,0,0
Set 7,7,base,TFTSet7,12.15,TFT7_Volibear,Volibear,Relentless Storm,BonusHealth,375/650/1200,0,375,650,1200,0,0,0
Set 7,7,base,TFTSet7,12.15,TFT7_Volibear,Volibear,Relentless Storm,DamagePerTarget,110/160/225,0,110,160,225,0,0,0
Set 7,7,base,TFTSet7,12.15,TFT7_Volibear,Volibear,Relentless Storm,NumAttacks,3,3,3,3,3,3,3,3
Set 7,7,base,TFTSet7,12.15,TFT7_Volibear,Volibear,Relentless Storm,NumTargets,4,0,4,4,4,4,4,4
Set 7,7,base,TFTSet7,12.15,TFT7_Xayah,Xayah,Feathers FLY!,Duration,4,4,4,4,4,4,4,4
Set 7,7,base,TFTSet7,12.15,TFT7_Xayah,Xayah,Feathers FLY!,NumBonusAttacks,2/2/4,0,2,2,4,0,0,0
Set 7,7,base,TFTSet7,12.15,TFT7_Xayah,Xayah,Feathers FLY!,PullbackDamagePerFeather,12/20/60,0,12,20,60,0,0,0
Set 7,7,base,TFTSet7,12.15,TFT7_Xayah,Xayah,Feathers FLY!,RecallAD,0.18,0.18,0.18,0.18,0.18,0.18,0.18,0.18
Set 7,7,base,TFTSet7,12.15,TFT7_Yasuo,Yasuo,Sweeping Blade,EmpoweredDamagePct,250,0,250,250,250,250,250,250
Set 7,7,base,TFTSet7,12.15,TFT7_Yasuo,Yasuo,Sweeping Blade,PercentAttackDamage,160/200/3000,0,160,200,3000,0,0,0
Set 7,7,base,TFTSet7,12.15,TFT7_Yasuo,Yasuo,Sweeping Blade,ShieldAmount,180/240/2500,0,180,240,2500,0,0,0
Set 7,7,base,TFTSet7,12.15,TFT7_Yasuo,Yasuo,Sweeping Blade,ShieldDuration,2/2/20,0,2,2,20,2,2,2
Set 7,7,base,TFTSet7,12.15,TFT7_Yasuo,Yasuo,Sweeping Blade,StunDuration,1.5,0,1.5,1.5,1.5,1.5,1.5,1.5
Set 7,7,base,TFTSet7,12.15,TFT7_Yone,Yone,Way of the Hunter,BonusDamage,90/150/225,0,90,150,225,0,0,0
Set 7,7,base,TFTSet7,12.15,TFT7_Yone,Yone,Way of the Hunter,PercentAD,0.33,0.33,0.33,0.33,0.33,0.33,0.33,0.33
Set 7,7,base,TFTSet7,12.15,TFT7_Zoe,Zoe,Spell Thief,BaseDamage,,,,,,,,
Set 7,7,base,TFTSet7,12.15,TFT7_IvernMinion,Zoe's Daisy,Smash,Damage,750/1500/10000,250,750,1500,10000,250,250,250
Set 7.5,7,mid,TFTSet7_Stage2,12.22,TFT7_AoShin,Ao Shin,Lightning Rain,Damage,185/275/2000,0,185,275,2000,0,0,0
Set 7.5,7,mid,TFTSet7_Stage2,12.22,TFT7_AoShin,Ao Shin,Lightning Rain,ManaDrain,10,0,10,10,10,10,10,10
Set 7.5,7,mid,TFTSet7_Stage2,12.22,TFT7_AoShin,Ao Shin,Lightning Rain,NumStrikes,20/20/100,0,20,20,100,18,18,18
Set 7.5,7,mid,TFTSet7_Stage2,12.22,TFT7_Aphelios,Aphelios,Binding Eclipse<br>,BoltAngle,8.5,8.5,8.5,8.5,8.5,8.5,8.5,8.5
Set 7.5,7,mid,TFTSet7_Stage2,12.22,TFT7_Aphelios,Aphelios,Binding Eclipse<br>,BoltNumber,5/5/7,1,5,5,7,9,11,13
Set 7.5,7,mid,TFTSet7_Stage2,12.22,TFT7_Aphelios,Aphelios,Binding Eclipse<br>,BoltTravelDistance,1200,1200,1200,1200,1200,1200,1200,1200
Set 7.5,7,mid,TFTSet7_Stage2,12.22,TFT7_Aphelios,Aphelios,Binding Eclipse<br>,PercentAD,3.25/3.5/4,2.5,3.25,3.5,4,2.9,3,3.1
Set 7.5,7,mid,TFTSet7_Stage2,12.22,TFT7_Aphelios,Aphelios,Binding Eclipse<br>,ShotgunDamageFalloff,1,1,1,1,1,1,1,1
Set 7.5,7,mid,TFTSet7_Stage2,12.22,TFT7_Aphelios,Aphelios,Binding Eclipse<br>,StunDuration,1.25/1.5/1.75,1,1.25,1.5,1.75,2,2.25,2.5
Set 7.5,7,mid,TFTSet7_Stage2,12.22,TFT7_AurelionSol,Aurelion Sol,Black Hole,AscendDamageIncrease,0.2,0.2,0.2,0.2,0.2,0.2,0.2,0.2
Set 7.5,7,mid,TFTSet7_Stage2,12.22,TFT7_AurelionSol,Aurelion Sol,Black Hole,AscendTimer,18,18,18,18,18,18,18,18
Set 7.5,7,mid,TFTSet7_Stage2,12.22,TFT7_AurelionSol,Aurelion Sol,Black Hole,DebuffDuration,10,10,10,10,10,10,10,10
Set 7.5,7,mid,TFTSet7_Stage2,12.22,TFT7_AurelionSol,Aurelion Sol,Black Hole,DebuffPercent,0.2,0.2,0.2,0.2,0.2,0.2,0.2,0.2
Set 7.5,7,mid,TFTSet7_Stage2,12.22,TFT7_AurelionSol,Aurelion Sol,Black Hole,SpellDamage,370/600/4000,0,370,600,4000,0,0,0
Set 7.5,7,mid,TFTSet7_Stage2,12.22,TFT7_Bard,Bard,Tempered Fate,DamageAmpRatio,0.15/0.2/99.99,0,0.15,0.2,99.99,0.2,0.2,0.2
Set 7.5,7,mid,TFTSet7_Stage2,12.22,TFT7_Bard,Bard,Tempered Fate,GuildBonus,2,2,2,2,2,2,2,2
Set 7.5,7,mid,TFTSet7_Stage2,12.22,TFT7_Bard,Bard,Tempered Fate,StasisDuration,1.25/2/15,2,1.25,2,15,1.5,1.5,1.5
Set 7.5,7,mid,TFTSet7_Stage2,12.22,TFT7_Braum,Braum,Unbreakable,ShieldDR,0.7/0.75/0.85,0.7,0.7,0.75,0.85,0.9,0.95,1
Set 7.5,7,mid,TFTSet7_Stage2,12.22,TFT7_Braum,Braum,Unbreakable,ShieldDuration,4,4,4,4,4,4,4,4
Set 7.5,7,mid,TFTSet7_Stage2,12.22,TFT7_DragonBlue,Daeja,Windblast,BlastDamage,250/335/1350,0,250,335,1350,0,0,0
Set 7.5,7,mid,TFTSet7_Stage2,12.22,TFT7_DragonBlue,Daeja,Windblast,MRReduction,5,0,5,5,5,5,5,5
Set 7.5,7,mid,TFTSet7_Stage2,12.22,TFT7_DragonBlue,Daeja,Windblast,PassiveDamage,25/40/150,0,25,40,150,0,0,0
Set 7.5,7,mid,TFTSet7_Stage2,12.22,TFT7_Diana,Diana,Pale Cascade,OrbDamage,90/105/120,70,90,105,120,110,120,130
Set 7.5,7,mid,TFTSet7_Stage2,12.22,TFT7_Diana,Diana,Pale Cascade,Orbs,5/6/7,2,5,6,7,8,7,8
Set 7.5,7,mid,TFTSet7_Stage2,12.22,TFT7_Diana,Diana,Pale Cascade,ShieldDuration,6,6,6,6,6,6,6,6
Set 7.5,7,mid,TFTSet7_Stage2,12.22,TFT7_Diana,Diana,Pale Cascade,ShieldValue,300/350/400,50,300,350,400,500,550,650
Set 7.5,7,mid,TFTSet7_Stage2,12.22,TFT7_Ezreal,Ezreal,Mystic Shot,ASBoost,0.1,0.1,0.1,0.1,0.1,0.1,0.1,0.1
Set 7.5,7,mid,TFTSet7_Stage2,12.22,TFT7_Ezreal,Ezreal,Mystic Shot,MagicDamage,200/275/415,70,200,275,415,70,70,70
Set 7.5,7,mid,TFTSet7_Stage2,12.22,TFT7_Ezreal,Ezreal,Mystic Shot,MaxStacks,5,5,5,5,5,5,5,5
Set 7.5,7,mid,TFTSet7_Stage2,12.22,TFT7_Gnar,Gnar,Mega Gnar,Armor,40/60/90,0,40,60,90,0,0,0
Set 7.5,7,mid,TFTSet7_Stage2,12.22,TFT7_Gnar,Gnar,Mega Gnar,AttackDamage,60/90/150,0,60,90,150,0,0,0
Set 7.5,7,mid,TFTSet7_Stage2,12.22,TFT7_Gnar,Gnar,Mega Gnar,StunDuration,1,1,1,1,1,1,1,1
Set 7.5,7,mid,TFTSet7_Stage2,12.22,TFT7_Graves,Graves,Quickdraw,PercentAttackDamage,65/65/145,0,65,65,145,0,0,0
Set 7.5,7,mid,TFTSet7_Stage2,12.22,TFT7_Graves,Graves,Quickdraw,ResistDuration,4,0,4,4,4,4,4,4
Set 7.5,7,mid,TFTSet7_Stage2,12.22,TFT7_Graves,Graves,Quickdraw,Resists,30/40/80,0,30,40,80,0,0,0
Set 7.5,7,mid,TFTSet7_Stage2,12.22,TFT7_Hecarim,Hecarim,Onslaught of Shadows,Damage,200/300/1500,0,200,300,1500,0,0,0
Set 7.5,7,mid,TFTSet7_Stage2,12.22,TFT7_Hecarim,Hecarim,Onslaught of Shadows,StunDuration,1.5/2/8,0,1.5,2,8,0,0,0
Set 7.5,7,mid,TFTSet7_Stage2,12.22,TFT7b_Heimerdinger,Heimerdinger,Egg Toss,MagicDamage,225/325/475,0,225,325,475,0,0,0
Set 7.5,7,mid,TFTSet7_Stage2,12.22,TFT7b_Heimerdinger,Heimerdinger,Egg Toss,StunDuration,0.5,0,0.5,0.5,0.5,0.5,0.5,0.5
Set 7.5,7,mid,TFTSet7_Stage2,12.22,TFT7_DragonGold,Idas,Golden Scales,ASBonusBase,0.3,0.3,0.3,0.3,0.3,0.3,0.3,0.3
Set 7.5,7,mid,TFTSet7_Stage2,12.22,TFT7_DragonGold,Idas,Golden Scales,DamageReduction,30/50/300,0,30,50,300,0,0,0
Set 7.5,7,mid,TFTSet7_Stage2,12.22,TFT7_DragonGold,Idas,Golden Scales,DefenseDuration,2,2,2,2,2,2,2,2
Set 7.5,7,mid,TFTSet7_Stage2,12.22,TFT7_DragonGold,Idas,Golden Scales,Heal,450/600/3000,0,450,600,3000,0,0,0
Set 7.5,7,mid,TFTSet7_Stage2,12.22,TFT7_DragonGold,Idas,Golden Scales,RoarDuration,5,5,5,5,5,5,5,5
Set 7.5,7,mid,TFTSet7_Stage2,12.22,TFT7_DragonGold,Idas,Golden Scales,ShieldValue,150/250/1200,0,150,250,1200,0,0,0
Set 7.5,7,mid,TFTSet7_Stage2,12.22,TFT7_Jax,Jax,Counter Strike,AttackRadius,1,1,1,1,1,1,1,1
Set 7.5,7,mid,TFTSet7_Stage2,12.22,TFT7_Jax,Jax,Counter Strike,Damage,225/350/750,50,225,350,750,500,500,500
Set 7.5,7,mid,TFTSet7_Stage2,12.22,TFT7_Jax,Jax,Counter Strike,Duration,2,2,2,2,2,2,2,2
Set 7.5,7,mid,TFTSet7_Stage2,12.22,TFT7_Jax,Jax,Counter Strike,StunDuration,1/1.25/1.5,0.75,1,1.25,1.5,1.75,2,2.25
Set 7.5,7,mid,TFTSet7_Stage2,12.22,TFT7_Jayce,Jayce,Mercurial Justice,BaseHeal,100/150/500,200,100,150,500,800,800,800
Set 7.5,7,mid,TFTSet7_Stage2,12.22,TFT7_Jayce,Jayce,Mercurial Justice,BaseMagicDamage,300/400/1500,0,300,400,1500,0,0,0
Set 7.5,7,mid,TFTSet7_Stage2,12.22,TFT7_Jayce,Jayce,Mercurial Justice,BaseSecondMagicDamage,225/275/1200,150,225,275,1200,800,800,800
Set 7.5,7,mid,TFTSet7_Stage2,12.22,TFT7_Jayce,Jayce,Mercurial Justice,BaseSmiteDamage,400/550/2000,450,400,550,2000,3000,3000,3000
Set 7.5,7,mid,TFTSet7_Stage2,12.22,TFT7_Jayce,Jayce,Mercurial Justice,BonusHealRatio,0.2,0.2,0.2,0.2,0.2,0.2,0.2,0.2
Set 7.5,7,mid,TFTSet7_Stage2,12.22,TFT7_Jayce,Jayce,Mercurial Justice,Resists,40,40,40,40,40,40,40,40
Set 7.5,7,mid,TFTSet7_Stage2,12.22,TFT7_Jayce,Jayce,Mercurial Justice,StunDuration,1.25,1.25,1.25,1.25,1.25,1.25,1.25,1.25
Set 7.5,7,mid,TFTSet7_Stage2,12.22,TFT7_Kaisa,Kai'Sa,Tidal Burst,Damage,40/55/85,50,40,55,85,50,50,50
Set 7.5,7,mid,TFTSet7_Stage2,12.22,TFT7_Kaisa,Kai'Sa,Tidal Burst,MissileCap,12,12,12,12,12,12,12,12
Set 7.5,7,mid,TFTSet7_Stage2,12.22,TFT7_Kaisa,Kai'Sa,Tidal Burst,NumMissiles,4,4,4,4,4,4,4,4
Set 7.5,7,mid,TFTSet7_Stage2,12.22,TFT7_Kaisa,Kai'Sa,Tidal Burst,PerCastMissile,2,2,2,2,2,2,2,2
Set 7.5,7,mid,TFTSet7_Stage2,12.22,TFT7_Kaisa,Kai'Sa,Tidal Burst,PerMissileDelay,0.1,0.1,0.1,0.1,0.1,0.1,0.1,0.1
Set 7.5,7,mid,TFTSet7_Stage2,12.22,TFT7_Kaisa,Kai'Sa,Tidal Burst,PercentBonusDamage,0.1,0.1,0.1,0.1,0.1,0.1,0.1,0.1
Set 7.5,7,mid,TFTSet7_Stage2,12.22,TFT7_Kaisa,Kai'Sa,Tidal Burst,SecondaryTargetCap,2,2,2,2,2,2,2,2
Set 7.5,7,mid,TFTSet7_Stage2,12.22,TFT7_Kaisa,Kai'Sa,Tidal Burst,SpellRange,4,4,4,4,4,4,4,4
Set 7.5,7,mid,TFTSet7_Stage2,12.22,TFT7_Karma,Karma,Inner Flame,MagicDamage,200/265/380,0,200,265,380,0,0,0
Set 7.5,7,mid,TFTSet7_Stage2,12.22,TFT7_LeeSin,Lee Sin,Dragon's Rage,DragonmancerASDuration,5,0,5,5,5,5,5,5
Set 7.5,7,mid,TFTSet7_Stage2,12.22,TFT7_LeeSin,Lee Sin,Dragon's Rage,DragonmancerASPercent,50,0,50,50,50,50,50,50
Set 7.5,7,mid,TFTSet7_Stage2,12.22,TFT7_LeeSin,Lee Sin,Dragon's Rage,MagicDamage,215/285/385,0,215,285,385,0,0,0
Set 7.5,7,mid,TFTSet7_Stage2,12.22,TFT7_LeeSin,Lee Sin,Dragon's Rage,ShredDuration,5,5,5,5,5,5,5,5
Set 7.5,7,mid,TFTSet7_Stage2,12.22,TFT7_LeeSin,Lee Sin,Dragon's Rage,StunDuration,1.25,0,1.25,1.25,1.25,1.25,1.25,1.25
Set 7.5,7,mid,TFTSet7_Stage2,12.22,TFT7_LeeSin,Lee Sin,Dragon's Rage,TooltipMRShred,40,40,40,40,40,40,40,40
Set 7.5,7,mid,TFTSet7_Stage2,12.22,TFT7_Leona,Leona,Solar Barrier,Duration,4,4,4,4,4,4,4,4
Set 7.5,7,mid,TFTSet7_Stage2,12.22,TFT7_Leona,Leona,Solar Barrier,FlatDamageReduction,35/45/70,0,35,45,70,160,200,240
Set 7.5,7,mid,TFTSet7_Stage2,12.22,TFT7_Lillia,Lillia,Watch Out!,CenterBonusMagicDamage,190/240/340,0,190,240,340,0,0,0
Set 7.5,7,mid,TFTSet7_Stage2,12.22,TFT7_Lillia,Lillia,Watch Out!,MagicDamage,215/275/370,0,215,275,370,0,0,0
Set 7.5,7,mid,TFTSet7_Stage2,12.22,TFT7_Lillia,Lillia,Watch Out!,StunDuration,1,1,1,1,1,1,1,1
Set 7.5,7,mid,TFTSet7_Stage2,12.22,TFT7b_Lulu,Lulu,Whimsy,AllyBuffDuration,5,0,5,5,5,5,5,5
Set 7.5,7,mid,TFTSet7_Stage2,12.22,TFT7b_Lulu,Lulu,Whimsy,AttackSpeedPercent,0.4/0.5/0.7,8,0.4,0.5,0.7,8,8,8
Set 7.5,7,mid,TFTSet7_Stage2,12.22,TFT7b_Lulu,Lulu,Whimsy,DamageAmp,20,20,20,20,20,20,20,20
Set 7.5,7,mid,TFTSet7_Stage2,12.22,TFT7b_Lulu,Lulu,Whimsy,NumTargets,3,2,3,3,3,6,7,8
Set 7.5,7,mid,TFTSet7_Stage2,12.22,TFT7b_Lulu,Lulu,Whimsy,PolymorphDuration,1,0,1,1,1,1,1,1
Set 7.5,7,mid,TFTSet7_Stage2,12.22,TFT7_Lux,Lux,Cosmic Flare,BaseDamage,325/410/525,0,325,410,525,0,0,0
Set 7.5,7,mid,TFTSet7_Stage2,12.22,TFT7_Lux,Lux,Cosmic Flare,LesserDamage,175/210/240,0,175,210,240,0,0,0
Set 7.5,7,mid,TFTSet7_Stage2,12.22,TFT7_Malphite,Malphite,Coral Shield,ShieldBase,200/250/325,150,200,250,325,350,400,450
Set 7.5,7,mid,TFTSet7_Stage2,12.22,TFT7_Malphite,Malphite,Coral Shield,ShieldDuration,5,5,5,5,5,5,5,5
Set 7.5,7,mid,TFTSet7_Stage2,12.22,TFT7_Malphite,Malphite,Coral Shield,ShieldPercentHealth,0.1,0.1,0.1,0.1,0.1,0.1,0.1,0.1
Set 7.5,7,mid,TFTSet7_Stage2,12.22,TFT7_Nasus,Nasus,Fury of the Dawn,BonusHealth,225/350/650,100,225,350,650,700,850,1000
Set 7.5,7,mid,TFTSet7_Stage2,12.22,TFT7_Nasus,Nasus,Fury of the Dawn,Damage,70/100/205,30,70,100,205,150,180,210
Set 7.5,7,mid,TFTSet7_Stage2,12.22,TFT7_Nasus,Nasus,Fury of the Dawn,Duration,6,6,6,6,6,6,6,6
Set 7.5,7,mid,TFTSet7_Stage2,12.22,TFT7_Nidalee,Nidalee,Primal Surge,ADRatio,2.25,2.25,2.25,2.25,2.25,2.25,2.25,2.25
Set 7.5,7,mid,TFTSet7_Stage2,12.22,TFT7_Nidalee,Nidalee,Primal Surge,BaseAS,0.4/0.45/0.5,0.4,0.4,0.45,0.5,0.4,0.4,0.4
Set 7.5,7,mid,TFTSet7_Stage2,12.22,TFT7_Nidalee,Nidalee,Primal Surge,BufferTime,0.5,0.5,0.5,0.5,0.5,0.5,0.5,0.5
Set 7.5,7,mid,TFTSet7_Stage2,12.22,TFT7_Nidalee,Nidalee,Primal Surge,NumAttacks,3,3,3,3,3,3,3,3
Set 7.5,7,mid,TFTSet7_Stage2,12.22,TFT7_Nilah,Nilah,Slipstream,ADPercent,2/2.25/5,0,2,2.25,5,0,0,0
Set 7.5,7,mid,TFTSet7_Stage2,12.22,TFT7_Nilah,Nilah,Slipstream,Damage,130/200/700,0,130,200,700,0,0,0
Set 7.5,7,mid,TFTSet7_Stage2,12.22,TFT7_Nilah,Nilah,Slipstream,PercentShield,0.8/1/3,0.6,0.8,1,3,0.6,0.6,0.6
Set 7.5,7,mid,TFTSet7_Stage2,12.22,TFT7_Nilah,Nilah,Slipstream,ShieldStealDuration,4,4,4,4,4,4,4,4
Set 7.5,7,mid,TFTSet7_Stage2,12.22,TFT7_Nomsy,Nomsy,Fireballs!,MagicDamage,190/270/420,0,190,270,420,0,0,0
Set 7.5,7,mid,TFTSet7_Stage2,12.22,TFT7_NomsyMage,Nomsy,Fireballs!,MagicDamage,190/270/420,0,190,270,420,0,0,0
Set 7.5,7,mid,TFTSet7_Stage2,12.22,TFT7_NomsyCannoneer,Nomsy,Fireballs!,MagicDamage,190/270/420,0,190,270,420,0,0,0
Set 7.5,7,mid,TFTSet7_Stage2,12.22,TFT7_NomsyEvoker,Nomsy,Fireballs!,MagicDamage,190/270/420,0,190,270,420,0,0,0
Set 7.5,7,mid,TFTSet7_Stage2,12.22,TFT7_Nomsy,Nomsy,Fireballs!,PercentDamage,0.3/0.35/0.4,0,0.3,0.35,0.4,0,0,0
Set 7.5,7,mid,TFTSet7_Stage2,12.22,TFT7_NomsyMage,Nomsy,Fireballs!,PercentDamage,0.3/0.35/0.4,0,0.3,0.35,0.4,0,0,0
Set 7.5,7,mid,TFTSet7_Stage2,12.22,TFT7_NomsyCannoneer,Nomsy,Fireballs!,PercentDamage,0.3/0.35/0.4,0,0.3,0.35,0.4,0,0,0
Set 7.5,7,mid,TFTSet7_Stage2,12.22,TFT7_NomsyEvoker,Nomsy,Fireballs!,PercentDamage,0.3/0.35/0.4,0,0.3,0.35,0.4,0,0,0
Set 7.5,7,mid,TFTSet7_Stage2,12.22,TFT7_Nunu,Nunu & Willump,Consume,Damage,375/525/925,200,375,525,925,3200,6400,12800
Set 7.5,7,mid,TFTSet7_Stage2,12.22,TFT7_Nunu,Nunu & Willump,Consume,DamageAmp,0.5,0.5,0.5,0.5,0.5,0.5,0.5,0.5
Set 7.5,7,mid,TFTSet7_Stage2,12.22,TFT7_Olaf,Olaf,Recklessness,AttackDamageRatio,2.2/2.3/2.4,0,2.2,2.3,2.4,0,0,0
Set 7.5,7,mid,TFTSet7_Stage2,12.22,TFT7_Olaf,Olaf,Recklessness,AttackSpeedRatio,0.35/0.45/0.6,0.3,0.35,0.45,0.6,0.7,0.8,0.9
Set 7.5,7,mid,TFTSet7_Stage2,12.22,TFT7_Olaf,Olaf,Recklessness,BuffDuration,6,0,6,6,6,6,6,6
Set 7.5,7,mid,TFTSet7_Stage2,12.22,TFT7_Olaf,Olaf,Recklessness,HealthPercentThreshold,50,0,50,50,50,50,50,50
Set 7.5,7,mid,TFTSet7_Stage2,12.22,TFT7_Olaf,Olaf,Recklessness,StackingAD,4,4,4,4,4,0,0,0
Set 7.5,7,mid,TFTSet7_Stage2,12.22,TFT7_Pantheon,Pantheon,Aegis Assault,BaseDamage,70/110/700,0,70,110,700,0,0,0
Set 7.5,7,mid,TFTSet7_Stage2,12.22,TFT7_Pantheon,Pantheon,Aegis Assault,BonusAD,50,50,50,50,50,50,50,50
Set 7.5,7,mid,TFTSet7_Stage2,12.22,TFT7_Pantheon,Pantheon,Aegis Assault,DamageReductionPercent,0.2/0.25/0.4,0,0.2,0.25,0.4,0,0,0
Set 7.5,7,mid,TFTSet7_Stage2,12.22,TFT7_Pantheon,Pantheon,Aegis Assault,Duration,2,0,2,2,2,2,2,2
Set 7.5,7,mid,TFTSet7_Stage2,12.22,TFT7_Pantheon,Pantheon,Aegis Assault,HealingReduction,50,0,50,50,50,50,50,50
Set 7.5,7,mid,TFTSet7_Stage2,12.22,TFT7_Pantheon,Pantheon,Aegis Assault,HealingReductionDuration,3,0,3,3,3,3,3,3
Set 7.5,7,mid,TFTSet7_Stage2,12.22,TFT7_Pantheon,Pantheon,Aegis Assault,PercentAttackDamage,2.65/2.8/3.8,3,2.65,2.8,3.8,3,3,3
Set 7.5,7,mid,TFTSet7_Stage2,12.22,TFT7_Qiyana,Qiyana,Elemental Blade,BaseDamage,225/300/450,50,225,300,450,450,450,450
Set 7.5,7,mid,TFTSet7_Stage2,12.22,TFT7_Qiyana,Qiyana,Elemental Blade,CCDuration,1.5/1.75/2,1.25,1.5,1.75,2,2.25,2.5,2.75
Set 7.5,7,mid,TFTSet7_Stage2,12.22,TFT7_Rakan,Rakan,Disarming Diversion,BaseBonusShield,50/70/100,50,50,70,100,70,70,70
Set 7.5,7,mid,TFTSet7_Stage2,12.22,TFT7_Rakan,Rakan,Disarming Diversion,DisarmDuration,1.5,1.5,1.5,1.5,1.5,1.5,1.5,1.5
Set 7.5,7,mid,TFTSet7_Stage2,12.22,TFT7_Rakan,Rakan,Disarming Diversion,Radius,1,1,1,1,1,1,1,1
Set 7.5,7,mid,TFTSet7_Stage2,12.22,TFT7_Rakan,Rakan,Disarming Diversion,ShieldAmount,230/350/650,0,230,350,650,0,0,0
Set 7.5,7,mid,TFTSet7_Stage2,12.22,TFT7_Rakan,Rakan,Disarming Diversion,ShieldDuration,4,4,4,4,4,4,4,4
Set 7.5,7,mid,TFTSet7_Stage2,12.22,TFT7_Rell,Rell,Iron Bond,Damage,160/240/440,100,160,240,440,500,600,700
Set 7.5,7,mid,TFTSet7_Stage2,12.22,TFT7_Rell,Rell,Iron Bond,Duration,4,4,4,4,4,4,4,4
Set 7.5,7,mid,TFTSet7_Stage2,12.22,TFT7_Rell,Rell,Iron Bond,Resists,35/40/50,30,35,40,50,70,80,90
Set 7.5,7,mid,TFTSet7_Stage2,12.22,TFT7_Rengar,Rengar,Unseen Predator,ADPercent,2.4/2.45/2.75,2.45,2.4,2.45,2.75,2.45,2.45,2.45
Set 7.5,7,mid,TFTSet7_Stage2,12.22,TFT7_Rengar,Rengar,Unseen Predator,ASGain,2,2,2,2,2,2,2,2
Set 7.5,7,mid,TFTSet7_Stage2,12.22,TFT7_Rengar,Rengar,Unseen Predator,CritChanceGain,,,,,,,,
Set 7.5,7,mid,TFTSet7_Stage2,12.22,TFT7_Rengar,Rengar,Unseen Predator,FlatDamage,60/80/100,40,60,80,100,120,140,160
Set 7.5,7,mid,TFTSet7_Stage2,12.22,TFT7_Rengar,Rengar,Unseen Predator,NumEmpoweredAttacks,2,2,2,2,2,2,2,2
Set 7.5,7,mid,TFTSet7_Stage2,12.22,TFT7_Sejuani,Sejuani,Warrior's Wrath,FractionMaxHealth,0.06,0.06,0.06,0.06,0.06,0.06,0.06,0.06
Set 7.5,7,mid,TFTSet7_Stage2,12.22,TFT7_Sejuani,Sejuani,Warrior's Wrath,GuildBonus,100,100,100,100,100,100,100,100
Set 7.5,7,mid,TFTSet7_Stage2,12.22,TFT7_Sejuani,Sejuani,Warrior's Wrath,StunDuration,1.5/1.75/2,0,1.5,1.75,2,0,0,0
Set 7.5,7,mid,TFTSet7_Stage2,12.22,TFT7_Senna,Senna,Last Embrace,BonusMagicDamage,300/450/650,0,300,450,650,0,0,0
Set 7.5,7,mid,TFTSet7_Stage2,12.22,TFT7_Senna,Senna,Last Embrace,PercentAttackDamage,200/240/300,0,200,240,300,200,200,200
Set 7.5,7,mid,TFTSet7_Stage2,12.22,TFT7_Seraphine,Seraphine,Serenade of the Seas,AttackSpeed,0.2/0.3/0.5,0.2,0.2,0.3,0.5,0.6,0.6,0.6
Set 7.5,7,mid,TFTSet7_Stage2,12.22,TFT7_Seraphine,Seraphine,Serenade of the Seas,Duration,4,4,4,4,4,4,4,4
Set 7.5,7,mid,TFTSet7_Stage2,12.22,TFT7_Seraphine,Seraphine,Serenade of the Seas,Hex,2,2,2,2,2,2,2,2
Set 7.5,7,mid,TFTSet7_Stage2,12.22,TFT7_Seraphine,Seraphine,Serenade of the Seas,ManaGain,5/7/10,2,5,7,10,2,2,2
Set 7.5,7,mid,TFTSet7_Stage2,12.22,TFT7_Seraphine,Seraphine,Serenade of the Seas,OnHit,20/35/65,0,20,35,65,0,0,0
Set 7.5,7,mid,TFTSet7_Stage2,12.22,TFT7_Seraphine,Seraphine,Serenade of the Seas,Shield,160/220/300,300,160,220,300,200,200,100
Set 7.5,7,mid,TFTSet7_Stage2,12.22,TFT7_Sett,Sett,Knuckle Down,ADRatio,1.5/1.55/1.7,0,1.5,1.55,1.7,1.6,1.6,1.6
Set 7.5,7,mid,TFTSet7_Stage2,12.22,TFT7_Sett,Sett,Knuckle Down,BaseResistAmount,50/60/80,15,50,60,80,110,140,170
Set 7.5,7,mid,TFTSet7_Stage2,12.22,TFT7_Sett,Sett,Knuckle Down,Duration,4,4,4,4,4,4,4,4
Set 7.5,7,mid,TFTSet7_Stage2,12.22,TFT7_DragonGreen,Shi Oh Yu,Jade Form,DamageReduction,0.2/0.25/0.4,0.2,0.2,0.25,0.4,0.5,0.5,0.5
Set 7.5,7,mid,TFTSet7_Stage2,12.22,TFT7_DragonGreen,Shi Oh Yu,Jade Form,PercentAttackDamage,250/300/1000,0,250,300,1000,0,0,0
Set 7.5,7,mid,TFTSet7_Stage2,12.22,TFT7_DragonGreen,Shi Oh Yu,Jade Form,Stun,1,1,1,1,1,1,1,1
Set 7.5,7,mid,TFTSet7_Stage2,12.22,TFT7_Shyvana,Shyvana,Dragon's Descent,FlameBreathDamage,700/1200/20000,1500,700,1200,20000,30000,30000,30000
Set 7.5,7,mid,TFTSet7_Stage2,12.22,TFT7_Shyvana,Shyvana,Dragon's Descent,FlameBreathDuration,3.75,3.75,3.75,3.75,3.75,3.75,3.75,3.75
Set 7.5,7,mid,TFTSet7_Stage2,12.22,TFT7_Shyvana,Shyvana,Dragon's Descent,InitialDamage,80/150/1500,0,80,150,1500,0,0,0
Set 7.5,7,mid,TFTSet7_Stage2,12.22,TFT7_Shyvana,Shyvana,Dragon's Descent,LingerDuration,1.5,0,1.5,1.5,1.5,1.5,1.5,1.5
Set 7.5,7,mid,TFTSet7_Stage2,12.22,TFT7_Shyvana,Shyvana,Dragon's Descent,PercentMaxHealth,60/75/999,0,60,75,999,0,0,0
Set 7.5,7,mid,TFTSet7_Stage2,12.22,TFT7_Shyvana,Shyvana,Dragon's Descent,StunDuration,1.25/1.25/10,0,1.25,1.25,10,1.25,1.25,1.25
Set 7.5,7,mid,TFTSet7_Stage2,12.22,TFT7_Skarner,Skarner,Crystalline Exoskeleton,AttackSpeed,1.6/1.8/2,1.4,1.6,1.8,2,2.2,2.4,2.6
Set 7.5,7,mid,TFTSet7_Stage2,12.22,TFT7_Skarner,Skarner,Crystalline Exoskeleton,Duration,8,8,8,8,8,8,8,8
Set 7.5,7,mid,TFTSet7_Stage2,12.22,TFT7_Skarner,Skarner,Crystalline Exoskeleton,ShieldAmount,300/375/450,225,300,375,450,425,475,525
Set 7.5,7,mid,TFTSet7_Stage2,12.22,TFT7_AquaticDragon,Sohm,Tideblossom,BaseDamage,165/225/600,100,165,225,600,200,225,250
Set 7.5,7,mid,TFTSet7_Stage2,12.22,TFT7_AquaticDragon,Sohm,Tideblossom,BaseExplodeDamage,285/400/1400,150,285,400,1400,1500,1500,1500
Set 7.5,7,mid,TFTSet7_Stage2,12.22,TFT7_AquaticDragon,Sohm,Tideblossom,NormalCastCount,3,3,3,3,3,3,3,3
Set 7.5,7,mid,TFTSet7_Stage2,12.22,TFT7_AquaticDragon,Sohm,Tideblossom,ReducedDamageRatio,1,1,1,1,1,1,1,1
Set 7.5,7,mid,TFTSet7_Stage2,12.22,TFT7_Soraka,Soraka,Starfall,Duration,2,2,2,2,2,2,2,2
Set 7.5,7,mid,TFTSet7_Stage2,12.22,TFT7_Soraka,Soraka,Starfall,Healing,105/165/1000,0,105,165,1000,0,0,0
Set 7.5,7,mid,TFTSet7_Stage2,12.22,TFT7_Soraka,Soraka,Starfall,HealthThreshold,50,50,50,50,50,50,50,50
Set 7.5,7,mid,TFTSet7_Stage2,12.22,TFT7_Soraka,Soraka,Starfall,ManaPerAttack,15,15,15,15,15,15,15,15
Set 7.5,7,mid,TFTSet7_Stage2,12.22,TFT7_Soraka,Soraka,Starfall,Stars,14,14,14,14,14,14,14,14
Set 7.5,7,mid,TFTSet7_Stage2,12.22,TFT7_DragonPurple,Sy'fen,Rampage,ADRatio,1.5/1.7/4.5,0,1.5,1.7,4.5,2,2,2
Set 7.5,7,mid,TFTSet7_Stage2,12.22,TFT7_DragonPurple,Sy'fen,Rampage,ArmorPenPercent,33,0,33,33,33,33,33,33
Set 7.5,7,mid,TFTSet7_Stage2,12.22,TFT7_DragonPurple,Sy'fen,Rampage,BiteADRatio,4.5/5.5/25,0,4.5,5.5,25,0,0,0
Set 7.5,7,mid,TFTSet7_Stage2,12.22,TFT7_DragonPurple,Sy'fen,Rampage,ChargeDistance,2.5,2.5,2.5,2.5,2.5,2.5,2.5,2.5
Set 7.5,7,mid,TFTSet7_Stage2,12.22,TFT7_Sylas,Sylas,Petricite Burst,Damage,140/200/320,0,140,200,320,0,0,0
Set 7.5,7,mid,TFTSet7_Stage2,12.22,TFT7_Sylas,Sylas,Petricite Burst,Shield,365/415/525,0,365,415,525,0,0,0
Set 7.5,7,mid,TFTSet7_Stage2,12.22,TFT7_Sylas,Sylas,Petricite Burst,ShieldDuration,6,0,6,6,6,6,6,6
Set 7.5,7,mid,TFTSet7_Stage2,12.22,TFT7_Taliyah,Taliyah,Flowing Volley,Damage,160/240/380,80,160,240,380,280,330,380
Set 7.5,7,mid,TFTSet7_Stage2,12.22,TFT7_DragonEarth,Terra,Earthquake,ArmorAndMRPercent,150/200/2500,0,150,200,2500,100,100,100
Set 7.5,7,mid,TFTSet7_Stage2,12.22,TFT7_DragonEarth,Terra,Earthquake,AttackDamagePercent,200,0,200,200,200,200,200,200
Set 7.5,7,mid,TFTSet7_Stage2,12.22,TFT7_DragonEarth,Terra,Earthquake,ResistBuff,130/165/4000,0,130,165,4000,200,200,200
Set 7.5,7,mid,TFTSet7_Stage2,12.22,TFT7_DragonEarth,Terra,Earthquake,ResistDuration,8,0,8,8,8,8,8,8
Set 7.5,7,mid,TFTSet7_Stage2,12.22,TFT6_TheGoldenEgg,The Golden Egg,Hatching,EggTurns,10,10,10,10,10,10,10,10
Set 7.5,7,mid,TFTSet7_Stage2,12.22,TFT5_EmblemArmoryKey,Tome of Traits,Tome of Traits,RoundsToHatch,2,2,2,2,2,2,2,2
Set 7.5,7,mid,TFTSet7_Stage2,12.22,TFT7b_Tristana,Tristana,Explosive Charge,Damage,130/160/200,0,130,160,200,0,0,0
Set 7.5,7,mid,TFTSet7_Stage2,12.22,TFT7b_Tristana,Tristana,Explosive Charge,Duration,1,1,1,1,1,1,1,1
Set 7.5,7,mid,TFTSet7_Stage2,12.22,TFT7b_Tristana,Tristana,Explosive Charge,HexRadius,1,1,1,1,1,1,1,1
Set 7.5,7,mid,TFTSet7_Stage2,12.22,TFT7b_Tristana,Tristana,Explosive Charge,NomsyAttackDamage,50/75/120,0,50,75,120,0,0,0
Set 7.5,7,mid,TFTSet7_Stage2,12.22,TFT7b_Tristana,Tristana,Explosive Charge,NumOfCharges,1,1,1,1,1,1,1,1
Set 7.5,7,mid,TFTSet7_Stage2,12.22,TFT7b_Tristana,Tristana,Explosive Charge,PercentAD,1.4/1.7/2.1,1.2,1.4,1.7,2.1,1.4,1.45,1.5
Set 7.5,7,mid,TFTSet7_Stage2,12.22,TFT7_Twitch,Twitch,Blast Potion,ADRatio,1.6,1.6,1.6,1.6,1.6,1.6,1.6,1.6
Set 7.5,7,mid,TFTSet7_Stage2,12.22,TFT7_Twitch,Twitch,Blast Potion,BaseDamage,40/80/150,0,40,80,150,0,0,0
Set 7.5,7,mid,TFTSet7_Stage2,12.22,TFT7_Twitch,Twitch,Blast Potion,GuildBonus,0.1,0.1,0.1,0.1,0.1,0.1,0.1,0.1
Set 7.5,7,mid,TFTSet7_Stage2,12.22,TFT7_Twitch,Twitch,Blast Potion,ShredDuration,5,5,5,5,5,5,5,5
Set 7.5,7,mid,TFTSet7_Stage2,12.22,TFT7_Twitch,Twitch,Blast Potion,TooltipShredMult,0.4,0.4,0.4,0.4,0.4,0.4,0.4,0.4
Set 7.5,7,mid,TFTSet7_Stage2,12.22,TFT7_DragonSwain,Tyrant Swain,Dragon Master's Decree,Damage,90/130/600,0,90,130,600,0,0,0
Set 7.5,7,mid,TFTSet7_Stage2,12.22,TFT7_DragonSwain,Tyrant Swain,Dragon Master's Decree,HealPercent,12,0,12,12,12,12,12,12
Set 7.5,7,mid,TFTSet7_Stage2,12.22,TFT7_DragonSwain,Tyrant Swain,Dragon Master's Decree,NumDragonlings,8,0,8,8,8,8,8,8
Set 7.5,7,mid,TFTSet7_Stage2,12.22,TFT7_Varus,Varus,Chain of Constellations,ADPercent,300,0,300,300,300,300,300,300
Set 7.5,7,mid,TFTSet7_Stage2,12.22,TFT7_Varus,Varus,Chain of Constellations,MagicDamage,150/250/400,0,150,250,400,0,0,0
Set 7.5,7,mid,TFTSet7_Stage2,12.22,TFT7_Varus,Varus,Chain of Constellations,SpreadCount,3,3,3,3,3,3,3,3
Set 7.5,7,mid,TFTSet7_Stage2,12.22,TFT7_Varus,Varus,Chain of Constellations,StunDuration,1.5/1.75/2,0,1.5,1.75,2,0,0,0
Set 7.5,7,mid,TFTSet7_Stage2,12.22,TFT7_Vladimir,Vladimir,Transfusion,Damage,275/325/375,75,275,325,375,575,700,825
Set 7.5,7,mid,TFTSet7_Stage2,12.22,TFT7_Vladimir,Vladimir,Transfusion,Heal,275/325/375,0,275,325,375,0,0,0
Set 7.5,7,mid,TFTSet7_Stage2,12.22,TFT7b_Volibear,Volibear,Relentless Storm,BonusHealth,400/700/1200,0,400,700,1200,0,0,0
Set 7.5,7,mid,TFTSet7_Stage2,12.22,TFT7b_Volibear,Volibear,Relentless Storm,DamagePerTarget,130/185/250,0,130,185,250,0,0,0
Set 7.5,7,mid,TFTSet7_Stage2,12.22,TFT7b_Volibear,Volibear,Relentless Storm,NumAttacks,3,3,3,3,3,3,3,3
Set 7.5,7,mid,TFTSet7_Stage2,12.22,TFT7b_Volibear,Volibear,Relentless Storm,NumTargets,4,0,4,4,4,4,4,4
Set 7.5,7,mid,TFTSet7_Stage2,12.22,TFT7_Wukong,Wukong,Crushing Blow,BaseDamage,50/75/100,25,50,75,100,125,150,175
Set 7.5,7,mid,TFTSet7_Stage2,12.22,TFT7_Wukong,Wukong,Crushing Blow,Duration,1/1.25/1.5,1.5,1,1.25,1.5,2,2,2
Set 7.5,7,mid,TFTSet7_Stage2,12.22,TFT7_Wukong,Wukong,Crushing Blow,PercentAD,1.85/2/2.5,1.5,1.85,2,2.5,3.5,4,4.5
Set 7.5,7,mid,TFTSet7_Stage2,12.22,TFT7_Xayah,Xayah,Feathers FLY!,Duration,4,4,4,4,4,4,4,4
Set 7.5,7,mid,TFTSet7_Stage2,12.22,TFT7_Xayah,Xayah,Feathers FLY!,NumBonusAttacks,2/2/4,0,2,2,4,0,0,0
Set 7.5,7,mid,TFTSet7_Stage2,12.22,TFT7_Xayah,Xayah,Feathers FLY!,PullbackDamagePerFeather,13/20/75,0,13,20,75,0,0,0
Set 7.5,7,mid,TFTSet7_Stage2,12.22,TFT7_Xayah,Xayah,Feathers FLY!,RecallAD,0.2/0.2/0.3,0.2,0.2,0.2,0.3,0.2,0.2,0.2
Set 7.5,7,mid,TFTSet7_Stage2,12.22,TFT7_Yasuo,Yasuo,Sweeping Blade,EmpoweredDamagePct,250,0,250,250,250,250,250,250
Set 7.5,7,mid,TFTSet7_Stage2,12.22,TFT7_Yasuo,Yasuo,Sweeping Blade,PercentAttackDamage,150/180/3000,0,150,180,3000,0,0,0
Set 7.5,7,mid,TFTSet7_Stage2,12.22,TFT7_Yasuo,Yasuo,Sweeping Blade,ShieldAmount,180/240/2500,0,180,240,2500,0,0,0
Set 7.5,7,mid,TFTSet7_Stage2,12.22,TFT7_Yasuo,Yasuo,Sweeping Blade,ShieldDuration,2/2/20,0,2,2,20,2,2,2
Set 7.5,7,mid,TFTSet7_Stage2,12.22,TFT7_Yasuo,Yasuo,Sweeping Blade,StunDuration,1.5,0,1.5,1.5,1.5,1.5,1.5,1.5
Set 7.5,7,mid,TFTSet7_Stage2,12.22,TFT7_Yone,Yone,Way of the Hunter,BonusDamage,85/125/180,0,85,125,180,0,0,0
Set 7.5,7,mid,TFTSet7_Stage2,12.22,TFT7_Yone,Yone,Way of the Hunter,PercentAD,0.3/0.35/0.4,0.33,0.3,0.35,0.4,0.33,0.33,0.33
Set 7.5,7,mid,TFTSet7_Stage2,12.22,TFT7_Zac,Zac,Unstable Current,AoERadius,2,2,2,2,2,2,2,2
Set 7.5,7,mid,TFTSet7_Stage2,12.22,TFT7_Zac,Zac,Unstable Current,Heal,220/250/300,0,220,250,300,0,0,0
Set 7.5,7,mid,TFTSet7_Stage2,12.22,TFT7_Zac,Zac,Unstable Current,PercentHealthDamage,0.1/0.12/0.18,0,0.1,0.12,0.18,0,0,0
Set 7.5,7,mid,TFTSet7_Stage2,12.22,TFT7_Zeri,Zeri,Watershock Laser,Damage,275/375/525,200,275,375,525,1400,1700,2000
Set 7.5,7,mid,TFTSet7_Stage2,12.22,TFT7_Zeri,Zeri,Watershock Laser,PercentAD,1.1/1.15/1.2,1.2,1.1,1.15,1.2,1.2,1.2,1.2
Set 7.5,7,mid,TFTSet7_Stage2,12.22,TFT7_Zeri,Zeri,Watershock Laser,RangeCheck,3,3,3,3,3,3,3,3
Set 7.5,7,mid,TFTSet7_Stage2,12.22,TFT7_Zeri,Zeri,Watershock Laser,StunDuration,0.75,0.75,0.75,0.75,0.75,0.75,0.75,0.75
Set 7.5,7,mid,TFTSet7_Stage2,12.22,TFT7_DragonGuild,Zippy,Somersault Assault,AttackDamageRatio,4/4.25/6,0,4,4.25,6,2.1,2.1,2.1
Set 7.5,7,mid,TFTSet7_Stage2,12.22,TFT7_DragonGuild,Zippy,Somersault Assault,ShieldAmount,375/450/650,0,375,450,650,0,0,0
Set 7.5,7,mid,TFTSet7_Stage2,12.22,TFT7_DragonGuild,Zippy,Somersault Assault,ShieldDuration,2,0,2,2,2,2,2,2
Set 7.5,7,mid,TFTSet7_Stage2,12.22,TFT7_Zoe,Zoe,Spell Thief,BaseDamage,,,,,,,,
Set 7.5,7,mid,TFTSet7_Stage2,12.22,TFT7_IvernMinion,Zoe's Daisy,Smash,Damage,500/1000/10000,250,500,1000,10000,250,250,250
Set 7.5,7,mid,TFTSet7_Stage2,12.22,TFT7_Zyra,Zyra,Grasping Spines,Damage,225/325/550,0,225,325,550,0,0,0
Set 7.5,7,mid,TFTSet7_Stage2,12.22,TFT7_Zyra,Zyra,Grasping Spines,StunDuration,1/1.25/1.5,0.75,1,1.25,1.5,1.75,2,2.25
Set 8,8,base,TFTSet8,13.4,TFT8_Alistar,Alistar,Pulverize,AugmentHealth,0.3,0.3,0.3,0.3,0.3,0.3,0.3,0.3
Set 8,8,base,TFTSet8,13.4,TFT8_Alistar,Alistar,Pulverize,Damage,140/210/350,0,140,210,350,0,0,0
Set 8,8,base,TFTSet8,13.4,TFT8_Alistar,Alistar,Pulverize,MaxHealthPercent,0.2,0.2,0.2,0.2,0.2,0.2,0.2,0.2
Set 8,8,base,TFTSet8,13.4,TFT8_Alistar,Alistar,Pulverize,StunDuration,1.5,1.5,1.5,1.5,1.5,1.5,1.5,1.5
Set 8,8,base,TFTSet8,13.4,TFT8_Annie,Annie,Burst Shield,Damage,140/210/325,0,140,210,325,0,0,0
Set 8,8,base,TFTSet8,13.4,TFT8_Annie,Annie,Burst Shield,ShieldAmount,300/350/425,4,300,350,425,4,4,4
Set 8,8,base,TFTSet8,13.4,TFT8_Annie,Annie,Burst Shield,ShieldDuration,4,4,4,4,4,4,4,4
Set 8,8,base,TFTSet8,13.4,TFT8_Aphelios,Aphelios,Weapons of the Faithful,DataValue,1/2/10,0,1,2,10,160,200,240
Set 8,8,base,TFTSet8,13.4,TFT8_Aphelios,Aphelios,Weapons of the Faithful,OtherValue,100/200/1000,0,100,200,1000,0,0,0
Set 8,8,base,TFTSet8,13.4,TFT6_ArchiveOfAugments,Archive Of Augments,Archive Of Augments,RoundsToHatch,2,2,2,2,2,2,2,2
Set 8,8,base,TFTSet8,13.4,TFT8_Ashe,Ashe,Ranger's Focus,ADGain,12/18/25,0,12,18,25,0,0,0
Set 8,8,base,TFTSet8,13.4,TFT8_Ashe,Ashe,Ranger's Focus,ADPercent,0.4,0.4,0.4,0.4,0.4,0.4,0.4,0.4
Set 8,8,base,TFTSet8,13.4,TFT8_Ashe,Ashe,Ranger's Focus,Duration,4,4,4,4,4,4,4,4
Set 8,8,base,TFTSet8,13.4,TFT8_AurelionSol,Aurelion Sol,Meteor Shower,Damage,155/230/450,0,155,230,450,3000,3000,3000
Set 8,8,base,TFTSet8,13.4,TFT8_AurelionSol,Aurelion Sol,Meteor Shower,Duration,10,10,10,10,10,10,10,10
Set 8,8,base,TFTSet8,13.4,TFT8_AurelionSol,Aurelion Sol,Meteor Shower,HealingReduction,33,33,33,33,33,33,33,33
Set 8,8,base,TFTSet8,13.4,TFT8_AurelionSol,Aurelion Sol,Meteor Shower,NumMeteors,4/4/6,0,4,4,6,0,0,0
Set 8,8,base,TFTSet8,13.4,TFT8_AurelionSol,Aurelion Sol,Meteor Shower,PercentBurn,10,10,10,10,10,10,10,10
Set 8,8,base,TFTSet8,13.4,TFT8_BelVeth,Bel'Veth,Endless Banquet,ADMult,0.75/0.75/2,35,0.75,0.75,2,35,35,35
Set 8,8,base,TFTSet8,13.4,TFT8_BelVeth,Bel'Veth,Endless Banquet,ASMult,2.5,2.5,2.5,2.5,2.5,2.5,2.5,2.5
Set 8,8,base,TFTSet8,13.4,TFT8_BelVeth,Bel'Veth,Endless Banquet,ASPerCast,25,25,25,25,25,25,25,25
Set 8,8,base,TFTSet8,13.4,TFT8_BelVeth,Bel'Veth,Endless Banquet,BonusDamage,20/30/150,0,20,30,150,0,0,0
Set 8,8,base,TFTSet8,13.4,TFT8_BelVeth,Bel'Veth,Endless Banquet,DefenseShred,40/50/70,0.4,40,50,70,0.4,0.4,0.4
Set 8,8,base,TFTSet8,13.4,TFT8_BelVeth,Bel'Veth,Endless Banquet,ShredDuration,4,4,4,4,4,4,4,4
Set 8,8,base,TFTSet8,13.4,TFT8_BelVeth,Bel'Veth,Endless Banquet,SimulatedLaunchAttackNum,2,2,2,2,2,2,2,2
Set 8,8,base,TFTSet8,13.4,TFT8_Blitzcrank,Blitzcrank,Static Defenses,DRReductionPercent,0.55/0.6/0.65,0,0.55,0.6,0.65,0,0,0
Set 8,8,base,TFTSet8,13.4,TFT8_Blitzcrank,Blitzcrank,Static Defenses,Duration,4,4,4,4,4,4,4,4
Set 8,8,base,TFTSet8,13.4,TFT8_Camille,Camille,Tactical Sweep,BonusDamage,60/75/100,0,60,75,100,0,0,0
Set 8,8,base,TFTSet8,13.4,TFT8_Camille,Camille,Tactical Sweep,DisarmDuration,1.5/1.6/1.75,0,1.5,1.6,1.75,0,0,0
Set 8,8,base,TFTSet8,13.4,TFT8_Camille,Camille,Tactical Sweep,HexRadius,2,2,2,2,2,2,2,2
Set 8,8,base,TFTSet8,13.4,TFT8_Camille,Camille,Tactical Sweep,PercentAD,2.1,0,2.1,2.1,2.1,160,200,240
Set 8,8,base,TFTSet8,13.4,TFT8_Camille,Camille,Tactical Sweep,PercentAS,50,50,50,50,50,50,50,50
Set 8,8,base,TFTSet8,13.4,TFT8_Chogath,Cho'Gath,Cosmic Bellow,BonusDamage,70/105/165,40,70,105,165,200,240,280
Set 8,8,base,TFTSet8,13.4,TFT8_Chogath,Cho'Gath,Cosmic Bellow,MRPercent,1.5/1.9/2.4,0,1.5,1.9,2.4,0,0,0
Set 8,8,base,TFTSet8,13.4,TFT8_Chogath,Cho'Gath,Cosmic Bellow,ManaReave,35/35/50,2,35,35,50,2,2,2
Set 8,8,base,TFTSet8,13.4,TFT8_Chogath,Cho'Gath,Cosmic Bellow,PassiveMR,75/100/150,75,75,100,150,75,75,75
Set 8,8,base,TFTSet8,13.4,TFT8_Draven,Draven,Whirling Death,ADPercent,1.3,1.3,1.3,1.3,1.3,1.3,1.3,1.3
Set 8,8,base,TFTSet8,13.4,TFT8_Draven,Draven,Whirling Death,Damage,60/95/145,0,60,95,145,0,0,0
Set 8,8,base,TFTSet8,13.4,TFT8_Draven,Draven,Whirling Death,FallOffPercent,0.25,0.25,0.25,0.25,0.25,0.25,0.25,0.25
Set 8,8,base,TFTSet8,13.4,TFT8_Ekko,Ekko,Star Diver,ASReduction,0.5,0.5,0.5,0.5,0.5,0.5,0.5,0.5
Set 8,8,base,TFTSet8,13.4,TFT8_Ekko,Ekko,Star Diver,Damage,100/150/1500,0,100,150,1500,0,0,0
Set 8,8,base,TFTSet8,13.4,TFT8_Ekko,Ekko,Star Diver,Duration,5,5,5,5,5,5,5,5
Set 8,8,base,TFTSet8,13.4,TFT8_Ekko,Ekko,Star Diver,ShieldAmount,550/700/3000,0,550,700,3000,0,0,0
Set 8,8,base,TFTSet8,13.4,TFT8_Ekko,Ekko,Star Diver,SlowDuration,2,2,2,2,2,2,2,2
Set 8,8,base,TFTSet8,13.4,TFT8_Ezreal,Ezreal,Sabotage ,APDamage,230/345/535,0,230,345,535,0,0,0
Set 8,8,base,TFTSet8,13.4,TFT8_Ezreal,Ezreal,Sabotage ,ASReduce,30/40/50,25,30,40,50,25,25,25
Set 8,8,base,TFTSet8,13.4,TFT8_Ezreal,Ezreal,Sabotage ,Duration,4,4,4,4,4,4,4,4
Set 8,8,base,TFTSet8,13.4,TFT8_Ezreal,Ezreal,Sabotage ,HexRadius,1,1,1,1,1,1,1,1
Set 8,8,base,TFTSet8,13.4,TFT8_Fiddlesticks,Fiddlesticks,Dark Harvest,CorruptedAP,40,40,40,40,40,40,40,40
Set 8,8,base,TFTSet8,13.4,TFT8_Fiddlesticks,Fiddlesticks,Dark Harvest,CorruptedHealthThreshold,70,70,70,70,70,70,70,70
Set 8,8,base,TFTSet8,13.4,TFT8_Fiddlesticks,Fiddlesticks,Dark Harvest,Damage,100/150/900,0,100,150,900,0,0,0
Set 8,8,base,TFTSet8,13.4,TFT8_Fiddlesticks,Fiddlesticks,Dark Harvest,DrainPercent,20,20,20,20,20,20,20,20
Set 8,8,base,TFTSet8,13.4,TFT8_Fiddlesticks,Fiddlesticks,Dark Harvest,FearInterval,6,6,6,6,6,6,6,6
Set 8,8,base,TFTSet8,13.4,TFT8_Fiddlesticks,Fiddlesticks,Dark Harvest,Movespeed,600,600,600,600,600,600,600,600
Set 8,8,base,TFTSet8,13.4,TFT8_Fiddlesticks,Fiddlesticks,Dark Harvest,StunDuration,1/1/5,0,1,1,5,0,0,0
Set 8,8,base,TFTSet8,13.4,TFT8_Fiddlesticks,Fiddlesticks,Dark Harvest,UltDuration,5/5/30,5,5,5,30,5,5,5
Set 8,8,base,TFTSet8,13.4,TFT8_Fiora,Fiora,En Garde!,BuffDuration,8,8,8,8,8,8,8,8
Set 8,8,base,TFTSet8,13.4,TFT8_Fiora,Fiora,En Garde!,DamageReductionPercent,20,20,20,20,20,20,20,20
Set 8,8,base,TFTSet8,13.4,TFT8_Fiora,Fiora,En Garde!,Heal,30/40/55,2,30,40,55,6,7,8
Set 8,8,base,TFTSet8,13.4,TFT8_Fiora,Fiora,En Garde!,PercentAttackDamage,225/225/235,150,225,225,235,150,150,150
Set 8,8,base,TFTSet8,13.4,TFT8_Galio,Galio,Outta My Way!,Damage,150/225/335,0,150,225,335,160,200,240
Set 8,8,base,TFTSet8,13.4,TFT8_Galio,Galio,Outta My Way!,Duration,4,4,4,4,4,4,4,4
Set 8,8,base,TFTSet8,13.4,TFT8_Galio,Galio,Outta My Way!,ShieldAmount,225/250/275,0.7,225,250,275,0.7,0.7,0.7
Set 8,8,base,TFTSet8,13.4,TFT8_Gangplank,Gangplank,Trial by Fire,Damage,210/315/475,0,210,315,475,160,200,240
Set 8,8,base,TFTSet8,13.4,TFT8_Gangplank,Gangplank,Trial by Fire,Duration,8,8,8,8,8,8,8,8
Set 8,8,base,TFTSet8,13.4,TFT8_Gangplank,Gangplank,Trial by Fire,HealingReductionPct,33,33,33,33,33,33,33,33
Set 8,8,base,TFTSet8,13.4,TFT8_Boss_Urgot,Giant Crabgot,Undertow,ArmorShred,2,2,2,2,2,2,2,2
Set 8,8,base,TFTSet8,13.4,TFT8_Boss_Urgot,Giant Crabgot,Undertow,Damage,500,500,500,500,500,500,500,500
Set 8,8,base,TFTSet8,13.4,TFT8_Boss_Urgot,Giant Crabgot,Undertow,StunDuration,2,2,2,2,2,2,2,2
Set 8,8,base,TFTSet8,13.4,TFT8_Hecarim,Hackerim,Infiltration,Damage,150/200/300,0,150,200,300,0,0,0
Set 8,8,base,TFTSet8,13.4,TFT8_Hecarim,Hackerim,Infiltration,DefenseGain,20/30/60,10,20,30,60,10,10,10
Set 8,8,base,TFTSet8,13.4,TFT8_Hecarim,Hackerim,Infiltration,Duration,4,4,4,4,4,4,4,4
Set 8,8,base,TFTSet8,13.4,TFT8_Janna,Janna,Twister!,DamageDuration,3,0,3,3,3,0,0,0
Set 8,8,base,TFTSet8,13.4,TFT8_Janna,Janna,Twister!,DamagePerSecond,50/75/1000,0,50,75,1000,0,0,0
Set 8,8,base,TFTSet8,13.4,TFT8_Janna,Janna,Twister!,HexRadius,2,0,2,2,2,2,2,2
Set 8,8,base,TFTSet8,13.4,TFT8_Janna,Janna,Twister!,SmallKnockup,0.5,0,0.5,0.5,0.5,0,0,0
Set 8,8,base,TFTSet8,13.4,TFT8_Janna,Janna,Twister!,StunDuration,1.25/2/10,0,1.25,2,10,0,0,0
Set 8,8,base,TFTSet8,13.4,TFT8_Jax,Jax,Adaptive Strike,BaseDamage,80/125/210,0,80,125,210,0,0,0
Set 8,8,base,TFTSet8,13.4,TFT8_Jax,Jax,Adaptive Strike,StackDamage,20/30/50,50,20,30,50,50,50,50
Set 8,8,base,TFTSet8,13.4,TFT8_Jax,Jax,Adaptive Strike,TotalStacks,7,7,7,7,7,7,7,7
Set 8,8,base,TFTSet8,13.4,TFT8_Jinx,Jinx,Fishbones,Damage,225/335/525,0,225,335,525,900,900,900
Set 8,8,base,TFTSet8,13.4,TFT8_Jinx,Jinx,Fishbones,StunDuration,1.5,0,1.5,1.5,1.5,3,3,3
Set 8,8,base,TFTSet8,13.4,TFT8_Kaisa,Kai'Sa,Starcharged,AttackSpeed,0.45,0.45,0.45,0.45,0.45,0.45,0.45,0.45
Set 8,8,base,TFTSet8,13.4,TFT8_Kaisa,Kai'Sa,Starcharged,Damage,150/225/370,0.15,150,225,370,0.15,0.15,0.15
Set 8,8,base,TFTSet8,13.4,TFT8_Kaisa,Kai'Sa,Starcharged,Duration,10,10,10,10,10,10,10,10
Set 8,8,base,TFTSet8,13.4,TFT8_Kaisa,Kai'Sa,Starcharged,MonsterCap,250,250,250,250,250,250,250,250
Set 8,8,base,TFTSet8,13.4,TFT8_Kayle,Kayle,Starfire Spellblade,AttackCount,3,3,3,3,3,3,3,3
Set 8,8,base,TFTSet8,13.4,TFT8_Kayle,Kayle,Starfire Spellblade,Damage,25/35/50,0,25,35,50,0,0,0
Set 8,8,base,TFTSet8,13.4,TFT8_Kayle,Kayle,Starfire Spellblade,PercentAttackDamage,1.55,1.55,1.55,1.55,1.55,1.55,1.55,1.55
Set 8,8,base,TFTSet8,13.4,TFT8_Leblanc,LeBlanc,Sigil of Malice,Damage,75/110/135,0,75,110,135,0,0,0
Set 8,8,base,TFTSet8,13.4,TFT8_Leblanc,LeBlanc,Sigil of Malice,SigilAmt,6/6/8,0,6,6,8,0,0,0
Set 8,8,base,TFTSet8,13.4,TFT8_Leblanc,LeBlanc,Sigil of Malice,SigilOnKill,1,1,1,1,1,1,1,1
Set 8,8,base,TFTSet8,13.4,TFT8_LeeSin,Lee Sin,Safeguard,ADPercent,275/275/280,200,275,275,280,200,200,200
Set 8,8,base,TFTSet8,13.4,TFT8_LeeSin,Lee Sin,Safeguard,Duration,4,4,4,4,4,4,4,4
Set 8,8,base,TFTSet8,13.4,TFT8_LeeSin,Lee Sin,Safeguard,ShieldAmount,180/220/270,0,180,220,270,160,200,240
Set 8,8,base,TFTSet8,13.4,TFT8_Leona,Leona,Deus Ex Machina,Damage,320/120/2000,0,320,120,2000,0,0,0
Set 8,8,base,TFTSet8,13.4,TFT8_Leona,Leona,Deus Ex Machina,MaxHealthPerSec,350/525/5000,0,350,525,5000,0,0,0
Set 8,8,base,TFTSet8,13.4,TFT8_Lulu,Lulu,Glitterlance,Damage,270/405/605,0,270,405,605,0,0,0
Set 8,8,base,TFTSet8,13.4,TFT8_Lulu,Lulu,Glitterlance,SecondaryDamage,135/205/305,0,135,205,305,0,0,0
Set 8,8,base,TFTSet8,13.4,TFT8_Lux,Lux,Lucent Singularity,ADReduction,0.4,0.4,0.4,0.4,0.4,0.4,0.4,0.4
Set 8,8,base,TFTSet8,13.4,TFT8_Lux,Lux,Lucent Singularity,Damage,200/300/450,0,200,300,450,0,0,0
Set 8,8,base,TFTSet8,13.4,TFT8_Lux,Lux,Lucent Singularity,Duration,4,4,4,4,4,4,4,4
Set 8,8,base,TFTSet8,13.4,TFT8_Malphite,Malphite,Ground Slam,ArmorAmount,100/125/150,0,100,125,150,160,200,240
Set 8,8,base,TFTSet8,13.4,TFT8_Malphite,Malphite,Ground Slam,Damage,150/225/350,0,150,225,350,0,0,0
Set 8,8,base,TFTSet8,13.4,TFT8_Malphite,Malphite,Ground Slam,Duration,4,4,4,4,4,4,4,4
Set 8,8,base,TFTSet8,13.4,TFT6_MercenaryChest,Mercenary Chest,Mercenary Chest,RoundsToHatch,2,2,2,2,2,2,2,2
Set 8,8,base,TFTSet8,13.4,TFT8_MissFortune,Miss Fortune,Bullet Time,ChannelDuration,2,2,2,2,2,2,2,2
Set 8,8,base,TFTSet8,13.4,TFT8_MissFortune,Miss Fortune,Bullet Time,Damage,40/60/180,0,40,60,180,120,120,120
Set 8,8,base,TFTSet8,13.4,TFT8_MissFortune,Miss Fortune,Bullet Time,ReducedDamage,20/30/100,0,20,30,100,0,0,0
Set 8,8,base,TFTSet8,13.4,TFT8_MissFortune,Miss Fortune,Bullet Time,WaveCount,8,8,8,8,8,8,8,8
Set 8,8,base,TFTSet8,13.4,TFT8_Mordekaiser,Mordekaiser,Skylines,Damage,420/630/5555,0,420,630,5555,160,200,240
Set 8,8,base,TFTSet8,13.4,TFT8_Mordekaiser,Mordekaiser,Skylines,MRShred,0.5/0.5/0.7,0.5,0.5,0.5,0.7,0.5,0.5,0.5
Set 8,8,base,TFTSet8,13.4,TFT8_Mordekaiser,Mordekaiser,Skylines,RealmDuration,4/4/6,3,4,4,6,3,3,3
Set 8,8,base,TFTSet8,13.4,TFT8_Boss_Zac,Mutant Zac,Symbiotic Split,ADPercent,0.4,0.4,0.4,0.4,0.4,0.4,0.4,0.4
Set 8,8,base,TFTSet8,13.4,TFT8_Boss_Zac,Mutant Zac,Symbiotic Split,BlobHPPercentThreshold,10,10,10,10,10,10,10,10
Set 8,8,base,TFTSet8,13.4,TFT8_Boss_Zac,Mutant Zac,Symbiotic Split,Damage,450,450,450,450,450,450,450,450
Set 8,8,base,TFTSet8,13.4,TFT8_Boss_Zac,Mutant Zac,Symbiotic Split,HPPercentDamage,0.03,0.03,0.03,0.03,0.03,0.03,0.03,0.03
Set 8,8,base,TFTSet8,13.4,TFT8_Boss_Zac,Mutant Zac,Symbiotic Split,HPPercentHeal,0.03,0.03,0.03,0.03,0.03,0.03,0.03,0.03
Set 8,8,base,TFTSet8,13.4,TFT8_Boss_Zac,Mutant Zac,Symbiotic Split,HealthPercent,0.1,0.1,0.1,0.1,0.1,0.1,0.1,0.1
Set 8,8,base,TFTSet8,13.4,TFT8_Nasus,Nasus,Bonk!,ADPercent,2,2,2,2,2,2,2,2
Set 8,8,base,TFTSet8,13.4,TFT8_Nasus,Nasus,Bonk!,ASSlowPercent,0.4,0.4,0.4,0.4,0.4,0.4,0.4,0.4
Set 8,8,base,TFTSet8,13.4,TFT8_Nasus,Nasus,Bonk!,BonusDamage,60/90/135,0,60,90,135,0,0,0
Set 8,8,base,TFTSet8,13.4,TFT8_Nasus,Nasus,Bonk!,Duration,3,3,3,3,3,3,3,3
Set 8,8,base,TFTSet8,13.4,TFT8_Nilah,Nilah,Apotheosis,CastTime,1,0,1,1,1,1,1,1
Set 8,8,base,TFTSet8,13.4,TFT8_Nilah,Nilah,Apotheosis,EndDamage,90/135/225,75,90,135,225,0.5,0.5,0.5
Set 8,8,base,TFTSet8,13.4,TFT8_Nilah,Nilah,Apotheosis,HealAmount,250/300/400,0,250,300,400,0,0,0
Set 8,8,base,TFTSet8,13.4,TFT8_Nilah,Nilah,Apotheosis,HealingSeconds,1,0,1,1,1,1,1,1
Set 8,8,base,TFTSet8,13.4,TFT8_Nilah,Nilah,Apotheosis,StartDamage,90/135/225,75,90,135,225,0.5,0.5,0.5
Set 8,8,base,TFTSet8,13.4,TFT8_Nunu,Nunu & Willump,Biggest Roboball Ever!,Damage,125/190/2000,0,125,190,2000,160,200,240
Set 8,8,base,TFTSet8,13.4,TFT8_Nunu,Nunu & Willump,Biggest Roboball Ever!,IncreasedDamagePercent,0.4,0.4,0.4,0.4,0.4,0.4,0.4,0.4
Set 8,8,base,TFTSet8,13.4,TFT8_Nunu,Nunu & Willump,Biggest Roboball Ever!,MSPerAS,150,150,150,150,150,150,150,150
Set 8,8,base,TFTSet8,13.4,TFT8_Nunu,Nunu & Willump,Biggest Roboball Ever!,ManaPerSecond,30/30/90,15,30,30,90,15,15,15
Set 8,8,base,TFTSet8,13.4,TFT8_Nunu,Nunu & Willump,Biggest Roboball Ever!,NunuIncreasedSpeed,100,100,100,100,100,100,100,100
Set 8,8,base,TFTSet8,13.4,TFT8_Nunu,Nunu & Willump,Biggest Roboball Ever!,SnowballICD,2,2,2,2,2,2,2,2
Set 8,8,base,TFTSet8,13.4,TFT8_Nunu,Nunu & Willump,Biggest Roboball Ever!,SnowballRadiusIncrease,35,35,35,35,35,35,35,35
Set 8,8,base,TFTSet8,13.4,TFT8_Poppy,Poppy,Buckler Toss,PercentArmorDamage,1.6/2.4/3.2,2,1.6,2.4,3.2,4,4,4
Set 8,8,base,TFTSet8,13.4,TFT8_Poppy,Poppy,Buckler Toss,ShieldAmount,300/350/425,100,300,350,425,525,600,700
Set 8,8,base,TFTSet8,13.4,TFT8_Poppy,Poppy,Buckler Toss,ShieldDuration,3,3,3,3,3,3,3,3
Set 8,8,base,TFTSet8,13.4,TFT8_Rammus,Rammus,Sand Slam,ADReduction,40,0,40,40,40,0,0,0
Set 8,8,base,TFTSet8,13.4,TFT8_Rammus,Rammus,Sand Slam,ADReductionDuration,4,4,4,4,4,4,4,4
Set 8,8,base,TFTSet8,13.4,TFT8_Rammus,Rammus,Sand Slam,BonusDamage,30/50/80,25,30,50,80,125,150,175
Set 8,8,base,TFTSet8,13.4,TFT8_Rammus,Rammus,Sand Slam,PassiveArmor,60/90/150,50,60,90,150,50,50,50
Set 8,8,base,TFTSet8,13.4,TFT8_Rammus,Rammus,Sand Slam,PercentArmor,1.5/1.75/2.05,0,1.5,1.75,2.05,0,0,0
Set 8,8,base,TFTSet8,13.4,TFT8_Rammus,Rammus,Sand Slam,StunDuration,1.25,1.25,1.25,1.25,1.25,1.25,1.25,1.25
Set 8,8,base,TFTSet8,13.4,TFT8_Rell,Rell,Iron Bond,Damage,140/210/325,75,140,210,325,375,450,525
Set 8,8,base,TFTSet8,13.4,TFT8_Rell,Rell,Iron Bond,Duration,4,4,4,4,4,4,4,4
Set 8,8,base,TFTSet8,13.4,TFT8_Rell,Rell,Iron Bond,Resists,50/60/70,40,50,60,70,80,90,100
Set 8,8,base,TFTSet8,13.4,TFT8_Renekton,Renekton,Dominus,BonusHealth,200/250/300,0,200,250,300,0,0,0
Set 8,8,base,TFTSet8,13.4,TFT8_Renekton,Renekton,Dominus,Duration,8,8,8,8,8,8,8,8
Set 8,8,base,TFTSet8,13.4,TFT8_Renekton,Renekton,Dominus,MaximumHealthPercent,0.06,0.06,0.06,0.06,0.06,0.06,0.06,0.06
Set 8,8,base,TFTSet8,13.4,TFT8_Riven,Riven,Bunny Blade,Damage,90/135/225,0,90,135,225,0,0,0
Set 8,8,base,TFTSet8,13.4,TFT8_Riven,Riven,Bunny Blade,NumberOfAttacks,3,0,3,3,3,3,3,3
Set 8,8,base,TFTSet8,13.4,TFT8_Riven,Riven,Bunny Blade,PercentDamageIncrease,100,100,100,100,100,100,100,100
Set 8,8,base,TFTSet8,13.4,TFT8_Riven,Riven,Bunny Blade,ShieldAmount,325/400/500,0,325,400,500,0,0,0
Set 8,8,base,TFTSet8,13.4,TFT8_Riven,Riven,Bunny Blade,ShieldDuration,4,4,4,4,4,4,4,4
Set 8,8,base,TFTSet8,13.4,TFT8_Samira,Samira,Flair,Damage,80/100/666,0,80,100,666,0,0,0
Set 8,8,base,TFTSet8,13.4,TFT8_Samira,Samira,Flair,DamagePercent,4.8/4.9/12.5,1.2,4.8,4.9,12.5,1.2,1.2,1.2
Set 8,8,base,TFTSet8,13.4,TFT8_Samira,Samira,Flair,Duration,1.5,1.5,1.5,1.5,1.5,1.5,1.5,1.5
Set 8,8,base,TFTSet8,13.4,TFT8_Samira,Samira,Flair,ReducedDamagePercent,0.2,0.2,0.2,0.2,0.2,0.2,0.2,0.2
Set 8,8,base,TFTSet8,13.4,TFT8_Samira,Samira,Flair,SimulateLaunchAttackNum,4,4,4,4,4,4,4,4
Set 8,8,base,TFTSet8,13.4,TFT8_Sejuani,Sejuani,Cryo Grenade,Damage,125/200/1200,25,125,200,1200,325,400,475
Set 8,8,base,TFTSet8,13.4,TFT8_Sejuani,Sejuani,Cryo Grenade,ExplosionDelay,2,0,2,2,2,2,2,2
Set 8,8,base,TFTSet8,13.4,TFT8_Sejuani,Sejuani,Cryo Grenade,HexRadius,3,3,3,3,3,3,3,3
Set 8,8,base,TFTSet8,13.4,TFT8_Sejuani,Sejuani,Cryo Grenade,StunDuration,2/2.5/8,0.5,2,2.5,8,6.5,8,9.5
Set 8,8,base,TFTSet8,13.4,TFT8_Senna,Senna,Piercing Darkness,ADPercent,1.7/1.8/1.9,1.5,1.7,1.8,1.9,1.5,1.5,1.5
Set 8,8,base,TFTSet8,13.4,TFT8_Senna,Senna,Piercing Darkness,Damage,45/65/125,0,45,65,125,0,0,0
Set 8,8,base,TFTSet8,13.4,TFT8_Sett,Sett,Mecha SLAM!,Duration,2,2,2,2,2,2,2,2
Set 8,8,base,TFTSet8,13.4,TFT8_Sett,Sett,Mecha SLAM!,MaxADPercent,2.8/3/6,2,2.8,3,6,2,2,2
Set 8,8,base,TFTSet8,13.4,TFT8_Sett,Sett,Mecha SLAM!,MinADPercent,1.4/1.5/3,1.5,1.4,1.5,3,1.5,1.5,1.5
Set 8,8,base,TFTSet8,13.4,TFT8_Sett,Sett,Mecha SLAM!,ShieldAmount,325/425/1500,0,325,425,1500,0,0,0
Set 8,8,base,TFTSet8,13.4,TFT8_Sivir,Sivir,Pizza Delivery,ADPercent,4/4/4.1,4,4,4,4.1,4,4,4
Set 8,8,base,TFTSet8,13.4,TFT8_Sivir,Sivir,Pizza Delivery,Allies,3,3,3,3,3,3,3,3
Set 8,8,base,TFTSet8,13.4,TFT8_Sivir,Sivir,Pizza Delivery,Heal,80/100/125,0,80,100,125,0,0,0
Set 8,8,base,TFTSet8,13.4,TFT8_Sona,Sona,Crescendo Sequence,EDamage,120/180/300,3,120,180,300,3,3,3
Set 8,8,base,TFTSet8,13.4,TFT8_Sona,Sona,Crescendo Sequence,Heal,200/250/325,0,200,250,325,0,0,0
Set 8,8,base,TFTSet8,13.4,TFT8_Sona,Sona,Crescendo Sequence,NumSignals,2,2,2,2,2,2,2,2
Set 8,8,base,TFTSet8,13.4,TFT8_Sona,Sona,Crescendo Sequence,QDamage,175/265/430,0,175,265,430,0,0,0
Set 8,8,base,TFTSet8,13.4,TFT8_Sona,Sona,Crescendo Sequence,StunDuration,1.5,1.5,1.5,1.5,1.5,1.5,1.5,1.5
Set 8,8,base,TFTSet8,13.4,TFT8_Soraka,Soraka,Starcall,Damage,235/350/750,0,235,350,750,0,0,0
Set 8,8,base,TFTSet8,13.4,TFT8_Soraka,Soraka,Starcall,EmpoweredCast,3,3,3,3,3,3,3,3
Set 8,8,base,TFTSet8,13.4,TFT8_Soraka,Soraka,Starcall,EmpoweredStars,3/3/5,0,3,3,5,20,25,30
Set 8,8,base,TFTSet8,13.4,TFT8_Soraka,Soraka,Starcall,PercentMaxHP,0.08,0.08,0.08,0.08,0.08,0.08,0.08,0.08
Set 8,8,base,TFTSet8,13.4,TFT8_Soraka,Soraka,Starcall,Stars,1,1,1,1,1,1,1,1
Set 8,8,base,TFTSet8,13.4,TFT8_Sylas,Sylas,Battle Blast,HealAmount,150/170/190,0.5,150,170,190,0.5,0.5,0.5
Set 8,8,base,TFTSet8,13.4,TFT8_Sylas,Sylas,Battle Blast,PercentHealth,0.1/0.12/0.15,0,0.1,0.12,0.15,300,375,450
Set 8,8,base,TFTSet8,13.4,TFT8_Syndra,Syndra,Force of Will,Damage,100/300/2000,0,100,300,2000,0,0,0
Set 8,8,base,TFTSet8,13.4,TFT8_Syndra,Syndra,Force of Will,ShieldAmount,200/600/4000,0,200,600,4000,160,200,240
Set 8,8,base,TFTSet8,13.4,TFT8_Syndra,Syndra,Force of Will,StunDuration,1/1/8,0.5,1,1,8,0.5,0.5,0.5
Set 8,8,base,TFTSet8,13.4,TFT8_Taliyah,Taliyah,Weaver's Wall,Damage,75/115/275,0,75,115,275,0,0,0
Set 8,8,base,TFTSet8,13.4,TFT8_Taliyah,Taliyah,Weaver's Wall,ExplosionDamage,225/335/999,200,225,335,999,200,200,200
Set 8,8,base,TFTSet8,13.4,TFT8_Taliyah,Taliyah,Weaver's Wall,WallExplosionDelay,1,1,1,1,1,1,1,1
Set 8,8,base,TFTSet8,13.4,TFT8_Talon,Talon,OX-ian Diplomacy,Damage,170/250/370,0,170,250,370,160,200,240
Set 8,8,base,TFTSet8,13.4,TFT8_Talon,Talon,OX-ian Diplomacy,HealAmount,150/200/250,0,150,200,250,0,0,0
Set 8,8,base,TFTSet8,13.4,TFT6_TheGoldenEgg,The Golden Egg,Hatching,EggTurns,10,10,10,10,10,10,10,10
Set 8,8,base,TFTSet8,13.4,TFT8_Urgot,Urgot,Undertow,ADRatio,0.4,0.4,0.4,0.4,0.4,0.4,0.4,0.4
Set 8,8,base,TFTSet8,13.4,TFT8_Urgot,Urgot,Undertow,ASRatio,0.2,0.2,0.2,0.2,0.2,0.2,0.2,0.2
Set 8,8,base,TFTSet8,13.4,TFT8_Urgot,Urgot,Undertow,AttacksPerSecond,5/5/20,5,5,5,20,0,0,0
Set 8,8,base,TFTSet8,13.4,TFT8_Urgot,Urgot,Undertow,MaxGoldAmount,3,3,3,3,3,3,3,3
Set 8,8,base,TFTSet8,13.4,TFT8_Urgot,Urgot,Undertow,MaxHPPercent,0.05/0.08/0.99,0,0.05,0.08,0.99,160,200,240
Set 8,8,base,TFTSet8,13.4,TFT8_Urgot,Urgot,Undertow,MinGoldAmount,3,3,3,3,3,3,3,3
Set 8,8,base,TFTSet8,13.4,TFT8_Urgot,Urgot,Undertow,NumShotsPerLaunchAttack,5,5,5,5,5,5,5,5
Set 8,8,base,TFTSet8,13.4,TFT8_Urgot,Urgot,Undertow,StunDuration,1/1.5/5,1.5,1,1.5,5,1.5,1.5,1.5
Set 8,8,base,TFTSet8,13.4,TFT8_Urgot,Urgot,Undertow,TreasureChance,0.15/0.25/1,0.2,0.15,0.25,1,0.2,0.2,0.2
Set 8,8,base,TFTSet8,13.4,TFT8_Urgot,Urgot,Undertow,TreasurePercentItem,0.15/0.25/0.75,0.5,0.15,0.25,0.75,0.5,0.5,0.5
Set 8,8,base,TFTSet8,13.4,TFT8_Urgot,Urgot,Undertow,WaveWidthHex,3/3/7,0,3,3,7,0,0,0
Set 8,8,base,TFTSet8,13.4,TFT8_Vayne,Vayne,Silver Bolt,ADPercent,1.3/1.3/1.4,1.7,1.3,1.3,1.4,1.7,1.7,1.7
Set 8,8,base,TFTSet8,13.4,TFT8_Vayne,Vayne,Silver Bolt,Damage,18/25/45,0,18,25,45,900,900,900
Set 8,8,base,TFTSet8,13.4,TFT8_Velkoz,Vel'Koz,Frozen Tomb,Damage,275/415/680,0,275,415,680,160,200,240
Set 8,8,base,TFTSet8,13.4,TFT8_Velkoz,Vel'Koz,Frozen Tomb,FreezeDuration,2/2.25/2.5,0,2,2.25,2.5,0,0,0
Set 8,8,base,TFTSet8,13.4,TFT8_Velkoz,Vel'Koz,Frozen Tomb,VelkozICD,4,4,4,4,4,4,4,4
Set 8,8,base,TFTSet8,13.4,TFT8_Vi,Vi,Blast Shield,ADPercent,2.5,2.5,2.5,2.5,2.5,2.5,2.5,2.5
Set 8,8,base,TFTSet8,13.4,TFT8_Vi,Vi,Blast Shield,ArmorShredDuration,4,4,4,4,4,4,4,4
Set 8,8,base,TFTSet8,13.4,TFT8_Vi,Vi,Blast Shield,ArmorShredPercent,0.5,0.5,0.5,0.5,0.5,0.5,0.5,0.5
Set 8,8,base,TFTSet8,13.4,TFT8_Vi,Vi,Blast Shield,ShieldAmount,275/350/450,0,275,350,450,0,0,0
Set 8,8,base,TFTSet8,13.4,TFT8_Vi,Vi,Blast Shield,ShieldDuration,4,4,4,4,4,4,4,4
Set 8,8,base,TFTSet8,13.4,TFT8_Viego,Viego,Heartbreaker,AOEDamage,125/185/400,0,125,185,400,0,0,0
Set 8,8,base,TFTSet8,13.4,TFT8_Viego,Viego,Heartbreaker,Damage,260/390/850,0,260,390,850,0,0,0
Set 8,8,base,TFTSet8,13.4,TFT8_Viego,Viego,Heartbreaker,DamageFalloffPercent,0.2/0.2/0.1,0.3,0.2,0.2,0.1,0.3,0.3,0.3
Set 8,8,base,TFTSet8,13.4,TFT8_Boss_AurelionSol,Volcanic Sol,Meteor Shower,Damage,100,100,100,100,100,100,100,100
Set 8,8,base,TFTSet8,13.4,TFT8_Boss_AurelionSol,Volcanic Sol,Meteor Shower,Duration,10,10,10,10,10,10,10,10
Set 8,8,base,TFTSet8,13.4,TFT8_Boss_AurelionSol,Volcanic Sol,Meteor Shower,HealingReduction,50,50,50,50,50,50,50,50
Set 8,8,base,TFTSet8,13.4,TFT8_Boss_AurelionSol,Volcanic Sol,Meteor Shower,NumMeteors,10,10,10,10,10,10,10,10
Set 8,8,base,TFTSet8,13.4,TFT8_Boss_AurelionSol,Volcanic Sol,Meteor Shower,PercentBurn,30,30,30,30,30,30,30,30
Set 8,8,base,TFTSet8,13.4,TFT8_WuKong,Wukong,Stone Skin,Damage,140/210/315,0,140,210,315,0,0,0
Set 8,8,base,TFTSet8,13.4,TFT8_WuKong,Wukong,Stone Skin,DefenseGain,60/70/80,10,60,70,80,10,10,10
Set 8,8,base,TFTSet8,13.4,TFT8_WuKong,Wukong,Stone Skin,Duration,3,3,3,3,3,3,3,3
Set 8,8,base,TFTSet8,13.4,TFT8_Yasuo,Yasuo,Steel Tempest,Damage,210/315/485,0,210,315,485,0,0,0
Set 8,8,base,TFTSet8,13.4,TFT8_Yasuo,Yasuo,Steel Tempest,KnockupDuration,1.5,0,1.5,1.5,1.5,0,0,0
Set 8,8,base,TFTSet8,13.4,TFT8_Yuumi,Yuumi,Prowling Projectile,Damage,230/345/535,0,230,345,535,0,0,0
Set 8,8,base,TFTSet8,13.4,TFT8_Zac,Zac,Symbiotic Split,Damage,100/150/1500,0,100,150,1500,0,0,0
Set 8,8,base,TFTSet8,13.4,TFT8_Zac,Zac,Symbiotic Split,HPPercentDamage,0.25,0.25,0.25,0.25,0.25,0.25,0.25,0.25
Set 8,8,base,TFTSet8,13.4,TFT8_Zac,Zac,Symbiotic Split,HPPercentHeal,0.3,0.3,0.3,0.3,0.3,0.3,0.3,0.3
Set 8,8,base,TFTSet8,13.4,TFT8_Zac,Zac,Symbiotic Split,HealthPercent,0.4/0.4/0.5,0.5,0.4,0.4,0.5,0.5,0.5,0.5
Set 8,8,base,TFTSet8,13.4,TFT8_Zac,Zac,Symbiotic Split,ZacBlobCount,2/2/4,0,2,2,4,0,0,0
Set 8,8,base,TFTSet8,13.4,TFT8_Zed,Zed,Empowered Kill Mode,ADAmount,1.35,1.35,1.35,1.35,1.35,1.35,1.35,1.35
Set 8,8,base,TFTSet8,13.4,TFT8_Zed,Zed,Empowered Kill Mode,ArmorSeconds,6,6,6,6,6,6,6,6
Set 8,8,base,TFTSet8,13.4,TFT8_Zed,Zed,Empowered Kill Mode,ArmorShred,20/30/100,0,20,30,100,0,0,0
Set 8,8,base,TFTSet8,13.4,TFT8_Zed,Zed,Empowered Kill Mode,AutoAttackBonus,40/60/300,0,40,60,300,80,100,120
Set 8,8,base,TFTSet8,13.4,TFT8_Zed,Zed,Empowered Kill Mode,Duration,7,7,7,7,7,7,7,7
Set 8,8,base,TFTSet8,13.4,TFT8_Zed,Zed,Empowered Kill Mode,HexRadius,1,0,1,1,1,0,0,0
Set 8,8,base,TFTSet8,13.4,TFT8_Zed,Zed,Empowered Kill Mode,NumAttacks,3,3,3,3,3,3,3,3
Set 8,8,base,TFTSet8,13.4,TFT8_Zed,Zed,Empowered Kill Mode,SpellRange,530,530,530,530,530,530,530,530
Set 8,8,base,TFTSet8,13.4,TFT8_Zoe,Zoe,Trouble Bubble,Damage,390/585/975,0,390,585,975,0,0,0
Set 8,8,base,TFTSet8,13.4,TFT8_Zoe,Zoe,Trouble Bubble,Duration,10,10,10,10,10,10,10,10
Set 8,8,base,TFTSet8,13.4,TFT8_Zoe,Zoe,Trouble Bubble,PercentDamageIncrease,0.1/0.1/0.2,0,0.1,0.1,0.2,0,0,0
Set 8.5,8,mid,TFTSet8_Stage2,13.12,TFT8_Aatrox,Aatrox,Soul Crush,AoEDamageRadius,2,2,2,2,2,2,2,2
Set 8.5,8,mid,TFTSet8_Stage2,13.12,TFT8_Aatrox,Aatrox,Soul Crush,BaseDamage,250/375/1200,0,250,375,1200,0,0,0
Set 8.5,8,mid,TFTSet8_Stage2,13.12,TFT8_Aatrox,Aatrox,Soul Crush,Healing,300/350/800,0.3,300,350,800,0.3,0.3,0.3
Set 8.5,8,mid,TFTSet8_Stage2,13.12,TFT8_Aatrox,Aatrox,Soul Crush,PercentMaxHealth,0.3/0.3/0.66,0,0.3,0.3,0.66,0,0,0
Set 8.5,8,mid,TFTSet8_Stage2,13.12,TFT8_Aatrox,Aatrox,Soul Crush,SoulDamage,250/375/1200,0,250,375,1200,0,0,0
Set 8.5,8,mid,TFTSet8_Stage2,13.12,TFT8_Alistar,Alistar,Pulverize,AugmentHealth,0.3,0.3,0.3,0.3,0.3,0.3,0.3,0.3
Set 8.5,8,mid,TFTSet8_Stage2,13.12,TFT8_Alistar,Alistar,Pulverize,Damage,140/210/350,0,140,210,350,0,0,0
Set 8.5,8,mid,TFTSet8_Stage2,13.12,TFT8_Alistar,Alistar,Pulverize,MaxHealthPercent,0.2,0.2,0.2,0.2,0.2,0.2,0.2,0.2
Set 8.5,8,mid,TFTSet8_Stage2,13.12,TFT8_Alistar,Alistar,Pulverize,StunDuration,1.5,1.5,1.5,1.5,1.5,1.5,1.5,1.5
Set 8.5,8,mid,TFTSet8_Stage2,13.12,TFT8_Annie,Annie,Burst Shield,Damage,140/210/325,0,140,210,325,0,0,0
Set 8.5,8,mid,TFTSet8_Stage2,13.12,TFT8_Annie,Annie,Burst Shield,ShieldAmount,300/350/425,4,300,350,425,4,4,4
Set 8.5,8,mid,TFTSet8_Stage2,13.12,TFT8_Annie,Annie,Burst Shield,ShieldDuration,4,4,4,4,4,4,4,4
Set 8.5,8,mid,TFTSet8_Stage2,13.12,TFT8_Ashe,Ashe,Ranger's Focus,ADGain,15/22/33,0,15,22,33,0,0,0
Set 8.5,8,mid,TFTSet8_Stage2,13.12,TFT8_Ashe,Ashe,Ranger's Focus,ADPercent,0.6,0.6,0.6,0.6,0.6,0.6,0.6,0.6
Set 8.5,8,mid,TFTSet8_Stage2,13.12,TFT8_Ashe,Ashe,Ranger's Focus,Duration,5,5,5,5,5,5,5,5
Set 8.5,8,mid,TFTSet8_Stage2,13.12,TFT8_AurelionSol,Aurelion Sol,Meteor Shower,Damage,155/230/450,0,155,230,450,3000,3000,3000
Set 8.5,8,mid,TFTSet8_Stage2,13.12,TFT8_AurelionSol,Aurelion Sol,Meteor Shower,Duration,10,10,10,10,10,10,10,10
Set 8.5,8,mid,TFTSet8_Stage2,13.12,TFT8_AurelionSol,Aurelion Sol,Meteor Shower,HealingReduction,33,33,33,33,33,33,33,33
Set 8.5,8,mid,TFTSet8_Stage2,13.12,TFT8_AurelionSol,Aurelion Sol,Meteor Shower,NumMeteors,4/4/6,0,4,4,6,0,0,0
Set 8.5,8,mid,TFTSet8_Stage2,13.12,TFT8_AurelionSol,Aurelion Sol,Meteor Shower,PercentBurn,10,10,10,10,10,10,10,10
Set 8.5,8,mid,TFTSet8_Stage2,13.12,TFT8_BelVeth,Bel'Veth,Endless Banquet,ADMult,0.75/0.75/2,35,0.75,0.75,2,35,35,35
Set 8.5,8,mid,TFTSet8_Stage2,13.12,TFT8_BelVeth,Bel'Veth,Endless Banquet,ASMult,2.5,2.5,2.5,2.5,2.5,2.5,2.5,2.5
Set 8.5,8,mid,TFTSet8_Stage2,13.12,TFT8_BelVeth,Bel'Veth,Endless Banquet,ASPerCast,35,35,35,35,35,35,35,35
Set 8.5,8,mid,TFTSet8_Stage2,13.12,TFT8_BelVeth,Bel'Veth,Endless Banquet,BonusDamage,20/30/150,0,20,30,150,0,0,0
Set 8.5,8,mid,TFTSet8_Stage2,13.12,TFT8_BelVeth,Bel'Veth,Endless Banquet,DefenseShred,40/50/70,0.4,40,50,70,0.4,0.4,0.4
Set 8.5,8,mid,TFTSet8_Stage2,13.12,TFT8_BelVeth,Bel'Veth,Endless Banquet,ShredDuration,4,4,4,4,4,4,4,4
Set 8.5,8,mid,TFTSet8_Stage2,13.12,TFT8_BelVeth,Bel'Veth,Endless Banquet,SimulatedLaunchAttackNum,2,2,2,2,2,2,2,2
Set 8.5,8,mid,TFTSet8_Stage2,13.12,TFT8_Blitzcrank,Blitzcrank,Static Defenses,DRReductionPercent,0.5/0.52/0.55,0,0.5,0.52,0.55,0,0,0
Set 8.5,8,mid,TFTSet8_Stage2,13.12,TFT8_Blitzcrank,Blitzcrank,Static Defenses,Duration,4,4,4,4,4,4,4,4
Set 8.5,8,mid,TFTSet8_Stage2,13.12,TFT8_Camille,Camille,Tactical Sweep,BonusDamage,60/75/100,0,60,75,100,0,0,0
Set 8.5,8,mid,TFTSet8_Stage2,13.12,TFT8_Camille,Camille,Tactical Sweep,DisarmDuration,1.75/1.8/2,0,1.75,1.8,2,0,0,0
Set 8.5,8,mid,TFTSet8_Stage2,13.12,TFT8_Camille,Camille,Tactical Sweep,HexRadius,2,2,2,2,2,2,2,2
Set 8.5,8,mid,TFTSet8_Stage2,13.12,TFT8_Camille,Camille,Tactical Sweep,PercentAD,2.4,0,2.4,2.4,2.4,160,200,240
Set 8.5,8,mid,TFTSet8_Stage2,13.12,TFT8_Camille,Camille,Tactical Sweep,PercentAS,50,50,50,50,50,50,50,50
Set 8.5,8,mid,TFTSet8_Stage2,13.12,TFT_ArmoryKeyCompleted,Completed Item Anvil,Completed Item Anvil,RoundsToHatch,2,2,2,2,2,2,2,2
Set 8.5,8,mid,TFTSet8_Stage2,13.12,TFT_ArmoryKeyComponent,Component Anvil,Component Anvil,RoundsToHatch,2,2,2,2,2,2,2,2
Set 8.5,8,mid,TFTSet8_Stage2,13.12,TFT8_Draven,Draven,Whirling Death,ADPercent,1.3,1.3,1.3,1.3,1.3,1.3,1.3,1.3
Set 8.5,8,mid,TFTSet8_Stage2,13.12,TFT8_Draven,Draven,Whirling Death,Damage,60/95/145,0,60,95,145,0,0,0
Set 8.5,8,mid,TFTSet8_Stage2,13.12,TFT8_Draven,Draven,Whirling Death,FallOffPercent,0.25,0.25,0.25,0.25,0.25,0.25,0.25,0.25
Set 8.5,8,mid,TFTSet8_Stage2,13.12,TFT8_Ekko,Ekko,Star Diver,ASReduction,0.5,0.5,0.5,0.5,0.5,0.5,0.5,0.5
Set 8.5,8,mid,TFTSet8_Stage2,13.12,TFT8_Ekko,Ekko,Star Diver,Damage,100/150/1500,0,100,150,1500,0,0,0
Set 8.5,8,mid,TFTSet8_Stage2,13.12,TFT8_Ekko,Ekko,Star Diver,Duration,5,5,5,5,5,5,5,5
Set 8.5,8,mid,TFTSet8_Stage2,13.12,TFT8_Ekko,Ekko,Star Diver,ShieldAmount,550/700/3000,0,550,700,3000,0,0,0
Set 8.5,8,mid,TFTSet8_Stage2,13.12,TFT8_Ekko,Ekko,Star Diver,SlowDuration,2,2,2,2,2,2,2,2
Set 8.5,8,mid,TFTSet8_Stage2,13.12,TFT8_Ezreal,Ezreal,Sabotage ,APDamage,200/300/460,0,200,300,460,0,0,0
Set 8.5,8,mid,TFTSet8_Stage2,13.12,TFT8_Ezreal,Ezreal,Sabotage ,ASReduce,30/40/50,25,30,40,50,25,25,25
Set 8.5,8,mid,TFTSet8_Stage2,13.12,TFT8_Ezreal,Ezreal,Sabotage ,Duration,4,4,4,4,4,4,4,4
Set 8.5,8,mid,TFTSet8_Stage2,13.12,TFT8_Ezreal,Ezreal,Sabotage ,HexRadius,1,1,1,1,1,1,1,1
Set 8.5,8,mid,TFTSet8_Stage2,13.12,TFT8_Fiddlesticks,Fiddlesticks,Dark Harvest,CorruptedAP,40,40,40,40,40,40,40,40
Set 8.5,8,mid,TFTSet8_Stage2,13.12,TFT8_Fiddlesticks,Fiddlesticks,Dark Harvest,CorruptedHealthThreshold,70,70,70,70,70,70,70,70
Set 8.5,8,mid,TFTSet8_Stage2,13.12,TFT8_Fiddlesticks,Fiddlesticks,Dark Harvest,Damage,100/150/800,0,100,150,800,0,0,0
Set 8.5,8,mid,TFTSet8_Stage2,13.12,TFT8_Fiddlesticks,Fiddlesticks,Dark Harvest,DrainPercent,20,20,20,20,20,20,20,20
Set 8.5,8,mid,TFTSet8_Stage2,13.12,TFT8_Fiddlesticks,Fiddlesticks,Dark Harvest,FearInterval,6,6,6,6,6,6,6,6
Set 8.5,8,mid,TFTSet8_Stage2,13.12,TFT8_Fiddlesticks,Fiddlesticks,Dark Harvest,Movespeed,600,600,600,600,600,600,600,600
Set 8.5,8,mid,TFTSet8_Stage2,13.12,TFT8_Fiddlesticks,Fiddlesticks,Dark Harvest,StunDuration,1/1/5,0,1,1,5,0,0,0
Set 8.5,8,mid,TFTSet8_Stage2,13.12,TFT8_Fiddlesticks,Fiddlesticks,Dark Harvest,UltDuration,5/5/30,5,5,5,30,5,5,5
Set 8.5,8,mid,TFTSet8_Stage2,13.12,TFT8_Fiora,Fiora,En Garde!,BuffDuration,8,8,8,8,8,8,8,8
Set 8.5,8,mid,TFTSet8_Stage2,13.12,TFT8_Fiora,Fiora,En Garde!,DamageReductionPercent,25,25,25,25,25,25,25,25
Set 8.5,8,mid,TFTSet8_Stage2,13.12,TFT8_Fiora,Fiora,En Garde!,Heal,30/40/55,2,30,40,55,6,7,8
Set 8.5,8,mid,TFTSet8_Stage2,13.12,TFT8_Fiora,Fiora,En Garde!,PercentAttackDamage,250/250/260,150,250,250,260,150,150,150
Set 8.5,8,mid,TFTSet8_Stage2,13.12,TFT8_Gangplank,Gangplank,Trial by Fire,Damage,240/360/540,0,240,360,540,160,200,240
Set 8.5,8,mid,TFTSet8_Stage2,13.12,TFT8_Gangplank,Gangplank,Trial by Fire,Duration,8,8,8,8,8,8,8,8
Set 8.5,8,mid,TFTSet8_Stage2,13.12,TFT8_Gangplank,Gangplank,Trial by Fire,HealingReductionPct,33,33,33,33,33,33,33,33
Set 8.5,8,mid,TFTSet8_Stage2,13.12,TFT8_Garen,Garen,Mecha Justice,ADRatio,1.4/1.4/3.25,0,1.4,1.4,3.25,0,0,0
Set 8.5,8,mid,TFTSet8_Stage2,13.12,TFT8_Garen,Garen,Mecha Justice,BaseDamage,60/90/200,0,60,90,200,0,0,0
Set 8.5,8,mid,TFTSet8_Stage2,13.12,TFT8_Garen,Garen,Mecha Justice,ExplosionDelay,,,,,,,,
Set 8.5,8,mid,TFTSet8_Stage2,13.12,TFT8_Garen,Garen,Mecha Justice,HexRadius,2,0,2,2,2,2,2,2
Set 8.5,8,mid,TFTSet8_Stage2,13.12,TFT8_Garen,Garen,Mecha Justice,StunDuration,2/2.25/6,0,2,2.25,6,0,0,0
Set 8.5,8,mid,TFTSet8_Stage2,13.12,TFT8_Boss_Urgot,Giant Crabgot,Undertow,ArmorShred,2,2,2,2,2,2,2,2
Set 8.5,8,mid,TFTSet8_Stage2,13.12,TFT8_Boss_Urgot,Giant Crabgot,Undertow,Damage,500,500,500,500,500,500,500,500
Set 8.5,8,mid,TFTSet8_Stage2,13.12,TFT8_Boss_Urgot,Giant Crabgot,Undertow,StunDuration,2,2,2,2,2,2,2,2
Set 8.5,8,mid,TFTSet8_Stage2,13.12,TFT8_CorruptedEgg,Glitched Egg,Hatching,EggTurns,7,7,7,7,7,7,7,7
Set 8.5,8,mid,TFTSet8_Stage2,13.12,TFT8_GnarBig,Gnar,Robo-Rage,AoEBaseDamage,20/30/50,0,20,30,50,0,0,0
Set 8.5,8,mid,TFTSet8_Stage2,13.12,TFT8_GnarBig,Gnar,Robo-Rage,AoEPercentAD,1,1,1,1,1,1,1,1
Set 8.5,8,mid,TFTSet8_Stage2,13.12,TFT8_GnarBig,Gnar,Robo-Rage,DamageMultiplier,2.5,2.5,2.5,2.5,2.5,2.5,2.5,2.5
Set 8.5,8,mid,TFTSet8_Stage2,13.12,TFT8_Hecarim,Hackerim,Infiltration,Damage,150/200/300,0,150,200,300,0,0,0
Set 8.5,8,mid,TFTSet8_Stage2,13.12,TFT8_Hecarim,Hackerim,Infiltration,DefenseGain,20/30/60,10,20,30,60,10,10,10
Set 8.5,8,mid,TFTSet8_Stage2,13.12,TFT8_Hecarim,Hackerim,Infiltration,Duration,4,4,4,4,4,4,4,4
Set 8.5,8,mid,TFTSet8_Stage2,13.12,TFT8_Janna,Janna,Twister!,Damage,450/675/6000,0,450,675,6000,0,0,0
Set 8.5,8,mid,TFTSet8_Stage2,13.12,TFT8_Janna,Janna,Twister!,DamageDuration,3,0,3,3,3,0,0,0
Set 8.5,8,mid,TFTSet8_Stage2,13.12,TFT8_Janna,Janna,Twister!,HexRadius,2,0,2,2,2,2,2,2
Set 8.5,8,mid,TFTSet8_Stage2,13.12,TFT8_Janna,Janna,Twister!,SmallKnockup,0.5,0,0.5,0.5,0.5,0,0,0
Set 8.5,8,mid,TFTSet8_Stage2,13.12,TFT8_Janna,Janna,Twister!,StunDuration,1.25/1.5/8,0,1.25,1.5,8,0,0,0
Set 8.5,8,mid,TFTSet8_Stage2,13.12,TFT8_Jax,Jax,Adaptive Strike,BaseDamage,90/135/220,0,90,135,220,0,0,0
Set 8.5,8,mid,TFTSet8_Stage2,13.12,TFT8_Jax,Jax,Adaptive Strike,StackDamage,20/30/50,50,20,30,50,50,50,50
Set 8.5,8,mid,TFTSet8_Stage2,13.12,TFT8_Jax,Jax,Adaptive Strike,TotalStacks,7,7,7,7,7,7,7,7
Set 8.5,8,mid,TFTSet8_Stage2,13.12,TFT8_Jhin,Jhin,Otherworldy Flourish,ADFromAttackSpeed,0.8,0.8,0.8,0.8,0.8,0.8,0.8,0.8
Set 8.5,8,mid,TFTSet8_Stage2,13.12,TFT8_Jhin,Jhin,Otherworldy Flourish,ADPercent,2.44/2.44/5.44,0,2.44,2.44,5.44,0,0,0
Set 8.5,8,mid,TFTSet8_Stage2,13.12,TFT8_Jhin,Jhin,Otherworldy Flourish,AttackSpeed,0.8/0.8/1,0,0.8,0.8,1,160,200,240
Set 8.5,8,mid,TFTSet8_Stage2,13.12,TFT8_Jhin,Jhin,Otherworldy Flourish,BonusDamage,0.34,0.34,0.34,0.34,0.34,0.34,0.34,0.34
Set 8.5,8,mid,TFTSet8_Stage2,13.12,TFT8_Jhin,Jhin,Otherworldy Flourish,FalloffPercent,0.44,0.44,0.44,0.44,0.44,0.44,0.44,0.44
Set 8.5,8,mid,TFTSet8_Stage2,13.12,TFT8_Jinx,Jinx,Fishbones,Damage,225/335/525,0,225,335,525,900,900,900
Set 8.5,8,mid,TFTSet8_Stage2,13.12,TFT8_Jinx,Jinx,Fishbones,StunDuration,1.5,0,1.5,1.5,1.5,3,3,3
Set 8.5,8,mid,TFTSet8_Stage2,13.12,TFT8_Kaisa,Kai'Sa,Starcharged,AttackSpeed,0.6,0.6,0.6,0.6,0.6,0.6,0.6,0.6
Set 8.5,8,mid,TFTSet8_Stage2,13.12,TFT8_Kaisa,Kai'Sa,Starcharged,Damage,125/185/310,0.15,125,185,310,0.15,0.15,0.15
Set 8.5,8,mid,TFTSet8_Stage2,13.12,TFT8_Kaisa,Kai'Sa,Starcharged,Duration,10,10,10,10,10,10,10,10
Set 8.5,8,mid,TFTSet8_Stage2,13.12,TFT8_Kaisa,Kai'Sa,Starcharged,MonsterCap,250,250,250,250,250,250,250,250
Set 8.5,8,mid,TFTSet8_Stage2,13.12,TFT8_Kayle,Kayle,Starfire Spellblade,AttackCount,3,3,3,3,3,3,3,3
Set 8.5,8,mid,TFTSet8_Stage2,13.12,TFT8_Kayle,Kayle,Starfire Spellblade,Damage,30/45/65,0,30,45,65,0,0,0
Set 8.5,8,mid,TFTSet8_Stage2,13.12,TFT8_Kayle,Kayle,Starfire Spellblade,PercentAttackDamage,1.75,1.75,1.75,1.75,1.75,1.75,1.75,1.75
Set 8.5,8,mid,TFTSet8_Stage2,13.12,TFT8_Leblanc,LeBlanc,Sigil of Malice,Damage,75/110/135,0,75,110,135,0,0,0
Set 8.5,8,mid,TFTSet8_Stage2,13.12,TFT8_Leblanc,LeBlanc,Sigil of Malice,SigilAmt,6/6/8,0,6,6,8,0,0,0
Set 8.5,8,mid,TFTSet8_Stage2,13.12,TFT8_Leblanc,LeBlanc,Sigil of Malice,SigilOnKill,1,1,1,1,1,1,1,1
Set 8.5,8,mid,TFTSet8_Stage2,13.12,TFT8_LeeSin,Lee Sin,Safeguard,ADPercent,275/275/280,200,275,275,280,200,200,200
Set 8.5,8,mid,TFTSet8_Stage2,13.12,TFT8_LeeSin,Lee Sin,Safeguard,Duration,4,4,4,4,4,4,4,4
Set 8.5,8,mid,TFTSet8_Stage2,13.12,TFT8_LeeSin,Lee Sin,Safeguard,ShieldAmount,180/220/270,0,180,220,270,160,200,240
Set 8.5,8,mid,TFTSet8_Stage2,13.12,TFT8_Leona,Leona,Deus Ex Machina,Damage,320/480/2000,0,320,480,2000,0,0,0
Set 8.5,8,mid,TFTSet8_Stage2,13.12,TFT8_Leona,Leona,Deus Ex Machina,MaxHealthPerSec,350/525/5000,0,350,525,5000,0,0,0
Set 8.5,8,mid,TFTSet8_Stage2,13.12,TFT8_Lucian,Lucian,Chrono-Barrage,BaseDamagePerShot,40/60/90,0,40,60,90,0,0,0
Set 8.5,8,mid,TFTSet8_Stage2,13.12,TFT8_Lucian,Lucian,Chrono-Barrage,BaseMagicOnAttacks,25/35/50,0,25,35,50,0,0,0
Set 8.5,8,mid,TFTSet8_Stage2,13.12,TFT8_Lucian,Lucian,Chrono-Barrage,NumShots,4,0,4,4,4,4,4,4
Set 8.5,8,mid,TFTSet8_Stage2,13.12,TFT8_Lucian,Lucian,Chrono-Barrage,SpellTime,0.51,0,0.51,0.51,0.51,0.51,0.51,0.51
Set 8.5,8,mid,TFTSet8_Stage2,13.12,TFT8_Lulu,Lulu,Glitterlance,Damage,270/405/605,0,270,405,605,0,0,0
Set 8.5,8,mid,TFTSet8_Stage2,13.12,TFT8_Lulu,Lulu,Glitterlance,SecondaryDamage,135/205/305,0,135,205,305,0,0,0
Set 8.5,8,mid,TFTSet8_Stage2,13.12,TFT8_Lux,Lux,Lucent Singularity,ADReduction,0.4,0.4,0.4,0.4,0.4,0.4,0.4,0.4
Set 8.5,8,mid,TFTSet8_Stage2,13.12,TFT8_Lux,Lux,Lucent Singularity,Damage,240/360/600,0,240,360,600,0,0,0
Set 8.5,8,mid,TFTSet8_Stage2,13.12,TFT8_Lux,Lux,Lucent Singularity,Duration,4,4,4,4,4,4,4,4
Set 8.5,8,mid,TFTSet8_Stage2,13.12,TFT8_Malphite,Malphite,Ground Slam,ArmorAmount,100/125/150,0,100,125,150,160,200,240
Set 8.5,8,mid,TFTSet8_Stage2,13.12,TFT8_Malphite,Malphite,Ground Slam,Damage,150/225/350,0,150,225,350,0,0,0
Set 8.5,8,mid,TFTSet8_Stage2,13.12,TFT8_Malphite,Malphite,Ground Slam,Duration,4,4,4,4,4,4,4,4
Set 8.5,8,mid,TFTSet8_Stage2,13.12,TFT6_MercenaryChest,Mercenary Chest,Mercenary Chest,RoundsToHatch,2,2,2,2,2,2,2,2
Set 8.5,8,mid,TFTSet8_Stage2,13.12,TFT8_MissFortune,Miss Fortune,Bullet Time,ChannelDuration,2,2,2,2,2,2,2,2
Set 8.5,8,mid,TFTSet8_Stage2,13.12,TFT8_MissFortune,Miss Fortune,Bullet Time,Damage,30/45/150,0,30,45,150,120,120,120
Set 8.5,8,mid,TFTSet8_Stage2,13.12,TFT8_MissFortune,Miss Fortune,Bullet Time,ReducedDamage,15/24/100,0,15,24,100,0,0,0
Set 8.5,8,mid,TFTSet8_Stage2,13.12,TFT8_MissFortune,Miss Fortune,Bullet Time,WaveCount,8,8,8,8,8,8,8,8
Set 8.5,8,mid,TFTSet8_Stage2,13.12,TFT8_Mordekaiser,Mordekaiser,Skylines,Damage,420/630/5555,0,420,630,5555,160,200,240
Set 8.5,8,mid,TFTSet8_Stage2,13.12,TFT8_Mordekaiser,Mordekaiser,Skylines,MRShred,0.5/0.5/0.7,0.5,0.5,0.5,0.7,0.5,0.5,0.5
Set 8.5,8,mid,TFTSet8_Stage2,13.12,TFT8_Mordekaiser,Mordekaiser,Skylines,RealmDuration,4/4/6,3,4,4,6,3,3,3
Set 8.5,8,mid,TFTSet8_Stage2,13.12,TFT8_Morgana,Morgana,Dark Binding,Damage,215/325/535,50,215,325,535,250,300,350
Set 8.5,8,mid,TFTSet8_Stage2,13.12,TFT8_Morgana,Morgana,Dark Binding,NumUnitsTargeted,2,2,2,2,2,2,2,2
Set 8.5,8,mid,TFTSet8_Stage2,13.12,TFT8_Morgana,Morgana,Dark Binding,ShredDuration,4,4,4,4,4,4,4,4
Set 8.5,8,mid,TFTSet8_Stage2,13.12,TFT8_Morgana,Morgana,Dark Binding,ShredPercent,0.4,0.4,0.4,0.4,0.4,0.4,0.4,0.4
Set 8.5,8,mid,TFTSet8_Stage2,13.12,TFT8_Morgana,Morgana,Dark Binding,StunDuration,1.5,1.5,1.5,1.5,1.5,1.5,1.5,1.5
Set 8.5,8,mid,TFTSet8_Stage2,13.12,TFT8_Nasus,Nasus,Bonk!,ADPercent,2.25,2.25,2.25,2.25,2.25,2.25,2.25,2.25
Set 8.5,8,mid,TFTSet8_Stage2,13.12,TFT8_Nasus,Nasus,Bonk!,ASSlowPercent,0.4,0.4,0.4,0.4,0.4,0.4,0.4,0.4
Set 8.5,8,mid,TFTSet8_Stage2,13.12,TFT8_Nasus,Nasus,Bonk!,BonusDamage,60/90/135,0,60,90,135,0,0,0
Set 8.5,8,mid,TFTSet8_Stage2,13.12,TFT8_Nasus,Nasus,Bonk!,Duration,3,3,3,3,3,3,3,3
Set 8.5,8,mid,TFTSet8_Stage2,13.12,TFT8_Neeko,Neeko,Hop Blossoms,BonusDamage,160/240/720,1,160,240,720,1,1,1
Set 8.5,8,mid,TFTSet8_Stage2,13.12,TFT8_Neeko,Neeko,Hop Blossoms,Damage,80/120/360,0,80,120,360,0,0,0
Set 8.5,8,mid,TFTSet8_Stage2,13.12,TFT8_Neeko,Neeko,Hop Blossoms,NumTimes,3,3,3,3,3,3,3,3
Set 8.5,8,mid,TFTSet8_Stage2,13.12,TFT8_Boss_Morgana,Nemesis Morgana,Corrupted Ooze,Damage,115,115,115,115,115,115,115,115
Set 8.5,8,mid,TFTSet8_Stage2,13.12,TFT8_Boss_Morgana,Nemesis Morgana,Corrupted Ooze,Duration,6,6,6,6,6,6,6,6
Set 8.5,8,mid,TFTSet8_Stage2,13.12,TFT8_Boss_Morgana,Nemesis Morgana,Corrupted Ooze,OmnivampPercent,0.5,0.5,0.5,0.5,0.5,0.5,0.5,0.5
Set 8.5,8,mid,TFTSet8_Stage2,13.12,TFT8_Nilah,Nilah,Apotheosis,CastTime,1,0,1,1,1,1,1,1
Set 8.5,8,mid,TFTSet8_Stage2,13.12,TFT8_Nilah,Nilah,Apotheosis,EndDamage,90/135/225,75,90,135,225,0.5,0.5,0.5
Set 8.5,8,mid,TFTSet8_Stage2,13.12,TFT8_Nilah,Nilah,Apotheosis,HealAmount,235/270/330,0,235,270,330,0,0,0
Set 8.5,8,mid,TFTSet8_Stage2,13.12,TFT8_Nilah,Nilah,Apotheosis,HealingSeconds,1,0,1,1,1,1,1,1
Set 8.5,8,mid,TFTSet8_Stage2,13.12,TFT8_Nilah,Nilah,Apotheosis,StartDamage,90/135/225,75,90,135,225,0.5,0.5,0.5
Set 8.5,8,mid,TFTSet8_Stage2,13.12,TFT8_Nunu,Nunu & Willump,Biggest Roboball Ever!,Damage,120/180/2000,0,120,180,2000,160,200,240
Set 8.5,8,mid,TFTSet8_Stage2,13.12,TFT8_Nunu,Nunu & Willump,Biggest Roboball Ever!,IncreasedDamagePercent,0.4,0.4,0.4,0.4,0.4,0.4,0.4,0.4
Set 8.5,8,mid,TFTSet8_Stage2,13.12,TFT8_Nunu,Nunu & Willump,Biggest Roboball Ever!,MSPerAS,150,150,150,150,150,150,150,150
Set 8.5,8,mid,TFTSet8_Stage2,13.12,TFT8_Nunu,Nunu & Willump,Biggest Roboball Ever!,ManaPerSecond,30/30/90,15,30,30,90,15,15,15
Set 8.5,8,mid,TFTSet8_Stage2,13.12,TFT8_Nunu,Nunu & Willump,Biggest Roboball Ever!,NunuIncreasedSpeed,100,100,100,100,100,100,100,100
Set 8.5,8,mid,TFTSet8_Stage2,13.12,TFT8_Nunu,Nunu & Willump,Biggest Roboball Ever!,SnowballICD,2,2,2,2,2,2,2,2
Set 8.5,8,mid,TFTSet8_Stage2,13.12,TFT8_Nunu,Nunu & Willump,Biggest Roboball Ever!,SnowballRadiusIncrease,35,35,35,35,35,35,35,35
Set 8.5,8,mid,TFTSet8_Stage2,13.12,TFT_ArmoryKeyOrnn,Ornn Item Anvil,Ornn Item Anvil,RoundsToHatch,2,2,2,2,2,2,2,2
Set 8.5,8,mid,TFTSet8_Stage2,13.12,TFT8_Pantheon,Pantheon,Time Out!,PercentMRDamage,2.9/4.35/6.5,0,2.9,4.35,6.5,0,0,0
Set 8.5,8,mid,TFTSet8_Stage2,13.12,TFT8_Pantheon,Pantheon,Time Out!,ShieldAmount,200/225/250,0,200,225,250,300,300,300
Set 8.5,8,mid,TFTSet8_Stage2,13.12,TFT8_Pantheon,Pantheon,Time Out!,ShieldDuration,4,4,4,4,4,4,4,4
Set 8.5,8,mid,TFTSet8_Stage2,13.12,TFT8_Pantheon,Pantheon,Time Out!,StunDuration,1.5,1.5,1.5,1.5,1.5,1.5,1.5,1.5
Set 8.5,8,mid,TFTSet8_Stage2,13.12,TFT8_Poppy,Poppy,Buckler Toss,PercentArmorDamage,1.6/2.4/3.2,2,1.6,2.4,3.2,4,4,4
Set 8.5,8,mid,TFTSet8_Stage2,13.12,TFT8_Poppy,Poppy,Buckler Toss,ShieldAmount,300/350/425,100,300,350,425,525,600,700
Set 8.5,8,mid,TFTSet8_Stage2,13.12,TFT8_Poppy,Poppy,Buckler Toss,ShieldDuration,3,3,3,3,3,3,3,3
Set 8.5,8,mid,TFTSet8_Stage2,13.12,TFT8_Pyke,Pyke,Phantom Undertow,Damage,70/105/165,25,70,105,165,325,400,475
Set 8.5,8,mid,TFTSet8_Stage2,13.12,TFT8_Pyke,Pyke,Phantom Undertow,StabDamage,140/210/325,0,140,210,325,0,0,0
Set 8.5,8,mid,TFTSet8_Stage2,13.12,TFT8_Pyke,Pyke,Phantom Undertow,StunDelay,1,1,1,1,1,1,1,1
Set 8.5,8,mid,TFTSet8_Stage2,13.12,TFT8_Pyke,Pyke,Phantom Undertow,StunDuration,1.25/1.5/1.75,1,1.25,1.5,1.75,3,3.5,4
Set 8.5,8,mid,TFTSet8_Stage2,13.12,TFT8_Rammus,Rammus,Sand Slam,ADReduction,40,0,40,40,40,0,0,0
Set 8.5,8,mid,TFTSet8_Stage2,13.12,TFT8_Rammus,Rammus,Sand Slam,ADReductionDuration,4,4,4,4,4,4,4,4
Set 8.5,8,mid,TFTSet8_Stage2,13.12,TFT8_Rammus,Rammus,Sand Slam,BonusDamage,30/50/80,25,30,50,80,125,150,175
Set 8.5,8,mid,TFTSet8_Stage2,13.12,TFT8_Rammus,Rammus,Sand Slam,PassiveArmor,61/91/151,50,61,91,151,50,50,50
Set 8.5,8,mid,TFTSet8_Stage2,13.12,TFT8_Rammus,Rammus,Sand Slam,PercentArmor,1.5/1.75/2.05,0,1.5,1.75,2.05,0,0,0
Set 8.5,8,mid,TFTSet8_Stage2,13.12,TFT8_Rammus,Rammus,Sand Slam,StunDuration,1.5,1.5,1.5,1.5,1.5,1.5,1.5,1.5
Set 8.5,8,mid,TFTSet8_Stage2,13.12,TFT8_Rell,Rell,Iron Bond,Damage,140/210/325,75,140,210,325,375,450,525
Set 8.5,8,mid,TFTSet8_Stage2,13.12,TFT8_Rell,Rell,Iron Bond,Duration,4,4,4,4,4,4,4,4
Set 8.5,8,mid,TFTSet8_Stage2,13.12,TFT8_Rell,Rell,Iron Bond,Resists,50/60/70,40,50,60,70,80,90,100
Set 8.5,8,mid,TFTSet8_Stage2,13.12,TFT8_Renekton,Renekton,Dominus,BonusHealth,200/250/300,0,200,250,300,0,0,0
Set 8.5,8,mid,TFTSet8_Stage2,13.12,TFT8_Renekton,Renekton,Dominus,Duration,8,8,8,8,8,8,8,8
Set 8.5,8,mid,TFTSet8_Stage2,13.12,TFT8_Renekton,Renekton,Dominus,MaximumHealthPercent,0.06,0.06,0.06,0.06,0.06,0.06,0.06,0.06
Set 8.5,8,mid,TFTSet8_Stage2,13.12,TFT8_Riven,Riven,Bunny Blade,Damage,100/150/250,0,100,150,250,0,0,0
Set 8.5,8,mid,TFTSet8_Stage2,13.12,TFT8_Riven,Riven,Bunny Blade,NumberOfAttacks,3,0,3,3,3,3,3,3
Set 8.5,8,mid,TFTSet8_Stage2,13.12,TFT8_Riven,Riven,Bunny Blade,PercentDamageIncrease,100,100,100,100,100,100,100,100
Set 8.5,8,mid,TFTSet8_Stage2,13.12,TFT8_Riven,Riven,Bunny Blade,ShieldAmount,325/400/500,0,325,400,500,0,0,0
Set 8.5,8,mid,TFTSet8_Stage2,13.12,TFT8_Riven,Riven,Bunny Blade,ShieldDuration,4,4,4,4,4,4,4,4
Set 8.5,8,mid,TFTSet8_Stage2,13.12,TFT8_Samira,Samira,Flair,Damage,66/99/366,0,66,99,366,0,0,0
Set 8.5,8,mid,TFTSet8_Stage2,13.12,TFT8_Samira,Samira,Flair,DamagePercent,4.6/4.6/12,1.2,4.6,4.6,12,1.2,1.2,1.2
Set 8.5,8,mid,TFTSet8_Stage2,13.12,TFT8_Samira,Samira,Flair,Duration,1.5,1.5,1.5,1.5,1.5,1.5,1.5,1.5
Set 8.5,8,mid,TFTSet8_Stage2,13.12,TFT8_Samira,Samira,Flair,ReducedDamagePercent,0.2,0.2,0.2,0.2,0.2,0.2,0.2,0.2
Set 8.5,8,mid,TFTSet8_Stage2,13.12,TFT8_Samira,Samira,Flair,SimulateLaunchAttackNum,4,4,4,4,4,4,4,4
Set 8.5,8,mid,TFTSet8_Stage2,13.12,TFT8_Shen,Shen,Stand United,DRReductionPercent,0.4/0.45/0.5,0,0.4,0.45,0.5,0,0,0
Set 8.5,8,mid,TFTSet8_Stage2,13.12,TFT8_Shen,Shen,Stand United,Duration,4,3.5,4,4,4,3.5,3.5,3.5
Set 8.5,8,mid,TFTSet8_Stage2,13.12,TFT8b_Sivir,Sivir,Piece of Time,ADPercent,1.7/1.7/1.8,4,1.7,1.7,1.8,4,4,4
Set 8.5,8,mid,TFTSet8_Stage2,13.12,TFT8b_Sivir,Sivir,Piece of Time,BonusDamage,20/30/50,0,20,30,50,0,0,0
Set 8.5,8,mid,TFTSet8_Stage2,13.12,TFT8b_Sivir,Sivir,Piece of Time,Enemies,3,3,3,3,3,3,3,3
Set 8.5,8,mid,TFTSet8_Stage2,13.12,TFT8b_Sivir,Sivir,Piece of Time,MiniBladeADPercent,1.2,1.2,1.2,1.2,1.2,1.2,1.2,1.2
Set 8.5,8,mid,TFTSet8_Stage2,13.12,TFT8_Sona,Sona,Crescendo Sequence,EDamage,120/180/300,3,120,180,300,3,3,3
Set 8.5,8,mid,TFTSet8_Stage2,13.12,TFT8_Sona,Sona,Crescendo Sequence,Heal,200/250/325,0,200,250,325,0,0,0
Set 8.5,8,mid,TFTSet8_Stage2,13.12,TFT8_Sona,Sona,Crescendo Sequence,NumSignals,2,2,2,2,2,2,2,2
Set 8.5,8,mid,TFTSet8_Stage2,13.12,TFT8_Sona,Sona,Crescendo Sequence,QDamage,190/285/470,0,190,285,470,0,0,0
Set 8.5,8,mid,TFTSet8_Stage2,13.12,TFT8_Sona,Sona,Crescendo Sequence,StunDuration,1.5,1.5,1.5,1.5,1.5,1.5,1.5,1.5
Set 8.5,8,mid,TFTSet8_Stage2,13.12,TFT8_Sylas,Sylas,Battle Blast,HealAmount,150/170/190,0.5,150,170,190,0.5,0.5,0.5
Set 8.5,8,mid,TFTSet8_Stage2,13.12,TFT8_Sylas,Sylas,Battle Blast,PercentHealth,0.1/0.12/0.15,0,0.1,0.12,0.15,300,375,450
Set 8.5,8,mid,TFTSet8_Stage2,13.12,TFT8_Syndra,Syndra,Force of Will,Damage,250/375/2500,0,250,375,2500,0,0,0
Set 8.5,8,mid,TFTSet8_Stage2,13.12,TFT8_Syndra,Syndra,Force of Will,ShieldAmount,200/600/4000,0,200,600,4000,160,200,240
Set 8.5,8,mid,TFTSet8_Stage2,13.12,TFT8_Syndra,Syndra,Force of Will,StunDuration,1/1.5/8,0.5,1,1.5,8,0.5,0.5,0.5
Set 8.5,8,mid,TFTSet8_Stage2,13.12,TFT5_EmblemArmoryKey,Tome of Traits,Tome of Traits,RoundsToHatch,2,2,2,2,2,2,2,2
Set 8.5,8,mid,TFTSet8_Stage2,13.12,TFT8_TwistedFate,Twisted Fate,It's Time to Duel!,AOEDamage,190/285/800,0,190,285,800,0,0,0
Set 8.5,8,mid,TFTSet8_Stage2,13.12,TFT8_TwistedFate,Twisted Fate,It's Time to Duel!,BlueCardDamage,55/85/250,0,55,85,250,0,0,0
Set 8.5,8,mid,TFTSet8_Stage2,13.12,TFT8_TwistedFate,Twisted Fate,It's Time to Duel!,CardsPerAttack,1,1,1,1,1,1,1,1
Set 8.5,8,mid,TFTSet8_Stage2,13.12,TFT8_TwistedFate,Twisted Fate,It's Time to Duel!,CardsToSimulateAttack,2,2,2,2,2,2,2,2
Set 8.5,8,mid,TFTSet8_Stage2,13.12,TFT8_TwistedFate,Twisted Fate,It's Time to Duel!,Duration,2.5,2.5,2.5,2.5,2.5,2.5,2.5,2.5
Set 8.5,8,mid,TFTSet8_Stage2,13.12,TFT8_TwistedFate,Twisted Fate,It's Time to Duel!,StartingCards,6/6/12,3,6,6,12,3,3,3
Set 8.5,8,mid,TFTSet8_Stage2,13.12,TFT8_TwistedFate,Twisted Fate,It's Time to Duel!,TimeToThrowAllCards,1.5,1.5,1.5,1.5,1.5,1.5,1.5,1.5
Set 8.5,8,mid,TFTSet8_Stage2,13.12,TFT8_EzrealFuture,Ultimate Ezreal,Alternate Ezrealities,ADRatio,1.33/1.33/5.33,0,1.33,1.33,5.33,0,0,0
Set 8.5,8,mid,TFTSet8_Stage2,13.12,TFT8_EzrealFuture,Ultimate Ezreal,Alternate Ezrealities,BaseDamage,15/25/177,0,15,25,177,0,0,0
Set 8.5,8,mid,TFTSet8_Stage2,13.12,TFT8_EzrealFuture,Ultimate Ezreal,Alternate Ezrealities,DuplicateCount,5/5/25,0,5,5,25,0,0,0
Set 8.5,8,mid,TFTSet8_Stage2,13.12,TFT8_Urgot,Urgot,Undertow,ADRatio,0.4,0.4,0.4,0.4,0.4,0.4,0.4,0.4
Set 8.5,8,mid,TFTSet8_Stage2,13.12,TFT8_Urgot,Urgot,Undertow,ASRatio,0.2,0.2,0.2,0.2,0.2,0.2,0.2,0.2
Set 8.5,8,mid,TFTSet8_Stage2,13.12,TFT8_Urgot,Urgot,Undertow,AttacksPerSecond,5/5/20,5,5,5,20,0,0,0
Set 8.5,8,mid,TFTSet8_Stage2,13.12,TFT8_Urgot,Urgot,Undertow,MaxGoldAmount,3,3,3,3,3,3,3,3
Set 8.5,8,mid,TFTSet8_Stage2,13.12,TFT8_Urgot,Urgot,Undertow,MaxHPPercent,0.05/0.08/0.75,0,0.05,0.08,0.75,160,200,240
Set 8.5,8,mid,TFTSet8_Stage2,13.12,TFT8_Urgot,Urgot,Undertow,MinGoldAmount,3,3,3,3,3,3,3,3
Set 8.5,8,mid,TFTSet8_Stage2,13.12,TFT8_Urgot,Urgot,Undertow,NumShotsPerLaunchAttack,5,5,5,5,5,5,5,5
Set 8.5,8,mid,TFTSet8_Stage2,13.12,TFT8_Urgot,Urgot,Undertow,StunDuration,1/1.5/5,1.5,1,1.5,5,1.5,1.5,1.5
Set 8.5,8,mid,TFTSet8_Stage2,13.12,TFT8_Urgot,Urgot,Undertow,TreasureChance,0.15/0.25/1,0.2,0.15,0.25,1,0.2,0.2,0.2
Set 8.5,8,mid,TFTSet8_Stage2,13.12,TFT8_Urgot,Urgot,Undertow,TreasurePercentItem,0.15/0.25/0.75,0.5,0.15,0.25,0.75,0.5,0.5,0.5
Set 8.5,8,mid,TFTSet8_Stage2,13.12,TFT8_Urgot,Urgot,Undertow,WaveWidthHex,3/3/7,0,3,3,7,0,0,0
Set 8.5,8,mid,TFTSet8_Stage2,13.12,TFT8_Vayne,Vayne,Silver Bolt,ADPercent,1.5/1.5/1.6,1.7,1.5,1.5,1.6,1.7,1.7,1.7
Set 8.5,8,mid,TFTSet8_Stage2,13.12,TFT8_Vayne,Vayne,Silver Bolt,Damage,18/25/45,0,18,25,45,900,900,900
Set 8.5,8,mid,TFTSet8_Stage2,13.12,TFT8_Vex,Vex,Shadow Surge,BurstDamage,230/345/570,0,230,345,570,0,0,0
Set 8.5,8,mid,TFTSet8_Stage2,13.12,TFT8_Vex,Vex,Shadow Surge,Damage,230/345/570,0,230,345,570,0,0,0
Set 8.5,8,mid,TFTSet8_Stage2,13.12,TFT8_Vex,Vex,Shadow Surge,SecondaryDamage,150/225/370,0,150,225,370,0,0,0
Set 8.5,8,mid,TFTSet8_Stage2,13.12,TFT8_Vi,Vi,Blast Shield,ADPercent,2.5,2.5,2.5,2.5,2.5,2.5,2.5,2.5
Set 8.5,8,mid,TFTSet8_Stage2,13.12,TFT8_Vi,Vi,Blast Shield,ArmorShredDuration,4,4,4,4,4,4,4,4
Set 8.5,8,mid,TFTSet8_Stage2,13.12,TFT8_Vi,Vi,Blast Shield,ArmorShredPercent,0.5,0.5,0.5,0.5,0.5,0.5,0.5,0.5
Set 8.5,8,mid,TFTSet8_Stage2,13.12,TFT8_Vi,Vi,Blast Shield,ShieldAmount,270/330/400,0,270,330,400,0,0,0
Set 8.5,8,mid,TFTSet8_Stage2,13.12,TFT8_Vi,Vi,Blast Shield,ShieldDuration,4,4,4,4,4,4,4,4
Set 8.5,8,mid,TFTSet8_Stage2,13.12,TFT8_Viego,Viego,Heartbreaker,AOEDamage,120/180/400,0,120,180,400,0,0,0
Set 8.5,8,mid,TFTSet8_Stage2,13.12,TFT8_Viego,Viego,Heartbreaker,Damage,260/390/900,0,260,390,900,0,0,0
Set 8.5,8,mid,TFTSet8_Stage2,13.12,TFT8_Viego,Viego,Heartbreaker,DamageFalloffPercent,0.18/0.18/0.01,0.3,0.18,0.18,0.01,0.3,0.3,0.3
Set 8.5,8,mid,TFTSet8_Stage2,13.12,TFT8_Boss_AurelionSol,Volcanic Sol,Meteor Shower,Damage,100,100,100,100,100,100,100,100
Set 8.5,8,mid,TFTSet8_Stage2,13.12,TFT8_Boss_AurelionSol,Volcanic Sol,Meteor Shower,Duration,10,10,10,10,10,10,10,10
Set 8.5,8,mid,TFTSet8_Stage2,13.12,TFT8_Boss_AurelionSol,Volcanic Sol,Meteor Shower,HealingReduction,50,50,50,50,50,50,50,50
Set 8.5,8,mid,TFTSet8_Stage2,13.12,TFT8_Boss_AurelionSol,Volcanic Sol,Meteor Shower,NumMeteors,10,10,10,10,10,10,10,10
Set 8.5,8,mid,TFTSet8_Stage2,13.12,TFT8_Boss_AurelionSol,Volcanic Sol,Meteor Shower,PercentBurn,30,30,30,30,30,30,30,30
Set 8.5,8,mid,TFTSet8_Stage2,13.12,TFT8_Warwick,Warwick,hack&SLASH,ADPercent,5/5/15,1.5,5,5,15,1.5,1.5,1.5
Set 8.5,8,mid,TFTSet8_Stage2,13.12,TFT8_Warwick,Warwick,hack&SLASH,AttackSpeedGain,0.6,0.6,0.6,0.6,0.6,0.6,0.6,0.6
Set 8.5,8,mid,TFTSet8_Stage2,13.12,TFT8_Warwick,Warwick,hack&SLASH,AttacksPerOnLaunchAttack,2,2,2,2,2,2,2,2
Set 8.5,8,mid,TFTSet8_Stage2,13.12,TFT8_Warwick,Warwick,hack&SLASH,Duration,6,6,6,6,6,6,6,6
Set 8.5,8,mid,TFTSet8_Stage2,13.12,TFT8_Warwick,Warwick,hack&SLASH,ManaRefund,10,10,10,10,10,10,10,10
Set 8.5,8,mid,TFTSet8_Stage2,13.12,TFT8_Warwick,Warwick,hack&SLASH,Omnivamp,0.2/0.2/0.5,0.02,0.2,0.2,0.5,0.02,0.02,0.02
Set 8.5,8,mid,TFTSet8_Stage2,13.12,TFT8_WuKong,Wukong,Stone Skin,Damage,150/225/335,0,150,225,335,0,0,0
Set 8.5,8,mid,TFTSet8_Stage2,13.12,TFT8_WuKong,Wukong,Stone Skin,DefenseGain,60/70/80,10,60,70,80,10,10,10
Set 8.5,8,mid,TFTSet8_Stage2,13.12,TFT8_WuKong,Wukong,Stone Skin,Duration,3,3,3,3,3,3,3,3
Set 8.5,8,mid,TFTSet8_Stage2,13.12,TFT8_Yasuo,Yasuo,Steel Tempest,Damage,210/315/485,0,210,315,485,0,0,0
Set 8.5,8,mid,TFTSet8_Stage2,13.12,TFT8_Yasuo,Yasuo,Steel Tempest,KnockupDuration,1.5,0,1.5,1.5,1.5,0,0,0
Set 8.5,8,mid,TFTSet8_Stage2,13.12,TFT8_Zac,Zac,Unstable Matter,Damage,30,30,30,30,30,30,30,30
Set 8.5,8,mid,TFTSet8_Stage2,13.12,TFT8_Zac,Zac,Unstable Matter,HPPercentDamage,0.2,0.2,0.2,0.2,0.2,0.2,0.2,0.2
Set 8.5,8,mid,TFTSet8_Stage2,13.12,TFT8_Zac,Zac,Unstable Matter,HPPercentHeal,0.2,0.2,0.2,0.2,0.2,0.2,0.2,0.2
Set 9,9,base,TFTSet9,13.18,TFT9_Aatrox,Aatrox,World Ender,ADPerASConversion,0.8,0.8,0.8,0.8,0.8,0.8,0.8,0.8
Set 9,9,base,TFTSet9,13.18,TFT9_Aatrox,Aatrox,World Ender,Duration,12/12/30,10,12,12,30,10,10,10
Set 9,9,base,TFTSet9,13.18,TFT9_Aatrox,Aatrox,World Ender,GreatswordADRatio,2.75/2.75/25,0,2.75,2.75,25,0,0,0
Set 9,9,base,TFTSet9,13.18,TFT9_Aatrox,Aatrox,World Ender,MovementSpeed,700,700,700,700,700,700,700,700
Set 9,9,base,TFTSet9,13.18,TFT9_Aatrox,Aatrox,World Ender,Omnivamp,0.2,0.2,0.2,0.2,0.2,0.2,0.2,0.2
Set 9,9,base,TFTSet9,13.18,TFT9_Ahri,Ahri,Essence Thief,EssenceDamage,90/135/1000,0,90,135,1000,0,0,0
Set 9,9,base,TFTSet9,13.18,TFT9_Ahri,Ahri,Essence Thief,EssenceStolenMultiplier,0.33,0.33,0.33,0.33,0.33,0.33,0.33,0.33
Set 9,9,base,TFTSet9,13.18,TFT9_Ahri,Ahri,Essence Thief,MagicDamage,230/350/1888,0,230,350,1888,0,0,0
Set 9,9,base,TFTSet9,13.18,TFT9_Ahri,Ahri,Essence Thief,NumCastsToBoom,2/2/0,2,2,2,0,2,2,2
Set 9,9,base,TFTSet9,13.18,TFT9_Ahri,Ahri,Essence Thief,TooltipIoniaBonus,3,3,3,3,3,3,3,3
Set 9,9,base,TFTSet9,13.18,TFT9_Ahri,Ahri,Essence Thief,TooltipReave,20,20,20,20,20,20,20,20
Set 9,9,base,TFTSet9,13.18,TFT9_Akshan,Akshan,Comeuppance,ADRatio,1.25,1.25,1.25,1.25,1.25,1.25,1.25,1.25
Set 9,9,base,TFTSet9,13.18,TFT9_Akshan,Akshan,Comeuppance,BaseDamage,20/35/60,0,20,35,60,0,0,0
Set 9,9,base,TFTSet9,13.18,TFT9_Akshan,Akshan,Comeuppance,NumBullets,6,6,6,6,6,6,6,6
Set 9,9,base,TFTSet9,13.18,TFT9_Akshan,Akshan,Comeuppance,RocketsPerSimulatedLaunchAttack,2,2,2,2,2,2,2,2
Set 9,9,base,TFTSet9,13.18,TFT9_HeimerdingerTurret,Apex Turret,H-28G Laser Beam,Damage,185/275/4000,0,185,275,4000,25000,0,0
Set 9,9,base,TFTSet9,13.18,TFT9_HeimerdingerTurret,Apex Turret,H-28G Laser Beam,MicroRocketDamage,100,100,100,100,100,100,100,100
Set 9,9,base,TFTSet9,13.18,TFT9_HeimerdingerTurret,Apex Turret,H-28G Laser Beam,ShieldRegenTime,6,6,6,6,6,6,6,6
Set 9,9,base,TFTSet9,13.18,TFT9_Aphelios,Aphelios,Moonlight Vigil,BaseChakramNumber,3,3,3,3,3,3,3,3
Set 9,9,base,TFTSet9,13.18,TFT9_Aphelios,Aphelios,Moonlight Vigil,BlastPercentAD,2.25/2.25/5,1.8,2.25,2.25,5,2.2,2.3,2.4
Set 9,9,base,TFTSet9,13.18,TFT9_Aphelios,Aphelios,Moonlight Vigil,BlastSize,2,2,2,2,2,2,2,2
Set 9,9,base,TFTSet9,13.18,TFT9_Aphelios,Aphelios,Moonlight Vigil,ChakramDuration,7,7,7,7,7,7,7,7
Set 9,9,base,TFTSet9,13.18,TFT9_Aphelios,Aphelios,Moonlight Vigil,ChakramHealing,0.75,0.75,0.75,0.75,0.75,0.75,0.75,0.75
Set 9,9,base,TFTSet9,13.18,TFT9_Aphelios,Aphelios,Moonlight Vigil,ChakramPercentAD,0.05/0.05/0.15,0.1,0.05,0.05,0.15,0.1,0.1,0.1
Set 9,9,base,TFTSet9,13.18,TFT9_Aphelios,Aphelios,Moonlight Vigil,MaxChakrams,10/12/20,10,10,12,20,10,10,10
Set 9,9,base,TFTSet9,13.18,TFT_ArmoryKeyOrnn,Artifact Item Anvil,Artifact Item Anvil,RoundsToHatch,2,2,2,2,2,2,2,2
Set 9,9,base,TFTSet9,13.18,TFT9_Ashe,Ashe,Volley,ADPercent,1.6/1.65/1.75,0,1.6,1.65,1.75,0,0,0
Set 9,9,base,TFTSet9,13.18,TFT9_Ashe,Ashe,Volley,BonusDamage,10,10,10,10,10,10,10,10
Set 9,9,base,TFTSet9,13.18,TFT9_Ashe,Ashe,Volley,Chill,30,30,30,30,30,30,30,30
Set 9,9,base,TFTSet9,13.18,TFT9_Ashe,Ashe,Volley,Duration,2,2,2,2,2,2,2,2
Set 9,9,base,TFTSet9,13.18,TFT9_Ashe,Ashe,Volley,Shots,8,0,8,8,8,0,0,0
Set 9,9,base,TFTSet9,13.18,TFT9_Azir,Azir,Arise!,BaseMagicDamage,100/150/500,35,100,150,500,500,500,500
Set 9,9,base,TFTSet9,13.18,TFT9_Azir,Azir,Arise!,BonusRatio,0.7,0.7,0.7,0.7,0.7,0.7,0.7,0.7
Set 9,9,base,TFTSet9,13.18,TFT9_Azir,Azir,Arise!,Duration,90,90,90,90,90,90,90,90
Set 9,9,base,TFTSet9,13.18,TFT9_Azir,Azir,Arise!,MaxSummons,3,3,3,3,3,3,3,3
Set 9,9,base,TFTSet9,13.18,TFT9_BaronNashor,Baron Nashor,Corrosive Acid,CastCadence,2,2,2,2,2,2,2,2
Set 9,9,base,TFTSet9,13.18,TFT9_BaronNashor,Baron Nashor,Corrosive Acid,Damage,175,175,175,175,175,175,175,175
Set 9,9,base,TFTSet9,13.18,TFT9_BaronNashor,Baron Nashor,Corrosive Acid,DebuffDuration,4,4,4,4,4,4,4,4
Set 9,9,base,TFTSet9,13.18,TFT9_BaronNashor,Baron Nashor,Corrosive Acid,TooltipShred,40,40,40,40,40,40,40,40
Set 9,9,base,TFTSet9,13.18,TFT9_BelVeth,Bel'Veth,Royal Maelstrom,BonusFlatDamage,18/30/50,15,18,30,50,60,70,80
Set 9,9,base,TFTSet9,13.18,TFT9_BelVeth,Bel'Veth,Royal Maelstrom,Duration,1.5/1.5/4,1.5,1.5,1.5,4,1.5,1.5,1.5
Set 9,9,base,TFTSet9,13.18,TFT9_BelVeth,Bel'Veth,Royal Maelstrom,NumStrikes,6/6/30,5,6,6,30,9,10,11
Set 9,9,base,TFTSet9,13.18,TFT9_BelVeth,Bel'Veth,Royal Maelstrom,PercentAD,0.65,0.65,0.65,0.65,0.65,0.65,0.65,0.65
Set 9,9,base,TFTSet9,13.18,TFT9_BelVeth,Bel'Veth,Royal Maelstrom,PercentHealthTrueDamage,0.02,0.02,0.02,0.02,0.02,0.02,0.02,0.02
Set 9,9,base,TFTSet9,13.18,TFT9_BelVeth,Bel'Veth,Royal Maelstrom,StrikesPer100BonusAS,5,5,5,5,5,5,5,5
Set 9,9,base,TFTSet9,13.18,TFT9_Cassiopeia,Cassiopeia,Twin Fang,BaseDamage,170/255/385,0,170,255,385,0,0,0
Set 9,9,base,TFTSet9,13.18,TFT9_Cassiopeia,Cassiopeia,Twin Fang,DamageAmp,0.3,0.3,0.3,0.3,0.3,0.3,0.3,0.3
Set 9,9,base,TFTSet9,13.18,TFT9_Cassiopeia,Cassiopeia,Twin Fang,TooltipWound,50,50,50,50,50,50,50,50
Set 9,9,base,TFTSet9,13.18,TFT9_Cassiopeia,Cassiopeia,Twin Fang,WoundDuration,5,5,5,5,5,5,5,5
Set 9,9,base,TFTSet9,13.18,TFT9_ChoGath,Cho'Gath,Feast,BonusDamage,270/370/500,140,270,370,500,380,440,500
Set 9,9,base,TFTSet9,13.18,TFT9_ChoGath,Cho'Gath,Feast,BonusHealthOnKill,30/35/40,25,30,35,40,45,50,55
Set 9,9,base,TFTSet9,13.18,TFT9_ChoGath,Cho'Gath,Feast,PercentMaximumHealthDamage,0.15,0.15,0.15,0.15,0.15,0.15,0.15,0.15
Set 9,9,base,TFTSet9,13.18,TFT_ArmoryKeyCompleted,Completed Item Anvil,Completed Item Anvil,RoundsToHatch,2,2,2,2,2,2,2,2
Set 9,9,base,TFTSet9,13.18,TFT_ArmoryKeyComponent,Component Anvil,Component Anvil,RoundsToHatch,2,2,2,2,2,2,2,2
Set 9,9,base,TFTSet9,13.18,TFT9_Darius,Darius,Noxian Guillotine,AbilityScaleDamage,55/80/110,100,55,80,110,100,100,100
Set 9,9,base,TFTSet9,13.18,TFT9_Darius,Darius,Noxian Guillotine,AttackDamagePercent,3,3,3,3,3,3,3,3
Set 9,9,base,TFTSet9,13.18,TFT9_Darius,Darius,Noxian Guillotine,FearDuration,1,1,1,1,1,1,1,1
Set 9,9,base,TFTSet9,13.18,TFT9_Darius,Darius,Noxian Guillotine,PercentDamageFalloff,0.82/0.85/0.9,0,0.82,0.85,0.9,0,0,0
Set 9,9,base,TFTSet9,13.18,TFT9_Ekko,Ekko,Phase Dive,Damage,270/405/610,0,270,405,610,0,0,0
Set 9,9,base,TFTSet9,13.18,TFT9_Ekko,Ekko,Phase Dive,HealPercent,0.2,0.2,0.2,0.2,0.2,0.2,0.2,0.2
Set 9,9,base,TFTSet9,13.18,TFT9_Ekko,Ekko,Phase Dive,RewindTime,4,4,4,4,4,4,4,4
Set 9,9,base,TFTSet9,13.18,TFT9_Ekko,Ekko,Phase Dive,RollDuration,0.4,0.4,0.4,0.4,0.4,0.4,0.4,0.4
Set 9,9,base,TFTSet9,13.18,TFT9_Galio,Galio,Shield of Durand,Damage,200/300/450,0,200,300,450,0,0,0
Set 9,9,base,TFTSet9,13.18,TFT9_Galio,Galio,Shield of Durand,DamageResist,0.25/0.25/0.35,0.2,0.25,0.25,0.35,0.2,0.2,0.2
Set 9,9,base,TFTSet9,13.18,TFT9_Galio,Galio,Shield of Durand,Duration,2.5,2.5,2.5,2.5,2.5,2.5,2.5,2.5
Set 9,9,base,TFTSet9,13.18,TFT9_Galio,Galio,Shield of Durand,Heal,300/350/400,0,300,350,400,0,0,0
Set 9,9,base,TFTSet9,13.18,TFT9_Galio,Galio,Shield of Durand,HexRadius,1,1,1,1,1,1,1,1
Set 9,9,base,TFTSet9,13.18,TFT9_Garen,Garen,Judgement,ASPerTickTooltip,50,50,50,50,50,50,50,50
Set 9,9,base,TFTSet9,13.18,TFT9_Garen,Garen,Judgement,BaseTicks,2,2,2,2,2,2,2,2
Set 9,9,base,TFTSet9,13.18,TFT9_Garen,Garen,Judgement,DamagePerTick,0.8/0.82/0.85,15,0.8,0.82,0.85,115,140,165
Set 9,9,base,TFTSet9,13.18,TFT9_Garen,Garen,Judgement,SpinDuration,4,4,4,4,4,4,4,4
Set 9,9,base,TFTSet9,13.18,TFT9_Garen,Garen,Judgement,SpinsPerLaunchAttack,3,3,3,3,3,3,3,3
Set 9,9,base,TFTSet9,13.18,TFT9_Gwen,Gwen,Snip Snip!,CastCountForMist,3,3,3,3,3,3,3,3
Set 9,9,base,TFTSet9,13.18,TFT9_Gwen,Gwen,Snip Snip!,MagicDamage,100/150/400,0,100,150,400,0,0,0
Set 9,9,base,TFTSet9,13.18,TFT9_Gwen,Gwen,Snip Snip!,MistDuration,3/3/5,3,3,3,5,3,3,3
Set 9,9,base,TFTSet9,13.18,TFT9_Gwen,Gwen,Snip Snip!,MistResists,120/120/300,150,120,120,300,150,150,150
Set 9,9,base,TFTSet9,13.18,TFT9_Gwen,Gwen,Snip Snip!,Snips,3,3,3,3,3,3,3,3
Set 9,9,base,TFTSet9,13.18,TFT9_Heimerdinger,Heimerdinger,CH-3X Lightning Grenade,Damage,150/225/3141,0,150,225,3141,3141,90,90
Set 9,9,base,TFTSet9,13.18,TFT9_Heimerdinger,Heimerdinger,CH-3X Lightning Grenade,StunDuration,1.5/2/15,3,1.5,2,15,45,3,3
Set 9,9,base,TFTSet9,13.18,TFT9_Irelia,Irelia,Defiant Dance,PercentShieldDamage,0.3,0.3,0.3,0.3,0.3,0.3,0.3,0.3
Set 9,9,base,TFTSet9,13.18,TFT9_Irelia,Irelia,Defiant Dance,ShieldDuration,3,3,3,3,3,3,3,3
Set 9,9,base,TFTSet9,13.18,TFT9_Irelia,Irelia,Defiant Dance,ShieldHealth,350/400/450,200,350,400,450,1000,1200,1400
Set 9,9,base,TFTSet9,13.18,TFT9_Irelia,Irelia,Defiant Dance,StrikeBaseDamage,70/100/150,50,70,100,150,250,300,350
Set 9,9,base,TFTSet9,13.18,TFT9_Irelia,Irelia,Defiant Dance,TooltipIoniaBonus,25,25,25,25,25,25,25,25
Set 9,9,base,TFTSet9,13.18,TFT9_JarvanIV,Jarvan IV,Cataclysm,Damage,140/210/800,0,140,210,800,0,0,0
Set 9,9,base,TFTSet9,13.18,TFT9_JarvanIV,Jarvan IV,Cataclysm,HexRadius,2,2,2,2,2,2,2,2
Set 9,9,base,TFTSet9,13.18,TFT9_JarvanIV,Jarvan IV,Cataclysm,SearchRange,3,3,3,3,3,3,3,3
Set 9,9,base,TFTSet9,13.18,TFT9_JarvanIV,Jarvan IV,Cataclysm,StunDuration,1.75/2.25/8,2.5,1.75,2.25,8,2.5,2.5,2.5
Set 9,9,base,TFTSet9,13.18,TFT9_Jayce,Jayce,Acceleration Blast,Duration,3,3,3,3,3,3,3,3
Set 9,9,base,TFTSet9,13.18,TFT9_Jayce,Jayce,Acceleration Blast,HexRange,1,1,1,1,1,1,1,1
Set 9,9,base,TFTSet9,13.18,TFT9_Jayce,Jayce,Acceleration Blast,PercentAttackDamage,2.75/2.75/2.95,0,2.75,2.75,2.95,0,0,0
Set 9,9,base,TFTSet9,13.18,TFT9_Jayce,Jayce,Acceleration Blast,PercentAttackSpeed,0.15,0.5,0.15,0.15,0.15,0.5,0.5,0.5
Set 9,9,base,TFTSet9,13.18,TFT9_Jayce,Jayce,Acceleration Blast,SelfAttackSpeed,0.3/0.4/0.5,0.3,0.3,0.4,0.5,0,0,0
Set 9,9,base,TFTSet9,13.18,TFT9_Jayce,Jayce,Acceleration Blast,TooltipPercentAttackDamage,275/275/295,0,275,275,295,0,0,0
Set 9,9,base,TFTSet9,13.18,TFT9_Jhin,Jhin,Curtain Call,AimDuration,1.6,1.6,1.6,1.6,1.6,1.6,1.6,1.6
Set 9,9,base,TFTSet9,13.18,TFT9_Jhin,Jhin,Curtain Call,Damage,60/90/135,0,60,90,135,0,0,0
Set 9,9,base,TFTSet9,13.18,TFT9_Jhin,Jhin,Curtain Call,FalloffPercent,0.4,0.4,0.4,0.4,0.4,0.4,0.4,0.4
Set 9,9,base,TFTSet9,13.18,TFT9_Jhin,Jhin,Curtain Call,MissingHealthPercentBonus,0.24/0.34/0.44,0,0.24,0.34,0.44,0,0,0
Set 9,9,base,TFTSet9,13.18,TFT9_Jhin,Jhin,Curtain Call,PercentAttackDamage,7.44,7.44,7.44,7.44,7.44,7.44,7.44,7.44
Set 9,9,base,TFTSet9,13.18,TFT9_Jhin,Jhin,Curtain Call,TooltipIoniaBonus,25,25,25,25,25,25,25,25
Set 9,9,base,TFTSet9,13.18,TFT9_Jinx,Jinx,Fishbones!,AbilityScaleDamage,15/20/35,20,15,20,35,20,20,20
Set 9,9,base,TFTSet9,13.18,TFT9_Jinx,Jinx,Fishbones!,HexRadius,2,2,2,2,2,2,2,2
Set 9,9,base,TFTSet9,13.18,TFT9_Jinx,Jinx,Fishbones!,NumberOfRockets,5,5,5,5,5,5,5,5
Set 9,9,base,TFTSet9,13.18,TFT9_Jinx,Jinx,Fishbones!,PercentAttackDamage,1.5/1.55/1.6,0,1.5,1.55,1.6,0,0,0
Set 9,9,base,TFTSet9,13.18,TFT9_Jinx,Jinx,Fishbones!,RocketsPerSimulatedLaunchAttack,2,2,2,2,2,2,2,2
Set 9,9,base,TFTSet9,13.18,TFT9_KSante,K'Sante,All Out Strike,CollisionPercent,0.5,0.5,0.5,0.5,0.5,0.5,0.5,0.5
Set 9,9,base,TFTSet9,13.18,TFT9_KSante,K'Sante,All Out Strike,Damage,250/400/1000,0,250,400,1000,0,0,0
Set 9,9,base,TFTSet9,13.18,TFT9_KSante,K'Sante,All Out Strike,PercentHealthHeal,0.1,0.1,0.1,0.1,0.1,0.1,0.1,0.1
Set 9,9,base,TFTSet9,13.18,TFT9_KSante,K'Sante,All Out Strike,SecondaryStunDuration,1/1.25/5,0,1,1.25,5,0,0,0
Set 9,9,base,TFTSet9,13.18,TFT9_KSante,K'Sante,All Out Strike,StunDuration,2/2.5/10,0,2,2.5,10,0,0,0
Set 9,9,base,TFTSet9,13.18,TFT9_KaiSa,Kai'Sa,Icathian Rain,BaseDamage,75/111/240,0,75,111,240,0,0,0
Set 9,9,base,TFTSet9,13.18,TFT9_KaiSa,Kai'Sa,Icathian Rain,NumMissiles,15/15/25,12,15,15,25,20,22,24
Set 9,9,base,TFTSet9,13.18,TFT9_KaiSa,Kai'Sa,Icathian Rain,NumTargets,4,4,4,4,4,4,4,4
Set 9,9,base,TFTSet9,13.18,TFT9_Kalista,Kalista,Pierce and Rend,Damage,18/27/45,16,18,27,45,320,640,1280
Set 9,9,base,TFTSet9,13.18,TFT9_Kalista,Kalista,Pierce and Rend,NumSpears,6,6,6,6,6,6,6,6
Set 9,9,base,TFTSet9,13.18,TFT9_Karma,Karma,Inner Flame,EmpoweredBursts,3,3,3,3,3,3,3,3
Set 9,9,base,TFTSet9,13.18,TFT9_Karma,Karma,Inner Flame,MagicDamage,170/255/420,0,170,255,420,0,0,0
Set 9,9,base,TFTSet9,13.18,TFT9_Karma,Karma,Inner Flame,TooltipIoniaBonus,20,20,20,20,20,20,20,20
Set 9,9,base,TFTSet9,13.18,TFT9_Kassadin,Kassadin,Force Pulse,Damage,135/200/300,100,135,200,300,300,300,300
Set 9,9,base,TFTSet9,13.18,TFT9_Kassadin,Kassadin,Force Pulse,DisarmDuration,1.5/1.75/2,3,1.5,1.75,2,4,3,3
Set 9,9,base,TFTSet9,13.18,TFT9_Kassadin,Kassadin,Force Pulse,ShieldAmount,250/300/400,0,250,300,400,0,0,0
Set 9,9,base,TFTSet9,13.18,TFT9_Kassadin,Kassadin,Force Pulse,ShieldDuration,4,4,4,4,4,4,4,4
Set 9,9,base,TFTSet9,13.18,TFT9_Katarina,Katarina,Voracity,BonusSpellRange,1,1,1,1,1,1,1,1
Set 9,9,base,TFTSet9,13.18,TFT9_Katarina,Katarina,Voracity,Damage,145/220/350,0,145,220,350,0,0,0
Set 9,9,base,TFTSet9,13.18,TFT9_Katarina,Katarina,Voracity,WoundDuration,6,6,6,6,6,6,6,6
Set 9,9,base,TFTSet9,13.18,TFT9_Katarina,Katarina,Voracity,WoundPercent,0.33,0.33,0.33,0.33,0.33,0.33,0.33,0.33
Set 9,9,base,TFTSet9,13.18,TFT9_Kayle,Kayle,Divine Ascent,AscensionDamage,30/40/60,0,30,40,60,0,0,0
Set 9,9,base,TFTSet9,13.18,TFT9_Kayle,Kayle,Divine Ascent,Damage,30/45/70,0,30,45,70,0,0,0
Set 9,9,base,TFTSet9,13.18,TFT9_Kayle,Kayle,Divine Ascent,FirstAscensionLevel,6,6,6,6,6,6,6,6
Set 9,9,base,TFTSet9,13.18,TFT9_Kayle,Kayle,Divine Ascent,SecondAscensionLevel,9,9,9,9,9,9,9,9
Set 9,9,base,TFTSet9,13.18,TFT9_Kayle,Kayle,Divine Ascent,ShredAmount,20,20,20,20,20,20,20,20
Set 9,9,base,TFTSet9,13.18,TFT9_Kayle,Kayle,Divine Ascent,ShredDuration,3,3,3,3,3,3,3,3
Set 9,9,base,TFTSet9,13.18,TFT9_Kled,Kled,Skaaaaaaarl!,AttackSpeedPercent,0.65/0.7/0.75,0.6,0.65,0.7,0.75,0.8,0.85,0.9
Set 9,9,base,TFTSet9,13.18,TFT9_Kled,Kled,Skaaaaaaarl!,ExecuteThreshold,25,25,25,25,25,25,25,25
Set 9,9,base,TFTSet9,13.18,TFT9_Kled,Kled,Skaaaaaaarl!,ShieldPercent,0.3,0.3,0.3,0.3,0.3,0.3,0.3,0.3
Set 9,9,base,TFTSet9,13.18,TFT9_Lissandra,Lissandra,Frozen Tomb,Damage,160/240/400,0,160,240,400,160,200,240
Set 9,9,base,TFTSet9,13.18,TFT9_Lissandra,Lissandra,Frozen Tomb,DamageAmp,0.1,0.1,0.1,0.1,0.1,0.1,0.1,0.1
Set 9,9,base,TFTSet9,13.18,TFT9_Lissandra,Lissandra,Frozen Tomb,DebuffDuration,4,4,4,4,4,4,4,4
Set 9,9,base,TFTSet9,13.18,TFT9_Lissandra,Lissandra,Frozen Tomb,StunDuration,2,2,2,2,2,2,2,2
Set 9,9,base,TFTSet9,13.18,TFT9_Lux,Lux,Torrent of Light,Damage,735/1100/2750,0,735,1100,2750,0,0,0
Set 9,9,base,TFTSet9,13.18,TFT9_Lux,Lux,Torrent of Light,Duration,3,3,3,3,3,3,3,3
Set 9,9,base,TFTSet9,13.18,TFT9_Lux,Lux,Torrent of Light,Shred,15/15/40,0,15,15,40,0,0,0
Set 9,9,base,TFTSet9,13.18,TFT9_Malzahar,Malzahar,Call of the Void,Damage,220/330/500,0,220,330,500,12000,12000,12000
Set 9,9,base,TFTSet9,13.18,TFT9_Malzahar,Malzahar,Call of the Void,PercentShieldDestruction,0.5,0.5,0.5,0.5,0.5,0.5,0.5,0.5
Set 9,9,base,TFTSet9,13.18,TFT9_Maokai,Maokai,Sap Magic,BonusManaOnCast,5,5,5,5,5,5,5,5
Set 9,9,base,TFTSet9,13.18,TFT9_Maokai,Maokai,Sap Magic,HealAmount,220/260/300,200,220,260,300,400,450,500
Set 9,9,base,TFTSet9,13.18,TFT9_Maokai,Maokai,Sap Magic,PassiveHexRange,10,10,10,10,10,10,10,10
Set 9,9,base,TFTSet9,13.18,TFT6_MercenaryChest,Mercenary Chest,Mercenary Chest,RoundsToHatch,2,2,2,2,2,2,2,2
Set 9,9,base,TFTSet9,13.18,TFT9_Nasus,Nasus,Soul Eater,Duration,8,8,8,8,8,8,8,8
Set 9,9,base,TFTSet9,13.18,TFT9_Nasus,Nasus,Soul Eater,EmpoweredDamagePct,3.8/3.8/7,3.5,3.8,3.8,7,3.5,3.5,3.5
Set 9,9,base,TFTSet9,13.18,TFT9_Nasus,Nasus,Soul Eater,FlatResistanceSteal,4/4/20,3,4,4,20,7,8,9
Set 9,9,base,TFTSet9,13.18,TFT9_Nasus,Nasus,Soul Eater,NumEnemies,4/5/7,3,4,5,7,7,8,9
Set 9,9,base,TFTSet9,13.18,TFT9_Nasus,Nasus,Soul Eater,PercentADSteal,0.08,0.08,0.08,0.08,0.08,0.08,0.08,0.08
Set 9,9,base,TFTSet9,13.18,TFT9_Nasus,Nasus,Soul Eater,PercentHealthSteal,0.05/0.05/0.15,0.1,0.05,0.05,0.15,0.1,0.1,0.1
Set 9,9,base,TFTSet9,13.18,TFT9_Orianna,Orianna,Command: Protect,MagicDamage,260/390/585,50,260,390,585,250,300,350
Set 9,9,base,TFTSet9,13.18,TFT9_Orianna,Orianna,Command: Protect,ShieldDuration,4,4,4,4,4,4,4,4
Set 9,9,base,TFTSet9,13.18,TFT9_Orianna,Orianna,Command: Protect,ShieldHealth,225/250/325,200,225,250,325,300,325,350
Set 9,9,base,TFTSet9,13.18,TFT9_Poppy,Poppy,Steadfast Hammer,CollisionDamagePercent,15,15,15,15,15,15,15,15
Set 9,9,base,TFTSet9,13.18,TFT9_Poppy,Poppy,Steadfast Hammer,Damage,140/210/315,0,140,210,315,315,0,0
Set 9,9,base,TFTSet9,13.18,TFT9_Poppy,Poppy,Steadfast Hammer,HexRadius,0,0,0,0,0,1,0,0
Set 9,9,base,TFTSet9,13.18,TFT9_Poppy,Poppy,Steadfast Hammer,PercentHealthDamage,33,33,33,33,33,33,33,33
Set 9,9,base,TFTSet9,13.18,TFT9_Poppy,Poppy,Steadfast Hammer,ShieldAmount,250/325/400,120,250,325,400,350,400,400
Set 9,9,base,TFTSet9,13.18,TFT9_Poppy,Poppy,Steadfast Hammer,ShieldDuration,4,4,4,4,4,4,4,4
Set 9,9,base,TFTSet9,13.18,TFT9_Poppy,Poppy,Steadfast Hammer,StunDuration,0.25,0.25,0.25,0.25,0.25,0.25,0.25,0.25
Set 9,9,base,TFTSet9,13.18,TFT9_RekSai,Rek'Sai,Furious Bite,HealthThreshold,0.66,0.66,0.66,0.66,0.66,0.66,0.66,0.66
Set 9,9,base,TFTSet9,13.18,TFT9_RekSai,Rek'Sai,Furious Bite,PercentMaxHealthHeal,0.1,0.1,0.1,0.1,0.1,0.1,0.1,0.1
Set 9,9,base,TFTSet9,13.18,TFT9_RekSai,Rek'Sai,Furious Bite,PercentOfAD,2.9/2.9/3,2.65,2.9,2.9,3,2.65,2.65,2.65
Set 9,9,base,TFTSet9,13.18,TFT9_Renekton,Renekton,Cull the Meek,Damage,180/270/400,25,180,270,400,525,650,775
Set 9,9,base,TFTSet9,13.18,TFT9_Renekton,Renekton,Cull the Meek,HexRadius,1,1,1,1,1,1,1,1
Set 9,9,base,TFTSet9,13.18,TFT9_Renekton,Renekton,Cull the Meek,InitialHeal,220/270/320,170,220,270,320,370,420,470
Set 9,9,base,TFTSet9,13.18,TFT9_Renekton,Renekton,Cull the Meek,KickerHeal,30,30,30,30,30,30,30,30
Set 9,9,base,TFTSet9,13.18,TFT9_RiftHerald,Rift Herald,Void Charge,MagicDamage,240,240,240,240,240,240,240,240
Set 9,9,base,TFTSet9,13.18,TFT9_RiftHerald,Rift Herald,Void Charge,StunDuration,2,2,2,2,2,2,2,2
Set 9,9,base,TFTSet9,13.18,TFT9_RyzePiltover,Ryze,Realm Warp: Piltover,AreaDuration,3/4/8,4,3,4,8,4,4,4
Set 9,9,base,TFTSet9,13.18,TFT9_RyzeFreljord,Ryze,Realm Warp: Freljord,AttackSpeedSlow,0.3,0.3,0.3,0.3,0.3,0.3,0.3,0.3
Set 9,9,base,TFTSet9,13.18,TFT9_RyzeBandleCity,Ryze,Realm Warp: Bandle City,BaseStarLevelSummon,1/1/3,0,1,1,3,0,0,0
Set 9,9,base,TFTSet9,13.18,TFT9_RyzeIonia,Ryze,Realm Warp: Ionia,BonusAttackSpeed,0.3/0.4/3,0.3,0.3,0.4,3,0.8,0.9,1
Set 9,9,base,TFTSet9,13.18,TFT9_RyzeBandleCity,Ryze,Realm Warp: Bandle City,BonusMana,25/70/200,0,25,70,200,160,200,240
Set 9,9,base,TFTSet9,13.18,TFT9_RyzeZaun,Ryze,Realm Warp: Zaun,Breakpoint1BonusPortals,1,1,1,1,1,1,1,1
Set 9,9,base,TFTSet9,13.18,TFT9_RyzeZaun,Ryze,Realm Warp: Zaun,Breakpoint1Gold,25,25,25,25,25,25,25,25
Set 9,9,base,TFTSet9,13.18,TFT9_RyzeZaun,Ryze,Realm Warp: Zaun,Breakpoint2BonusPortalsPerGold,1,1,1,1,1,1,1,1
Set 9,9,base,TFTSet9,13.18,TFT9_RyzeZaun,Ryze,Realm Warp: Zaun,Breakpoint2Gold,50,50,50,50,50,50,50,50
Set 9,9,base,TFTSet9,13.18,TFT9_RyzeIonia,Ryze,Realm Warp: Ionia,BuffDuration,6,6,6,6,6,6,6,6
Set 9,9,base,TFTSet9,13.18,TFT9_RyzeShurima,Ryze,Realm Warp: Shurima,ChanceToSpawnGold,0.2/0.35/1,0.25,0.2,0.35,1,0.25,0.25,0.25
Set 9,9,base,TFTSet9,13.18,TFT9_RyzeShurima,Ryze,Realm Warp: Shurima,ChanceToSpawnItem,0.02/0.05/0.3,0.25,0.02,0.05,0.3,0.25,0.25,0.25
Set 9,9,base,TFTSet9,13.18,TFT9_RyzeDemacia,Ryze,Realm Warp: Demacia,Damage,300/450/999,125,300,450,999,625,750,875
Set 9,9,base,TFTSet9,13.18,TFT9_RyzeFreljord,Ryze,Realm Warp: Freljord,Damage,300/450/3500,0,300,450,3500,0,0,0
Set 9,9,base,TFTSet9,13.18,TFT9_RyzeIonia,Ryze,Realm Warp: Ionia,Damage,175/275/1500,150,175,275,1500,0,0,0
Set 9,9,base,TFTSet9,13.18,TFT9_RyzePiltover,Ryze,Realm Warp: Piltover,Damage,275/425/3000,0.2,275,425,3000,0.6,0.7,0.8
Set 9,9,base,TFTSet9,13.18,TFT9_RyzeShurima,Ryze,Realm Warp: Shurima,Damage,175/275/2500,0,175,275,2500,0,0,0
Set 9,9,base,TFTSet9,13.18,TFT9_RyzeZaun,Ryze,Realm Warp: Zaun,Damage,125/230/2006,100,125,230,2006,500,600,700
Set 9,9,base,TFTSet9,13.18,TFT9_RyzeNoxus,Ryze,Realm Warp: Noxus,DamageAmp,0.1,0.1,0.1,0.1,0.1,0.1,0.1,0.1
Set 9,9,base,TFTSet9,13.18,TFT9_RyzeTargon,Ryze,Realm Warp: Targon,DamageHexRadius,2/2/4,2,2,2,4,2,2,2
Set 9,9,base,TFTSet9,13.18,TFT9_RyzeZaun,Ryze,Realm Warp: Zaun,DebuffDuration,6,6,6,6,6,6,6,6
Set 9,9,base,TFTSet9,13.18,TFT9_RyzeBandleCity,Ryze,Realm Warp: Bandle City,FiveCostSummonOdds,0.3/0.7/1,0,0.3,0.7,1,0,0,0
Set 9,9,base,TFTSet9,13.18,TFT9_RyzeBandleCity,Ryze,Realm Warp: Bandle City,FourCostSummonOdds,0.4/0.3/0,0,0.4,0.3,0,0,0,0
Set 9,9,base,TFTSet9,13.18,TFT9_RyzeZaun,Ryze,Realm Warp: Zaun,GoldPerPortal,20,20,20,20,20,20,20,20
Set 9,9,base,TFTSet9,13.18,TFT9_RyzeDemacia,Ryze,Realm Warp: Demacia,Heal,250/375/9999,0,250,375,9999,0,0,0
Set 9,9,base,TFTSet9,13.18,TFT9_RyzeIonia,Ryze,Realm Warp: Ionia,Heal,400/500/3000,200,400,500,3000,1000,1200,1400
Set 9,9,base,TFTSet9,13.18,TFT9_RyzeTargon,Ryze,Realm Warp: Targon,KnockUpRadius,1/1/2,1,1,1,2,1,1,1
Set 9,9,base,TFTSet9,13.18,TFT9_RyzeShurima,Ryze,Realm Warp: Shurima,KnockupDuration,1/1.25/3,0.75,1,1.25,3,1.75,2,2.25
Set 9,9,base,TFTSet9,13.18,TFT9_RyzeNoxus,Ryze,Realm Warp: Noxus,MagicDamage,150/225/2000,200,150,225,2000,400,450,500
Set 9,9,base,TFTSet9,13.18,TFT9_RyzeShurima,Ryze,Realm Warp: Shurima,MaxGold,4,4,4,4,4,4,4,4
Set 9,9,base,TFTSet9,13.18,TFT9_RyzeShurima,Ryze,Realm Warp: Shurima,MinGold,1,1,1,1,1,1,1,1
Set 9,9,base,TFTSet9,13.18,TFT9_RyzeShadowIsles,Ryze,Realm Warp: Shadow Isles,NumAllies,1/1/10,1,1,1,10,5,6,7
Set 9,9,base,TFTSet9,13.18,TFT9_RyzeNoxus,Ryze,Realm Warp: Noxus,NumAxes,4/5/12,3,4,5,12,7,8,9
Set 9,9,base,TFTSet9,13.18,TFT9_RyzeNoxus,Ryze,Realm Warp: Noxus,NumItems,3/4/10,2,3,4,10,6,7,8
Set 9,9,base,TFTSet9,13.18,TFT9_RyzeZaun,Ryze,Realm Warp: Zaun,NumPortals,5/8/25,1,5,8,25,5,6,7
Set 9,9,base,TFTSet9,13.18,TFT9_RyzeIonia,Ryze,Realm Warp: Ionia,NumUnits,5/7/20,5,5,7,20,9,10,11
Set 9,9,base,TFTSet9,13.18,TFT9_RyzeShurima,Ryze,Realm Warp: Shurima,NumberOfLootRolls,3,3,3,3,3,3,3,3
Set 9,9,base,TFTSet9,13.18,TFT9_RyzeShadowIsles,Ryze,Realm Warp: Shadow Isles,PercentHealthOnReturn,0.4/0.8/3,0,0.4,0.8,3,0,0,0
Set 9,9,base,TFTSet9,13.18,TFT9_RyzeTargon,Ryze,Realm Warp: Targon,PercentMaxHealth,0.18/0.3/1,0.2,0.18,0.3,1,0.6,0.7,0.8
Set 9,9,base,TFTSet9,13.18,TFT9_RyzePiltover,Ryze,Realm Warp: Piltover,PercentSharedDamage,0.15/0.3/5,0.15,0.15,0.3,5,0.35,0.4,0.45
Set 9,9,base,TFTSet9,13.18,TFT9_RyzeDemacia,Ryze,Realm Warp: Demacia,PortalDuration,2/2/5,2,2,2,5,2,2,2
Set 9,9,base,TFTSet9,13.18,TFT9_RyzeFreljord,Ryze,Realm Warp: Freljord,PortalDuration,2,2,2,2,2,2,2,2
Set 9,9,base,TFTSet9,13.18,TFT9_RyzeDemacia,Ryze,Realm Warp: Demacia,Shield,600/900/9999,300,600,900,9999,1500,1800,2100
Set 9,9,base,TFTSet9,13.18,TFT9_RyzeZaun,Ryze,Realm Warp: Zaun,SplashDamagePercent,0.5,0.5,0.5,0.5,0.5,0.5,0.5,0.5
Set 9,9,base,TFTSet9,13.18,TFT9_RyzeIonia,Ryze,Realm Warp: Ionia,StunDuration,2/2.5/20,1.5,2,2.5,20,3.5,4,4.5
Set 9,9,base,TFTSet9,13.18,TFT9_RyzeTargon,Ryze,Realm Warp: Targon,StunDuration,0.1,0.1,0.1,0.1,0.1,0.1,0.1,0.1
Set 9,9,base,TFTSet9,13.18,TFT9_RyzeTargon,Ryze,Realm Warp: Targon,ThreeStarStarfallDamage,0/0/999,0,0,0,999,0,0,0
Set 9,9,base,TFTSet9,13.18,TFT9_RyzeZaun,Ryze,Realm Warp: Zaun,TooltipShredPercent,20,20,20,20,20,20,20,20
Set 9,9,base,TFTSet9,13.18,TFT9_Samira,Samira,Flair,ADPercent,1.9/1.9/2,2.1,1.9,1.9,2,2.1,2.1,2.1
Set 9,9,base,TFTSet9,13.18,TFT9_Samira,Samira,Flair,ArmorShred,10/15/20,0,10,15,20,20,25,30
Set 9,9,base,TFTSet9,13.18,TFT9_Sejuani,Sejuani,Fury of the North,ChillDuration,4,4,4,4,4,4,4,4
Set 9,9,base,TFTSet9,13.18,TFT9_Sejuani,Sejuani,Fury of the North,Damage,160/240/1200,0,160,240,1200,0,0,0
Set 9,9,base,TFTSet9,13.18,TFT9_Sejuani,Sejuani,Fury of the North,PercentHealth,0.015/0.015/0.1,0.015,0.015,0.015,0.1,0.02,0.02,0.02
Set 9,9,base,TFTSet9,13.18,TFT9_Sejuani,Sejuani,Fury of the North,Shield,600/700/2000,0,600,700,2000,0,0,0
Set 9,9,base,TFTSet9,13.18,TFT9_Sejuani,Sejuani,Fury of the North,ShieldDuration,4,4,4,4,4,4,4,4
Set 9,9,base,TFTSet9,13.18,TFT9_Senna,Senna,Dawning Shadow,ADRatio,2.35/2.5/20,0,2.35,2.5,20,0,0,0
Set 9,9,base,TFTSet9,13.18,TFT9_Senna,Senna,Dawning Shadow,ShieldAmount,200/275/4000,0,200,275,4000,0,0,0
Set 9,9,base,TFTSet9,13.18,TFT9_Senna,Senna,Dawning Shadow,ShieldDuration,4/4/15,4,4,4,15,4,4,4
Set 9,9,base,TFTSet9,13.18,TFT9_Sett,Sett,Facebreaker,Damage,180/270/420,0,180,270,420,2,2,2
Set 9,9,base,TFTSet9,13.18,TFT9_Sett,Sett,Facebreaker,SoloBonus,0.5,0.5,0.5,0.5,0.5,0.5,0.5,0.5
Set 9,9,base,TFTSet9,13.18,TFT9_Sett,Sett,Facebreaker,StunDuration,1.25/1.5/2,1,1.25,1.5,2,3,3.5,4
Set 9,9,base,TFTSet9,13.18,TFT9_Sett,Sett,Facebreaker,TooltipIoniaBonus,200,200,200,200,200,200,200,200
Set 9,9,base,TFTSet9,13.18,TFT9_Shen,Shen,Ki Barrier,AllyShieldAmount,225/275/1500,0,225,275,1500,0,0,0
Set 9,9,base,TFTSet9,13.18,TFT9_Shen,Shen,Ki Barrier,ChillAmount,40,40,40,40,40,40,40,40
Set 9,9,base,TFTSet9,13.18,TFT9_Shen,Shen,Ki Barrier,ChillDuration,3,3,3,3,3,3,3,3
Set 9,9,base,TFTSet9,13.18,TFT9_Shen,Shen,Ki Barrier,MagicDamage,240/360/2500,0,240,360,2500,0,0,0
Set 9,9,base,TFTSet9,13.18,TFT9_Shen,Shen,Ki Barrier,SelfShieldAmount,300/400/2000,0,300,400,2000,0,0,0
Set 9,9,base,TFTSet9,13.18,TFT9_Shen,Shen,Ki Barrier,ShieldDuration,4,4,4,4,4,4,4,4
Set 9,9,base,TFTSet9,13.18,TFT9_Shen,Shen,Ki Barrier,TooltipIoniaBonus,8,8,8,8,8,8,8,8
Set 9,9,base,TFTSet9,13.18,TFT9_Sion,Sion,Glory in Death,ADPercent,2.25/2.35/5,0,2.25,2.35,5,0,0,0
Set 9,9,base,TFTSet9,13.18,TFT9_Sion,Sion,Glory in Death,AttackSpeedPct,1.5/1.5/10,1.5,1.5,1.5,10,1.5,1.5,1.5
Set 9,9,base,TFTSet9,13.18,TFT9_Sion,Sion,Glory in Death,DashRangeBonus,3,3,3,3,3,3,3,3
Set 9,9,base,TFTSet9,13.18,TFT9_Sion,Sion,Glory in Death,DecayHealthPct,0.2/0.13/0,0,0.2,0.13,0,0,0,0
Set 9,9,base,TFTSet9,13.18,TFT9_Sion,Sion,Glory in Death,MoveSpeed,400/400/800,400,400,400,800,400,400,400
Set 9,9,base,TFTSet9,13.18,TFT9_Sion,Sion,Glory in Death,ReviveHealthPct,1,1,1,1,1,1,1,1
Set 9,9,base,TFTSet9,13.18,TFT9_Sion,Sion,Glory in Death,StunDuration,1.25/1.5/15,0,1.25,1.5,15,0,0,0
Set 9,9,base,TFTSet9,13.18,TFT9_Sion,Sion,Glory in Death,ThreeStarBonusAD,0/0/4,0,0,0,4,0,0,0
Set 9,9,base,TFTSet9,13.18,TFT9_Sona,Sona,Crescendo,AttackSpeed,35/40/45,0,35,40,45,0,0,0
Set 9,9,base,TFTSet9,13.18,TFT9_Sona,Sona,Crescendo,Duration,5,5,5,5,5,5,5,5
Set 9,9,base,TFTSet9,13.18,TFT9_Sona,Sona,Crescendo,MagicDamage,105/155/255,0,105,155,255,0,0,0
Set 9,9,base,TFTSet9,13.18,TFT9_Soraka,Soraka,Astral Infusion,Duration,5,5,5,5,5,5,5,5
Set 9,9,base,TFTSet9,13.18,TFT9_Soraka,Soraka,Astral Infusion,EmpoweredHealPercent,0.33,0.33,0.33,0.33,0.33,0.33,0.33,0.33
Set 9,9,base,TFTSet9,13.18,TFT9_Soraka,Soraka,Astral Infusion,EmpoweredHealThreshold,0.5,0.5,0.5,0.5,0.5,0.5,0.5,0.5
Set 9,9,base,TFTSet9,13.18,TFT9_Soraka,Soraka,Astral Infusion,Heal,170/190/220,0,170,190,220,0,0,0
Set 9,9,base,TFTSet9,13.18,TFT9_Soraka,Soraka,Astral Infusion,MagicDamage,115/165/260,60,115,165,260,60,60,60
Set 9,9,base,TFTSet9,13.18,TFT9_Soraka,Soraka,Astral Infusion,NumberOfStars,5,5,5,5,5,5,5,5
Set 9,9,base,TFTSet9,13.18,TFT_ArmoryKeySupport,Support item anvil,Support item anvil,RoundsToHatch,2,2,2,2,2,2,2,2
Set 9,9,base,TFTSet9,13.18,TFT9_Swain,Swain,Demonflare,BonusMaxHealth,325/375/550,200,325,375,550,500,575,650
Set 9,9,base,TFTSet9,13.18,TFT9_Swain,Swain,Demonflare,BuffDuration,5,5,5,5,5,5,5,5
Set 9,9,base,TFTSet9,13.18,TFT9_Swain,Swain,Demonflare,DamagePerTick,25/40/60,0,25,40,60,160,200,240
Set 9,9,base,TFTSet9,13.18,TFT9_Swain,Swain,Demonflare,SecondaryBonusMaxHealth,225/260/385,200,225,260,385,200,200,200
Set 9,9,base,TFTSet9,13.18,TFT9_Swain,Swain,Demonflare,SecondaryDamage,100/160/300,20,100,160,300,20,20,20
Set 9,9,base,TFTSet9,13.18,TFT9_THex,T-Hex,Powering Up,FlameBreathDamage,325,325,325,325,325,325,325,325
Set 9,9,base,TFTSet9,13.18,TFT9_THex,T-Hex,Powering Up,FlameBreathDuration,3,3,3,3,3,3,3,3
Set 9,9,base,TFTSet9,13.18,TFT9_THex,T-Hex,Powering Up,LingerDuration,1.5,1.5,1.5,1.5,1.5,1.5,1.5,1.5
Set 9,9,base,TFTSet9,13.18,TFT9_Taliyah,Taliyah,Seismic Shove,BoulderDamage,110/160/240,100,110,160,240,100,100,100
Set 9,9,base,TFTSet9,13.18,TFT9_Taliyah,Taliyah,Seismic Shove,KnockupDuration,2,1,2,2,2,1,1,1
Set 9,9,base,TFTSet9,13.18,TFT9_Taliyah,Taliyah,Seismic Shove,SpellDamage,180/270/410,100,180,270,410,100,100,100
Set 9,9,base,TFTSet9,13.18,TFT9_Taric,Taric,Radiance,Duration,4,4,4,4,4,4,4,4
Set 9,9,base,TFTSet9,13.18,TFT9_Taric,Taric,Radiance,RedirectPercent,0.5,0.5,0.5,0.5,0.5,0.5,0.5,0.5
Set 9,9,base,TFTSet9,13.18,TFT9_Taric,Taric,Radiance,ShieldAmount,500/580/680,0,500,580,680,0,0,0
Set 9,9,base,TFTSet9,13.18,TFT9_Teemo,Teemo,Noxious Trap,Damage,260/390/585,0,260,390,585,585,0,0
Set 9,9,base,TFTSet9,13.18,TFT9_Teemo,Teemo,Noxious Trap,DetonationDelay,0.5,0.5,0.5,0.5,0.5,0.5,0.5,0.5
Set 9,9,base,TFTSet9,13.18,TFT9_Teemo,Teemo,Noxious Trap,Duration,3,3,3,3,3,3,3,3
Set 9,9,base,TFTSet9,13.18,TFT9_Teemo,Teemo,Noxious Trap,HexRadius,1,1,1,1,1,2,1,1
Set 9,9,base,TFTSet9,13.18,TFT9_Teemo,Teemo,Noxious Trap,TickRate,0.5,0.5,0.5,0.5,0.5,0.5,0.5,0.5
Set 9,9,base,TFTSet9,13.18,TFT5_EmblemArmoryKey,Tome of Traits,Tome of Traits,RoundsToHatch,2,2,2,2,2,2,2,2
Set 9,9,base,TFTSet9,13.18,TFT9_Tristana,Tristana,Rapid Fire,AttackSpeed,0.7,0.7,0.7,0.7,0.7,0.7,0.7,0.7
Set 9,9,base,TFTSet9,13.18,TFT9_Tristana,Tristana,Rapid Fire,Duration,4,4,4,4,4,4,4,4
Set 9,9,base,TFTSet9,13.18,TFT9_Tristana,Tristana,Rapid Fire,EmpoweredBonus,1,1,1,1,1,1,1,1
Set 9,9,base,TFTSet9,13.18,TFT9_Tristana,Tristana,Rapid Fire,ExplosionPercent,0.5,0.5,0.5,0.5,0.5,0.5,0.5,0.5
Set 9,9,base,TFTSet9,13.18,TFT9_Tristana,Tristana,Rapid Fire,HexRadius,1,1,1,1,1,1,1,1
Set 9,9,base,TFTSet9,13.18,TFT9_Tristana,Tristana,Rapid Fire,NumberOfAttacks,10,10,10,10,10,10,10,10
Set 9,9,base,TFTSet9,13.18,TFT9_Tristana,Tristana,Rapid Fire,PercentAttackDamage,0.6,0.6,0.6,0.6,0.6,0.6,0.6,0.6
Set 9,9,base,TFTSet9,13.18,TFT9_Urgot,Urgot,Disdain,BaseDamage,40/60/500,100,40,60,500,400,400,400
Set 9,9,base,TFTSet9,13.18,TFT9_Urgot,Urgot,Disdain,Cooldown,4/4/1,4,4,4,1,4,4,4
Set 9,9,base,TFTSet9,13.18,TFT9_Urgot,Urgot,Disdain,PercentOfAttackDamage,2.2,2.2,2.2,2.2,2.2,2.2,2.2,2.2
Set 9,9,base,TFTSet9,13.18,TFT9_Urgot,Urgot,Disdain,ShieldAmount,350/450/1200,0,350,450,1200,0,0,0
Set 9,9,base,TFTSet9,13.18,TFT9_Urgot,Urgot,Disdain,ShieldDuration,5,5,5,5,5,5,5,5
Set 9,9,base,TFTSet9,13.18,TFT9_Urgot,Urgot,Disdain,StunDuration,1.5,1.5,1.5,1.5,1.5,1.5,1.5,1.5
Set 9,9,base,TFTSet9,13.18,TFT9_VelKoz,Vel'Koz,Plasma Fission,FalloffPercent,0.5,0.5,0.5,0.5,0.5,0.5,0.5,0.5
Set 9,9,base,TFTSet9,13.18,TFT9_VelKoz,Vel'Koz,Plasma Fission,MagicDamage,250/375/600,0,250,375,600,0,0,0
Set 9,9,base,TFTSet9,13.18,TFT9_Vi,Vi,Blast Shield,ADPercent,2.5,2.5,2.5,2.5,2.5,2.5,2.5,2.5
Set 9,9,base,TFTSet9,13.18,TFT9_Vi,Vi,Blast Shield,ArmorShredDuration,4,4,4,4,4,4,4,4
Set 9,9,base,TFTSet9,13.18,TFT9_Vi,Vi,Blast Shield,ArmorShredPercent,0.2,0.2,0.2,0.2,0.2,0.2,0.2,0.2
Set 9,9,base,TFTSet9,13.18,TFT9_Vi,Vi,Blast Shield,ShieldAmount,350/400/450,0,350,400,450,0,0,0
Set 9,9,base,TFTSet9,13.18,TFT9_Vi,Vi,Blast Shield,ShieldDuration,4,4,4,4,4,4,4,4
Set 9,9,base,TFTSet9,13.18,TFT9_Viego,Viego,Blade of the Ruined King,Duration,60,60,60,60,60,60,60,60
Set 9,9,base,TFTSet9,13.18,TFT9_Viego,Viego,Blade of the Ruined King,StabDamage,110/165/250,0,110,165,250,0,0,0
Set 9,9,base,TFTSet9,13.18,TFT9_Viego,Viego,Blade of the Ruined King,StackingDamage,20/30/45,0,20,30,45,0,0,0
Set 9,9,base,TFTSet9,13.18,TFT9_VoidRemora,Void Remora,Void Shield,Damage,125,125,125,125,125,125,125,125
Set 9,9,base,TFTSet9,13.18,TFT9_VoidRemora,Void Remora,Void Shield,Duration,2,2,2,2,2,2,2,2
Set 9,9,base,TFTSet9,13.18,TFT9_VoidRemora,Void Remora,Void Shield,Shield,200,200,200,200,200,200,200,200
Set 9,9,base,TFTSet9,13.18,TFT9_Warwick,Warwick,Primal Howl,BonusAttackSpeed,1,1,1,1,1,1,1,1
Set 9,9,base,TFTSet9,13.18,TFT9_Warwick,Warwick,Primal Howl,Duration,2.5,2.5,2.5,2.5,2.5,2.5,2.5,2.5
Set 9,9,base,TFTSet9,13.18,TFT9_Warwick,Warwick,Primal Howl,HealAmount,30/35/40,35,30,35,40,35,35,35
Set 9,9,base,TFTSet9,13.18,TFT9_Warwick,Warwick,Primal Howl,StunDuration,1.25/1.5/2,0,1.25,1.5,2,0,0,0
Set 9,9,base,TFTSet9,13.18,TFT9_Yasuo,Yasuo,Last Breath,ADPercent,5/5/15,0,5,5,15,0,0,0
Set 9,9,base,TFTSet9,13.18,TFT9_Yasuo,Yasuo,Last Breath,AOEADPercent,3/3/7.5,2,3,3,7.5,2,2,2
Set 9,9,base,TFTSet9,13.18,TFT9_Yasuo,Yasuo,Last Breath,AttackCount,3,3,3,3,3,3,3,3
Set 9,9,base,TFTSet9,13.18,TFT9_Yasuo,Yasuo,Last Breath,BonusDamage,55/85/300,0,55,85,300,0,0,0
Set 9,9,base,TFTSet9,13.18,TFT9_Yasuo,Yasuo,Last Breath,HexRange,3,3,3,3,3,3,3,3
Set 9,9,base,TFTSet9,13.18,TFT9_Yasuo,Yasuo,Last Breath,KnockupDuration,1,0,1,1,1,0,0,0
Set 9,9,base,TFTSet9,13.18,TFT9_Yasuo,Yasuo,Last Breath,TooltipIoniaBonus,15,15,15,15,15,15,15,15
Set 9,9,base,TFTSet9,13.18,TFT9_Yasuo,Yasuo,Last Breath,TornadoKnockupDuration,0.5,0.5,0.5,0.5,0.5,0.5,0.5,0.5
Set 9,9,base,TFTSet9,13.18,TFT9_Zed,Zed,Living Shadow,BaseDamage,25/40/50,0,25,40,50,0,0,0
Set 9,9,base,TFTSet9,13.18,TFT9_Zed,Zed,Living Shadow,DamagePercent,1.4/1.4/1.5,0,1.4,1.4,1.5,2,2,2
Set 9,9,base,TFTSet9,13.18,TFT9_Zed,Zed,Living Shadow,ShadowRange,2,2,2,2,2,2,2,2
Set 9,9,base,TFTSet9,13.18,TFT9_Zed,Zed,Living Shadow,TooltipIoniaBonus,15,15,15,15,15,15,15,15
Set 9,9,base,TFTSet9,13.18,TFT9_Zeri,Zeri,Surge,ADRatioPerBullet,0.34,0.34,0.34,0.34,0.34,0.34,0.34,0.34
Set 9,9,base,TFTSet9,13.18,TFT9_Zeri,Zeri,Surge,EnemyCount,3/3/5,3,3,3,5,3,3,3
Set 9,9,base,TFTSet9,13.18,TFT9_Zeri,Zeri,Surge,ExecuteThresholdAP,0.04,0.04,0.04,0.04,0.04,0.04,0.04,0.04
Set 9,9,base,TFTSet9,13.18,TFT9_Zeri,Zeri,Surge,ExecuteThresholdBase,0.08,0.08,0.08,0.08,0.08,0.08,0.08,0.08
Set 9,9,base,TFTSet9,13.18,TFT9_Zeri,Zeri,Surge,NumBullets,3,3,3,3,3,3,3,3
Set 9,9,base,TFTSet9,13.18,TFT9_Zeri,Zeri,Surge,OverchargeChainRatio,0.45/0.45/1,0.4,0.45,0.45,1,0.4,0.4,0.4
Set 9,9,base,TFTSet9,13.18,TFT9_Zeri,Zeri,Surge,OverchargeDuration,8/8/15,9,8,8,15,15,9,9
Set 9.5,9,mid,TFTSet9_Stage2,13.23,TFT9b_Aatrox,Aatrox,World Ender,ADPerASConversion,0.8,0.8,0.8,0.8,0.8,0.8,0.8,0.8
Set 9.5,9,mid,TFTSet9_Stage2,13.23,TFT9b_Aatrox,Aatrox,World Ender,DarkinHealth,250,250,250,250,250,250,250,250
Set 9.5,9,mid,TFTSet9_Stage2,13.23,TFT9b_Aatrox,Aatrox,World Ender,DarkinOmnivamp,0.1,0.1,0.1,0.1,0.1,0.1,0.1,0.1
Set 9.5,9,mid,TFTSet9_Stage2,13.23,TFT9b_Aatrox,Aatrox,World Ender,DarkinReviveTime,4,4,4,4,4,4,4,4
Set 9.5,9,mid,TFTSet9_Stage2,13.23,TFT9b_Aatrox,Aatrox,World Ender,Duration,12/12/30,10,12,12,30,10,10,10
Set 9.5,9,mid,TFTSet9_Stage2,13.23,TFT9b_Aatrox,Aatrox,World Ender,GreatswordADRatio,2.9/3/25,0,2.9,3,25,0,0,0
Set 9.5,9,mid,TFTSet9_Stage2,13.23,TFT9b_Aatrox,Aatrox,World Ender,MovementSpeed,700,700,700,700,700,700,700,700
Set 9.5,9,mid,TFTSet9_Stage2,13.23,TFT9_Ahri,Ahri,Essence Thief,EssenceDamage,105/150/1000,0,105,150,1000,0,0,0
Set 9.5,9,mid,TFTSet9_Stage2,13.23,TFT9_Ahri,Ahri,Essence Thief,EssenceStolenMultiplier,0.33,0.33,0.33,0.33,0.33,0.33,0.33,0.33
Set 9.5,9,mid,TFTSet9_Stage2,13.23,TFT9_Ahri,Ahri,Essence Thief,MagicDamage,260/390/1999,0,260,390,1999,0,0,0
Set 9.5,9,mid,TFTSet9_Stage2,13.23,TFT9_Ahri,Ahri,Essence Thief,NumCastsToBoom,2/2/0,2,2,2,0,2,2,2
Set 9.5,9,mid,TFTSet9_Stage2,13.23,TFT9_Ahri,Ahri,Essence Thief,TooltipIoniaBonus,3,3,3,3,3,3,3,3
Set 9.5,9,mid,TFTSet9_Stage2,13.23,TFT9_Ahri,Ahri,Essence Thief,TooltipReave,20,20,20,20,20,20,20,20
Set 9.5,9,mid,TFTSet9_Stage2,13.23,TFT9_HeimerdingerTurret,Apex Turret,H-28G Laser Beam,Damage,185/275/4000,0,185,275,4000,25000,0,0
Set 9.5,9,mid,TFTSet9_Stage2,13.23,TFT9_HeimerdingerTurret,Apex Turret,H-28G Laser Beam,MicroRocketDamage,100,100,100,100,100,100,100,100
Set 9.5,9,mid,TFTSet9_Stage2,13.23,TFT9_HeimerdingerTurret,Apex Turret,H-28G Laser Beam,ShieldRegenTime,6,6,6,6,6,6,6,6
Set 9.5,9,mid,TFTSet9_Stage2,13.23,TFT9_Aphelios,Aphelios,Moonlight Vigil,BaseChakramNumber,3,3,3,3,3,3,3,3
Set 9.5,9,mid,TFTSet9_Stage2,13.23,TFT9_Aphelios,Aphelios,Moonlight Vigil,BlastPercentAD,2.4/2.4/7.5,1.8,2.4,2.4,7.5,2.2,2.3,2.4
Set 9.5,9,mid,TFTSet9_Stage2,13.23,TFT9_Aphelios,Aphelios,Moonlight Vigil,BlastSize,2,2,2,2,2,2,2,2
Set 9.5,9,mid,TFTSet9_Stage2,13.23,TFT9_Aphelios,Aphelios,Moonlight Vigil,ChakramDuration,7,7,7,7,7,7,7,7
Set 9.5,9,mid,TFTSet9_Stage2,13.23,TFT9_Aphelios,Aphelios,Moonlight Vigil,ChakramHealing,0.75,0.75,0.75,0.75,0.75,0.75,0.75,0.75
Set 9.5,9,mid,TFTSet9_Stage2,13.23,TFT9_Aphelios,Aphelios,Moonlight Vigil,ChakramPercentAD,0.07/0.07/0.15,0.1,0.07,0.07,0.15,0.1,0.1,0.1
Set 9.5,9,mid,TFTSet9_Stage2,13.23,TFT9_Aphelios,Aphelios,Moonlight Vigil,MaxChakrams,10/12/20,10,10,12,20,10,10,10
Set 9.5,9,mid,TFTSet9_Stage2,13.23,TFT_ArmoryKeyOrnn,Artifact Item Anvil,Artifact Item Anvil,RoundsToHatch,2,2,2,2,2,2,2,2
Set 9.5,9,mid,TFTSet9_Stage2,13.23,TFT9_Ashe,Ashe,Volley,ADPercent,1.6/1.65/1.75,0,1.6,1.65,1.75,0,0,0
Set 9.5,9,mid,TFTSet9_Stage2,13.23,TFT9_Ashe,Ashe,Volley,BonusDamage,10,10,10,10,10,10,10,10
Set 9.5,9,mid,TFTSet9_Stage2,13.23,TFT9_Ashe,Ashe,Volley,Chill,30,30,30,30,30,30,30,30
Set 9.5,9,mid,TFTSet9_Stage2,13.23,TFT9_Ashe,Ashe,Volley,Duration,2,2,2,2,2,2,2,2
Set 9.5,9,mid,TFTSet9_Stage2,13.23,TFT9_Ashe,Ashe,Volley,Shots,8,0,8,8,8,0,0,0
Set 9.5,9,mid,TFTSet9_Stage2,13.23,TFT9_Azir,Azir,Arise!,BaseMagicDamage,110/160/500,35,110,160,500,500,500,500
Set 9.5,9,mid,TFTSet9_Stage2,13.23,TFT9_Azir,Azir,Arise!,BonusRatio,0.7,0.7,0.7,0.7,0.7,0.7,0.7,0.7
Set 9.5,9,mid,TFTSet9_Stage2,13.23,TFT9_Azir,Azir,Arise!,Duration,90,90,90,90,90,90,90,90
Set 9.5,9,mid,TFTSet9_Stage2,13.23,TFT9_Azir,Azir,Arise!,MaxSummons,3,3,3,3,3,3,3,3
Set 9.5,9,mid,TFTSet9_Stage2,13.23,TFT9_BaronNashor,Baron Nashor,Corrosive Acid,CastCadence,2,2,2,2,2,2,2,2
Set 9.5,9,mid,TFTSet9_Stage2,13.23,TFT9_BaronNashor,Baron Nashor,Corrosive Acid,Damage,175,175,175,175,175,175,175,175
Set 9.5,9,mid,TFTSet9_Stage2,13.23,TFT9_BaronNashor,Baron Nashor,Corrosive Acid,DebuffDuration,4,4,4,4,4,4,4,4
Set 9.5,9,mid,TFTSet9_Stage2,13.23,TFT9_BaronNashor,Baron Nashor,Corrosive Acid,TooltipShred,40,40,40,40,40,40,40,40
Set 9.5,9,mid,TFTSet9_Stage2,13.23,TFT9_BelVeth,Bel'Veth,Royal Maelstrom,BonusFlatDamage,18/30/100,15,18,30,100,60,70,80
Set 9.5,9,mid,TFTSet9_Stage2,13.23,TFT9_BelVeth,Bel'Veth,Royal Maelstrom,Duration,1.5/1.5/4,1.5,1.5,1.5,4,1.5,1.5,1.5
Set 9.5,9,mid,TFTSet9_Stage2,13.23,TFT9_BelVeth,Bel'Veth,Royal Maelstrom,NumStrikes,6/6/25,5,6,6,25,9,10,11
Set 9.5,9,mid,TFTSet9_Stage2,13.23,TFT9_BelVeth,Bel'Veth,Royal Maelstrom,PercentAD,0.85,0.85,0.85,0.85,0.85,0.85,0.85,0.85
Set 9.5,9,mid,TFTSet9_Stage2,13.23,TFT9_BelVeth,Bel'Veth,Royal Maelstrom,PercentHealthTrueDamage,0.02,0.02,0.02,0.02,0.02,0.02,0.02,0.02
Set 9.5,9,mid,TFTSet9_Stage2,13.23,TFT9_BelVeth,Bel'Veth,Royal Maelstrom,StrikesPer100BonusAS,5,5,5,5,5,5,5,5
Set 9.5,9,mid,TFTSet9_Stage2,13.23,TFT9_Cassiopeia,Cassiopeia,Twin Fang,BaseDamage,160/240/360,0,160,240,360,0,0,0
Set 9.5,9,mid,TFTSet9_Stage2,13.23,TFT9_Cassiopeia,Cassiopeia,Twin Fang,DamageAmp,0.3,0.3,0.3,0.3,0.3,0.3,0.3,0.3
Set 9.5,9,mid,TFTSet9_Stage2,13.23,TFT9_Cassiopeia,Cassiopeia,Twin Fang,TooltipWound,50,50,50,50,50,50,50,50
Set 9.5,9,mid,TFTSet9_Stage2,13.23,TFT9_Cassiopeia,Cassiopeia,Twin Fang,WoundDuration,5,5,5,5,5,5,5,5
Set 9.5,9,mid,TFTSet9_Stage2,13.23,TFT9_ChoGath,Cho'Gath,Feast,BonusDamage,270/370/500,140,270,370,500,380,440,500
Set 9.5,9,mid,TFTSet9_Stage2,13.23,TFT9_ChoGath,Cho'Gath,Feast,BonusHealthOnKill,35,35,35,35,35,35,35,35
Set 9.5,9,mid,TFTSet9_Stage2,13.23,TFT9_ChoGath,Cho'Gath,Feast,PercentMaximumHealthDamage,0.12,0.12,0.12,0.12,0.12,0.12,0.12,0.12
Set 9.5,9,mid,TFTSet9_Stage2,13.23,TFT_ArmoryKeyCompleted,Completed Item Anvil,Completed Item Anvil,RoundsToHatch,2,2,2,2,2,2,2,2
Set 9.5,9,mid,TFTSet9_Stage2,13.23,TFT_ArmoryKeyComponent,Component Anvil,Component Anvil,RoundsToHatch,2,2,2,2,2,2,2,2
Set 9.5,9,mid,TFTSet9_Stage2,13.23,TFT9_Darius,Darius,Noxian Guillotine,AbilityScaleDamage,55/80/110,100,55,80,110,100,100,100
Set 9.5,9,mid,TFTSet9_Stage2,13.23,TFT9_Darius,Darius,Noxian Guillotine,AttackDamagePercent,3.5,3.5,3.5,3.5,3.5,3.5,3.5,3.5
Set 9.5,9,mid,TFTSet9_Stage2,13.23,TFT9_Darius,Darius,Noxian Guillotine,FearDuration,1,1,1,1,1,1,1,1
Set 9.5,9,mid,TFTSet9_Stage2,13.23,TFT9_Darius,Darius,Noxian Guillotine,PercentDamageFalloff,0.9/0.95/1,0,0.9,0.95,1,0,0,0
Set 9.5,9,mid,TFTSet9_Stage2,13.23,TFT9_Ekko,Ekko,Phase Dive,Damage,255/380/570,0,255,380,570,0,0,0
Set 9.5,9,mid,TFTSet9_Stage2,13.23,TFT9_Ekko,Ekko,Phase Dive,HealPercent,0.2,0.2,0.2,0.2,0.2,0.2,0.2,0.2
Set 9.5,9,mid,TFTSet9_Stage2,13.23,TFT9_Ekko,Ekko,Phase Dive,RewindTime,4,4,4,4,4,4,4,4
Set 9.5,9,mid,TFTSet9_Stage2,13.23,TFT9_Ekko,Ekko,Phase Dive,RollDuration,0.4,0.4,0.4,0.4,0.4,0.4,0.4,0.4
Set 9.5,9,mid,TFTSet9_Stage2,13.23,TFT9_Fiora,Fiora,Blade Waltz,BonusTrueDamage,60/90/270,75,60,90,270,400,400,400
Set 9.5,9,mid,TFTSet9_Stage2,13.23,TFT9_Fiora,Fiora,Blade Waltz,DamageReduction,0.3,0.3,0.3,0.3,0.3,0.3,0.3,0.3
Set 9.5,9,mid,TFTSet9_Stage2,13.23,TFT9_Fiora,Fiora,Blade Waltz,NumStrikes,4,4,4,4,4,4,4,4
Set 9.5,9,mid,TFTSet9_Stage2,13.23,TFT9_Fiora,Fiora,Blade Waltz,PercentAD,1.6/1.6/2.4,1.55,1.6,1.6,2.4,1.55,1.55,1.55
Set 9.5,9,mid,TFTSet9_Stage2,13.23,TFT9_Fiora,Fiora,Blade Waltz,PercentHealing,0.15,0.15,0.15,0.15,0.15,0.15,0.15,0.15
Set 9.5,9,mid,TFTSet9_Stage2,13.23,TFT9_Galio,Galio,Shield of Durand,Damage,200/300/450,0,200,300,450,0,0,0
Set 9.5,9,mid,TFTSet9_Stage2,13.23,TFT9_Galio,Galio,Shield of Durand,DamageResist,0.25/0.25/0.35,0.2,0.25,0.25,0.35,0.2,0.2,0.2
Set 9.5,9,mid,TFTSet9_Stage2,13.23,TFT9_Galio,Galio,Shield of Durand,Duration,2.5,2.5,2.5,2.5,2.5,2.5,2.5,2.5
Set 9.5,9,mid,TFTSet9_Stage2,13.23,TFT9_Galio,Galio,Shield of Durand,Heal,300/350/400,0,300,350,400,0,0,0
Set 9.5,9,mid,TFTSet9_Stage2,13.23,TFT9_Galio,Galio,Shield of Durand,HexRadius,1,1,1,1,1,1,1,1
Set 9.5,9,mid,TFTSet9_Stage2,13.23,TFT9_Gangplank,Gangplank,The Dreadway,ActiveAttackSpeed,0.35/0.5/3,0,0.35,0.5,3,0,0,0
Set 9.5,9,mid,TFTSet9_Stage2,13.23,TFT9_Gangplank,Gangplank,The Dreadway,ActiveAttackSpeedDuration,3,3,3,3,3,3,3,3
Set 9.5,9,mid,TFTSet9_Stage2,13.23,TFT9_Gangplank,Gangplank,The Dreadway,ActiveMagicDamage,450/675/9001,0,450,675,9001,0,0,0
Set 9.5,9,mid,TFTSet9_Stage2,13.23,TFT9_Gangplank,Gangplank,The Dreadway,MeleePassiveADRatio,2.5/2.5/25,0,2.5,2.5,25,0,0,0
Set 9.5,9,mid,TFTSet9_Stage2,13.23,TFT9_Gangplank,Gangplank,The Dreadway,MeleePassiveDuration,2,2,2,2,2,2,2,2
Set 9.5,9,mid,TFTSet9_Stage2,13.23,TFT9_Gangplank,Gangplank,The Dreadway,ReaverKingMeleeBonusResists,50,50,50,50,50,50,50,50
Set 9.5,9,mid,TFTSet9_Stage2,13.23,TFT9_Gangplank,Gangplank,The Dreadway,ReaverKingRangedBonusHexRange,3,3,3,3,3,3,3,3
Set 9.5,9,mid,TFTSet9_Stage2,13.23,TFT9_Gangplank,Gangplank,The Dreadway,ReaverKingRangedBonusMana,5,5,5,5,5,5,5,5
Set 9.5,9,mid,TFTSet9_Stage2,13.23,TFT9_Graves,Graves,Smoke Grenade,AbilityScaleDamage,30/45/60,0,30,45,60,0,0,0
Set 9.5,9,mid,TFTSet9_Stage2,13.23,TFT9_Graves,Graves,Smoke Grenade,CCDuration,3/3.5/4,1,3,3.5,4,4,4,4
Set 9.5,9,mid,TFTSet9_Stage2,13.23,TFT9_Graves,Graves,Smoke Grenade,PercentAttackDamage,2/2/2.05,0,2,2,2.05,375,375,375
Set 9.5,9,mid,TFTSet9_Stage2,13.23,TFT9_Graves,Graves,Smoke Grenade,TooltipChillPercent,30,30,30,30,30,30,30,30
Set 9.5,9,mid,TFTSet9_Stage2,13.23,TFT9_Heimerdinger,Heimerdinger,CH-3X Lightning Grenade,Damage,150/225/3141,0,150,225,3141,3141,90,90
Set 9.5,9,mid,TFTSet9_Stage2,13.23,TFT9_Heimerdinger,Heimerdinger,CH-3X Lightning Grenade,StunDuration,1.5/2/15,3,1.5,2,15,45,3,3
Set 9.5,9,mid,TFTSet9_Stage2,13.23,TFT9_Illaoi,Illaoi,Harsh Lesson,Duration,5,5,5,5,5,5,5,5
Set 9.5,9,mid,TFTSet9_Stage2,13.23,TFT9_Illaoi,Illaoi,Harsh Lesson,MagicDamage,250/375/560,0,250,375,560,0,0,0
Set 9.5,9,mid,TFTSet9_Stage2,13.23,TFT9_Illaoi,Illaoi,Harsh Lesson,PercentHealing,0.25/0.3/0.4,0,0.25,0.3,0.4,0,0,0
Set 9.5,9,mid,TFTSet9_Stage2,13.23,TFT9_Irelia,Irelia,Defiant Dance,PercentShieldDamage,0.3,0.3,0.3,0.3,0.3,0.3,0.3,0.3
Set 9.5,9,mid,TFTSet9_Stage2,13.23,TFT9_Irelia,Irelia,Defiant Dance,ShieldDuration,3,3,3,3,3,3,3,3
Set 9.5,9,mid,TFTSet9_Stage2,13.23,TFT9_Irelia,Irelia,Defiant Dance,ShieldHealth,350/400/450,200,350,400,450,1000,1200,1400
Set 9.5,9,mid,TFTSet9_Stage2,13.23,TFT9_Irelia,Irelia,Defiant Dance,StrikeBaseDamage,70/100/150,50,70,100,150,250,300,350
Set 9.5,9,mid,TFTSet9_Stage2,13.23,TFT9_Irelia,Irelia,Defiant Dance,TooltipIoniaBonus,25,25,25,25,25,25,25,25
Set 9.5,9,mid,TFTSet9_Stage2,13.23,TFT9_JarvanIV,Jarvan IV,Cataclysm,Damage,140/210/800,0,140,210,800,0,0,0
Set 9.5,9,mid,TFTSet9_Stage2,13.23,TFT9_JarvanIV,Jarvan IV,Cataclysm,HexRadius,2,2,2,2,2,2,2,2
Set 9.5,9,mid,TFTSet9_Stage2,13.23,TFT9_JarvanIV,Jarvan IV,Cataclysm,SearchRange,3,3,3,3,3,3,3,3
Set 9.5,9,mid,TFTSet9_Stage2,13.23,TFT9_JarvanIV,Jarvan IV,Cataclysm,StunDuration,1.5/2/8,2.5,1.5,2,8,2.5,2.5,2.5
Set 9.5,9,mid,TFTSet9_Stage2,13.23,TFT9_Jayce,Jayce,Acceleration Blast,Duration,3,3,3,3,3,3,3,3
Set 9.5,9,mid,TFTSet9_Stage2,13.23,TFT9_Jayce,Jayce,Acceleration Blast,HexRange,1,1,1,1,1,1,1,1
Set 9.5,9,mid,TFTSet9_Stage2,13.23,TFT9_Jayce,Jayce,Acceleration Blast,PercentAttackDamage,2.75/2.75/2.95,0,2.75,2.75,2.95,0,0,0
Set 9.5,9,mid,TFTSet9_Stage2,13.23,TFT9_Jayce,Jayce,Acceleration Blast,PercentAttackSpeed,0.15,0.5,0.15,0.15,0.15,0.5,0.5,0.5
Set 9.5,9,mid,TFTSet9_Stage2,13.23,TFT9_Jayce,Jayce,Acceleration Blast,SelfAttackSpeed,0.3/0.4/0.5,0.3,0.3,0.4,0.5,0,0,0
Set 9.5,9,mid,TFTSet9_Stage2,13.23,TFT9_Jayce,Jayce,Acceleration Blast,TooltipPercentAttackDamage,275/275/295,0,275,275,295,0,0,0
Set 9.5,9,mid,TFTSet9_Stage2,13.23,TFT9_Jhin,Jhin,Curtain Call,AimDuration,1.6,1.6,1.6,1.6,1.6,1.6,1.6,1.6
Set 9.5,9,mid,TFTSet9_Stage2,13.23,TFT9_Jhin,Jhin,Curtain Call,Damage,60/90/135,0,60,90,135,0,0,0
Set 9.5,9,mid,TFTSet9_Stage2,13.23,TFT9_Jhin,Jhin,Curtain Call,FalloffPercent,0.56,0.56,0.56,0.56,0.56,0.56,0.56,0.56
Set 9.5,9,mid,TFTSet9_Stage2,13.23,TFT9_Jhin,Jhin,Curtain Call,MissingHealthPercentBonus,0.24/0.34/0.44,0,0.24,0.34,0.44,0,0,0
Set 9.5,9,mid,TFTSet9_Stage2,13.23,TFT9_Jhin,Jhin,Curtain Call,PercentAttackDamage,7.44,7.44,7.44,7.44,7.44,7.44,7.44,7.44
Set 9.5,9,mid,TFTSet9_Stage2,13.23,TFT9_Jhin,Jhin,Curtain Call,TooltipIoniaBonus,25,25,25,25,25,25,25,25
Set 9.5,9,mid,TFTSet9_Stage2,13.23,TFT9_Jinx,Jinx,Fishbones!,AbilityScaleDamage,15/20/35,20,15,20,35,20,20,20
Set 9.5,9,mid,TFTSet9_Stage2,13.23,TFT9_Jinx,Jinx,Fishbones!,HexRadius,2,2,2,2,2,2,2,2
Set 9.5,9,mid,TFTSet9_Stage2,13.23,TFT9_Jinx,Jinx,Fishbones!,NumberOfRockets,5,5,5,5,5,5,5,5
Set 9.5,9,mid,TFTSet9_Stage2,13.23,TFT9_Jinx,Jinx,Fishbones!,PercentAttackDamage,1.5/1.55/1.6,0,1.5,1.55,1.6,0,0,0
Set 9.5,9,mid,TFTSet9_Stage2,13.23,TFT9_Jinx,Jinx,Fishbones!,RocketsPerSimulatedLaunchAttack,2,2,2,2,2,2,2,2
Set 9.5,9,mid,TFTSet9_Stage2,13.23,TFT9_KSante,K'Sante,All Out Strike,CollisionPercent,0.5,0.5,0.5,0.5,0.5,0.5,0.5,0.5
Set 9.5,9,mid,TFTSet9_Stage2,13.23,TFT9_KSante,K'Sante,All Out Strike,Damage,250/400/1000,0,250,400,1000,0,0,0
Set 9.5,9,mid,TFTSet9_Stage2,13.23,TFT9_KSante,K'Sante,All Out Strike,PercentHealthHeal,0.1,0.1,0.1,0.1,0.1,0.1,0.1,0.1
Set 9.5,9,mid,TFTSet9_Stage2,13.23,TFT9_KSante,K'Sante,All Out Strike,SecondaryStunDuration,1/1.25/5,0,1,1.25,5,0,0,0
Set 9.5,9,mid,TFTSet9_Stage2,13.23,TFT9_KSante,K'Sante,All Out Strike,StunDuration,2/2.5/10,0,2,2.5,10,0,0,0
Set 9.5,9,mid,TFTSet9_Stage2,13.23,TFT9_KaiSa,Kai'Sa,Icathian Rain,BaseDamage,80/120/240,0,80,120,240,0,0,0
Set 9.5,9,mid,TFTSet9_Stage2,13.23,TFT9_KaiSa,Kai'Sa,Icathian Rain,NumMissiles,15/15/25,12,15,15,25,20,22,24
Set 9.5,9,mid,TFTSet9_Stage2,13.23,TFT9_KaiSa,Kai'Sa,Icathian Rain,NumTargets,4,4,4,4,4,4,4,4
Set 9.5,9,mid,TFTSet9_Stage2,13.23,TFT9_Karma,Karma,Inner Flame,EmpoweredBursts,3,3,3,3,3,3,3,3
Set 9.5,9,mid,TFTSet9_Stage2,13.23,TFT9_Karma,Karma,Inner Flame,MagicDamage,200/300/470,0,200,300,470,0,0,0
Set 9.5,9,mid,TFTSet9_Stage2,13.23,TFT9_Karma,Karma,Inner Flame,TooltipIoniaBonus,25,25,25,25,25,25,25,25
Set 9.5,9,mid,TFTSet9_Stage2,13.23,TFT9_Kassadin,Kassadin,Force Pulse,Damage,160/240/360,100,160,240,360,300,300,300
Set 9.5,9,mid,TFTSet9_Stage2,13.23,TFT9_Kassadin,Kassadin,Force Pulse,DisarmDuration,1.5/1.75/2,3,1.5,1.75,2,4,3,3
Set 9.5,9,mid,TFTSet9_Stage2,13.23,TFT9_Kassadin,Kassadin,Force Pulse,ShieldAmount,250/300/400,0,250,300,400,0,0,0
Set 9.5,9,mid,TFTSet9_Stage2,13.23,TFT9_Kassadin,Kassadin,Force Pulse,ShieldDuration,4,4,4,4,4,4,4,4
Set 9.5,9,mid,TFTSet9_Stage2,13.23,TFT9_Katarina,Katarina,Voracity,BonusSpellRange,1,1,1,1,1,1,1,1
Set 9.5,9,mid,TFTSet9_Stage2,13.23,TFT9_Katarina,Katarina,Voracity,Damage,145/220/350,0,145,220,350,0,0,0
Set 9.5,9,mid,TFTSet9_Stage2,13.23,TFT9_Katarina,Katarina,Voracity,WoundDuration,6,6,6,6,6,6,6,6
Set 9.5,9,mid,TFTSet9_Stage2,13.23,TFT9_Katarina,Katarina,Voracity,WoundPercent,0.33,0.33,0.33,0.33,0.33,0.33,0.33,0.33
Set 9.5,9,mid,TFTSet9_Stage2,13.23,TFT9_Kayle,Kayle,Divine Ascent,AscensionDamage,30/40/60,0,30,40,60,0,0,0
Set 9.5,9,mid,TFTSet9_Stage2,13.23,TFT9_Kayle,Kayle,Divine Ascent,Damage,30/45/70,0,30,45,70,0,0,0
Set 9.5,9,mid,TFTSet9_Stage2,13.23,TFT9_Kayle,Kayle,Divine Ascent,FirstAscensionLevel,6,6,6,6,6,6,6,6
Set 9.5,9,mid,TFTSet9_Stage2,13.23,TFT9_Kayle,Kayle,Divine Ascent,SecondAscensionLevel,9,9,9,9,9,9,9,9
Set 9.5,9,mid,TFTSet9_Stage2,13.23,TFT9_Kayle,Kayle,Divine Ascent,ShredAmount,20,20,20,20,20,20,20,20
Set 9.5,9,mid,TFTSet9_Stage2,13.23,TFT9_Kayle,Kayle,Divine Ascent,ShredDuration,3,3,3,3,3,3,3,3
Set 9.5,9,mid,TFTSet9_Stage2,13.23,TFT9_Malzahar,Malzahar,Call of the Void,Damage,220/330/500,0,220,330,500,12000,12000,12000
Set 9.5,9,mid,TFTSet9_Stage2,13.23,TFT9_Malzahar,Malzahar,Call of the Void,PercentShieldDestruction,0.5,0.5,0.5,0.5,0.5,0.5,0.5,0.5
Set 9.5,9,mid,TFTSet9_Stage2,13.23,TFT6_MercenaryChest,Mercenary Chest,Mercenary Chest,RoundsToHatch,2,2,2,2,2,2,2,2
Set 9.5,9,mid,TFTSet9_Stage2,13.23,TFT9_Milio,Milio,Ultra Mega Fire Kick!!!,Duration,1.5,1.5,1.5,1.5,1.5,1.5,1.5,1.5
Set 9.5,9,mid,TFTSet9_Stage2,13.23,TFT9_Milio,Milio,Ultra Mega Fire Kick!!!,MagicDamage,220/330/500,0,220,330,500,240,240,240
Set 9.5,9,mid,TFTSet9_Stage2,13.23,TFT9_Milio,Milio,Ultra Mega Fire Kick!!!,MagicDamageAOE,180/270/400,0,180,270,400,160,160,160
Set 9.5,9,mid,TFTSet9_Stage2,13.23,TFT9_Milio,Milio,Ultra Mega Fire Kick!!!,SplashDamage,90/140/200,0,90,140,200,0,0,0
Set 9.5,9,mid,TFTSet9_Stage2,13.23,TFT9_MissFortune,Miss Fortune,X Marks the Spot,MagicDamage,240/360/580,0,240,360,580,0,0,0
Set 9.5,9,mid,TFTSet9_Stage2,13.23,TFT9_MissFortune,Miss Fortune,X Marks the Spot,ShieldReaveDuration,5,0,5,5,5,5,5,5
Set 9.5,9,mid,TFTSet9_Stage2,13.23,TFT9_MissFortune,Miss Fortune,X Marks the Spot,ShieldReavePercent,0.35,0,0.35,0.35,0.35,0.35,0.35,0.35
Set 9.5,9,mid,TFTSet9_Stage2,13.23,TFT9_Mordekaiser,Mordekaiser,God of Death,BonusDamage,100/150/375,100,100,150,375,500,600,700
Set 9.5,9,mid,TFTSet9_Stage2,13.23,TFT9_Mordekaiser,Mordekaiser,God of Death,Duration,5,5,5,5,5,5,5,5
Set 9.5,9,mid,TFTSet9_Stage2,13.23,TFT9_Mordekaiser,Mordekaiser,God of Death,PercentHealthShield,0.4,0.4,0.4,0.4,0.4,0.4,0.4,0.4
Set 9.5,9,mid,TFTSet9_Stage2,13.23,TFT9_Mordekaiser,Mordekaiser,God of Death,PercentStatSteal,0.06/0.06/0.15,0.1,0.06,0.06,0.15,0.1,0.1,0.1
Set 9.5,9,mid,TFTSet9_Stage2,13.23,TFT9_Mordekaiser,Mordekaiser,God of Death,RealmBonusDamage,250/375/900,100,250,375,900,100,100,100
Set 9.5,9,mid,TFTSet9_Stage2,13.23,TFT9_Naafiri,Naafiri,Eviscerate,ADRatio,1.75/1.75/1.8,1.2,1.75,1.75,1.8,1.2,1.2,1.2
Set 9.5,9,mid,TFTSet9_Stage2,13.23,TFT9_Naafiri,Naafiri,Eviscerate,DaggerOmnivamp,0.15,0.15,0.15,0.15,0.15,0.15,0.15,0.15
Set 9.5,9,mid,TFTSet9_Stage2,13.23,TFT9_Naafiri,Naafiri,Eviscerate,NumPackmates,2/3/4,0,2,3,4,0,0,0
Set 9.5,9,mid,TFTSet9_Stage2,13.23,TFT9_Naafiri,Naafiri,Eviscerate,PackmateHealing,75,75,75,75,75,75,75,75
Set 9.5,9,mid,TFTSet9_Stage2,13.23,TFT9_Naafiri,Naafiri,Eviscerate,TotalPackmateADRatio,1.9/1.95/2,1.8,1.9,1.95,2,1.8,1.8,1.8
Set 9.5,9,mid,TFTSet9_Stage2,13.23,TFT9_Nasus,Nasus,Soul Eater,Duration,8,8,8,8,8,8,8,8
Set 9.5,9,mid,TFTSet9_Stage2,13.23,TFT9_Nasus,Nasus,Soul Eater,EmpoweredDamagePct,3.8/3.8/7,3.5,3.8,3.8,7,3.5,3.5,3.5
Set 9.5,9,mid,TFTSet9_Stage2,13.23,TFT9_Nasus,Nasus,Soul Eater,FlatResistanceSteal,4/4/20,3,4,4,20,7,8,9
Set 9.5,9,mid,TFTSet9_Stage2,13.23,TFT9_Nasus,Nasus,Soul Eater,NumEnemies,4/5/7,3,4,5,7,7,8,9
Set 9.5,9,mid,TFTSet9_Stage2,13.23,TFT9_Nasus,Nasus,Soul Eater,PercentADSteal,0.08,0.08,0.08,0.08,0.08,0.08,0.08,0.08
Set 9.5,9,mid,TFTSet9_Stage2,13.23,TFT9_Nasus,Nasus,Soul Eater,PercentHealthSteal,0.04/0.04/0.15,0.1,0.04,0.04,0.15,0.1,0.1,0.1
Set 9.5,9,mid,TFTSet9_Stage2,13.23,TFT9_Nautilus,Nautilus,Riptide,Damage,150/225/360,0,150,225,360,600,750,900
Set 9.5,9,mid,TFTSet9_Stage2,13.23,TFT9_Nautilus,Nautilus,Riptide,StatAmp,0.4,0.4,0.4,0.4,0.4,0.4,0.4,0.4
Set 9.5,9,mid,TFTSet9_Stage2,13.23,TFT9_Nautilus,Nautilus,Riptide,StunDuration,1.5/1.5/2,1,1.5,1.5,2,1,1,1
Set 9.5,9,mid,TFTSet9_Stage2,13.23,TFT9_Neeko,Neeko,Pop Blossom,Damage,300/450/700,50,300,450,700,250,300,350
Set 9.5,9,mid,TFTSet9_Stage2,13.23,TFT9_Neeko,Neeko,Pop Blossom,Shield,250/325/425,0,250,325,425,0,0,0
Set 9.5,9,mid,TFTSet9_Stage2,13.23,TFT9_Neeko,Neeko,Pop Blossom,ShieldDuration,3,3,3,3,3,3,3,3
Set 9.5,9,mid,TFTSet9_Stage2,13.23,TFT9_Nilah,Nilah,Formless Blade,AttackSpeed,0.18/0.18/0.4,0.2,0.18,0.18,0.4,0.2,0.2,0.2
Set 9.5,9,mid,TFTSet9_Stage2,13.23,TFT9_Nilah,Nilah,Formless Blade,CleaveDamage,0.55/0.55/1,75,0.55,0.55,1,0.5,0.5,0.5
Set 9.5,9,mid,TFTSet9_Stage2,13.23,TFT9_Nilah,Nilah,Formless Blade,CleaveTargets,2,2,2,2,2,2,2,2
Set 9.5,9,mid,TFTSet9_Stage2,13.23,TFT9_Nilah,Nilah,Formless Blade,DashRange,3,3,3,3,3,3,3,3
Set 9.5,9,mid,TFTSet9_Stage2,13.23,TFT9_Nilah,Nilah,Formless Blade,EmpoweredLineDamage,1.7/1.75/3.75,1.5,1.7,1.75,3.75,1.5,1.5,1.5
Set 9.5,9,mid,TFTSet9_Stage2,13.23,TFT9_Nilah,Nilah,Formless Blade,ShieldAmount,250/375/700,0,250,375,700,0,0,0
Set 9.5,9,mid,TFTSet9_Stage2,13.23,TFT9_Nilah,Nilah,Formless Blade,ShieldDuration,3,3,3,3,3,3,3,3
Set 9.5,9,mid,TFTSet9_Stage2,13.23,TFT9_Orianna,Orianna,Command: Protect,MagicDamage,290/435/650,50,290,435,650,250,300,350
Set 9.5,9,mid,TFTSet9_Stage2,13.23,TFT9_Orianna,Orianna,Command: Protect,ShieldDuration,4,4,4,4,4,4,4,4
Set 9.5,9,mid,TFTSet9_Stage2,13.23,TFT9_Orianna,Orianna,Command: Protect,ShieldHealth,200/225/275,200,200,225,275,300,325,350
Set 9.5,9,mid,TFTSet9_Stage2,13.23,TFT9_Poppy,Poppy,Steadfast Hammer,CollisionDamagePercent,15,15,15,15,15,15,15,15
Set 9.5,9,mid,TFTSet9_Stage2,13.23,TFT9_Poppy,Poppy,Steadfast Hammer,Damage,160/240/360,0,160,240,360,360,0,0
Set 9.5,9,mid,TFTSet9_Stage2,13.23,TFT9_Poppy,Poppy,Steadfast Hammer,HexRadius,0,0,0,0,0,1,0,0
Set 9.5,9,mid,TFTSet9_Stage2,13.23,TFT9_Poppy,Poppy,Steadfast Hammer,PercentHealthDamage,33,33,33,33,33,33,33,33
Set 9.5,9,mid,TFTSet9_Stage2,13.23,TFT9_Poppy,Poppy,Steadfast Hammer,ShieldAmount,250/325/400,120,250,325,400,350,400,400
Set 9.5,9,mid,TFTSet9_Stage2,13.23,TFT9_Poppy,Poppy,Steadfast Hammer,ShieldDuration,4,4,4,4,4,4,4,4
Set 9.5,9,mid,TFTSet9_Stage2,13.23,TFT9_Poppy,Poppy,Steadfast Hammer,StunDuration,0.25,0.25,0.25,0.25,0.25,0.25,0.25,0.25
Set 9.5,9,mid,TFTSet9_Stage2,13.23,TFT9_Qiyana,Qiyana,Supreme Display of Talent,AbilityScaleDamage,40/60/90,0,40,60,90,0,0,0
Set 9.5,9,mid,TFTSet9_Stage2,13.23,TFT9_Qiyana,Qiyana,Supreme Display of Talent,BaseDamage,2.55/2.55/2.7,0,2.55,2.55,2.7,3,3,3
Set 9.5,9,mid,TFTSet9_Stage2,13.23,TFT9_Qiyana,Qiyana,Supreme Display of Talent,PrimaryStunDuration,1.5,1.5,1.5,1.5,1.5,1.5,1.5,1.5
Set 9.5,9,mid,TFTSet9_Stage2,13.23,TFT9_Qiyana,Qiyana,Supreme Display of Talent,SecondaryStunDuration,0.5,0.5,0.5,0.5,0.5,0.5,0.5,0.5
Set 9.5,9,mid,TFTSet9_Stage2,13.23,TFT9_Quinn,Quinn,Skystrike,AmpDamage,0.1,0.1,0.1,0.1,0.1,0.1,0.1,0.1
Set 9.5,9,mid,TFTSet9_Stage2,13.23,TFT9_Quinn,Quinn,Skystrike,Duration,4,4,4,4,4,4,4,4
Set 9.5,9,mid,TFTSet9_Stage2,13.23,TFT9_Quinn,Quinn,Skystrike,PercentAD,5.5/5.55/5.65,6,5.5,5.55,5.65,6,6,6
Set 9.5,9,mid,TFTSet9_Stage2,13.23,TFT9_RekSai,Rek'Sai,Furious Bite,HealthThreshold,0.66,0.66,0.66,0.66,0.66,0.66,0.66,0.66
Set 9.5,9,mid,TFTSet9_Stage2,13.23,TFT9_RekSai,Rek'Sai,Furious Bite,PercentMaxHealthHeal,0.1,0.1,0.1,0.1,0.1,0.1,0.1,0.1
Set 9.5,9,mid,TFTSet9_Stage2,13.23,TFT9_RekSai,Rek'Sai,Furious Bite,PercentOfAD,2.5/2.5/2.55,2.65,2.5,2.5,2.55,2.65,2.65,2.65
Set 9.5,9,mid,TFTSet9_Stage2,13.23,TFT9_RekSai,Rek'Sai,Furious Bite,PercentOfADMark,2.4/2.4/2.5,1.35,2.4,2.4,2.5,1.5,2,2
Set 9.5,9,mid,TFTSet9_Stage2,13.23,TFT9_Renekton,Renekton,Cull the Meek,Damage,180/270/400,25,180,270,400,525,650,775
Set 9.5,9,mid,TFTSet9_Stage2,13.23,TFT9_Renekton,Renekton,Cull the Meek,HexRadius,1,1,1,1,1,1,1,1
Set 9.5,9,mid,TFTSet9_Stage2,13.23,TFT9_Renekton,Renekton,Cull the Meek,InitialHeal,220/270/320,170,220,270,320,370,420,470
Set 9.5,9,mid,TFTSet9_Stage2,13.23,TFT9_Renekton,Renekton,Cull the Meek,KickerHeal,30,30,30,30,30,30,30,30
Set 9.5,9,mid,TFTSet9_Stage2,13.23,TFT9_RiftHerald,Rift Herald,Void Charge,MagicDamage,240,240,240,240,240,240,240,240
Set 9.5,9,mid,TFTSet9_Stage2,13.23,TFT9_RiftHerald,Rift Herald,Void Charge,StunDuration,2,2,2,2,2,2,2,2
Set 9.5,9,mid,TFTSet9_Stage2,13.23,TFT9_RyzePiltover,Ryze,Realm Warp: Piltover,AreaDuration,5/5/10,4,5,5,10,4,4,4
Set 9.5,9,mid,TFTSet9_Stage2,13.23,TFT9_RyzeIxtal,Ryze,Realm Warp: Ixtal,ArmorScalar,2/3/15,1.5,2,3,15,1.5,1.5,1.5
Set 9.5,9,mid,TFTSet9_Stage2,13.23,TFT9_RyzeFreljord,Ryze,Realm Warp: Freljord,AttackSpeedSlow,0.3,0.3,0.3,0.3,0.3,0.3,0.3,0.3
Set 9.5,9,mid,TFTSet9_Stage2,13.23,TFT9_RyzeIxtal,Ryze,Realm Warp: Ixtal,BarkskinDuration,4,4,4,4,4,4,4,4
Set 9.5,9,mid,TFTSet9_Stage2,13.23,TFT9_RyzeIxtal,Ryze,Realm Warp: Ixtal,BarskinDefenceScalar,1,1,1,1,1,1,1,1
Set 9.5,9,mid,TFTSet9_Stage2,13.23,TFT9_RyzeBilgewater,Ryze,Realm Warp: Bilgewater,BaseGoldPercent,0.1/0.2/1,0.1,0.1,0.2,1,1,1,1
Set 9.5,9,mid,TFTSet9_Stage2,13.23,TFT9_RyzeBilgewater,Ryze,Realm Warp: Bilgewater,BaseLootPercent,0.05/0.1/1,0.05,0.05,0.1,1,1,1,1
Set 9.5,9,mid,TFTSet9_Stage2,13.23,TFT9_RyzeBandleCity,Ryze,Realm Warp: Bandle City,BaseStarLevelSummon,1/1/3,0,1,1,3,0,0,0
Set 9.5,9,mid,TFTSet9_Stage2,13.23,TFT9_RyzeIonia,Ryze,Realm Warp: Ionia,BonusAttackSpeed,0.3/0.4/3,0.3,0.3,0.4,3,0.8,0.9,1
Set 9.5,9,mid,TFTSet9_Stage2,13.23,TFT9_RyzeBandleCity,Ryze,Realm Warp: Bandle City,BonusMana,25/70/200,0,25,70,200,160,200,240
Set 9.5,9,mid,TFTSet9_Stage2,13.23,TFT9_RyzeZaun,Ryze,Realm Warp: Zaun,Breakpoint1BonusPortals,1,1,1,1,1,1,1,1
Set 9.5,9,mid,TFTSet9_Stage2,13.23,TFT9_RyzeZaun,Ryze,Realm Warp: Zaun,Breakpoint1Gold,25,25,25,25,25,25,25,25
Set 9.5,9,mid,TFTSet9_Stage2,13.23,TFT9_RyzeZaun,Ryze,Realm Warp: Zaun,Breakpoint2BonusPortalsPerGold,1,1,1,1,1,1,1,1
Set 9.5,9,mid,TFTSet9_Stage2,13.23,TFT9_RyzeZaun,Ryze,Realm Warp: Zaun,Breakpoint2Gold,50,50,50,50,50,50,50,50
Set 9.5,9,mid,TFTSet9_Stage2,13.23,TFT9_RyzeIonia,Ryze,Realm Warp: Ionia,BuffDuration,6,6,6,6,6,6,6,6
Set 9.5,9,mid,TFTSet9_Stage2,13.23,TFT9_RyzeShurima,Ryze,Realm Warp: Shurima,ChanceToSpawnGold,0.35/0.5/1,0.25,0.35,0.5,1,0.25,0.25,0.25
Set 9.5,9,mid,TFTSet9_Stage2,13.23,TFT9_RyzeShurima,Ryze,Realm Warp: Shurima,ChanceToSpawnItem,0.05/0.1/0.5,0.25,0.05,0.1,0.5,0.25,0.25,0.25
Set 9.5,9,mid,TFTSet9_Stage2,13.23,TFT9_RyzeDemacia,Ryze,Realm Warp: Demacia,Damage,300/450/2000,125,300,450,2000,625,750,875
Set 9.5,9,mid,TFTSet9_Stage2,13.23,TFT9_RyzeFreljord,Ryze,Realm Warp: Freljord,Damage,300/450/3500,0,300,450,3500,0,0,0
Set 9.5,9,mid,TFTSet9_Stage2,13.23,TFT9_RyzeIonia,Ryze,Realm Warp: Ionia,Damage,175/275/1500,150,175,275,1500,0,0,0
Set 9.5,9,mid,TFTSet9_Stage2,13.23,TFT9_RyzePiltover,Ryze,Realm Warp: Piltover,Damage,275/425/3000,0.2,275,425,3000,0.6,0.7,0.8
Set 9.5,9,mid,TFTSet9_Stage2,13.23,TFT9_RyzeShurima,Ryze,Realm Warp: Shurima,Damage,175/275/2500,0,175,275,2500,0,0,0
Set 9.5,9,mid,TFTSet9_Stage2,13.23,TFT9_RyzeZaun,Ryze,Realm Warp: Zaun,Damage,125/230/2006,100,125,230,2006,500,600,700
Set 9.5,9,mid,TFTSet9_Stage2,13.23,TFT9_RyzeBilgewater,Ryze,Realm Warp: Bilgewater,Damage,350/525/7777,0,350,525,7777,0,0,0
Set 9.5,9,mid,TFTSet9_Stage2,13.23,TFT9_RyzeNoxus,Ryze,Realm Warp: Noxus,DamageAmp,0.1,0.1,0.1,0.1,0.1,0.1,0.1,0.1
Set 9.5,9,mid,TFTSet9_Stage2,13.23,TFT9_RyzeTargon,Ryze,Realm Warp: Targon,DamageHexRadius,2/2/4,2,2,2,4,2,2,2
Set 9.5,9,mid,TFTSet9_Stage2,13.23,TFT9_RyzeZaun,Ryze,Realm Warp: Zaun,DebuffDuration,6,6,6,6,6,6,6,6
Set 9.5,9,mid,TFTSet9_Stage2,13.23,TFT9_RyzeBandleCity,Ryze,Realm Warp: Bandle City,FiveCostSummonOdds,0.3/0.7/1,0,0.3,0.7,1,0,0,0
Set 9.5,9,mid,TFTSet9_Stage2,13.23,TFT9_RyzeBandleCity,Ryze,Realm Warp: Bandle City,FourCostSummonOdds,0.4/0.3/0,0,0.4,0.3,0,0,0,0
Set 9.5,9,mid,TFTSet9_Stage2,13.23,TFT9_RyzeZaun,Ryze,Realm Warp: Zaun,GoldPerPortal,20,20,20,20,20,20,20,20
Set 9.5,9,mid,TFTSet9_Stage2,13.23,TFT9_RyzeDemacia,Ryze,Realm Warp: Demacia,Heal,250/375/9999,0,250,375,9999,0,0,0
Set 9.5,9,mid,TFTSet9_Stage2,13.23,TFT9_RyzeIonia,Ryze,Realm Warp: Ionia,Heal,400/500/3000,200,400,500,3000,1000,1200,1400
Set 9.5,9,mid,TFTSet9_Stage2,13.23,TFT9_RyzeBilgewater,Ryze,Realm Warp: Bilgewater,KillGoldPercent,0.2/0.4/1,0.2,0.2,0.4,1,1,1,1
Set 9.5,9,mid,TFTSet9_Stage2,13.23,TFT9_RyzeBilgewater,Ryze,Realm Warp: Bilgewater,KillLootPercent,0.1/0.2/1,0.1,0.1,0.2,1,1,1,1
Set 9.5,9,mid,TFTSet9_Stage2,13.23,TFT9_RyzeTargon,Ryze,Realm Warp: Targon,KnockUpRadius,1/1/2,1,1,1,2,1,1,1
Set 9.5,9,mid,TFTSet9_Stage2,13.23,TFT9_RyzeShurima,Ryze,Realm Warp: Shurima,KnockupDuration,1/1.25/3,0.75,1,1.25,3,1.75,2,2.25
Set 9.5,9,mid,TFTSet9_Stage2,13.23,TFT9_RyzeIxtal,Ryze,Realm Warp: Ixtal,MRScalar,2/3/15,1.5,2,3,15,1.5,1.5,1.5
Set 9.5,9,mid,TFTSet9_Stage2,13.23,TFT9_RyzeNoxus,Ryze,Realm Warp: Noxus,MagicDamage,150/225/2000,200,150,225,2000,400,450,500
Set 9.5,9,mid,TFTSet9_Stage2,13.23,TFT9_RyzeShurima,Ryze,Realm Warp: Shurima,MaxGold,4,4,4,4,4,4,4,4
Set 9.5,9,mid,TFTSet9_Stage2,13.23,TFT9_RyzeBilgewater,Ryze,Realm Warp: Bilgewater,MaxGold,4,4,4,4,4,4,4,4
Set 9.5,9,mid,TFTSet9_Stage2,13.23,TFT9_RyzeShurima,Ryze,Realm Warp: Shurima,MinGold,1,1,1,1,1,1,1,1
Set 9.5,9,mid,TFTSet9_Stage2,13.23,TFT9_RyzeBilgewater,Ryze,Realm Warp: Bilgewater,MinGold,1,1,1,1,1,1,1,1
Set 9.5,9,mid,TFTSet9_Stage2,13.23,TFT9_RyzeShadowIsles,Ryze,Realm Warp: Shadow Isles,NumAllies,1/1/10,1,1,1,10,5,6,7
Set 9.5,9,mid,TFTSet9_Stage2,13.23,TFT9_RyzeNoxus,Ryze,Realm Warp: Noxus,NumAxes,5/5/15,3,5,5,15,7,8,9
Set 9.5,9,mid,TFTSet9_Stage2,13.23,TFT9_RyzeNoxus,Ryze,Realm Warp: Noxus,NumItems,3/4/10,2,3,4,10,6,7,8
Set 9.5,9,mid,TFTSet9_Stage2,13.23,TFT9_RyzeZaun,Ryze,Realm Warp: Zaun,NumPortals,5/8/25,1,5,8,25,5,6,7
Set 9.5,9,mid,TFTSet9_Stage2,13.23,TFT9_RyzeIonia,Ryze,Realm Warp: Ionia,NumUnits,5/7/20,5,5,7,20,9,10,11
Set 9.5,9,mid,TFTSet9_Stage2,13.23,TFT9_RyzeShurima,Ryze,Realm Warp: Shurima,NumberOfLootRolls,3,3,3,3,3,3,3,3
Set 9.5,9,mid,TFTSet9_Stage2,13.23,TFT9_RyzeBilgewater,Ryze,Realm Warp: Bilgewater,PerGoldScalar,2,2,2,2,2,2,2,2
Set 9.5,9,mid,TFTSet9_Stage2,13.23,TFT9_RyzeShadowIsles,Ryze,Realm Warp: Shadow Isles,PercentHealthOnReturn,0.4/0.8/3,0,0.4,0.8,3,0,0,0
Set 9.5,9,mid,TFTSet9_Stage2,13.23,TFT9_RyzeTargon,Ryze,Realm Warp: Targon,PercentMaxHealth,0.18/0.3/1,0.2,0.18,0.3,1,0.6,0.7,0.8
Set 9.5,9,mid,TFTSet9_Stage2,13.23,TFT9_RyzeBilgewater,Ryze,Realm Warp: Bilgewater,PercentScalar,0.02,0.02,0.02,0.02,0.02,0.02,0.02,0.02
Set 9.5,9,mid,TFTSet9_Stage2,13.23,TFT9_RyzePiltover,Ryze,Realm Warp: Piltover,PercentSharedDamage,0.3/0.3/5,0.15,0.3,0.3,5,0.35,0.4,0.45
Set 9.5,9,mid,TFTSet9_Stage2,13.23,TFT9_RyzeDemacia,Ryze,Realm Warp: Demacia,PortalDuration,2/2/5,2,2,2,5,2,2,2
Set 9.5,9,mid,TFTSet9_Stage2,13.23,TFT9_RyzeFreljord,Ryze,Realm Warp: Freljord,PortalDuration,2,2,2,2,2,2,2,2
Set 9.5,9,mid,TFTSet9_Stage2,13.23,TFT9_RyzeDemacia,Ryze,Realm Warp: Demacia,Shield,600/900/9999,300,600,900,9999,1500,1800,2100
Set 9.5,9,mid,TFTSet9_Stage2,13.23,TFT9_RyzeZaun,Ryze,Realm Warp: Zaun,SplashDamagePercent,0.5,0.5,0.5,0.5,0.5,0.5,0.5,0.5
Set 9.5,9,mid,TFTSet9_Stage2,13.23,TFT9_RyzeIonia,Ryze,Realm Warp: Ionia,StunDuration,2/2.5/20,1.5,2,2.5,20,3.5,4,4.5
Set 9.5,9,mid,TFTSet9_Stage2,13.23,TFT9_RyzeTargon,Ryze,Realm Warp: Targon,StunDuration,0.1,0.1,0.1,0.1,0.1,0.1,0.1,0.1
Set 9.5,9,mid,TFTSet9_Stage2,13.23,TFT9_RyzeIxtal,Ryze,Realm Warp: Ixtal,StunDuration,2/2.5/10,2,2,2.5,10,2,2,2
Set 9.5,9,mid,TFTSet9_Stage2,13.23,TFT9_RyzeTargon,Ryze,Realm Warp: Targon,ThreeStarStarfallDamage,0/0/999,0,0,0,999,0,0,0
Set 9.5,9,mid,TFTSet9_Stage2,13.23,TFT9_RyzeZaun,Ryze,Realm Warp: Zaun,TooltipShredPercent,30,30,30,30,30,30,30,30
Set 9.5,9,mid,TFTSet9_Stage2,13.23,TFT9_Samira,Samira,Flair,ADPercent,1.9/1.9/2,2.1,1.9,1.9,2,2.1,2.1,2.1
Set 9.5,9,mid,TFTSet9_Stage2,13.23,TFT9_Samira,Samira,Flair,ArmorShred,10/15/20,0,10,15,20,20,25,30
Set 9.5,9,mid,TFTSet9_Stage2,13.23,TFT9_Sejuani,Sejuani,Fury of the North,ChillDuration,4,4,4,4,4,4,4,4
Set 9.5,9,mid,TFTSet9_Stage2,13.23,TFT9_Sejuani,Sejuani,Fury of the North,Damage,160/240/1200,0,160,240,1200,0,0,0
Set 9.5,9,mid,TFTSet9_Stage2,13.23,TFT9_Sejuani,Sejuani,Fury of the North,PercentHealth,0.01/0.01/0.1,0.01,0.01,0.01,0.1,0.02,0.02,0.02
Set 9.5,9,mid,TFTSet9_Stage2,13.23,TFT9_Sejuani,Sejuani,Fury of the North,Shield,600/700/2000,0,600,700,2000,0,0,0
Set 9.5,9,mid,TFTSet9_Stage2,13.23,TFT9_Sejuani,Sejuani,Fury of the North,ShieldDuration,4,4,4,4,4,4,4,4
Set 9.5,9,mid,TFTSet9_Stage2,13.23,TFT9_Sett,Sett,Facebreaker,Damage,180/270/420,0,180,270,420,2,2,2
Set 9.5,9,mid,TFTSet9_Stage2,13.23,TFT9_Sett,Sett,Facebreaker,SoloBonus,0.5,0.5,0.5,0.5,0.5,0.5,0.5,0.5
Set 9.5,9,mid,TFTSet9_Stage2,13.23,TFT9_Sett,Sett,Facebreaker,StunDuration,1.25/1.5/2,1,1.25,1.5,2,3,3.5,4
Set 9.5,9,mid,TFTSet9_Stage2,13.23,TFT9_Sett,Sett,Facebreaker,TooltipIoniaBonus,180,180,180,180,180,180,180,180
Set 9.5,9,mid,TFTSet9_Stage2,13.23,TFT9_Shen,Shen,Ki Barrier,AllyShieldAmount,225/275/1500,0,225,275,1500,0,0,0
Set 9.5,9,mid,TFTSet9_Stage2,13.23,TFT9_Shen,Shen,Ki Barrier,ChillAmount,40,40,40,40,40,40,40,40
Set 9.5,9,mid,TFTSet9_Stage2,13.23,TFT9_Shen,Shen,Ki Barrier,ChillDuration,3,3,3,3,3,3,3,3
Set 9.5,9,mid,TFTSet9_Stage2,13.23,TFT9_Shen,Shen,Ki Barrier,MagicDamage,240/360/2500,0,240,360,2500,0,0,0
Set 9.5,9,mid,TFTSet9_Stage2,13.23,TFT9_Shen,Shen,Ki Barrier,SelfShieldAmount,350/450/2000,0,350,450,2000,0,0,0
Set 9.5,9,mid,TFTSet9_Stage2,13.23,TFT9_Shen,Shen,Ki Barrier,ShieldDuration,4,4,4,4,4,4,4,4
Set 9.5,9,mid,TFTSet9_Stage2,13.23,TFT9_Shen,Shen,Ki Barrier,TooltipIoniaBonus,8,8,8,8,8,8,8,8
Set 9.5,9,mid,TFTSet9_Stage2,13.23,TFT9_Silco,Silco,Undercity Tactics,HealPerSec,20/25/120,0,20,25,120,0,0,0
Set 9.5,9,mid,TFTSet9_Stage2,13.23,TFT9_Silco,Silco,Undercity Tactics,ShimmerDamagePerSec,65/100/400,0,65,100,400,0,0,0
Set 9.5,9,mid,TFTSet9_Stage2,13.23,TFT9_Silco,Silco,Undercity Tactics,ShimmerDuration,6/6/10,0,6,6,10,0,0,0
Set 9.5,9,mid,TFTSet9_Stage2,13.23,TFT9_Sion,Sion,Glory in Death,ADPercent,2.25/2.35/5,0,2.25,2.35,5,0,0,0
Set 9.5,9,mid,TFTSet9_Stage2,13.23,TFT9_Sion,Sion,Glory in Death,AttackSpeedPct,1.5/1.5/10,1.5,1.5,1.5,10,1.5,1.5,1.5
Set 9.5,9,mid,TFTSet9_Stage2,13.23,TFT9_Sion,Sion,Glory in Death,DashRangeBonus,3,3,3,3,3,3,3,3
Set 9.5,9,mid,TFTSet9_Stage2,13.23,TFT9_Sion,Sion,Glory in Death,DecayHealthPct,0.2/0.13/0,0,0.2,0.13,0,0,0,0
Set 9.5,9,mid,TFTSet9_Stage2,13.23,TFT9_Sion,Sion,Glory in Death,MoveSpeed,400/400/800,400,400,400,800,400,400,400
Set 9.5,9,mid,TFTSet9_Stage2,13.23,TFT9_Sion,Sion,Glory in Death,ReviveHealthPct,1,1,1,1,1,1,1,1
Set 9.5,9,mid,TFTSet9_Stage2,13.23,TFT9_Sion,Sion,Glory in Death,StunDuration,1.25/1.5/15,0,1.25,1.5,15,0,0,0
Set 9.5,9,mid,TFTSet9_Stage2,13.23,TFT9_Sion,Sion,Glory in Death,ThreeStarBonusAD,0/0/4,0,0,0,4,0,0,0
Set 9.5,9,mid,TFTSet9_Stage2,13.23,TFT9_Sona,Sona,Crescendo,AttackSpeed,20/25/35,0,20,25,35,0,0,0
Set 9.5,9,mid,TFTSet9_Stage2,13.23,TFT9_Sona,Sona,Crescendo,FalloffPercent,0.33,0.33,0.33,0.33,0.33,0.33,0.33,0.33
Set 9.5,9,mid,TFTSet9_Stage2,13.23,TFT9_Sona,Sona,Crescendo,MagicDamage,170/255/420,0,170,255,420,0,0,0
Set 9.5,9,mid,TFTSet9_Stage2,13.23,TFT9_Soraka,Soraka,Astral Infusion,Duration,5,5,5,5,5,5,5,5
Set 9.5,9,mid,TFTSet9_Stage2,13.23,TFT9_Soraka,Soraka,Astral Infusion,EmpoweredHealPercent,0.33,0.33,0.33,0.33,0.33,0.33,0.33,0.33
Set 9.5,9,mid,TFTSet9_Stage2,13.23,TFT9_Soraka,Soraka,Astral Infusion,EmpoweredHealThreshold,0.5,0.5,0.5,0.5,0.5,0.5,0.5,0.5
Set 9.5,9,mid,TFTSet9_Stage2,13.23,TFT9_Soraka,Soraka,Astral Infusion,Heal,140/160/180,0,140,160,180,0,0,0
Set 9.5,9,mid,TFTSet9_Stage2,13.23,TFT9_Soraka,Soraka,Astral Infusion,MagicDamage,120/180/280,60,120,180,280,60,60,60
Set 9.5,9,mid,TFTSet9_Stage2,13.23,TFT9_Soraka,Soraka,Astral Infusion,NumberOfStars,5,5,5,5,5,5,5,5
Set 9.5,9,mid,TFTSet9_Stage2,13.23,TFT_ArmoryKeySupport,Support item anvil,Support item anvil,RoundsToHatch,2,2,2,2,2,2,2,2
Set 9.5,9,mid,TFTSet9_Stage2,13.23,TFT9_Swain,Swain,Demonflare,BonusMaxHealth,325/375/550,200,325,375,550,500,575,650
Set 9.5,9,mid,TFTSet9_Stage2,13.23,TFT9_Swain,Swain,Demonflare,BuffDuration,5,5,5,5,5,5,5,5
Set 9.5,9,mid,TFTSet9_Stage2,13.23,TFT9_Swain,Swain,Demonflare,DamagePerTick,25/40/60,0,25,40,60,160,200,240
Set 9.5,9,mid,TFTSet9_Stage2,13.23,TFT9_Swain,Swain,Demonflare,SecondaryBonusMaxHealth,225/260/385,200,225,260,385,200,200,200
Set 9.5,9,mid,TFTSet9_Stage2,13.23,TFT9_Swain,Swain,Demonflare,SecondaryDamage,100/160/300,20,100,160,300,20,20,20
Set 9.5,9,mid,TFTSet9_Stage2,13.23,TFT9_THex,T-Hex,Powering Up,FlameBreathDamage,325,325,325,325,325,325,325,325
Set 9.5,9,mid,TFTSet9_Stage2,13.23,TFT9_THex,T-Hex,Powering Up,FlameBreathDuration,3,3,3,3,3,3,3,3
Set 9.5,9,mid,TFTSet9_Stage2,13.23,TFT9_THex,T-Hex,Powering Up,LingerDuration,1.5,1.5,1.5,1.5,1.5,1.5,1.5,1.5
Set 9.5,9,mid,TFTSet9_Stage2,13.23,TFT9_Taliyah,Taliyah,Seismic Shove,BoulderDamage,120/180/270,100,120,180,270,100,100,100
Set 9.5,9,mid,TFTSet9_Stage2,13.23,TFT9_Taliyah,Taliyah,Seismic Shove,KnockupDuration,2,1,2,2,2,1,1,1
Set 9.5,9,mid,TFTSet9_Stage2,13.23,TFT9_Taliyah,Taliyah,Seismic Shove,SpellDamage,220/330/495,100,220,330,495,100,100,100
Set 9.5,9,mid,TFTSet9_Stage2,13.23,TFT9_Taric,Taric,Radiance,Duration,4,4,4,4,4,4,4,4
Set 9.5,9,mid,TFTSet9_Stage2,13.23,TFT9_Taric,Taric,Radiance,RedirectPercent,0.5,0.5,0.5,0.5,0.5,0.5,0.5,0.5
Set 9.5,9,mid,TFTSet9_Stage2,13.23,TFT9_Taric,Taric,Radiance,ShieldAmount,500/580/680,0,500,580,680,0,0,0
Set 9.5,9,mid,TFTSet9_Stage2,13.23,TFT5_EmblemArmoryKey,Tome of Traits,Tome of Traits,RoundsToHatch,2,2,2,2,2,2,2,2
Set 9.5,9,mid,TFTSet9_Stage2,13.23,TFT9_TwistedFate,Twisted Fate,Stacked Deck,Delay,1.25,1.25,1.25,1.25,1.25,1.25,1.25,1.25
Set 9.5,9,mid,TFTSet9_Stage2,13.23,TFT9_TwistedFate,Twisted Fate,Stacked Deck,DelayedMagicDamage,155/235/380,175,155,235,380,175,175,175
Set 9.5,9,mid,TFTSet9_Stage2,13.23,TFT9_TwistedFate,Twisted Fate,Stacked Deck,InitialMagicDamage,155/235/355,175,155,235,355,335,375,415
Set 9.5,9,mid,TFTSet9_Stage2,13.23,TFT9_VelKoz,Vel'Koz,Plasma Fission,FalloffPercent,0.5,0.5,0.5,0.5,0.5,0.5,0.5,0.5
Set 9.5,9,mid,TFTSet9_Stage2,13.23,TFT9_VelKoz,Vel'Koz,Plasma Fission,MagicDamage,220/330/550,0,220,330,550,0,0,0
Set 9.5,9,mid,TFTSet9_Stage2,13.23,TFT9_Vi,Vi,Blast Shield,ADPercent,3,3,3,3,3,3,3,3
Set 9.5,9,mid,TFTSet9_Stage2,13.23,TFT9_Vi,Vi,Blast Shield,ArmorShredDuration,4,4,4,4,4,4,4,4
Set 9.5,9,mid,TFTSet9_Stage2,13.23,TFT9_Vi,Vi,Blast Shield,ArmorShredPercent,0.2,0.2,0.2,0.2,0.2,0.2,0.2,0.2
Set 9.5,9,mid,TFTSet9_Stage2,13.23,TFT9_Vi,Vi,Blast Shield,ShieldAmount,350/400/450,0,350,400,450,0,0,0
Set 9.5,9,mid,TFTSet9_Stage2,13.23,TFT9_Vi,Vi,Blast Shield,ShieldDuration,4,4,4,4,4,4,4,4
Set 9.5,9,mid,TFTSet9_Stage2,13.23,TFT9_VoidRemora,Void Remora,Void Shield,Damage,125,125,125,125,125,125,125,125
Set 9.5,9,mid,TFTSet9_Stage2,13.23,TFT9_VoidRemora,Void Remora,Void Shield,Duration,2,2,2,2,2,2,2,2
Set 9.5,9,mid,TFTSet9_Stage2,13.23,TFT9_VoidRemora,Void Remora,Void Shield,Shield,200,200,200,200,200,200,200,200
Set 9.5,9,mid,TFTSet9_Stage2,13.23,TFT9_Warwick,Warwick,Primal Howl,BonusAttackSpeed,1,1,1,1,1,1,1,1
Set 9.5,9,mid,TFTSet9_Stage2,13.23,TFT9_Warwick,Warwick,Primal Howl,Duration,2.5,2.5,2.5,2.5,2.5,2.5,2.5,2.5
Set 9.5,9,mid,TFTSet9_Stage2,13.23,TFT9_Warwick,Warwick,Primal Howl,HealAmount,30/35/40,35,30,35,40,35,35,35
Set 9.5,9,mid,TFTSet9_Stage2,13.23,TFT9_Warwick,Warwick,Primal Howl,StunDuration,1.25/1.5/2,0,1.25,1.5,2,0,0,0
Set 9.5,9,mid,TFTSet9_Stage2,13.23,TFT9_Xayah,Xayah,Featherstrike,ArmorShred,6,6,6,6,6,6,6,6
Set 9.5,9,mid,TFTSet9_Stage2,13.23,TFT9_Xayah,Xayah,Featherstrike,BonusDamagePerFeather,15/25/60,0,15,25,60,0,0,0
Set 9.5,9,mid,TFTSet9_Stage2,13.23,TFT9_Xayah,Xayah,Featherstrike,NumFeathers,7/7/15,9,7,7,15,9,9,9
Set 9.5,9,mid,TFTSet9_Stage2,13.23,TFT9_Xayah,Xayah,Featherstrike,PercentADPerFeather,0.8/0.8/1,0.8,0.8,0.8,1,0.8,0.8,0.8
Set 9.5,9,mid,TFTSet9_Stage2,13.23,TFT9_Xayah,Xayah,Featherstrike,TooltipIoniaBonus,5,5,5,5,5,5,5,5
Set 10,10,base,TFTSet10,14.5,TFT10_Ahri,Ahri,POP/STAR,ExtraCasts,0/0/1,0,0,0,1,1,0,0
Set 10,10,base,TFTSet10,14.5,TFT10_Ahri,Ahri,POP/STAR,HeadlinerAbilityPower,15,15,15,15,15,15,15,15
Set 10,10,base,TFTSet10,14.5,TFT10_Ahri,Ahri,POP/STAR,damage,275/410/820,0,275,410,820,0,0,0
Set 10,10,base,TFTSet10,14.5,TFT10_Ahri,Ahri,POP/STAR,kissDamage,480/720/1440,1.6,480,720,1440,1.6,1.6,1.6
Set 10,10,base,TFTSet10,14.5,TFT10_Ahri,Ahri,POP/STAR,stunduration,0.25,0.25,0.25,0.25,0.25,0.25,0.25,0.25
Set 10,10,base,TFTSet10,14.5,TFT10_Akali_TrueDamage,Akali,Three Point Strike,BASE_DAMAGE,2.75/2.75/5.5,0,2.75,2.75,5.5,0,0,0
Set 10,10,base,TFTSet10,14.5,TFT10_Akali_TrueDamage,Akali,Three Point Strike,BLING_HEAL_PERCENT,20,20,20,20,20,20,20,20
Set 10,10,base,TFTSet10,14.5,TFT10_Akali_TrueDamage,Akali,Three Point Strike,BLING_HEAL_PERCENT_EMPOWERED,40,40,40,40,40,40,40,40
Set 10,10,base,TFTSet10,14.5,TFT10_Akali,Akali,The Baddest,Base_Dash_Damage,80/120/400,0,80,120,400,2,2,2
Set 10,10,base,TFTSet10,14.5,TFT10_Akali,Akali,The Baddest,Base_Strike_Damage,1.9/1.9/3.8,0,1.9,1.9,3.8,0,0,0
Set 10,10,base,TFTSet10,14.5,TFT10_Akali_TrueDamage,Akali,Three Point Strike,HeadlinerAttackSpeed,0.1,0.1,0.1,0.1,0.1,0.1,0.1,0.1
Set 10,10,base,TFTSet10,14.5,TFT10_Akali,Akali,The Baddest,HeadlinerAttackSpeed,0.1,0.1,0.1,0.1,0.1,0.1,0.1,0.1
Set 10,10,base,TFTSet10,14.5,TFT10_Akali_TrueDamage,Akali,Three Point Strike,HeadlinerHealth,100,100,100,100,100,100,100,100
Set 10,10,base,TFTSet10,14.5,TFT10_Akali,Akali,The Baddest,HeadlinerHealth,100,100,100,100,100,100,100,100
Set 10,10,base,TFTSet10,14.5,TFT10_Akali_TrueDamage,Akali,Three Point Strike,KUNAI_BASE_COUNT,18/18/27,18,18,18,27,18,18,18
Set 10,10,base,TFTSet10,14.5,TFT10_Akali_TrueDamage,Akali,Three Point Strike,MANA_REFUND,12/12/20,5,12,12,20,5,5,5
Set 10,10,base,TFTSet10,14.5,TFT10_Amumu,Amumu,Tantrum,ARRatio,1.5/1.75/2,1,1.5,1.75,2,1,1,1
Set 10,10,base,TFTSet10,14.5,TFT10_Amumu,Amumu,Tantrum,ArmorGain,4,4,4,4,4,4,4,4
Set 10,10,base,TFTSet10,14.5,TFT10_Amumu,Amumu,Tantrum,HeadlinerHealth,150,150,150,150,150,150,150,150
Set 10,10,base,TFTSet10,14.5,TFT10_Amumu,Amumu,Tantrum,MagicDamage,80/120/190,0,80,120,190,0,0,0
Set 10,10,base,TFTSet10,14.5,TFT10_Amumu,Amumu,Tantrum,ManaGain,20,20,20,20,20,20,20,20
Set 10,10,base,TFTSet10,14.5,TFT10_Amumu,Amumu,Tantrum,StackCap,25,25,25,25,25,25,25,25
Set 10,10,base,TFTSet10,14.5,TFT10_Amumu,Amumu,Tantrum,StunDuration,1.5,1.5,1.5,1.5,1.5,1.5,1.5,1.5
Set 10,10,base,TFTSet10,14.5,TFT10_Annie,Annie,Disintegrate,BonusAS,40,40,40,40,40,40,40,40
Set 10,10,base,TFTSet10,14.5,TFT10_Annie,Annie,Disintegrate,DamageRatio,0.05,0.05,0.05,0.05,0.05,0.05,0.05,0.05
Set 10,10,base,TFTSet10,14.5,TFT10_Annie,Annie,Disintegrate,ExtraCasts,1,1,1,1,1,1,1,1
Set 10,10,base,TFTSet10,14.5,TFT10_Annie,Annie,Disintegrate,HeadlinerAbilityPower,20,20,20,20,20,20,20,20
Set 10,10,base,TFTSet10,14.5,TFT10_Annie,Annie,Disintegrate,HealthThreshold,0.35,0.35,0.35,0.35,0.35,0.35,0.35,0.35
Set 10,10,base,TFTSet10,14.5,TFT10_Annie,Annie,Disintegrate,MagicDamage,220/330/495,0,220,330,495,0,0,0
Set 10,10,base,TFTSet10,14.5,TFT10_Annie,Annie,Disintegrate,PyromaniaCount,4,4,4,4,4,4,4,4
Set 10,10,base,TFTSet10,14.5,TFT10_Annie,Annie,Disintegrate,SecondaryDamage,80/120/180,0,80,120,180,0,0,0
Set 10,10,base,TFTSet10,14.5,TFT10_Aphelios,Aphelios,Moonlight Lullaby,ADRatio,7.25,7.25,7.25,7.25,7.25,7.25,7.25,7.25
Set 10,10,base,TFTSet10,14.5,TFT10_Aphelios,Aphelios,Moonlight Lullaby,AOEStunDuration,1,1,1,1,1,1,1,1
Set 10,10,base,TFTSet10,14.5,TFT10_Aphelios,Aphelios,Moonlight Lullaby,APMultiplier,0.1,0.1,0.1,0.1,0.1,0.1,0.1,0.1
Set 10,10,base,TFTSet10,14.5,TFT10_Aphelios,Aphelios,Moonlight Lullaby,HeadlinerAttackDamage,0.25,0.25,0.25,0.25,0.25,0.25,0.25,0.25
Set 10,10,base,TFTSet10,14.5,TFT10_Aphelios,Aphelios,Moonlight Lullaby,Range,1,1,1,1,1,1,1,1
Set 10,10,base,TFTSet10,14.5,TFT10_Aphelios,Aphelios,Moonlight Lullaby,StunDuration,1.5/1.5/2,0,1.5,1.5,2,2,2,2
Set 10,10,base,TFTSet10,14.5,TFT_ArmoryKeyOrnn,Artifact Item Anvil,Artifact Item Anvil,RoundsToHatch,2,2,2,2,2,2,2,2
Set 10,10,base,TFTSet10,14.5,TFT10_Bard,Bard,Improv,HeadlinerAbilityPower,,,,,,,,
Set 10,10,base,TFTSet10,14.5,TFT10_Bard,Bard,Improv,HeadlinerCastsPerMeep,8,8,8,8,8,8,8,8
Set 10,10,base,TFTSet10,14.5,TFT10_Bard,Bard,Improv,HeadlinerDootDamage,85/125/190,190,85,125,190,190,190,190
Set 10,10,base,TFTSet10,14.5,TFT10_Bard,Bard,Improv,Heal,120/150/180,0,120,150,180,0,0,0
Set 10,10,base,TFTSet10,14.5,TFT10_Bard,Bard,Improv,NumNotes,4,0,4,4,4,0,0,0
Set 10,10,base,TFTSet10,14.5,TFT10_Bard,Bard,Improv,SingleTarDmg,200/300/450,1,200,300,450,0,0,0
Set 10,10,base,TFTSet10,14.5,TFT10_Bard,Bard,Improv,TipChance,1/1/3,2,1,1,3,0,0,0
Set 10,10,base,TFTSet10,14.5,TFT10_Bard,Bard,Improv,TipGold,1,1,1,1,1,1,1,1
Set 10,10,base,TFTSet10,14.5,TFT10_Bard,Bard,Improv,TipGold_HR,3,3,3,3,3,3,3,3
Set 10,10,base,TFTSet10,14.5,TFT10_Blitzcrank,Blitzcrank,Boogie Barrier,BaseShieldAmount,600/750/2000,0,600,750,2000,0,0,0
Set 10,10,base,TFTSet10,14.5,TFT10_Blitzcrank,Blitzcrank,Boogie Barrier,BaseZapDamage,100/150/1000,0,100,150,1000,0,0,0
Set 10,10,base,TFTSet10,14.5,TFT10_Blitzcrank,Blitzcrank,Boogie Barrier,Duration,5,5,5,5,5,5,5,5
Set 10,10,base,TFTSet10,14.5,TFT10_Blitzcrank,Blitzcrank,Boogie Barrier,EnhancedPeriod,1,1,1,1,1,1,1,1
Set 10,10,base,TFTSet10,14.5,TFT10_Blitzcrank,Blitzcrank,Boogie Barrier,HeadlinerHealth,200,200,200,200,200,200,200,200
Set 10,10,base,TFTSet10,14.5,TFT10_Blitzcrank,Blitzcrank,Boogie Barrier,HealthRatio,0.01,0.01,0.01,0.01,0.01,0.01,0.01,0.01
Set 10,10,base,TFTSet10,14.5,TFT10_Blitzcrank,Blitzcrank,Boogie Barrier,Period,2,2,2,2,2,2,2,2
Set 10,10,base,TFTSet10,14.5,TFT10_Caitlyn,Caitlyn,Champ Hunt,ADPercent,3.6/3.6/7.5,2,3.6,3.6,7.5,2,2,2
Set 10,10,base,TFTSet10,14.5,TFT10_Caitlyn,Caitlyn,Champ Hunt,APRatio,0.4/0.6/2,0,0.4,0.6,2,0,0,0
Set 10,10,base,TFTSet10,14.5,TFT10_Caitlyn,Caitlyn,Champ Hunt,HeadlinerAttackDamage,0.05,0.05,0.05,0.05,0.05,0.05,0.05,0.05
Set 10,10,base,TFTSet10,14.5,TFT10_Caitlyn,Caitlyn,Champ Hunt,HeadlinerShotDamage,0.6,0.6,0.6,0.6,0.6,0.6,0.6,0.6
Set 10,10,base,TFTSet10,14.5,TFT10_Caitlyn,Caitlyn,Champ Hunt,NumShots,4,4,4,4,4,4,4,4
Set 10,10,base,TFTSet10,14.5,TFT_ArmoryKeyCompleted,Completed Item Anvil,Completed Item Anvil,RoundsToHatch,2,2,2,2,2,2,2,2
Set 10,10,base,TFTSet10,14.5,TFT_ArmoryKeyComponent,Component Anvil,Component Anvil,RoundsToHatch,2,2,2,2,2,2,2,2
Set 10,10,base,TFTSet10,14.5,TFT10_Corki,Corki,Blown to 8 Bits,DurationIncreasePerAPPercent,1,1,1,1,1,1,1,1
Set 10,10,base,TFTSet10,14.5,TFT10_Corki,Corki,Blown to 8 Bits,HeadlinerAttackDamage,0.2,0.2,0.2,0.2,0.2,0.2,0.2,0.2
Set 10,10,base,TFTSet10,14.5,TFT10_Corki,Corki,Blown to 8 Bits,RocketDamage,3.2,3.2,3.2,3.2,3.2,3.2,3.2,3.2
Set 10,10,base,TFTSet10,14.5,TFT10_Corki,Corki,Blown to 8 Bits,WoundDuration,5,5,5,5,5,5,5,5
Set 10,10,base,TFTSet10,14.5,TFT10_Ekko,Ekko,Record Scratch,BASE_DAMAGE,60/90/145,0,60,90,145,0,0,0
Set 10,10,base,TFTSet10,14.5,TFT10_Ekko,Ekko,Record Scratch,HEAL_AMOUNT,100,100,100,100,100,100,100,100
Set 10,10,base,TFTSet10,14.5,TFT10_Ekko,Ekko,Record Scratch,HEAL_AMOUNT_EMPOWERED,200,200,200,200,200,200,200,200
Set 10,10,base,TFTSet10,14.5,TFT10_Ekko,Ekko,Record Scratch,HEAL_TICKRATE,1,1,1,1,1,1,1,1
Set 10,10,base,TFTSet10,14.5,TFT10_Ekko,Ekko,Record Scratch,HeadlinerAbilityPower,20,20,20,20,20,20,20,20
Set 10,10,base,TFTSet10,14.5,TFT10_Ekko,Ekko,Record Scratch,HeadlinerHealth,200,200,200,200,200,200,200,200
Set 10,10,base,TFTSet10,14.5,TFT10_Ekko,Ekko,Record Scratch,SHIELD_BASE,400/450/550,300,400,450,550,600,300,300
Set 10,10,base,TFTSet10,14.5,TFT10_Ekko,Ekko,Record Scratch,SHIELD_DURATION,4,4,4,4,4,4,4,4
Set 10,10,base,TFTSet10,14.5,TFT10_Ekko,Ekko,Record Scratch,STUN_DURATION,1,1,1,1,1,1,1,1
Set 10,10,base,TFTSet10,14.5,TFT10_Evelynn,Evelynn,Whiplash,AttackSpeedPercent,150,0,150,150,150,150,150,150
Set 10,10,base,TFTSet10,14.5,TFT10_Evelynn,Evelynn,Whiplash,Duration,4,0,4,4,4,4,4,4
Set 10,10,base,TFTSet10,14.5,TFT10_Evelynn,Evelynn,Whiplash,HeadlinerAbilityPower,20,20,20,20,20,20,20,20
Set 10,10,base,TFTSet10,14.5,TFT10_Evelynn,Evelynn,Whiplash,HeadlinerHealth,100,100,100,100,100,100,100,100
Set 10,10,base,TFTSet10,14.5,TFT10_Evelynn,Evelynn,Whiplash,Healing,25/30/35,0,25,30,35,20,20,20
Set 10,10,base,TFTSet10,14.5,TFT10_Evelynn,Evelynn,Whiplash,MagicDamage,200/300/450,0,200,300,450,0,0,0
Set 10,10,base,TFTSet10,14.5,TFT10_Ezreal,Ezreal,Crash the Party,ADRatioNormalCast,3.7/3.7/7.4,2.6,3.7,3.7,7.4,2.6,2.6,2.6
Set 10,10,base,TFTSet10,14.5,TFT10_Ezreal,Ezreal,Crash the Party,ADRatioSpecialCast,3.5/3.5/7,0,3.5,3.5,7,0,0,0
Set 10,10,base,TFTSet10,14.5,TFT10_Ezreal,Ezreal,Crash the Party,APRatioSpecialCast,80/120/360,0,80,120,360,0,0,0
Set 10,10,base,TFTSet10,14.5,TFT10_Ezreal,Ezreal,Crash the Party,HeadlinerAttackDamage,0.15,0.15,0.15,0.15,0.15,0.15,0.15,0.15
Set 10,10,base,TFTSet10,14.5,TFT10_Ezreal,Ezreal,Crash the Party,MaxDashDistanceHexesNormalCast,3,3,3,3,3,3,3,3
Set 10,10,base,TFTSet10,14.5,TFT10_Ezreal,Ezreal,Crash the Party,MaxDashDistanceHexesSpecialCast,6,6,6,6,6,6,6,6
Set 10,10,base,TFTSet10,14.5,TFT10_Garen,Garen,Power-Up!,HeadlinerHealth,350,350,350,350,350,350,350,350
Set 10,10,base,TFTSet10,14.5,TFT10_Garen,Garen,Power-Up!,MaxHealthAPScalar,215/245/275,150,215,245,275,150,150,150
Set 10,10,base,TFTSet10,14.5,TFT10_Garen,Garen,Power-Up!,PercentAD,1.8,1.8,1.8,1.8,1.8,1.8,1.8,1.8
Set 10,10,base,TFTSet10,14.5,TFT10_Garen,Garen,Power-Up!,PercentHealthDamage,0.1,0.1,0.1,0.1,0.1,0.1,0.1,0.1
Set 10,10,base,TFTSet10,14.5,TFT10_Garen,Garen,Power-Up!,PercentMaxHealthHealing,0.1,0.1,0.1,0.1,0.1,0.1,0.1,0.1
Set 10,10,base,TFTSet10,14.5,TFT10_Gnar,Gnar,Rabid Fandom,ADgain,0.7,0.7,0.7,0.7,0.7,0.7,0.7,0.7
Set 10,10,base,TFTSet10,14.5,TFT10_Gnar,Gnar,Rabid Fandom,ADpercent,3.35,3,3.35,3.35,3.35,3,3,3
Set 10,10,base,TFTSet10,14.5,TFT10_Gnar,Gnar,Rabid Fandom,HeadlinerHealth,,,,,,,,
Set 10,10,base,TFTSet10,14.5,TFT10_Gnar,Gnar,Rabid Fandom,HealthGain,500/550/600,400,500,550,600,650,650,650
Set 10,10,base,TFTSet10,14.5,TFT10_Gragas,Gragas,Boogie Hour,ATTACK_SCALE,1.5/2/3,0,1.5,2,3,0,0,0
Set 10,10,base,TFTSet10,14.5,TFT10_Gragas,Gragas,Boogie Hour,CCDuration,3,0,3,3,3,3,3,3
Set 10,10,base,TFTSet10,14.5,TFT10_Gragas,Gragas,Boogie Hour,DAMAGE,240/360/555,30,240,360,555,350,350,350
Set 10,10,base,TFTSet10,14.5,TFT10_Gragas,Gragas,Boogie Hour,DURATION,2,2,2,2,2,2,2,2
Set 10,10,base,TFTSet10,14.5,TFT10_Gragas,Gragas,Boogie Hour,HEALING,500/625/750,0,500,625,750,0,0,0
Set 10,10,base,TFTSet10,14.5,TFT10_Gragas,Gragas,Boogie Hour,HeadlinerDR,0.1,0.1,0.1,0.1,0.1,0.1,0.1,0.1
Set 10,10,base,TFTSet10,14.5,TFT10_Gragas,Gragas,Boogie Hour,HeadlinerDamageMod,0.18,0.18,0.18,0.18,0.18,0.18,0.18,0.18
Set 10,10,base,TFTSet10,14.5,TFT10_Gragas,Gragas,Boogie Hour,HeadlinerHealth,,,,,,,,
Set 10,10,base,TFTSet10,14.5,TFT10_Illaoi,Illaoi,Drums of the Deep,ArmorScalar,0.6/0.6/5,0,0.6,0.6,5,0,0,0
Set 10,10,base,TFTSet10,14.5,TFT10_Illaoi,Illaoi,Drums of the Deep,Damage,100/150/4000,0,100,150,4000,0,0,0
Set 10,10,base,TFTSet10,14.5,TFT10_Illaoi,Illaoi,Drums of the Deep,DrumNum,3/3/7,3,3,3,7,3,3,3
Set 10,10,base,TFTSet10,14.5,TFT10_Illaoi,Illaoi,Drums of the Deep,Frequency,3,3,3,3,3,3,3,3
Set 10,10,base,TFTSet10,14.5,TFT10_Illaoi,Illaoi,Drums of the Deep,HeadlinerAbilityPower,10,10,10,10,10,10,10,10
Set 10,10,base,TFTSet10,14.5,TFT10_Illaoi,Illaoi,Drums of the Deep,HeadlinerArmor,5,5,5,5,5,5,5,5
Set 10,10,base,TFTSet10,14.5,TFT10_Illaoi,Illaoi,Drums of the Deep,HeadlinerMagicResist,5,5,5,5,5,5,5,5
Set 10,10,base,TFTSet10,14.5,TFT10_Illaoi,Illaoi,Drums of the Deep,HeadlinerTentacleFrequency,2,2,2,2,2,2,2,2
Set 10,10,base,TFTSet10,14.5,TFT10_Illaoi,Illaoi,Drums of the Deep,MRScalar,0.6/0.6/5,0,0.6,0.6,5,0,0,0
Set 10,10,base,TFTSet10,14.5,TFT10_Illaoi,Illaoi,Drums of the Deep,StatBonus,100/150/400,0,100,150,400,60,60,60
Set 10,10,base,TFTSet10,14.5,TFT10_Illaoi,Illaoi,Drums of the Deep,TentacleArmor,1,1,1,1,1,1,1,1
Set 10,10,base,TFTSet10,14.5,TFT10_Illaoi,Illaoi,Drums of the Deep,TentacleMR,1,1,1,1,1,1,1,1
Set 10,10,base,TFTSet10,14.5,TFT10_Jax,Jax,Counter Melody,AttackRadius,1,1,1,1,1,1,1,1
Set 10,10,base,TFTSet10,14.5,TFT10_Jax,Jax,Counter Melody,HeadlinerAbilityPower,20,20,20,20,20,20,20,20
Set 10,10,base,TFTSet10,14.5,TFT10_Jax,Jax,Counter Melody,HeadlinerHealth,200,200,200,200,200,200,200,200
Set 10,10,base,TFTSet10,14.5,TFT10_Jax,Jax,Counter Melody,HexRadiusBeforeRange,1,1,1,1,1,1,1,1
Set 10,10,base,TFTSet10,14.5,TFT10_Jax,Jax,Counter Melody,SlamDamage,240/360/560,0,240,360,560,250,250,250
Set 10,10,base,TFTSet10,14.5,TFT10_Jax,Jax,Counter Melody,SpinDamage,140/210/315,0,140,210,315,0,0,0
Set 10,10,base,TFTSet10,14.5,TFT10_Jax,Jax,Counter Melody,StatBonus,10,10,10,10,10,10,10,10
Set 10,10,base,TFTSet10,14.5,TFT10_Jhin,Jhin,Concerto of Demise in D Minor,BASE_FIRE_RATE,1,1,1,1,1,1,1,1
Set 10,10,base,TFTSet10,14.5,TFT10_Jhin,Jhin,Concerto of Demise in D Minor,BonusManaOnAttack,10,10,10,10,10,10,10,10
Set 10,10,base,TFTSet10,14.5,TFT10_Jhin,Jhin,Concerto of Demise in D Minor,EmpoweredShotBonusTooltipOnly,2,2,2,2,2,2,2,2
Set 10,10,base,TFTSet10,14.5,TFT10_Jhin,Jhin,Concerto of Demise in D Minor,HeadlinerAttackDamage,0.05,0.05,0.05,0.05,0.05,0.05,0.05,0.05
Set 10,10,base,TFTSet10,14.5,TFT10_Jhin,Jhin,Concerto of Demise in D Minor,HeadlinerStartingRifles,1,1,1,1,1,1,1,1
Set 10,10,base,TFTSet10,14.5,TFT10_Jhin,Jhin,Concerto of Demise in D Minor,MagicalDamageBase,15/25/144,20,15,25,144,144,20,20
Set 10,10,base,TFTSet10,14.5,TFT10_Jhin,Jhin,Concerto of Demise in D Minor,PhysicalDamageRatio,0.66/0.66/4.44,0,0.66,0.66,4.44,4.44,200,240
Set 10,10,base,TFTSet10,14.5,TFT10_Jhin,Jhin,Concerto of Demise in D Minor,RIFLES_PER_CAST,1/1/4,0,1,1,4,4,0,0
Set 10,10,base,TFTSet10,14.5,TFT10_Jhin,Jhin,Concerto of Demise in D Minor,RiflesRequired,4,4,4,4,4,4,4,4
Set 10,10,base,TFTSet10,14.5,TFT10_Jhin,Jhin,Concerto of Demise in D Minor,SimulateAutoAttacksEveryX,1,1,1,1,1,1,1,1
Set 10,10,base,TFTSet10,14.5,TFT10_Jhin,Jhin,Concerto of Demise in D Minor,TacticianDamagePerRifle,1,1,1,1,1,1,1,1
Set 10,10,base,TFTSet10,14.5,TFT10_Jinx,Jinx,Escalation,ATTACK_SPEED_BONUS,0.04,0.04,0.04,0.04,0.04,0.04,0.04,0.04
Set 10,10,base,TFTSet10,14.5,TFT10_Jinx,Jinx,Escalation,HeadlinerAttackSpeed,,,,,,,,
Set 10,10,base,TFTSet10,14.5,TFT10_Jinx,Jinx,Escalation,HeadlinerMinigunAS,0.01,0.01,0.01,0.01,0.01,0.01,0.01,0.01
Set 10,10,base,TFTSet10,14.5,TFT10_Jinx,Jinx,Escalation,HeadlinerRocketBonus,0.1,0.1,0.1,0.1,0.1,0.1,0.1,0.1
Set 10,10,base,TFTSet10,14.5,TFT10_Jinx,Jinx,Escalation,ROCKET_AD_PERCENT,0.5,0.5,0.5,0.5,0.5,0.5,0.5,0.5
Set 10,10,base,TFTSet10,14.5,TFT10_KSante,K'Sante,Block the Haters,ADRatio,9.99,9.99,9.99,9.99,9.99,9.99,9.99,9.99
Set 10,10,base,TFTSet10,14.5,TFT10_KSante,K'Sante,Block the Haters,BaseDR,0.2,0.2,0.2,0.2,0.2,0.2,0.2,0.2
Set 10,10,base,TFTSet10,14.5,TFT10_KSante,K'Sante,Block the Haters,DRAPRatio,0.2/0.2/0.25,0,0.2,0.2,0.25,0,0,0
Set 10,10,base,TFTSet10,14.5,TFT10_KSante,K'Sante,Block the Haters,DR_CAP_tooltip_only,0.75,0.75,0.75,0.75,0.75,0.75,0.75,0.75
Set 10,10,base,TFTSet10,14.5,TFT10_KSante,K'Sante,Block the Haters,Duration,2.5,2.5,2.5,2.5,2.5,2.5,2.5,2.5
Set 10,10,base,TFTSet10,14.5,TFT10_KSante,K'Sante,Block the Haters,HeadlinerHealth,225,225,225,225,225,225,225,225
Set 10,10,base,TFTSet10,14.5,TFT10_Kaisa,Kai'Sa,Got the Boom,ADDamage,2.9/2.9/3,0,2.9,2.9,3,0,0,0
Set 10,10,base,TFTSet10,14.5,TFT10_Kaisa,Kai'Sa,Got the Boom,DashRange,2,2,2,2,2,2,2,2
Set 10,10,base,TFTSet10,14.5,TFT10_Kaisa,Kai'Sa,Got the Boom,HeadlinerAttackDamage,0.25,0.25,0.25,0.25,0.25,0.25,0.25,0.25
Set 10,10,base,TFTSet10,14.5,TFT10_Kaisa,Kai'Sa,Got the Boom,HeadlinerBonusRange,2,2,2,2,2,2,2,2
Set 10,10,base,TFTSet10,14.5,TFT10_Kaisa,Kai'Sa,Got the Boom,HeadlinerDashBonus,3,3,3,3,3,3,3,3
Set 10,10,base,TFTSet10,14.5,TFT10_Kaisa,Kai'Sa,Got the Boom,MagicDamage,40/60/90,40,40,60,90,40,40,40
Set 10,10,base,TFTSet10,14.5,TFT10_Karthus,Karthus,Mortal Reminder,APBonus,40,40,40,40,40,40,40,40
Set 10,10,base,TFTSet10,14.5,TFT10_Karthus,Karthus,Mortal Reminder,BaseDamage,160/240/540,15,160,240,540,15,15,15
Set 10,10,base,TFTSet10,14.5,TFT10_Karthus,Karthus,Mortal Reminder,HeadlinerAbilityPower,15,15,15,15,15,15,15,15
Set 10,10,base,TFTSet10,14.5,TFT10_Karthus,Karthus,Mortal Reminder,ManaGain,,,,,,,,
Set 10,10,base,TFTSet10,14.5,TFT10_Karthus,Karthus,Mortal Reminder,NumTargets,4/4/6,5,4,4,6,5,5,5
Set 10,10,base,TFTSet10,14.5,TFT10_Karthus,Karthus,Mortal Reminder,PercentCritAsAP,100,100,100,100,100,100,100,100
Set 10,10,base,TFTSet10,14.5,TFT10_Karthus,Karthus,Mortal Reminder,SpellSpeedModifier,2,2,2,2,2,2,2,2
Set 10,10,base,TFTSet10,14.5,TFT10_Katarina,Katarina,Bouncing Blade,ExtraBounces,3,3,3,3,3,3,3,3
Set 10,10,base,TFTSet10,14.5,TFT10_Katarina,Katarina,Bouncing Blade,HeadlinerAttackSpeed,,,,,,,,
Set 10,10,base,TFTSet10,14.5,TFT10_Katarina,Katarina,Bouncing Blade,HeadlinerBladeBonus,0.25,0.25,0.25,0.25,0.25,0.25,0.25,0.25
Set 10,10,base,TFTSet10,14.5,TFT10_Katarina,Katarina,Bouncing Blade,HeadlinerHealth,150,150,150,150,150,150,150,150
Set 10,10,base,TFTSet10,14.5,TFT10_Katarina,Katarina,Bouncing Blade,MagicDamage,150/225/340,0,150,225,340,0,0,0
Set 10,10,base,TFTSet10,14.5,TFT10_Katarina,Katarina,Bouncing Blade,WoundDuration,6,6,6,6,6,6,6,6
Set 10,10,base,TFTSet10,14.5,TFT10_Katarina,Katarina,Bouncing Blade,WoundPercent,0.33,0.33,0.33,0.33,0.33,0.33,0.33,0.33
Set 10,10,base,TFTSet10,14.5,TFT10_Kayle,Kayle,Fires of Ascension,BaseAttackDamage,35/52/75,0,35,52,75,0,0,0
Set 10,10,base,TFTSet10,14.5,TFT10_Kayle,Kayle,Fires of Ascension,BaseFinaleDamage,240/360/540,0,240,360,540,0,0,0
Set 10,10,base,TFTSet10,14.5,TFT10_Kayle,Kayle,Fires of Ascension,Duration,5,5,5,5,5,5,5,5
Set 10,10,base,TFTSet10,14.5,TFT10_Kayle,Kayle,Fires of Ascension,HeadlinerAttackSpeed,0.2,0.2,0.2,0.2,0.2,0.2,0.2,0.2
Set 10,10,base,TFTSet10,14.5,TFT10_Kayle,Kayle,Fires of Ascension,Shred,20,20,20,20,20,20,20,20
Set 10,10,base,TFTSet10,14.5,TFT10_Kayle,Kayle,Fires of Ascension,ShredDuration,4,4,4,4,4,4,4,4
Set 10,10,base,TFTSet10,14.5,TFT10_Kayn,Kayn,Fear the Reaper,ChillDuration,3,3,3,3,3,3,3,3
Set 10,10,base,TFTSet10,14.5,TFT10_Kayn,Kayn,Fear the Reaper,Damage,400/600/4000,300,400,600,4000,1200,1200,1200
Set 10,10,base,TFTSet10,14.5,TFT10_Kayn,Kayn,Fear the Reaper,HeadlinerAbilityPower,10,10,10,10,10,10,10,10
Set 10,10,base,TFTSet10,14.5,TFT10_Kayn,Kayn,Fear the Reaper,HeadlinerBonusGold,2,2,2,2,2,2,2,2
Set 10,10,base,TFTSet10,14.5,TFT10_Kayn,Kayn,Fear the Reaper,HeadlinerBonusHealth,1,1,1,1,1,1,1,1
Set 10,10,base,TFTSet10,14.5,TFT10_Kayn,Kayn,Fear the Reaper,PercentRestored,0.5,0.5,0.5,0.5,0.5,0.5,0.5,0.5
Set 10,10,base,TFTSet10,14.5,TFT10_Kennen,Kennen,Shock and Awe,BASE_HEAL,200/250/300,50,200,250,300,50,50,50
Set 10,10,base,TFTSet10,14.5,TFT10_Kennen,Kennen,Shock and Awe,BLING_SECONDARY_DAMAGE,50,50,50,50,50,50,50,50
Set 10,10,base,TFTSet10,14.5,TFT10_Kennen,Kennen,Shock and Awe,BLING_SECONDARY_DAMAGE_EMPOWERED,120,120,120,120,120,120,120,120
Set 10,10,base,TFTSet10,14.5,TFT10_Kennen,Kennen,Shock and Awe,HeadlinerHealth,75,75,75,75,75,75,75,75
Set 10,10,base,TFTSet10,14.5,TFT10_Kennen,Kennen,Shock and Awe,HeadlinerPercentMaxHealthHeal,0.02,0.02,0.02,0.02,0.02,0.02,0.02,0.02
Set 10,10,base,TFTSet10,14.5,TFT10_Kennen,Kennen,Shock and Awe,JoltDamage,145/215/325,0,145,215,325,0,0,0
Set 10,10,base,TFTSet10,14.5,TFT10_Kennen,Kennen,Shock and Awe,NumJolts,2,2,2,2,2,2,2,2
Set 10,10,base,TFTSet10,14.5,TFT10_Kennen,Kennen,Shock and Awe,SpellDuration,2,2,2,2,2,2,2,2
Set 10,10,base,TFTSet10,14.5,TFT10_Kennen,Kennen,Shock and Awe,StunDuration,0.75,0.75,0.75,0.75,0.75,0.75,0.75,0.75
Set 10,10,base,TFTSet10,14.5,TFT10_Lillia,Lillia,Confetti Bloom,AllyHealAmount,90/110/130,0,90,110,130,0,0,0
Set 10,10,base,TFTSet10,14.5,TFT10_Lillia,Lillia,Confetti Bloom,HeadlinerBonusHeal,0.12,0.12,0.12,0.12,0.12,0.12,0.12,0.12
Set 10,10,base,TFTSet10,14.5,TFT10_Lillia,Lillia,Confetti Bloom,HeadlinerHealth,100,100,100,100,100,100,100,100
Set 10,10,base,TFTSet10,14.5,TFT10_Lillia,Lillia,Confetti Bloom,HealAmount,180/220/260,0,180,220,260,0,0,0
Set 10,10,base,TFTSet10,14.5,TFT10_Lillia,Lillia,Confetti Bloom,MagicDamage,180/270/400,0,180,270,400,0,0,0
Set 10,10,base,TFTSet10,14.5,TFT10_Lucian,Lucian,Arpeggio,AttacksPerSecondCoefficient,1,1,1,1,1,1,1,1
Set 10,10,base,TFTSet10,14.5,TFT10_Lucian,Lucian,Arpeggio,BaseDamage,20/30/100,20,20,30,100,20,20,20
Set 10,10,base,TFTSet10,14.5,TFT10_Lucian,Lucian,Arpeggio,BonusASBreakpoint,20,20,20,20,20,20,20,20
Set 10,10,base,TFTSet10,14.5,TFT10_Lucian,Lucian,Arpeggio,Duration,4,4,4,4,4,4,4,4
Set 10,10,base,TFTSet10,14.5,TFT10_Lucian,Lucian,Arpeggio,FlatArmorReduction,3/5/20,6,3,5,20,5,5,5
Set 10,10,base,TFTSet10,14.5,TFT10_Lucian,Lucian,Arpeggio,HeadlinerAttackDamage,0.05,0.05,0.05,0.05,0.05,0.05,0.05,0.05
Set 10,10,base,TFTSet10,14.5,TFT10_Lucian,Lucian,Arpeggio,HeadlinerExtraShots,3,3,3,3,3,3,3,3
Set 10,10,base,TFTSet10,14.5,TFT10_Lucian,Lucian,Arpeggio,NumShots,14,14,14,14,14,14,14,14
Set 10,10,base,TFTSet10,14.5,TFT10_Lucian,Lucian,Arpeggio,TADRatio,0.6/0.6/10,0.25,0.6,0.6,10,0.25,0.25,0.25
Set 10,10,base,TFTSet10,14.5,TFT10_Lulu,Lulu,Tastes like Glitter,APRatio,250/375/600,0,250,375,600,0,0,0
Set 10,10,base,TFTSet10,14.5,TFT10_Lulu,Lulu,Tastes like Glitter,HeadlinerAbilityPower,25,25,25,25,25,25,25,25
Set 10,10,base,TFTSet10,14.5,TFT10_Lulu,Lulu,Tastes like Glitter,HeadlinerManaReduction,,,,,,,,
Set 10,10,base,TFTSet10,14.5,TFT10_Lulu,Lulu,Tastes like Glitter,NumOfEnemiesToStun,3,3,3,3,3,3,3,3
Set 10,10,base,TFTSet10,14.5,TFT10_Lulu,Lulu,Tastes like Glitter,SecondaryDamage,150/225/360,0,150,225,360,0,0,0
Set 10,10,base,TFTSet10,14.5,TFT10_Lulu,Lulu,Tastes like Glitter,StunDamage,150/225/360,0,150,225,360,0,0,0
Set 10,10,base,TFTSet10,14.5,TFT10_Lulu,Lulu,Tastes like Glitter,StunDuration,1.25,1.25,1.25,1.25,1.25,1.25,1.25,1.25
Set 10,10,base,TFTSet10,14.5,TFT10_Lux,Lux,Laser Light Show,HeadlinerAbilityPower,,,,,,,,
Set 10,10,base,TFTSet10,14.5,TFT10_Lux,Lux,Laser Light Show,HeadlinerCritChance,0.15,0.15,0.15,0.15,0.15,0.15,0.15,0.15
Set 10,10,base,TFTSet10,14.5,TFT10_Lux,Lux,Laser Light Show,MagicDamage,260/390/575,0,260,390,575,0,0,0
Set 10,10,base,TFTSet10,14.5,TFT6_MercenaryChest,Mercenary Chest,Mercenary Chest,RoundsToHatch,2,2,2,2,2,2,2,2
Set 10,10,base,TFTSet10,14.5,TFT10_MissFortune,Miss Fortune,Double Time,APRatio,40,40,40,40,40,40,40,40
Set 10,10,base,TFTSet10,14.5,TFT10_MissFortune,Miss Fortune,Double Time,ASDuration,4,4,4,4,4,4,4,4
Set 10,10,base,TFTSet10,14.5,TFT10_MissFortune,Miss Fortune,Double Time,HeadlinerAttackDamage,0.2,0.2,0.2,0.2,0.2,0.2,0.2,0.2
Set 10,10,base,TFTSet10,14.5,TFT10_MissFortune,Miss Fortune,Double Time,PrimaryADRatio,2.95/2.95/3.05,2.95,2.95,2.95,3.05,2.8,2.8,2.8
Set 10,10,base,TFTSet10,14.5,TFT10_MissFortune,Miss Fortune,Double Time,SecondaryADRatio,1.8,1.8,1.8,1.8,1.8,1.8,1.8,1.8
Set 10,10,base,TFTSet10,14.5,TFT10_Mordekaiser,Mordekaiser,Face-Melter,BaseShield,500/575/650,250,500,575,650,650,650,650
Set 10,10,base,TFTSet10,14.5,TFT10_Mordekaiser,Mordekaiser,Face-Melter,Duration,3,3,3,3,3,3,3,3
Set 10,10,base,TFTSet10,14.5,TFT10_Mordekaiser,Mordekaiser,Face-Melter,FinaleDamage,200/300/480,200,200,300,480,200,200,200
Set 10,10,base,TFTSet10,14.5,TFT10_Mordekaiser,Mordekaiser,Face-Melter,HeadlinerAbilityPower,5,5,5,5,5,5,5,5
Set 10,10,base,TFTSet10,14.5,TFT10_Mordekaiser,Mordekaiser,Face-Melter,HeadlinerAttackDamage,,,,,,,,
Set 10,10,base,TFTSet10,14.5,TFT10_Mordekaiser,Mordekaiser,Face-Melter,HeadlinerHealth,100,100,100,100,100,100,100,100
Set 10,10,base,TFTSet10,14.5,TFT10_Mordekaiser,Mordekaiser,Face-Melter,HeadlinerStatGain,1,1,1,1,1,1,1,1
Set 10,10,base,TFTSet10,14.5,TFT10_Mordekaiser,Mordekaiser,Face-Melter,StatGain,4,4,4,4,4,4,4,4
Set 10,10,base,TFTSet10,14.5,TFT10_Mordekaiser,Mordekaiser,Face-Melter,ZoneDamage,200/300/480,175,200,300,480,450,450,450
Set 10,10,base,TFTSet10,14.5,TFT10_Nami,Nami,Disco Prison,HeadlinerAbilityPower,25,25,25,25,25,25,25,25
Set 10,10,base,TFTSet10,14.5,TFT10_Nami,Nami,Disco Prison,HeadlinerBonusBombs,,,,,,,,
Set 10,10,base,TFTSet10,14.5,TFT10_Nami,Nami,Disco Prison,HeadlinerManaReduction,,,,,,,,
Set 10,10,base,TFTSet10,14.5,TFT10_Nami,Nami,Disco Prison,MAGIC_DAMAGE_BASE,300/450/675,0,300,450,675,0,0,0
Set 10,10,base,TFTSet10,14.5,TFT10_Nami,Nami,Disco Prison,PRISON_DURATION,1.25,1.25,1.25,1.25,1.25,1.25,1.25,1.25
Set 10,10,base,TFTSet10,14.5,TFT10_Neeko,Neeko,Cosplay,DamagePercent,0.9/1.1/1.4,0.5,0.9,1.1,1.4,0.5,0.5,0.5
Set 10,10,base,TFTSet10,14.5,TFT10_Neeko,Neeko,Cosplay,Duration,4,4,4,4,4,4,4,4
Set 10,10,base,TFTSet10,14.5,TFT10_Neeko,Neeko,Cosplay,HeadlinerHealth,200,200,200,200,200,200,200,200
Set 10,10,base,TFTSet10,14.5,TFT10_Neeko,Neeko,Cosplay,HeadlinerMana,60,60,60,60,60,60,60,60
Set 10,10,base,TFTSet10,14.5,TFT10_Neeko,Neeko,Cosplay,Shield,250/300/350,0,250,300,350,0,0,0
Set 10,10,base,TFTSet10,14.5,TFT10_Neeko,Neeko,Cosplay,ShieldPercent,8,8,8,8,8,8,8,8
Set 10,10,base,TFTSet10,14.5,TFT10_Olaf,Olaf,Berserker Rage,BonusAttackSpeed,0.0015,0.0015,0.0015,0.0015,0.0015,0.0015,0.0015,0.0015
Set 10,10,base,TFTSet10,14.5,TFT10_Olaf,Olaf,Berserker Rage,HeadlinerArmor,15,15,15,15,15,15,15,15
Set 10,10,base,TFTSet10,14.5,TFT10_Olaf,Olaf,Berserker Rage,HeadlinerHealth,150,150,150,150,150,150,150,150
Set 10,10,base,TFTSet10,14.5,TFT10_Olaf,Olaf,Berserker Rage,HeadlinerMagicResist,15,15,15,15,15,15,15,15
Set 10,10,base,TFTSet10,14.5,TFT10_Olaf,Olaf,Berserker Rage,HealValue,20/25/30,0,20,25,30,0,0,0
Set 10,10,base,TFTSet10,14.5,TFT10_Olaf,Olaf,Berserker Rage,PercentMissingHealth,1,1,1,1,1,1,1,1
Set 10,10,base,TFTSet10,14.5,TFT10_Pantheon,Pantheon,Too Tough To Kill,BASE_DR,0.25/0.25/0.3,0,0.25,0.25,0.3,0,0,0
Set 10,10,base,TFTSet10,14.5,TFT10_Pantheon,Pantheon,Too Tough To Kill,DR_CAP_tooltip_only,0.7,0.7,0.7,0.7,0.7,0.7,0.7,0.7
Set 10,10,base,TFTSet10,14.5,TFT10_Pantheon,Pantheon,Too Tough To Kill,DR_PERCENT_AP,0.2,0.2,0.2,0.2,0.2,0.2,0.2,0.2
Set 10,10,base,TFTSet10,14.5,TFT10_Pantheon,Pantheon,Too Tough To Kill,DURATION,2.5,2.5,2.5,2.5,2.5,2.5,2.5,2.5
Set 10,10,base,TFTSet10,14.5,TFT10_Pantheon,Pantheon,Too Tough To Kill,HeadlinerArmor,20,20,20,20,20,20,20,20
Set 10,10,base,TFTSet10,14.5,TFT10_Pantheon,Pantheon,Too Tough To Kill,HeadlinerHealth,250,250,250,250,250,250,250,250
Set 10,10,base,TFTSet10,14.5,TFT10_Pantheon,Pantheon,Too Tough To Kill,HeadlinerMagicResist,20,20,20,20,20,20,20,20
Set 10,10,base,TFTSet10,14.5,TFT10_Pantheon,Pantheon,Too Tough To Kill,NumTargets,3,3,3,3,3,3,3,3
Set 10,10,base,TFTSet10,14.5,TFT10_Pantheon,Pantheon,Too Tough To Kill,PercentADDamage,2,2,2,2,2,2,2,2
Set 10,10,base,TFTSet10,14.5,TFT10_Poppy,Poppy,Hammer Time,ADRatio,2.6/2.6/5.25,2.25,2.6,2.6,5.25,6,6,6
Set 10,10,base,TFTSet10,14.5,TFT10_Poppy,Poppy,Hammer Time,ArmorAndMR,100,100,100,100,100,100,100,100
Set 10,10,base,TFTSet10,14.5,TFT10_Poppy,Poppy,Hammer Time,Duration,6,6,6,6,6,6,6,6
Set 10,10,base,TFTSet10,14.5,TFT10_Poppy,Poppy,Hammer Time,ExtraSlams,1,1,1,1,1,1,1,1
Set 10,10,base,TFTSet10,14.5,TFT10_Poppy,Poppy,Hammer Time,HeadlinerAttackDamage,0.15,0.15,0.15,0.15,0.15,0.15,0.15,0.15
Set 10,10,base,TFTSet10,14.5,TFT10_Poppy,Poppy,Hammer Time,HeadlinerHealth,200,200,200,200,200,200,200,200
Set 10,10,base,TFTSet10,14.5,TFT10_Poppy,Poppy,Hammer Time,PercentHealthAsAD,0.03,0.03,0.03,0.03,0.03,0.03,0.03,0.03
Set 10,10,base,TFTSet10,14.5,TFT10_Poppy,Poppy,Hammer Time,PercentHealthHeal,0.05/0.05/0.1,0.05,0.05,0.05,0.1,0.05,0.05,0.05
Set 10,10,base,TFTSet10,14.5,TFT10_Poppy,Poppy,Hammer Time,TargetNumber,3,3,3,3,3,3,3,3
Set 10,10,base,TFTSet10,14.5,TFT10_Qiyana,Qiyana,Sample & Remix,BASE_AD_RATIO,4.7/4.7/10,0,4.7,4.7,10,0,0,0
Set 10,10,base,TFTSet10,14.5,TFT10_Qiyana,Qiyana,Sample & Remix,BASE_AP_MOD,0.6/0.6/5,200,0.6,0.6,5,200,200,200
Set 10,10,base,TFTSet10,14.5,TFT10_Qiyana,Qiyana,Sample & Remix,BLING_BONUS,1,1,1,1,1,1,1,1
Set 10,10,base,TFTSet10,14.5,TFT10_Qiyana,Qiyana,Sample & Remix,BONUS_BASE_RATIO,2,2,2,2,2,2,2,2
Set 10,10,base,TFTSet10,14.5,TFT10_Qiyana,Qiyana,Sample & Remix,HeadlinerAttackDamage,0.05,0.05,0.05,0.05,0.05,0.05,0.05,0.05
Set 10,10,base,TFTSet10,14.5,TFT10_Qiyana,Qiyana,Sample & Remix,HeadlinerBonusAD,0.02,0.02,0.02,0.02,0.02,0.02,0.02,0.02
Set 10,10,base,TFTSet10,14.5,TFT10_Qiyana,Qiyana,Sample & Remix,NUM_ITEMS,1/1/3,1,1,1,3,1,1,1
Set 10,10,base,TFTSet10,14.5,TFT10_Qiyana,Qiyana,Sample & Remix,NumOfComponentsToCopy,1,1,1,1,1,1,1,1
Set 10,10,base,TFTSet10,14.5,TFT10_Qiyana,Qiyana,Sample & Remix,NumOfComponentsToCopy_Empowered,2,2,2,2,2,2,2,2
Set 10,10,base,TFTSet10,14.5,TFT10_Qiyana,Qiyana,Sample & Remix,NumOfComponentsToCopy_HR,2,2,2,2,2,2,2,2
Set 10,10,base,TFTSet10,14.5,TFT10_Qiyana,Qiyana,Sample & Remix,NumOfComponentsToCopy_HR_Empowered,4,4,4,4,4,4,4,4
Set 10,10,base,TFTSet10,14.5,TFT10_Qiyana,Qiyana,Sample & Remix,StunDuration,1.5/1.5/5,1.5,1.5,1.5,5,1.5,1.5,1.5
Set 10,10,base,TFTSet10,14.5,TFT10_Riven,Riven,Voxel Defense,Duration,6,6,6,6,6,6,6,6
Set 10,10,base,TFTSet10,14.5,TFT10_Riven,Riven,Voxel Defense,HeadlinerAbilityPower,,,,,,,,
Set 10,10,base,TFTSet10,14.5,TFT10_Riven,Riven,Voxel Defense,HeadlinerArmor,10,10,10,10,10,10,10,10
Set 10,10,base,TFTSet10,14.5,TFT10_Riven,Riven,Voxel Defense,HeadlinerAttackDamage,0.1,0.1,0.1,0.1,0.1,0.1,0.1,0.1
Set 10,10,base,TFTSet10,14.5,TFT10_Riven,Riven,Voxel Defense,HeadlinerAttackSpeed,,,,,,,,
Set 10,10,base,TFTSet10,14.5,TFT10_Riven,Riven,Voxel Defense,HeadlinerHealth,200,200,200,200,200,200,200,200
Set 10,10,base,TFTSet10,14.5,TFT10_Riven,Riven,Voxel Defense,HeadlinerMagicResist,10,10,10,10,10,10,10,10
Set 10,10,base,TFTSet10,14.5,TFT10_Riven,Riven,Voxel Defense,ShieldADPercent,2.5,2.5,2.5,2.5,2.5,2.5,2.5,2.5
Set 10,10,base,TFTSet10,14.5,TFT10_Riven,Riven,Voxel Defense,ShieldAP,100/120/140,0,100,120,140,0,0,0
Set 10,10,base,TFTSet10,14.5,TFT10_Riven,Riven,Voxel Defense,SplashDamageADPercent,0.85,0.85,0.85,0.85,0.85,0.85,0.85,0.85
Set 10,10,base,TFTSet10,14.5,TFT10_Riven,Riven,Voxel Defense,SplashRadiusHexes,1,1,1,1,1,1,1,1
Set 10,10,base,TFTSet10,14.5,TFT10_Samira,Samira,Thrills & Kills,AttackSpeedPerStack,0.2,0.2,0.2,0.2,0.2,0.2,0.2,0.2
Set 10,10,base,TFTSet10,14.5,TFT10_Samira,Samira,Thrills & Kills,BasePercentAD,3/3/3.1,2.1,3,3,3.1,2.1,2.1,2.1
Set 10,10,base,TFTSet10,14.5,TFT10_Samira,Samira,Thrills & Kills,HeadlinerAttackDamage,0.05,0.05,0.05,0.05,0.05,0.05,0.05,0.05
Set 10,10,base,TFTSet10,14.5,TFT10_Samira,Samira,Thrills & Kills,HeadlinerCritChance,0.1,0.1,0.1,0.1,0.1,0.1,0.1,0.1
Set 10,10,base,TFTSet10,14.5,TFT10_Samira,Samira,Thrills & Kills,MaxStacks,6,6,6,6,6,6,6,6
Set 10,10,base,TFTSet10,14.5,TFT10_Samira,Samira,Thrills & Kills,PercentAD,1.1,1.1,1.1,1.1,1.1,1.1,1.1,1.1
Set 10,10,base,TFTSet10,14.5,TFT10_Samira,Samira,Thrills & Kills,SimulateLaunchAttackNum,5,5,5,5,5,5,5,5
Set 10,10,base,TFTSet10,14.5,TFT10_Senna,Senna,Concussive Noise,BLING_BONUS,15,15,15,15,15,15,15,15
Set 10,10,base,TFTSet10,14.5,TFT10_Senna,Senna,Concussive Noise,BLING_BONUS_EMPOWERED,30,30,30,30,30,30,30,30
Set 10,10,base,TFTSet10,14.5,TFT10_Senna,Senna,Concussive Noise,BLING_RADIUS,1,1,1,1,1,1,1,1
Set 10,10,base,TFTSet10,14.5,TFT10_Senna,Senna,Concussive Noise,HeadlinerAbilityPower,5,5,5,5,5,5,5,5
Set 10,10,base,TFTSet10,14.5,TFT10_Senna,Senna,Concussive Noise,MagicDamage,110/165/255,1.3,110,165,255,1.3,1.3,1.3
Set 10,10,base,TFTSet10,14.5,TFT10_Senna,Senna,Concussive Noise,PULSE_COUNT,3,3,3,3,3,3,3,3
Set 10,10,base,TFTSet10,14.5,TFT10_Senna,Senna,Concussive Noise,PULSE_TICK_RATE,0.75,0.75,0.75,0.75,0.75,0.75,0.75,0.75
Set 10,10,base,TFTSet10,14.5,TFT10_Senna,Senna,Concussive Noise,RANGE,1,1,1,1,1,1,1,1
Set 10,10,base,TFTSet10,14.5,TFT10_Seraphine,Seraphine,High Note,BaseMagicDamage,140/210/315,0,140,210,315,0,0,0
Set 10,10,base,TFTSet10,14.5,TFT10_Seraphine,Seraphine,High Note,HeadlinerAbilityPower,,,,,,,,
Set 10,10,base,TFTSet10,14.5,TFT10_Seraphine,Seraphine,High Note,HeadlinerHighNoteBonus,0.4,0.4,0.4,0.4,0.4,0.4,0.4,0.4
Set 10,10,base,TFTSet10,14.5,TFT10_Seraphine,Seraphine,High Note,HealAmount,80/120/160,0,80,120,160,0,0,0
Set 10,10,base,TFTSet10,14.5,TFT10_Sett,Sett,THE PUNCHLINE,Damage,250/375/600,0,250,375,600,0,0,0
Set 10,10,base,TFTSet10,14.5,TFT10_Sett,Sett,THE PUNCHLINE,Duration,2,2,2,2,2,2,2,2
Set 10,10,base,TFTSet10,14.5,TFT10_Sett,Sett,THE PUNCHLINE,HeadlinerHealth,150,150,150,150,150,150,150,150
Set 10,10,base,TFTSet10,14.5,TFT10_Sett,Sett,THE PUNCHLINE,HeadlinerHealthThreshold,0.5,0.5,0.5,0.5,0.5,0.5,0.5,0.5
Set 10,10,base,TFTSet10,14.5,TFT10_Sett,Sett,THE PUNCHLINE,HeadlinerPermanentHealth,50,50,50,50,50,50,50,50
Set 10,10,base,TFTSet10,14.5,TFT10_Sett,Sett,THE PUNCHLINE,MissingHealthThreshold,4,4,4,4,4,4,4,4
Set 10,10,base,TFTSet10,14.5,TFT10_Sett,Sett,THE PUNCHLINE,SecondaryDamage,120/180/290,0,120,180,290,0,0,0
Set 10,10,base,TFTSet10,14.5,TFT10_Sett,Sett,THE PUNCHLINE,ShieldIncreasePerHealthThreshold,1,1,1,1,1,1,1,1
Set 10,10,base,TFTSet10,14.5,TFT10_Sett,Sett,THE PUNCHLINE,ShieldMin,375/425/475,300,375,425,475,300,300,300
Set 10,10,base,TFTSet10,14.5,TFT10_PBJProp,SightWard,Heartsteel Tour Case,RoundsToHatch,2,2,2,2,2,2,2,2
Set 10,10,base,TFTSet10,14.5,TFT10_Sona,Sona,The Drop (Kinetic),BaseShieldAmount,350/550/3333,400,350,550,3333,9000,9000,9000
Set 10,10,base,TFTSet10,14.5,TFT10_Sona,Sona,The Drop (Kinetic),Duration,2.5/2.5/30,6,2.5,2.5,30,30,30,30
Set 10,10,base,TFTSet10,14.5,TFT10_Sona,Sona,The Drop (Kinetic),HeadlinerAttackSpeed,0.05,0.05,0.05,0.05,0.05,0.05,0.05,0.05
Set 10,10,base,TFTSet10,14.5,TFT10_Sona,Sona,The Drop (Kinetic),HeadlinerAttackSpeedBoost,0.02,0.02,0.02,0.02,0.02,0.02,0.02,0.02
Set 10,10,base,TFTSet10,14.5,TFT10_Sona,Sona,The Drop (Kinetic),HealRatio,0.06/0.09/1,0.04,0.06,0.09,1,1,1,1
Set 10,10,base,TFTSet10,14.5,TFT_ArmoryKeySupport,Support item anvil,Support item anvil,RoundsToHatch,2,2,2,2,2,2,2,2
Set 10,10,base,TFTSet10,14.5,TFT10_TahmKench,Tahm Kench,Rawhide,BaseDR,12/18/33,15,12,18,33,75,75,75
Set 10,10,base,TFTSet10,14.5,TFT10_TahmKench,Tahm Kench,Rawhide,HeadlinerHealth,300,300,300,300,300,300,300,300
Set 10,10,base,TFTSet10,14.5,TFT10_Taric,Taric,Mirrorball's Blessing,BONUS_DAMAGE_BASE,250/375/565,0,250,375,565,0,0,0
Set 10,10,base,TFTSet10,14.5,TFT10_Taric,Taric,Mirrorball's Blessing,DURATION,4,4,4,4,4,4,4,4
Set 10,10,base,TFTSet10,14.5,TFT10_Taric,Taric,Mirrorball's Blessing,EMPOWERED_ATTACKS,2,2,2,2,2,2,2,2
Set 10,10,base,TFTSet10,14.5,TFT10_Taric,Taric,Mirrorball's Blessing,HeadlinerArmor,15,15,15,15,15,15,15,15
Set 10,10,base,TFTSet10,14.5,TFT10_Taric,Taric,Mirrorball's Blessing,HeadlinerHealth,150,150,150,150,150,150,150,150
Set 10,10,base,TFTSet10,14.5,TFT10_Taric,Taric,Mirrorball's Blessing,SHIELD_BASE,240/290/330,250,240,290,330,450,500,550
Set 10,10,base,TFTSet10,14.5,TFT10_Taric,Taric,Mirrorball's Blessing,SHIELD_RATIO,0.06,0.06,0.06,0.06,0.06,0.06,0.06,0.06
Set 10,10,base,TFTSet10,14.5,TFT10_CountryHecarim,The Dreadsteed,Onslaught of Shadows,ADRatio,2,2,2,2,2,2,2,2
Set 10,10,base,TFTSet10,14.5,TFT10_CountryHecarim,The Dreadsteed,Onslaught of Shadows,AttackSpeed,0.15,0.15,0.15,0.15,0.15,0.15,0.15,0.15
Set 10,10,base,TFTSet10,14.5,TFT10_Thresh,Thresh,Devil's Round Up,Damage,150/225/1200,50,150,225,1200,50,50,50
Set 10,10,base,TFTSet10,14.5,TFT10_Thresh,Thresh,Devil's Round Up,FlatHeal,250/300/600,0,250,300,600,0,0,0
Set 10,10,base,TFTSet10,14.5,TFT10_Thresh,Thresh,Devil's Round Up,HeadlinerHealth,250,250,250,250,250,250,250,250
Set 10,10,base,TFTSet10,14.5,TFT10_Thresh,Thresh,Devil's Round Up,HeadlinerManarReduction,25,25,25,25,25,25,25,25
Set 10,10,base,TFTSet10,14.5,TFT10_Thresh,Thresh,Devil's Round Up,HealingScale,0.5,0.5,0.5,0.5,0.5,0.5,0.5,0.5
Set 10,10,base,TFTSet10,14.5,TFT10_Thresh,Thresh,Devil's Round Up,HexRange,1,1,1,1,1,1,1,1
Set 10,10,base,TFTSet10,14.5,TFT10_Thresh,Thresh,Devil's Round Up,StunDuration,1.75/2/8,0,1.75,2,8,0,0,0
Set 10,10,base,TFTSet10,14.5,TFT5_EmblemArmoryKey,Tome of Traits,Tome of Traits,RoundsToHatch,2,2,2,2,2,2,2,2
Set 10,10,base,TFTSet10,14.5,TFT10_TwistedFate,Twisted Fate,Hustle & Shuffle,BaseDamage,45/70/225,0,45,70,225,0,0,0
Set 10,10,base,TFTSet10,14.5,TFT10_TwistedFate,Twisted Fate,Hustle & Shuffle,BonusASBreakpoint,20,20,20,20,20,20,20,20
Set 10,10,base,TFTSet10,14.5,TFT10_TwistedFate,Twisted Fate,Hustle & Shuffle,CardCount,21,21,21,21,21,21,21,21
Set 10,10,base,TFTSet10,14.5,TFT10_TwistedFate,Twisted Fate,Hustle & Shuffle,CardsPerBonusBreakpoint,1,1,1,1,1,1,1,1
Set 10,10,base,TFTSet10,14.5,TFT10_TwistedFate,Twisted Fate,Hustle & Shuffle,HeadlinerAbilityPower,,,,,,,,
Set 10,10,base,TFTSet10,14.5,TFT10_TwistedFate,Twisted Fate,Hustle & Shuffle,HeadlinerBonusCards,3,3,3,3,3,3,3,3
Set 10,10,base,TFTSet10,14.5,TFT10_TwistedFate,Twisted Fate,Hustle & Shuffle,MRShred,1,1,1,1,1,1,1,1
Set 10,10,base,TFTSet10,14.5,TFT10_TwistedFate,Twisted Fate,Hustle & Shuffle,SimulateLaunchAttackNum,16,16,16,16,16,16,16,16
Set 10,10,base,TFTSet10,14.5,TFT10_Twitch,Twitch,Bottled Anarchy,BonusExplosionsOnCrit,1,1,1,1,1,1,1,1
Set 10,10,base,TFTSet10,14.5,TFT10_Twitch,Twitch,Bottled Anarchy,HeadlinerAttackDamage,0.15,0.15,0.15,0.15,0.15,0.15,0.15,0.15
Set 10,10,base,TFTSet10,14.5,TFT10_Twitch,Twitch,Bottled Anarchy,HeadlinerCritChance,0.2,0.2,0.2,0.2,0.2,0.2,0.2,0.2
Set 10,10,base,TFTSet10,14.5,TFT10_Twitch,Twitch,Bottled Anarchy,InitialADDamage,2.5,2.5,2.5,2.5,2.5,2.5,2.5,2.5
Set 10,10,base,TFTSet10,14.5,TFT10_Twitch,Twitch,Bottled Anarchy,SecondaryExplosions,4,4,4,4,4,4,4,4
Set 10,10,base,TFTSet10,14.5,TFT10_Twitch,Twitch,Bottled Anarchy,SecondaryMagicDamage,35/50/80,40,35,50,80,40,40,40
Set 10,10,base,TFTSet10,14.5,TFT10_Urgot,Urgot,Fire from his Fingertips,ADPerASConversion,1,1,1,1,1,1,1,1
Set 10,10,base,TFTSet10,14.5,TFT10_Urgot,Urgot,Fire from his Fingertips,ADRatio,1.6/1.6/1.65,1.6,1.6,1.6,1.65,1.7,1.7,1.7
Set 10,10,base,TFTSet10,14.5,TFT10_Urgot,Urgot,Fire from his Fingertips,AbilityScaleDamage,15/25/40,10,15,25,40,25,25,25
Set 10,10,base,TFTSet10,14.5,TFT10_Urgot,Urgot,Fire from his Fingertips,Duration,8,0,8,8,8,0,0,0
Set 10,10,base,TFTSet10,14.5,TFT10_Urgot,Urgot,Fire from his Fingertips,HeadlinerAttackDamage,0.15,0.15,0.15,0.15,0.15,0.15,0.15,0.15
Set 10,10,base,TFTSet10,14.5,TFT10_Urgot,Urgot,Fire from his Fingertips,HeadlinerOmnivamp,0.1,0.1,0.1,0.1,0.1,0.1,0.1,0.1
Set 10,10,base,TFTSet10,14.5,TFT10_Urgot,Urgot,Fire from his Fingertips,ShieldDuration,5,5,5,5,5,5,5,5
Set 10,10,base,TFTSet10,14.5,TFT10_Urgot,Urgot,Fire from his Fingertips,ShieldRatio,0.2,0.2,0.2,0.2,0.2,0.2,0.2,0.2
Set 10,10,base,TFTSet10,14.5,TFT10_Vex,Vex,Your Funeral,Damage,255/380/610,0,255,380,610,0,0,0
Set 10,10,base,TFTSet10,14.5,TFT10_Vex,Vex,Your Funeral,HeadlinerAbilityPower,25,25,25,25,25,25,25,25
Set 10,10,base,TFTSet10,14.5,TFT10_Vex,Vex,Your Funeral,StunDuration,0.75,0.75,0.75,0.75,0.75,0.75,0.75,0.75
Set 10,10,base,TFTSet10,14.5,TFT10_Vi,Vi,The Harder They Fall,ARMOR_REDUCTION,15/18/20,30,15,18,20,30,30,30
Set 10,10,base,TFTSet10,14.5,TFT10_Vi,Vi,The Harder They Fall,EMPOWERED_PUNCH_RATIO,4.5,4.5,4.5,4.5,4.5,4.5,4.5,4.5
Set 10,10,base,TFTSet10,14.5,TFT10_Vi,Vi,The Harder They Fall,HeadlinerAttackDamage,0.15,0.15,0.15,0.15,0.15,0.15,0.15,0.15
Set 10,10,base,TFTSet10,14.5,TFT10_Vi,Vi,The Harder They Fall,HeadlinerAttackSpeed,,,,,,,,
Set 10,10,base,TFTSet10,14.5,TFT10_Vi,Vi,The Harder They Fall,HeadlinerHealth,200,200,200,200,200,200,200,200
Set 10,10,base,TFTSet10,14.5,TFT10_Vi,Vi,The Harder They Fall,PUNCH_RATIO,3.3,3.3,3.3,3.3,3.3,3.3,3.3,3.3
Set 10,10,base,TFTSet10,14.5,TFT10_Vi,Vi,The Harder They Fall,STUN_DURATION,1.5/1.75/2,1.5,1.5,1.75,2,1.5,1.5,1.5
Set 10,10,base,TFTSet10,14.5,TFT10_Viego,Viego,Riff of the Ruined King,BonusAttackDamage,1.7/1.7/3.4,0,1.7,1.7,3.4,0,0,0
Set 10,10,base,TFTSet10,14.5,TFT10_Viego,Viego,Riff of the Ruined King,HeadlinerAbilityPower,,,,,,,,
Set 10,10,base,TFTSet10,14.5,TFT10_Viego,Viego,Riff of the Ruined King,HeadlinerArmor,,,,,,,,
Set 10,10,base,TFTSet10,14.5,TFT10_Viego,Viego,Riff of the Ruined King,HeadlinerAttackDamage,0.1,0.1,0.1,0.1,0.1,0.1,0.1,0.1
Set 10,10,base,TFTSet10,14.5,TFT10_Viego,Viego,Riff of the Ruined King,HeadlinerAttackSpeed,,,,,,,,
Set 10,10,base,TFTSet10,14.5,TFT10_Viego,Viego,Riff of the Ruined King,HeadlinerHealth,150,150,150,150,150,150,150,150
Set 10,10,base,TFTSet10,14.5,TFT10_Viego,Viego,Riff of the Ruined King,HeadlinerMagicResist,,,,,,,,
Set 10,10,base,TFTSet10,14.5,TFT10_Viego,Viego,Riff of the Ruined King,MarkBonusDamage,0.1,0.1,0.1,0.1,0.1,0.1,0.1,0.1
Set 10,10,base,TFTSet10,14.5,TFT10_Viego,Viego,Riff of the Ruined King,MarkDuration,5,5,5,5,5,5,5,5
Set 10,10,base,TFTSet10,14.5,TFT10_Viego,Viego,Riff of the Ruined King,SlamDamage,2.25/2.25/4.5,0,2.25,2.25,4.5,0,0,0
Set 10,10,base,TFTSet10,14.5,TFT10_Yasuo,Yasuo,Synthesizer Strike,AD_KILL_GAIN,1.5,1.5,1.5,1.5,1.5,1.5,1.5,1.5
Set 10,10,base,TFTSet10,14.5,TFT10_Yasuo,Yasuo,Synthesizer Strike,AD_KILL_GAIN_HYPERROLL,2,2,2,2,2,2,2,2
Set 10,10,base,TFTSet10,14.5,TFT10_Yasuo,Yasuo,Synthesizer Strike,DAMAGE_RATIO,2.8,2.8,2.8,2.8,2.8,2.8,2.8,2.8
Set 10,10,base,TFTSet10,14.5,TFT10_Yasuo,Yasuo,Synthesizer Strike,EXECUTE_PERCENT,15,15,15,15,15,15,15,15
Set 10,10,base,TFTSet10,14.5,TFT10_Yasuo,Yasuo,Synthesizer Strike,EXECUTE_PERCENT_EMPOWERED,25,25,25,25,25,25,25,25
Set 10,10,base,TFTSet10,14.5,TFT10_Yasuo,Yasuo,Synthesizer Strike,HeadlinerHealth,200,200,200,200,200,200,200,200
Set 10,10,base,TFTSet10,14.5,TFT10_Yasuo,Yasuo,Synthesizer Strike,HeadlinerOmnivamp,0.1,0.1,0.1,0.1,0.1,0.1,0.1,0.1
Set 10,10,base,TFTSet10,14.5,TFT10_Yasuo,Yasuo,Synthesizer Strike,KILL_TOLERANCE_TIME,0.1,0.1,0.1,0.1,0.1,0.1,0.1,0.1
Set 10,10,base,TFTSet10,14.5,TFT10_Yasuo,Yasuo,Synthesizer Strike,MAGIC_DAMAGE,20,20,20,20,20,20,20,20
Set 10,10,base,TFTSet10,14.5,TFT10_Yone,Yone,Pop Off,ADRatio,2.1/2.1/2.15,1.8,2.1,2.1,2.15,1.8,1.8,1.8
Set 10,10,base,TFTSet10,14.5,TFT10_Yone,Yone,Pop Off,HeadlinerAttackDamage,0.15,0.15,0.15,0.15,0.15,0.15,0.15,0.15
Set 10,10,base,TFTSet10,14.5,TFT10_Yone,Yone,Pop Off,HeadlinerAttackSpeed,,,,,,,,
Set 10,10,base,TFTSet10,14.5,TFT10_Yone,Yone,Pop Off,HeadlinerHealth,150,150,150,150,150,150,150,150
Set 10,10,base,TFTSet10,14.5,TFT10_Yone,Yone,Pop Off,HealPercent,0.2,0.2,0.2,0.2,0.2,0.2,0.2,0.2
Set 10,10,base,TFTSet10,14.5,TFT10_Yone,Yone,Pop Off,MovementSpeedPerCast,150,150,150,150,150,150,150,150
Set 10,10,base,TFTSet10,14.5,TFT10_Yone,Yone,Pop Off,Omnivamp,0.08,0.08,0.08,0.08,0.08,0.08,0.08,0.08
Set 10,10,base,TFTSet10,14.5,TFT10_Yorick,Yorick,GET IN THIS PIT! (ft. Ghouls),AD_RATIO,1.5/1.5/10,0,1.5,1.5,10,0,0,0
Set 10,10,base,TFTSet10,14.5,TFT10_Yorick,Yorick,GET IN THIS PIT! (ft. Ghouls),ArmorShredDuration,3,3,3,3,3,3,3,3
Set 10,10,base,TFTSet10,14.5,TFT10_Yorick,Yorick,GET IN THIS PIT! (ft. Ghouls),ArmorShredPercent,0.2,0.2,0.2,0.2,0.2,0.2,0.2,0.2
Set 10,10,base,TFTSet10,14.5,TFT10_Yorick,Yorick,GET IN THIS PIT! (ft. Ghouls),BigZombieADRatio,2.5/2.5/20,1.2,2.5,2.5,20,1.2,1.2,1.2
Set 10,10,base,TFTSet10,14.5,TFT10_Yorick,Yorick,GET IN THIS PIT! (ft. Ghouls),BigZombieHealth,900/1750/9001,1000,900,1750,9001,1000,1000,1000
Set 10,10,base,TFTSet10,14.5,TFT10_Yorick,Yorick,GET IN THIS PIT! (ft. Ghouls),CastsForBigGhoul,2/2/1,2,2,2,1,2,2,2
Set 10,10,base,TFTSet10,14.5,TFT10_Yorick,Yorick,GET IN THIS PIT! (ft. Ghouls),HeadlinerHealth,50,50,50,50,50,50,50,50
Set 10,10,base,TFTSet10,14.5,TFT10_Yorick,Yorick,GET IN THIS PIT! (ft. Ghouls),HeadlinerZombieCount,2,2,2,2,2,2,2,2
Set 10,10,base,TFTSet10,14.5,TFT10_Yorick,Yorick,GET IN THIS PIT! (ft. Ghouls),HeadlinerZombieDamage,0.1,0.1,0.1,0.1,0.1,0.1,0.1,0.1
Set 10,10,base,TFTSet10,14.5,TFT10_Yorick,Yorick,GET IN THIS PIT! (ft. Ghouls),HeadlinerZombieSize,0.3,0.3,0.3,0.3,0.3,0.3,0.3,0.3
Set 10,10,base,TFTSet10,14.5,TFT10_Yorick,Yorick,GET IN THIS PIT! (ft. Ghouls),ZOMBIE_COUNT,9/10/25,0,9,10,25,0,0,0
Set 10,10,base,TFTSet10,14.5,TFT10_Zac,Zac,Let's Bounce!,BaseHeal,120/160/800,0,120,160,800,0.6,0.6,0.6
Set 10,10,base,TFTSet10,14.5,TFT10_Zac,Zac,Let's Bounce!,BounceCount,3,3,3,3,3,3,3,3
Set 10,10,base,TFTSet10,14.5,TFT10_Zac,Zac,Let's Bounce!,HeadlinerAbilityPower,20,20,20,20,20,20,20,20
Set 10,10,base,TFTSet10,14.5,TFT10_Zac,Zac,Let's Bounce!,HeadlinerHealth,300,300,300,300,300,300,300,300
Set 10,10,base,TFTSet10,14.5,TFT10_Zac,Zac,Let's Bounce!,MagicDamage,120/180/1200,0,120,180,1200,0,0,0
Set 10,10,base,TFTSet10,14.5,TFT10_Zac,Zac,Let's Bounce!,StunDuration,1,1,1,1,1,1,1,1
Set 10,10,base,TFTSet10,14.5,TFT10_Zed,Zed,Shadow Dance,ADPercent,1.85/1.85/3.7,0,1.85,1.85,3.7,10,10,10
Set 10,10,base,TFTSet10,14.5,TFT10_Zed,Zed,Shadow Dance,Duration,4,4,4,4,4,4,4,4
Set 10,10,base,TFTSet10,14.5,TFT10_Zed,Zed,Shadow Dance,HeadlinerAttackDamage,0.05,0.05,0.05,0.05,0.05,0.05,0.05,0.05
Set 10,10,base,TFTSet10,14.5,TFT10_Zed,Zed,Shadow Dance,HeadlinerHealth,100,100,100,100,100,100,100,100
Set 10,10,base,TFTSet10,14.5,TFT10_Zed,Zed,Shadow Dance,HeadlinerShadowAD,,,,,,,,
Set 10,10,base,TFTSet10,14.5,TFT10_Zed,Zed,Shadow Dance,HeadlinerShadowAS,,,,,,,,
Set 10,10,base,TFTSet10,14.5,TFT10_Zed,Zed,Shadow Dance,HealthThreshold,15,0,15,15,15,15,15,15
Set 10,10,base,TFTSet10,14.5,TFT10_Zed,Zed,Shadow Dance,MarkDamageADRatio,3.5/3.5/7,0,3.5,3.5,7,3.5,3.5,3.5
Set 10,10,base,TFTSet10,14.5,TFT10_Zed,Zed,Shadow Dance,MarkDelayTime,1.1,0,1.1,1.1,1.1,1.1,1.1,1.1
Set 10,10,base,TFTSet10,14.5,TFT10_Ziggs,Ziggs,Chaos Theory,BombDamage,90/135/500,40,90,135,500,40,40,40
Set 10,10,base,TFTSet10,14.5,TFT10_Ziggs,Ziggs,Chaos Theory,HeadlinerAbilityPower,5,5,5,5,5,5,5,5
Set 10,10,base,TFTSet10,14.5,TFT10_Ziggs,Ziggs,Chaos Theory,HeadlinerManaReduction,15,15,15,15,15,15,15,15
Set 10,10,base,TFTSet10,14.5,TFT10_Ziggs,Ziggs,Chaos Theory,NumToIncreasePerCast,1,1,1,1,1,1,1,1
Set 10,10,base,TFTSet10,14.5,TFT10_Ziggs,Ziggs,Chaos Theory,ShredDuration,4,4,4,4,4,4,4,4
Set 10,10,base,TFTSet10,14.5,TFT10_Ziggs,Ziggs,Chaos Theory,StartingBombs,5/5/35,8,5,5,35,8,8,8
Set 10,10,base,TFTSet10,14.5,TFT10_Ziggs,Ziggs,Chaos Theory,TargetDamage,360/540/4000,0,360,540,4000,0,0,0
Set 11,11,base,TFTSet11,14.15,TFT11_Aatrox,Aatrox,Phantom Blade,Damage,275/415/645,0,275,415,645,0,0,0
Set 11,11,base,TFTSet11,14.15,TFT11_Aatrox,Aatrox,Phantom Blade,Duration,4,4,4,4,4,4,4,4
Set 11,11,base,TFTSet11,14.15,TFT11_Aatrox,Aatrox,Phantom Blade,FlatHealing,180/210/270,0,180,210,270,0,0,0
Set 11,11,base,TFTSet11,14.15,TFT11_Aatrox,Aatrox,Phantom Blade,ShredTooltipOnly,20,20,20,20,20,20,20,20
Set 11,11,base,TFTSet11,14.15,TFT11_Ahri,Ahri,Love Bomb,Damage,300/450/675,0,300,450,675,160,200,240
Set 11,11,base,TFTSet11,14.15,TFT11_Ahri,Ahri,Love Bomb,FatedBonus,27,27,27,27,27,27,27,27
Set 11,11,base,TFTSet11,14.15,TFT11_Ahri,Ahri,Love Bomb,NumAllies,1,1,1,1,1,1,1,1
Set 11,11,base,TFTSet11,14.15,TFT11_Ahri,Ahri,Love Bomb,NumSeconds,2,2,2,2,2,2,2,2
Set 11,11,base,TFTSet11,14.15,TFT11_Ahri,Ahri,Love Bomb,SecondaryDamage,150/225/335,0,150,225,335,0,0,0
Set 11,11,base,TFTSet11,14.15,TFT11_Alune,Alune,Lunar Barrage,AttackSpeed,0.2/0.25/0.3,0.4,0.2,0.25,0.3,0.4,0.4,0.4
Set 11,11,base,TFTSet11,14.15,TFT11_Alune,Alune,Lunar Barrage,AttackSpeedDuration,5,5,5,5,5,5,5,5
Set 11,11,base,TFTSet11,14.15,TFT11_Alune,Alune,Lunar Barrage,MagicDamage,380/570/900,0,380,570,900,0,0,0
Set 11,11,base,TFTSet11,14.15,TFT11_Alune,Alune,Lunar Barrage,PrimaryMagicDamage,160/240/380,0,160,240,380,0,0,0
Set 11,11,base,TFTSet11,14.15,TFT11_Alune,Alune,Lunar Barrage,ShredDuration,6,6,6,6,6,6,6,6
Set 11,11,base,TFTSet11,14.15,TFT11_Alune,Alune,Lunar Barrage,ShredPercent,20,20,20,20,20,20,20,20
Set 11,11,base,TFTSet11,14.15,TFT11_Amumu,Amumu,Herbal Tea-rs,AllyHealingAmount,80/100/125,0,80,100,125,0,0,0
Set 11,11,base,TFTSet11,14.15,TFT11_Amumu,Amumu,Herbal Tea-rs,Damage,150/225/360,50,150,225,360,150,175,200
Set 11,11,base,TFTSet11,14.15,TFT11_Amumu,Amumu,Herbal Tea-rs,Duration,3,3,3,3,3,3,3,3
Set 11,11,base,TFTSet11,14.15,TFT11_Amumu,Amumu,Herbal Tea-rs,SelfHealingAmount,250/300/375,0,250,300,375,0,0,0
Set 11,11,base,TFTSet11,14.15,TFT11_Annie,Annie,"Get 'em, Tibbers!",APHealth,300/350/1200,0,300,350,1200,0,0,0
Set 11,11,base,TFTSet11,14.15,TFT11_Annie,Annie,"Get 'em, Tibbers!",Damage,150/225/2000,0,150,225,2000,0,0,0
Set 11,11,base,TFTSet11,14.15,TFT11_Annie,Annie,"Get 'em, Tibbers!",DebuffDuration,5,5,5,5,5,5,5,5
Set 11,11,base,TFTSet11,14.15,TFT11_Annie,Annie,"Get 'em, Tibbers!",HealRatio,0.04,0.04,0.04,0.04,0.04,0.04,0.04,0.04
Set 11,11,base,TFTSet11,14.15,TFT11_Annie,Annie,"Get 'em, Tibbers!",HealthRatio,0.15,1,0.15,0.15,0.15,1,1,1
Set 11,11,base,TFTSet11,14.15,TFT11_Annie,Annie,"Get 'em, Tibbers!",HexRange,2,2,2,2,2,2,2,2
Set 11,11,base,TFTSet11,14.15,TFT11_Annie,Annie,"Get 'em, Tibbers!",StunDuration,1.5,1.5,1.5,1.5,1.5,1.5,1.5,1.5
Set 11,11,base,TFTSet11,14.15,TFT11_Aphelios,Aphelios,Duskwave,BaseDamage,30/45/70,0,30,45,70,0,0,0
Set 11,11,base,TFTSet11,14.15,TFT11_Aphelios,Aphelios,Duskwave,ConeRadius,22,45,22,22,22,45,45,45
Set 11,11,base,TFTSet11,14.15,TFT11_Aphelios,Aphelios,Duskwave,Duration,7,7,7,7,7,7,7,7
Set 11,11,base,TFTSet11,14.15,TFT11_Aphelios,Aphelios,Duskwave,FatedBonus,0.25,0.25,0.25,0.25,0.25,0.25,0.25,0.25
Set 11,11,base,TFTSet11,14.15,TFT11_Aphelios,Aphelios,Duskwave,NumShots,3,3,3,3,3,3,3,3
Set 11,11,base,TFTSet11,14.15,TFT11_Aphelios,Aphelios,Duskwave,PercentAttackDamage,1.85/1.85/1.95,0.5,1.85,1.85,1.95,0.5,0.5,0.5
Set 11,11,base,TFTSet11,14.15,TFT11_Aphelios,Aphelios,Duskwave,SunderTooltipPercent,20,20,20,20,20,20,20,20
Set 11,11,base,TFTSet11,14.15,TFT_ArmoryKeyOrnn,Artifact Item Anvil,Artifact Item Anvil,RoundsToHatch,2,2,2,2,2,2,2,2
Set 11,11,base,TFTSet11,14.15,TFT11_Ashe,Ashe,Rain of Shards,ArrowBaseDamage,4/6/20,0,4,6,20,0,0,0
Set 11,11,base,TFTSet11,14.15,TFT11_Ashe,Ashe,Rain of Shards,ArrowOnAttackThreshold,1/1/3,0,1,1,3,0,0,0
Set 11,11,base,TFTSet11,14.15,TFT11_Ashe,Ashe,Rain of Shards,ArrowsPerCast,,,,,,,,
Set 11,11,base,TFTSet11,14.15,TFT11_Ashe,Ashe,Rain of Shards,AttackThreshold,3,3,3,3,3,3,3,3
Set 11,11,base,TFTSet11,14.15,TFT11_Ashe,Ashe,Rain of Shards,NumEnemiesMinusTarget,3,3,3,3,3,3,3,3
Set 11,11,base,TFTSet11,14.15,TFT11_Ashe,Ashe,Rain of Shards,NumOfAdditionalEnemies,3,3,3,3,3,3,3,3
Set 11,11,base,TFTSet11,14.15,TFT11_Ashe,Ashe,Rain of Shards,PercentAttackDamage,0.4/0.4/1,0.3,0.4,0.4,1,0.3,0.3,0.3
Set 11,11,base,TFTSet11,14.15,TFT11_Ashe,Ashe,Rain of Shards,StartingArrows,15,15,15,15,15,15,15,15
Set 11,11,base,TFTSet11,14.15,TFT11_Ashe,Ashe,Rain of Shards,TotalSpellTime,0.9,0.9,0.9,0.9,0.9,0.9,0.9,0.9
Set 11,11,base,TFTSet11,14.15,TFT11_Azir,Azir,Blight,LaserDamage,500/750/5000,0,500,750,5000,0,0,0
Set 11,11,base,TFTSet11,14.15,TFT11_Azir,Azir,Blight,SoldierHealth,1100/1500/8000,0,1100,1500,8000,0,0,0
Set 11,11,base,TFTSet11,14.15,TFT11_Bard,Bard,Meep Meep!,AOEDamageMultiplier,2,2,2,2,2,2,2,2
Set 11,11,base,TFTSet11,14.15,TFT11_Bard,Bard,Meep Meep!,APDamage,24/36/60,200,24,36,60,500,575,650
Set 11,11,base,TFTSet11,14.15,TFT11_Bard,Bard,Meep Meep!,Duration,6,6,6,6,6,6,6,6
Set 11,11,base,TFTSet11,14.15,TFT11_Bard,Bard,Meep Meep!,HexDistance,2,2,2,2,2,2,2,2
Set 11,11,base,TFTSet11,14.15,TFT11_Bard,Bard,Meep Meep!,PercentAttackDamage,0.65/0.65/0.7,0.8,0.65,0.65,0.7,0.8,0.8,0.8
Set 11,11,base,TFTSet11,14.15,TFT11_Caitlyn,Caitlyn,Ace in the Hole,APDamage,100/150/225,0,100,150,225,0,0,0
Set 11,11,base,TFTSet11,14.15,TFT11_Caitlyn,Caitlyn,Ace in the Hole,PercentAttackDamage,7,7,7,7,7,7,7,7
Set 11,11,base,TFTSet11,14.15,TFT11_ChoGath,Cho'Gath,Eruption,BurnWoundDuration,9,9,9,9,9,9,9,9
Set 11,11,base,TFTSet11,14.15,TFT11_ChoGath,Cho'Gath,Eruption,Damage,200/300/450,0,200,300,450,0,0,0
Set 11,11,base,TFTSet11,14.15,TFT11_ChoGath,Cho'Gath,Eruption,Shield,280/350/420,0,280,350,420,0,0,0
Set 11,11,base,TFTSet11,14.15,TFT11_ChoGath,Cho'Gath,Eruption,ShieldDuration,4,4,4,4,4,4,4,4
Set 11,11,base,TFTSet11,14.15,TFT_ArmoryKeyCompleted,Completed Item Anvil,Completed Item Anvil,RoundsToHatch,2,2,2,2,2,2,2,2
Set 11,11,base,TFTSet11,14.15,TFT_ArmoryKeyComponent,Component Anvil,Component Anvil,RoundsToHatch,2,2,2,2,2,2,2,2
Set 11,11,base,TFTSet11,14.15,TFT11_Darius,Darius,Decimate,Damage,190/285/450,0.5,190,285,450,0.5,0.5,0.5
Set 11,11,base,TFTSet11,14.15,TFT11_Darius,Darius,Decimate,DamageOnHit,80/120/200,15,80,120,200,15,15,15
Set 11,11,base,TFTSet11,14.15,TFT11_Darius,Darius,Decimate,Duration,4,4,4,4,4,4,4,4
Set 11,11,base,TFTSet11,14.15,TFT11_Darius,Darius,Decimate,ManaRefund,15,15,15,15,15,15,15,15
Set 11,11,base,TFTSet11,14.15,TFT11_Diana,Diana,Purification Rites,DR,0.3/0.3/0.35,0.3,0.3,0.3,0.35,0.3,0.3,0.3
Set 11,11,base,TFTSet11,14.15,TFT11_Diana,Diana,Purification Rites,Damage,90/135/220,0,90,135,220,0,0,0
Set 11,11,base,TFTSet11,14.15,TFT11_Diana,Diana,Purification Rites,Duration,4,4,4,4,4,4,4,4
Set 11,11,base,TFTSet11,14.15,TFT11_Diana,Diana,Purification Rites,Heal,275/300/375,0,275,300,375,0,0,0
Set 11,11,base,TFTSet11,14.15,TFT11_Galio,Galio,Savior's Protection,BaseResists,130/160/1000,2,130,160,1000,2,2,2
Set 11,11,base,TFTSet11,14.15,TFT11_Galio,Galio,Savior's Protection,BonusResistsPct,0.5,0.5,0.5,0.5,0.5,0.5,0.5,0.5
Set 11,11,base,TFTSet11,14.15,TFT11_Galio,Galio,Savior's Protection,Damage,100/150/1800,100,100,150,1800,100,100,100
Set 11,11,base,TFTSet11,14.15,TFT11_Galio,Galio,Savior's Protection,Duration,4/4/2,4,4,4,2,4,4,4
Set 11,11,base,TFTSet11,14.15,TFT11_Galio,Galio,Savior's Protection,HexRadius,3,3,3,3,3,3,3,3
Set 11,11,base,TFTSet11,14.15,TFT11_Galio,Galio,Savior's Protection,ShieldDuration,4,4,4,4,4,4,4,4
Set 11,11,base,TFTSet11,14.15,TFT11_Galio,Galio,Savior's Protection,ShieldPercent,160/200/2000,0.1,160,200,2000,0.1,0.1,0.1
Set 11,11,base,TFTSet11,14.15,TFT11_Garen,Garen,Courage,ADPercent,4.5,4.5,4.5,4.5,4.5,4.5,4.5,4.5
Set 11,11,base,TFTSet11,14.15,TFT11_Garen,Garen,Courage,Duration,5,5,5,5,5,5,5,5
Set 11,11,base,TFTSet11,14.15,TFT11_Garen,Garen,Courage,PercentHealthShield,0.15,0.15,0.15,0.15,0.15,0.15,0.15,0.15
Set 11,11,base,TFTSet11,14.15,TFT11_Garen,Garen,Courage,ShieldBase,275/325/375,0,275,325,375,0,0,0
Set 11,11,base,TFTSet11,14.15,TFT11_Gnar,Gnar,Boulder Toss,ADGain,0.02,0.02,0.02,0.02,0.02,0.02,0.02,0.02
Set 11,11,base,TFTSet11,14.15,TFT11_Gnar,Gnar,Boulder Toss,MaxStacks,45,45,45,45,45,45,45,45
Set 11,11,base,TFTSet11,14.15,TFT11_Gnar,Gnar,Boulder Toss,PercentAttackDamage,3.1/3.1/3.2,0,3.1,3.1,3.2,160,200,240
Set 11,11,base,TFTSet11,14.15,TFT11_FortuneProp,Golden Tree,Golden Tree,RoundsToHatch,2,2,2,2,2,2,2,2
Set 11,11,base,TFTSet11,14.15,TFT_BlueGolem,Golem,Golem Smash,Damage,335/500/750,100,335,500,750,1125,100,100
Set 11,11,base,TFTSet11,14.15,TFT11_Hwei,Hwei,A Brush with Fate,Damage,195/290/2000,0,195,290,2000,0,0,0
Set 11,11,base,TFTSet11,14.15,TFT11_Hwei,Hwei,A Brush with Fate,EndHeal,80/120/1000,0,80,120,1000,0,0,0
Set 11,11,base,TFTSet11,14.15,TFT11_Hwei,Hwei,A Brush with Fate,Healing,40/60/1000,0,40,60,1000,0,0,0
Set 11,11,base,TFTSet11,14.15,TFT11_Illaoi,Illaoi,Prophet of Spirits,Damage,80/120/190,0.1,80,120,190,0.1,0.1,0.1
Set 11,11,base,TFTSet11,14.15,TFT11_Illaoi,Illaoi,Prophet of Spirits,Duration,4,4,4,4,4,4,4,4
Set 11,11,base,TFTSet11,14.15,TFT11_Illaoi,Illaoi,Prophet of Spirits,Heal,50/60/70,0,50,60,70,0,0,0
Set 11,11,base,TFTSet11,14.15,TFT11_Illaoi,Illaoi,Prophet of Spirits,Shield,325/400/500,0,325,400,500,0,0,0
Set 11,11,base,TFTSet11,14.15,TFT11_Irelia,Irelia,Blade Dance,AttackSpeedToBladeSpeed,0.25,0.25,0.25,0.25,0.25,0.25,0.25,0.25
Set 11,11,base,TFTSet11,14.15,TFT11_Irelia,Irelia,Blade Dance,AttackSpeedToDamage,0.7,0.7,0.7,0.7,0.7,0.7,0.7,0.7
Set 11,11,base,TFTSet11,14.15,TFT11_Irelia,Irelia,Blade Dance,AttacksToCast_MustMatchResourceMaximum,8,8,8,8,8,8,8,8
Set 11,11,base,TFTSet11,14.15,TFT11_Irelia,Irelia,Blade Dance,BladeHitAD,1.5/1.5/14,0,1.5,1.5,14,0,0,0
Set 11,11,base,TFTSet11,14.15,TFT11_Irelia,Irelia,Blade Dance,NumOfBlades,7,7,7,7,7,7,7,7
Set 11,11,base,TFTSet11,14.15,TFT11_Irelia,Irelia,Blade Dance,NumSpellBlades,3,3,3,3,3,3,3,3
Set 11,11,base,TFTSet11,14.15,TFT11_Irelia,Irelia,Blade Dance,NumSpellHIts,3,3,3,3,3,3,3,3
Set 11,11,base,TFTSet11,14.15,TFT11_Irelia,Irelia,Blade Dance,SpellAPDamage,100,100,100,100,100,100,100,100
Set 11,11,base,TFTSet11,14.15,TFT11_Irelia,Irelia,Blade Dance,SpellHitAD,3/3/20,0,3,3,20,0,0,0
Set 11,11,base,TFTSet11,14.15,TFT11_Irelia,Irelia,Blade Dance,SunderDuration,5,5,5,5,5,5,5,5
Set 11,11,base,TFTSet11,14.15,TFT11_Janna,Janna,Heavenly Winds,BaseDamage,190/285/445,0,190,285,445,0,0,0
Set 11,11,base,TFTSet11,14.15,TFT11_Janna,Janna,Heavenly Winds,Duration,4,4,4,4,4,4,4,4
Set 11,11,base,TFTSet11,14.15,TFT11_Janna,Janna,Heavenly Winds,NumShieldTargets,2,2,2,2,2,2,2,2
Set 11,11,base,TFTSet11,14.15,TFT11_Janna,Janna,Heavenly Winds,NumTargets,2,2,2,2,2,2,2,2
Set 11,11,base,TFTSet11,14.15,TFT11_Janna,Janna,Heavenly Winds,Shield,120/150/200,0,120,150,200,160,200,240
Set 11,11,base,TFTSet11,14.15,TFT11_Jax,Jax,Counter Strike,AOEDamage,100/150/225,0,100,150,225,0,0,0
Set 11,11,base,TFTSet11,14.15,TFT11_Jax,Jax,Counter Strike,Damage,250/375/560,0,250,375,560,0,0,0
Set 11,11,base,TFTSet11,14.15,TFT11_Jax,Jax,Counter Strike,Duration,2,2,2,2,2,2,2,2
Set 11,11,base,TFTSet11,14.15,TFT11_Jax,Jax,Counter Strike,ICD,0.99,0.99,0.99,0.99,0.99,0.99,0.99,0.99
Set 11,11,base,TFTSet11,14.15,TFT11_Jax,Jax,Counter Strike,Resists,90,90,90,90,90,90,90,90
Set 11,11,base,TFTSet11,14.15,TFT11_Jax,Jax,Counter Strike,StunDuration,1.5,1.5,1.5,1.5,1.5,1.5,1.5,1.5
Set 11,11,base,TFTSet11,14.15,TFT11_Kaisa,Kai'Sa,Inkstorm,AmpedPercentAD,0.65/0.65/1.4,0,0.65,0.65,1.4,0,0,0
Set 11,11,base,TFTSet11,14.15,TFT11_Kaisa,Kai'Sa,Inkstorm,BaseDamage,8/12/36,0,8,12,36,0,0,0
Set 11,11,base,TFTSet11,14.15,TFT11_Kaisa,Kai'Sa,Inkstorm,HitThreshold,10,10,10,10,10,10,10,10
Set 11,11,base,TFTSet11,14.15,TFT11_Kaisa,Kai'Sa,Inkstorm,Mana,4,4,4,4,4,4,4,4
Set 11,11,base,TFTSet11,14.15,TFT11_Kaisa,Kai'Sa,Inkstorm,NumHits_Do_NOT_Change,20,20,20,20,20,20,20,20
Set 11,11,base,TFTSet11,14.15,TFT11_Kaisa,Kai'Sa,Inkstorm,PercentAttackDamage,0.4/0.4/1,0,0.4,0.4,1,160,200,240
Set 11,11,base,TFTSet11,14.15,TFT11_Kaisa,Kai'Sa,Inkstorm,SpellDurationTOOLTIPONLY,2,2,2,2,2,2,2,2
Set 11,11,base,TFTSet11,14.15,TFT11_Kayle,Kayle,Celestial Flames,Damage,125/250/375,0,125,250,375,800,0,0
Set 11,11,base,TFTSet11,14.15,TFT11_Kayle,Kayle,Celestial Flames,OnHitDamage,15/35/45,0,15,35,45,90,0,0
Set 11,11,base,TFTSet11,14.15,TFT11_Kayn,Kayn,Shadow Assassin,CritChance,0.3,0.3,0.3,0.3,0.3,0.3,0.3,0.3
Set 11,11,base,TFTSet11,14.15,TFT11_Kayn,Kayn,Shadow Assassin,IncreasedPercent,10,10,10,10,10,10,10,10
Set 11,11,base,TFTSet11,14.15,TFT11_Kayn,Kayn,Shadow Assassin,SingleTargetDamageAmp,1,1,1,1,1,1,1,1
Set 11,11,base,TFTSet11,14.15,TFT11_Kayn,Kayn,Shadow Assassin,SwipeADPercent,2.4/2.4/6,2,2.4,2.4,6,2,2,2
Set 11,11,base,TFTSet11,14.15,TFT11_Kayn,Kayn,Shadow Assassin,SwipeFlatDamage,30/45/135,0,30,45,135,0,0,0
Set 11,11,base,TFTSet11,14.15,TFT11_Kayn,Kayn,Shadow Assassin,TransformADPercent,4/4/10,0.1,4,4,10,0.1,0.1,0.1
Set 11,11,base,TFTSet11,14.15,TFT11_KhaZix,Kha'Zix,Leap!,APDamage,20/30/45,0,20,30,45,0,0,0
Set 11,11,base,TFTSet11,14.15,TFT11_KhaZix,Kha'Zix,Leap!,PercentAttackDamage,3.4/3.4/3.5,3.4,3.4,3.4,3.5,3.4,3.4,3.4
Set 11,11,base,TFTSet11,14.15,TFT11_Kindred,Kindred,Flourish of Arrows,AP,0.1,0.1,0.1,0.1,0.1,0.1,0.1,0.1
Set 11,11,base,TFTSet11,14.15,TFT11_Kindred,Kindred,Flourish of Arrows,Damage,135/200/300,0,135,200,300,160,200,240
Set 11,11,base,TFTSet11,14.15,TFT11_Kindred,Kindred,Flourish of Arrows,FatedAS,0.18,0.18,0.18,0.18,0.18,0.18,0.18,0.18
Set 11,11,base,TFTSet11,14.15,TFT11_Kindred,Kindred,Flourish of Arrows,SecondaryDamage,70/105/165,0,70,105,165,0,0,0
Set 11,11,base,TFTSet11,14.15,TFT11_FortuneYord,Kobuko,Money Dance,DamageHPPercent,0.15,0.15,0.15,0.15,0.15,0.15,0.15,0.15
Set 11,11,base,TFTSet11,14.15,TFT11_FortuneYord,Kobuko,Money Dance,Duration,2,2,2,2,2,2,2,2
Set 11,11,base,TFTSet11,14.15,TFT11_FortuneYord,Kobuko,Money Dance,HRHealthPerRound,60/80/200,15,60,80,200,15,15,15
Set 11,11,base,TFTSet11,14.15,TFT11_FortuneYord,Kobuko,Money Dance,Heal,350/400/475,60,350,400,475,100,110,120
Set 11,11,base,TFTSet11,14.15,TFT11_FortuneYord,Kobuko,Money Dance,PermanentHealthPerInterest,10/12/20,30,10,12,20,30,30,30
Set 11,11,base,TFTSet11,14.15,TFT11_KogMaw,Kog'Maw,Raining Artillery,AttackRangeIncrease,1,1,1,1,1,1,1,1
Set 11,11,base,TFTSet11,14.15,TFT11_KogMaw,Kog'Maw,Raining Artillery,Damage,160/240/335,0,160,240,335,0,0,0
Set 11,11,base,TFTSet11,14.15,TFT11_KogMaw,Kog'Maw,Raining Artillery,MaxStacks,50,50,50,50,50,50,50,50
Set 11,11,base,TFTSet11,14.15,TFT11_KogMaw,Kog'Maw,Raining Artillery,NumCasts,3,3,3,3,3,3,3,3
Set 11,11,base,TFTSet11,14.15,TFT11_LeeSin,Lee Sin,Dragon's Dance,AOEDamageADRatio,1.5/1.5/4.5,1.5,1.5,1.5,4.5,1.25,1.25,1.25
Set 11,11,base,TFTSet11,14.15,TFT11_LeeSin,Lee Sin,Dragon's Dance,DamageMultiplerPerBonusAS,0.3,0.3,0.3,0.3,0.3,0.3,0.3,0.3
Set 11,11,base,TFTSet11,14.15,TFT11_LeeSin,Lee Sin,Dragon's Dance,PhysDamageADRatio,4.5/4.5/9,2,4.5,4.5,9,2,2,2
Set 11,11,base,TFTSet11,14.15,TFT11_LeeSin,Lee Sin,Dragon's Dance,Shield,200/250/1000,0,200,250,1000,0,0,0
Set 11,11,base,TFTSet11,14.15,TFT11_LeeSin,Lee Sin,Dragon's Dance,ShieldDuration,3,3,3,3,3,3,3,3
Set 11,11,base,TFTSet11,14.15,TFT11_LeeSin,Lee Sin,Dragon's Dance,TooltipReave,30,30,30,30,30,30,30,30
Set 11,11,base,TFTSet11,14.15,TFT11_Lillia,Lillia,Eep!,Damage,240/360/900,0,240,360,900,160,200,240
Set 11,11,base,TFTSet11,14.15,TFT11_Lillia,Lillia,Eep!,MegaDamage,360/540/1600,0,360,540,1600,0,0,0
Set 11,11,base,TFTSet11,14.15,TFT11_Lillia,Lillia,Eep!,NumOfOrbs,3/3/5,3,3,3,5,3,3,3
Set 11,11,base,TFTSet11,14.15,TFT11_Lillia,Lillia,Eep!,SecondaryTargetDamage,110/165/600,0,110,165,600,0,0,0
Set 11,11,base,TFTSet11,14.15,TFT11_Lissandra,Lissandra,Let 'em Brew,AOEDamage,150/225/600,0,150,225,600,0,0,0
Set 11,11,base,TFTSet11,14.15,TFT11_Lissandra,Lissandra,Let 'em Brew,Damage,660/990/8888,0,660,990,8888,160,200,240
Set 11,11,base,TFTSet11,14.15,TFT11_Lissandra,Lissandra,Let 'em Brew,Duration,3/3/15,0,3,3,15,0,0,0
Set 11,11,base,TFTSet11,14.15,TFT11_Lissandra,Lissandra,Let 'em Brew,ItemGuarenteeThreshold,5,0,5,5,5,5,5,5
Set 11,11,base,TFTSet11,14.15,TFT11_Lissandra,Lissandra,Let 'em Brew,LootChancePercent,45,0,45,45,45,45,45,45
Set 11,11,base,TFTSet11,14.15,TFT11_Lissandra,Lissandra,Let 'em Brew,NumOfUnits,1/1/15,0,1,1,15,0,0,0
Set 11,11,base,TFTSet11,14.15,TFT11_Lux,Lux,Bunny Binding,AOEDamage,80/120/185,0,80,120,185,0,0,0
Set 11,11,base,TFTSet11,14.15,TFT11_Lux,Lux,Bunny Binding,Damage,240/360/560,0,240,360,560,0,0,0
Set 11,11,base,TFTSet11,14.15,TFT11_Lux,Lux,Bunny Binding,ReducedDamagePercent,0.3,0.3,0.3,0.3,0.3,0.3,0.3,0.3
Set 11,11,base,TFTSet11,14.15,TFT11_Lux,Lux,Bunny Binding,StunDuration,1.5,0,1.5,1.5,1.5,0,0,0
Set 11,11,base,TFTSet11,14.15,TFT11_Lux,Lux,Bunny Binding,TargetNum,2,2,2,2,2,2,2,2
Set 11,11,base,TFTSet11,14.15,TFT11_Malphite,Malphite,Topaz Skin,Armor,75/90/110,0,75,90,110,160,200,240
Set 11,11,base,TFTSet11,14.15,TFT11_Malphite,Malphite,Topaz Skin,Duration,8,8,8,8,8,8,8,8
Set 11,11,base,TFTSet11,14.15,TFT11_Malphite,Malphite,Topaz Skin,PercentArmorDamage,0.9/1.2/1.6,1.5,0.9,1.2,1.6,1.5,1.5,1.5
Set 11,11,base,TFTSet11,14.15,TFT6_MercenaryChest,Mercenary Chest,Mercenary Chest,RoundsToHatch,2,2,2,2,2,2,2,2
Set 11,11,base,TFTSet11,14.15,TFT11_Morgana,Morgana,The Tempest's Torment,ChillDuration,1,1,1,1,1,1,1,1
Set 11,11,base,TFTSet11,14.15,TFT11_Morgana,Morgana,The Tempest's Torment,Damage,265/400/2000,0,265,400,2000,160,200,240
Set 11,11,base,TFTSet11,14.15,TFT11_Morgana,Morgana,The Tempest's Torment,Duration,3,3,3,3,3,3,3,3
Set 11,11,base,TFTSet11,14.15,TFT11_Morgana,Morgana,The Tempest's Torment,HexRadius,2,2,2,2,2,2,2,2
Set 11,11,base,TFTSet11,14.15,TFT11_Morgana,Morgana,The Tempest's Torment,TOOLTIPONLYChillAmount,10,10,10,10,10,10,10,10
Set 11,11,base,TFTSet11,14.15,TFT11_Nautilus,Nautilus,Depth Charge,Damage,150/225/1000,0,150,225,1000,0,0,0
Set 11,11,base,TFTSet11,14.15,TFT11_Nautilus,Nautilus,Depth Charge,NumOfWaves,3,3,3,3,3,3,3,3
Set 11,11,base,TFTSet11,14.15,TFT11_Nautilus,Nautilus,Depth Charge,StunDuration,1.75/2/8,0,1.75,2,8,160,200,240
Set 11,11,base,TFTSet11,14.15,TFT11_Neeko,Neeko,Hop Blossom,BuffDuration,2,2,2,2,2,2,2,2
Set 11,11,base,TFTSet11,14.15,TFT11_Neeko,Neeko,Hop Blossom,DR,0.3/0.3/0.35,0,0.3,0.3,0.35,0,0,0
Set 11,11,base,TFTSet11,14.15,TFT11_Neeko,Neeko,Hop Blossom,Damage,200/300/475,0,200,300,475,0,0,0
Set 11,11,base,TFTSet11,14.15,TFT11_Neeko,Neeko,Hop Blossom,DamageIncreasePerEnemy,1,1,1,1,1,1,1,1
Set 11,11,base,TFTSet11,14.15,TFT11_Neeko,Neeko,Hop Blossom,Heal,300/350/400,0,300,350,400,0,0,0
Set 11,11,base,TFTSet11,14.15,TFT11_Ornn,Ornn,Forge of the Forest,BaseShieldValue,300/350/1200,0,300,350,1200,0,0,0
Set 11,11,base,TFTSet11,14.15,TFT11_Ornn,Ornn,Forge of the Forest,ChannelDuration,2,2,2,2,2,2,2,2
Set 11,11,base,TFTSet11,14.15,TFT11_Ornn,Ornn,Forge of the Forest,MagicDamage,300/450/1500,0,300,450,1500,0,0,0
Set 11,11,base,TFTSet11,14.15,TFT11_Ornn,Ornn,Forge of the Forest,PercentHealthShield,0.15,0,0.15,0.15,0.15,0.15,0.15,0.15
Set 11,11,base,TFTSet11,14.15,TFT11_Ornn,Ornn,Forge of the Forest,ShieldDuration,4,4,4,4,4,4,4,4
Set 11,11,base,TFTSet11,14.15,TFT11_Qiyana,Qiyana,Supreme Display of Talent,Damage,20/30/45,0,20,30,45,160,200,240
Set 11,11,base,TFTSet11,14.15,TFT11_Qiyana,Qiyana,Supreme Display of Talent,Duration,4,4,4,4,4,4,4,4
Set 11,11,base,TFTSet11,14.15,TFT11_Qiyana,Qiyana,Supreme Display of Talent,PercentAttackDamage,1.5,1.3,1.5,1.5,1.5,1.3,1.3,1.3
Set 11,11,base,TFTSet11,14.15,TFT11_Qiyana,Qiyana,Supreme Display of Talent,SecondaryTargetPercentage,0.75,0,0.75,0.75,0.75,0,0,0
Set 11,11,base,TFTSet11,14.15,TFT11_Rakan,Rakan,Grand Entrance,BaseShieldAmount,160/200/600,0,160,200,600,0,0,0
Set 11,11,base,TFTSet11,14.15,TFT11_Rakan,Rakan,Grand Entrance,Damage,185/275/2000,0,185,275,2000,0,0,0
Set 11,11,base,TFTSet11,14.15,TFT11_Rakan,Rakan,Grand Entrance,DamageReductionPercent,0.1,0.1,0.1,0.1,0.1,0.1,0.1,0.1
Set 11,11,base,TFTSet11,14.15,TFT11_Rakan,Rakan,Grand Entrance,DebuffDuration,4,4,4,4,4,4,4,4
Set 11,11,base,TFTSet11,14.15,TFT11_Rakan,Rakan,Grand Entrance,HexRange,2,2,2,2,2,2,2,2
Set 11,11,base,TFTSet11,14.15,TFT11_RakanBenchDummy,Rakan,Gleaming Quill,LoversHealAmt,150/250/1000,0,150,250,1000,0,0,0
Set 11,11,base,TFTSet11,14.15,TFT11_RakanBenchDummy,Rakan,Gleaming Quill,LoversTargets,3,3,3,3,3,3,3,3
Set 11,11,base,TFTSet11,14.15,TFT11_Rakan,Rakan,Grand Entrance,ShieldDuration,2,2,2,2,2,2,2,2
Set 11,11,base,TFTSet11,14.15,TFT11_Rakan,Rakan,Grand Entrance,ShieldPercentDamage,1,1,1,1,1,1,1,1
Set 11,11,base,TFTSet11,14.15,TFT11_RekSai,Rek'Sai,Uproot,Damage,70/90/120,0,70,90,120,0,0,0
Set 11,11,base,TFTSet11,14.15,TFT11_RekSai,Rek'Sai,Uproot,DefensesGained,75,75,75,75,75,75,75,75
Set 11,11,base,TFTSet11,14.15,TFT11_RekSai,Rek'Sai,Uproot,Duration,5,5,5,5,5,5,5,5
Set 11,11,base,TFTSet11,14.15,TFT11_RekSai,Rek'Sai,Uproot,PercentHPDamage,0.15,0.15,0.15,0.15,0.15,0.15,0.15,0.15
Set 11,11,base,TFTSet11,14.15,TFT11_RekSai,Rek'Sai,Uproot,StunDuration,1,1,1,1,1,1,1,1
Set 11,11,base,TFTSet11,14.15,TFT_RiftHerald,Rift Herald,Void Charge,MaxHealthPct,0.5,0.5,0.5,0.5,0.5,0.5,0.5,0.5
Set 11,11,base,TFTSet11,14.15,TFT11_Riven,Riven,Broken Wings,Heal,175/225/275,0,175,225,275,0,0,0
Set 11,11,base,TFTSet11,14.15,TFT11_Riven,Riven,Broken Wings,PercentAttackDamage,2/2/2.15,1.2,2,2,2.15,1.2,1.2,1.2
Set 11,11,base,TFTSet11,14.15,TFT11_Riven,Riven,Broken Wings,PercentAttackDamageBoosted,3.1/3.1/3.25,3.6,3.1,3.1,3.25,3.75,3.6,3.6
Set 11,11,base,TFTSet11,14.15,TFT11_Senna,Senna,Absolution,BaseDamageAPScaling,10/15/25,0,10,15,25,0,0,0
Set 11,11,base,TFTSet11,14.15,TFT11_Senna,Senna,Absolution,BonusAttackDamage,20/25/35,0,20,25,35,160,200,240
Set 11,11,base,TFTSet11,14.15,TFT11_Senna,Senna,Absolution,BonusRange,2,2,2,2,2,2,2,2
Set 11,11,base,TFTSet11,14.15,TFT11_Senna,Senna,Absolution,Duration,4,4,4,4,4,4,4,4
Set 11,11,base,TFTSet11,14.15,TFT11_Senna,Senna,Absolution,PercentAttackDamage,2.45/2.45/2.6,2,2.45,2.45,2.6,2,2,2
Set 11,11,base,TFTSet11,14.15,TFT11_Sett,Sett,Light and Shadow,AttackDamagePerThreshold,2,2,2,2,2,2,2,2
Set 11,11,base,TFTSet11,14.15,TFT11_Sett,Sett,Light and Shadow,FatedBonus,0.15,0.15,0.15,0.15,0.15,0.15,0.15,0.15
Set 11,11,base,TFTSet11,14.15,TFT11_Sett,Sett,Light and Shadow,HealthSquatThreshold,1000,1000,1000,1000,1000,1000,1000,1000
Set 11,11,base,TFTSet11,14.15,TFT11_Sett,Sett,Light and Shadow,PercentADPrimary,2.7/2.7/90.01,6,2.7,2.7,90.01,6,6,6
Set 11,11,base,TFTSet11,14.15,TFT11_Sett,Sett,Light and Shadow,PercentADSecondary,1.2,1.2,1.2,1.2,1.2,1.2,1.2,1.2
Set 11,11,base,TFTSet11,14.15,TFT11_Sett,Sett,Light and Shadow,PercentAPSecondary,30/45/2000,0,30,45,2000,0,0,0
Set 11,11,base,TFTSet11,14.15,TFT11_Sett,Sett,Light and Shadow,PercentHealth,0.08/0.12/10,80,0.08,0.12,10,80,80,80
Set 11,11,base,TFTSet11,14.15,TFT11_Shen,Shen,Spirit's Refuge,AttackCount,3,3,3,3,3,3,3,3
Set 11,11,base,TFTSet11,14.15,TFT11_Shen,Shen,Spirit's Refuge,Duration,4,4,4,4,4,4,4,4
Set 11,11,base,TFTSet11,14.15,TFT11_Shen,Shen,Spirit's Refuge,FlatDamageReduction,15/20/30,0,15,20,30,0,0,0
Set 11,11,base,TFTSet11,14.15,TFT11_Shen,Shen,Spirit's Refuge,PercentArmorDamage,1/1.5/2.35,2.5,1,1.5,2.35,2.5,2.5,2.5
Set 11,11,base,TFTSet11,14.15,TFT11_Shen,Shen,Spirit's Refuge,ShenSelfishReduction,40/50/70,0,40,50,70,0,0,0
Set 11,11,base,TFTSet11,14.15,TFT11_Sivir,Sivir,On the Hunt,AttackSpeed,0.15/0.2/0.3,0.2,0.15,0.2,0.3,0.5,0,0
Set 11,11,base,TFTSet11,14.15,TFT11_Sivir,Sivir,On the Hunt,Duration,6/8/10,6,6,8,10,6,6,6
Set 11,11,base,TFTSet11,14.15,TFT11_Sivir,Sivir,On the Hunt,PercentAttackDamage,0.95/0.95/1.1,0.45,0.95,0.95,1.1,0.45,0.45,0.45
Set 11,11,base,TFTSet11,14.15,TFT11_Soraka,Soraka,Divine Judgement,APPerHealthLoss,8,8,8,8,8,8,8,8
Set 11,11,base,TFTSet11,14.15,TFT11_Soraka,Soraka,Divine Judgement,APPerThreshold,6,6,6,6,6,6,6,6
Set 11,11,base,TFTSet11,14.15,TFT11_Soraka,Soraka,Divine Judgement,AoEDamage,120/180/305,0,120,180,305,0,0,0
Set 11,11,base,TFTSet11,14.15,TFT11_Soraka,Soraka,Divine Judgement,Damage,260/390/650,0,260,390,650,160,200,240
Set 11,11,base,TFTSet11,14.15,TFT11_Soraka,Soraka,Divine Judgement,PercentHealthLost,0.2,0.2,0.2,0.2,0.2,0.2,0.2,0.2
Set 11,11,base,TFTSet11,14.15,TFT_ArmoryKeySupport,Support item anvil,Support item anvil,RoundsToHatch,2,2,2,2,2,2,2,2
Set 11,11,base,TFTSet11,14.15,TFT11_Sylas,Sylas,Unchain The Demon,AOEDamage,90/135/550,0,90,135,550,0,0,0
Set 11,11,base,TFTSet11,14.15,TFT11_Sylas,Sylas,Unchain The Demon,Damage,200/300/1200,0,200,300,1200,160,200,240
Set 11,11,base,TFTSet11,14.15,TFT11_Sylas,Sylas,Unchain The Demon,Heal,110/130/600,0,110,130,600,0,0,0
Set 11,11,base,TFTSet11,14.15,TFT11_Syndra,Syndra,Phantom Butterflies,DamagePerButt,45/70/180,0,45,70,180,0,0,0
Set 11,11,base,TFTSet11,14.15,TFT11_Syndra,Syndra,Phantom Butterflies,FatedBonus,0.1,0.1,0.1,0.1,0.1,0.1,0.1,0.1
Set 11,11,base,TFTSet11,14.15,TFT11_Syndra,Syndra,Phantom Butterflies,NumCastsPerButt,1,1,1,1,1,1,1,1
Set 11,11,base,TFTSet11,14.15,TFT11_Syndra,Syndra,Phantom Butterflies,NumStartingButt,6/6/10,7,6,6,10,7,7,7
Set 11,11,base,TFTSet11,14.15,TFT11_TahmKench,Tahm Kench,Tongue Lash,BonusPercentDamage,1.6,1.6,1.6,1.6,1.6,1.6,1.6,1.6
Set 11,11,base,TFTSet11,14.15,TFT11_TahmKench,Tahm Kench,Tongue Lash,BonusShield,200/250/300,0,200,250,300,0,0,0
Set 11,11,base,TFTSet11,14.15,TFT11_TahmKench,Tahm Kench,Tongue Lash,Damage,300/450/700,0,300,450,700,0,0,0
Set 11,11,base,TFTSet11,14.15,TFT11_TahmKench,Tahm Kench,Tongue Lash,Duration,3,3,3,3,3,3,3,3
Set 11,11,base,TFTSet11,14.15,TFT11_TahmKench,Tahm Kench,Tongue Lash,PercentHealthShield,0.2,0,0.2,0.2,0.2,160,200,240
Set 11,11,base,TFTSet11,14.15,TFT11_Teemo,Teemo,Dim-Sum Delivery,Damage,400/600/1150,0,400,600,1150,0,0,0
Set 11,11,base,TFTSet11,14.15,TFT11_Teemo,Teemo,Dim-Sum Delivery,Duration,8,8,8,8,8,8,8,8
Set 11,11,base,TFTSet11,14.15,TFT11_Teemo,Teemo,Dim-Sum Delivery,TickRate,0.5,0.5,0.5,0.5,0.5,0.5,0.5,0.5
Set 11,11,base,TFTSet11,14.15,TFT11_Thresh,Thresh,Guided Passage,Damage,100/150/250,0,100,150,250,0,0,0
Set 11,11,base,TFTSet11,14.15,TFT11_Thresh,Thresh,Guided Passage,FatedDefenses,18,18,18,18,18,18,18,18
Set 11,11,base,TFTSet11,14.15,TFT11_Thresh,Thresh,Guided Passage,PercentArmorAndMR,0.15/0.15/0.2,0,0.15,0.15,0.2,0,0,0
Set 11,11,base,TFTSet11,14.15,TFT11_Thresh,Thresh,Guided Passage,ResistShareDuration,6,6,6,6,6,6,6,6
Set 11,11,base,TFTSet11,14.15,TFT11_Thresh,Thresh,Guided Passage,Shield,360/400/450,0,360,400,450,160,200,240
Set 11,11,base,TFTSet11,14.15,TFT11_Thresh,Thresh,Guided Passage,ShieldDuration,4,4,4,4,4,4,4,4
Set 11,11,base,TFTSet11,14.15,TFT11_Tibbers,Tibbers,Childhood Rage,Damage,200/300/1000,0,200,300,1000,0,0,0
Set 11,11,base,TFTSet11,14.15,TFT11_Tibbers,Tibbers,Childhood Rage,PercentMaximumHealthDamage,0.1,0.1,0.1,0.1,0.1,0.1,0.1,0.1
Set 11,11,base,TFTSet11,14.15,TFT11_Tibbers,Tibbers,Childhood Rage,StunDuration,1.75/2.5/8,0,1.75,2.5,8,160,200,240
Set 11,11,base,TFTSet11,14.15,TFT5_EmblemArmoryKey,Tome of Traits,Tome of Traits,RoundsToHatch,2,2,2,2,2,2,2,2
Set 11,11,base,TFTSet11,14.15,TFT11_Tristana,Tristana,Firecracker Frenzy,AttackDamage,0.4/0.4/0.5,0,0.4,0.4,0.5,0,0,0
Set 11,11,base,TFTSet11,14.15,TFT11_Tristana,Tristana,Firecracker Frenzy,BaseSpellDamage,50/75/115,0,50,75,115,0,0,0
Set 11,11,base,TFTSet11,14.15,TFT11_Tristana,Tristana,Firecracker Frenzy,Duration,6,6,6,6,6,6,6,6
Set 11,11,base,TFTSet11,14.15,TFT11_Tristana,Tristana,Firecracker Frenzy,PercentAttackDamage,3/3/3.05,0,3,3,3.05,160,200,240
Set 11,11,base,TFTSet11,14.15,TFT11_Udyr,Udyr,Ram Slam / Tiger Strikes,ASPercent,0.6/0.7/5,1.5,0.6,0.7,5,1.5,1.5,1.5
Set 11,11,base,TFTSet11,14.15,TFT11_Udyr,Udyr,Ram Slam / Tiger Strikes,BearWearManaCost,40,40,40,40,40,40,40,40
Set 11,11,base,TFTSet11,14.15,TFT11_Udyr,Udyr,Ram Slam / Tiger Strikes,BounceCount,4/4/6,0,4,4,6,0,0,0
Set 11,11,base,TFTSet11,14.15,TFT11_Udyr,Udyr,Ram Slam / Tiger Strikes,BuffDuration,6/6/30,4,6,6,30,4,4,4
Set 11,11,base,TFTSet11,14.15,TFT11_Udyr,Udyr,Ram Slam / Tiger Strikes,Damage,300/450/4800,0,300,450,4800,0,0,0
Set 11,11,base,TFTSet11,14.15,TFT11_Udyr,Udyr,Ram Slam / Tiger Strikes,HexDistance,2/2/10,0,2,2,10,160,200,240
Set 11,11,base,TFTSet11,14.15,TFT11_Udyr,Udyr,Ram Slam / Tiger Strikes,OmnivampPercent,,,,,,,,
Set 11,11,base,TFTSet11,14.15,TFT11_Udyr,Udyr,Ram Slam / Tiger Strikes,ShieldAmt,300/375/5000,0,300,375,5000,0,0,0
Set 11,11,base,TFTSet11,14.15,TFT11_Udyr,Udyr,Ram Slam / Tiger Strikes,ShieldDuration,3/3/10,3,3,3,10,3,3,3
Set 11,11,base,TFTSet11,14.15,TFT11_Udyr,Udyr,Ram Slam / Tiger Strikes,ShurikenDamage,150/225/4500,0,150,225,4500,0,0,0
Set 11,11,base,TFTSet11,14.15,TFT11_Volibear,Volibear,Ink Smash,HealAmount,150/180/240,0,150,180,240,0,0,0
Set 11,11,base,TFTSet11,14.15,TFT11_Volibear,Volibear,Ink Smash,HealthRatio,0.1,0.1,0.1,0.1,0.1,0.1,0.1,0.1
Set 11,11,base,TFTSet11,14.15,TFT11_Volibear,Volibear,Ink Smash,LargeDamage,80/120/185,0,80,120,185,0,0,0
Set 11,11,base,TFTSet11,14.15,TFT11_Volibear,Volibear,Ink Smash,SmallDamage,35/50/80,0,35,50,80,0,0,0
Set 11,11,base,TFTSet11,14.15,TFT11_Volibear,Volibear,Ink Smash,StunDuration,1,1,1,1,1,1,1,1
Set 11,11,base,TFTSet11,14.15,TFT11_WuKong,Wukong,Legendary Prowess,BonkDamage,70/105/155,0,70,105,155,0,0,0
Set 11,11,base,TFTSet11,14.15,TFT11_WuKong,Wukong,Legendary Prowess,BonkHexRange,3,3,3,3,3,3,3,3
Set 11,11,base,TFTSet11,14.15,TFT11_WuKong,Wukong,Legendary Prowess,BonkHexRangePerGreat,2,2,2,2,2,2,2,2
Set 11,11,base,TFTSet11,14.15,TFT11_WuKong,Wukong,Legendary Prowess,BonkPercentAttackDamage,3/3/15,0,3,3,15,0,0,0
Set 11,11,base,TFTSet11,14.15,TFT11_WuKong,Wukong,Legendary Prowess,DashHexRange,2,2,2,2,2,2,2,2
Set 11,11,base,TFTSet11,14.15,TFT11_WuKong,Wukong,Legendary Prowess,SpinHexRange,1,1,1,1,1,1,1,1
Set 11,11,base,TFTSet11,14.15,TFT11_WuKong,Wukong,Legendary Prowess,SpinHexRangePerGreat,1,1,1,1,1,1,1,1
Set 11,11,base,TFTSet11,14.15,TFT11_WuKong,Wukong,Legendary Prowess,SpinPercentAttackDamage,3/3/9,0,3,3,9,0,0,0
Set 11,11,base,TFTSet11,14.15,TFT11_WuKong,Wukong,Legendary Prowess,StunDuration,1.5/1.5/8,2,1.5,1.5,8,2,2,2
Set 11,11,base,TFTSet11,14.15,TFT11_WuKong,Wukong,Legendary Prowess,StunDurationPerGreat,1,1,1,1,1,1,1,1
Set 11,11,base,TFTSet11,14.15,TFT11_WuKong,Wukong,Legendary Prowess,StunPercentAttackDamage,3/3/9,0,3,3,9,0,0,0
Set 11,11,base,TFTSet11,14.15,TFT11_WuKong,Wukong,Legendary Prowess,TootChance,5,5,5,5,5,5,5,5
Set 11,11,base,TFTSet11,14.15,TFT11_Xayah,Xayah,Feathers Fly!,FeatherCount,12/12/30,0,12,12,30,0,0,0
Set 11,11,base,TFTSet11,14.15,TFT11_Xayah,Xayah,Feathers Fly!,FeatherDamage,0.7/0.7/5,0,0.7,0.7,5,0,0,0
Set 11,11,base,TFTSet11,14.15,TFT11_Xayah,Xayah,Feathers Fly!,FeatherRecallBaseDamage,15/25/75,0,15,25,75,0,0,0
Set 11,11,base,TFTSet11,14.15,TFT11_Xayah,Xayah,Feathers Fly!,FeatherRecallDamage,0.35/0.35/5,0,0.35,0.35,5,0,0,0
Set 11,11,base,TFTSet11,14.15,TFT11_XayahBenchDummy,Xayah,Deadly Plumage,LoversDamage,200/300/800,3,200,300,800,3,3,3
Set 11,11,base,TFTSet11,14.15,TFT11_Xayah,Xayah,Feathers Fly!,NumClosestTargets,4,4,4,4,4,4,4,4
Set 11,11,base,TFTSet11,14.15,TFT11_Yasuo,Yasuo,Steel Tempest,BaseShield,225/250/300,0,225,250,300,0,0,0
Set 11,11,base,TFTSet11,14.15,TFT11_Yasuo,Yasuo,Steel Tempest,Damage,200/300/450,200,200,300,450,180,180,180
Set 11,11,base,TFTSet11,14.15,TFT11_Yasuo,Yasuo,Steel Tempest,FatedBonus,250,250,250,250,250,250,250,250
Set 11,11,base,TFTSet11,14.15,TFT11_Yasuo,Yasuo,Steel Tempest,ShieldDamage,0.3/0.45/0.7,0.3,0.3,0.45,0.7,0.3,0.3,0.3
Set 11,11,base,TFTSet11,14.15,TFT11_Yasuo,Yasuo,Steel Tempest,ShieldDuration,5,5,5,5,5,5,5,5
Set 11,11,base,TFTSet11,14.15,TFT11_Yasuo,Yasuo,Steel Tempest,ShieldResistPct,0.6/0.75/1,0,0.6,0.75,1,0,0,0
Set 11,11,base,TFTSet11,14.15,TFT11_Yone,Yone,Fate Sealed,ADRatio,1.65/1.65/1.8,0,1.65,1.65,1.8,0,0,0
Set 11,11,base,TFTSet11,14.15,TFT11_Yone,Yone,Fate Sealed,ASBonus,0.75,0.75,0.75,0.75,0.75,0.75,0.75,0.75
Set 11,11,base,TFTSet11,14.15,TFT11_Yone,Yone,Fate Sealed,HexRange,3,3,3,3,3,3,3,3
Set 11,11,base,TFTSet11,14.15,TFT11_Yone,Yone,Fate Sealed,Shield,250/300/375,0,250,300,375,0,0,0
Set 11,11,base,TFTSet11,14.15,TFT11_Yone,Yone,Fate Sealed,ShieldDuration,3,3,3,3,3,3,3,3
Set 11,11,base,TFTSet11,14.15,TFT11_Yone,Yone,Fate Sealed,WoundDuration,5,5,5,5,5,5,5,5
Set 11,11,base,TFTSet11,14.15,TFT11_Yorick,Yorick,Dark Despoil,Damage,160/240/375,0,160,240,375,0,0,0
Set 11,11,base,TFTSet11,14.15,TFT11_Yorick,Yorick,Dark Despoil,Duration,3,3,3,3,3,3,3,3
Set 11,11,base,TFTSet11,14.15,TFT11_Yorick,Yorick,Dark Despoil,HealthGain,300/360/420,0,300,360,420,0,0,0
Set 11,11,base,TFTSet11,14.15,TFT11_Yorick,Yorick,Dark Despoil,NumOfEnemies,2,2,2,2,2,2,2,2
Set 11,11,base,TFTSet11,14.15,TFT11_Zoe,Zoe,Calculated!,BounceRange,2,2,2,2,2,2,2,2
Set 11,11,base,TFTSet11,14.15,TFT11_Zoe,Zoe,Calculated!,Damage,280/420/650,0,280,420,650,740,200,240
Set 11,11,base,TFTSet11,14.15,TFT11_Zoe,Zoe,Calculated!,RicochetsPerKill,1,1,1,1,1,1,1,1
Set 11,11,base,TFTSet11,14.15,TFT11_Zoe,Zoe,Calculated!,SecondarySpellDamage,140/210/325,100,140,210,325,0,0,0
Set 11,11,base,TFTSet11,14.15,TFT11_Zoe,Zoe,Calculated!,TOOLTIPBounceRange,2,2,2,2,2,2,2,2
Set 11,11,base,TFTSet11,14.15,TFT11_Zyra,Zyra,Paper Thorns,Damage,95/140/220,0,95,140,220,0,0,0
Set 11,11,base,TFTSet11,14.15,TFT11_Zyra,Zyra,Paper Thorns,Duration,3,0,3,3,3,160,200,240
Set 11,11,base,TFTSet11,14.15,TFT11_Zyra,Zyra,Paper Thorns,NumPlantAutos,3,3,3,3,3,3,3,3
Set 11,11,base,TFTSet11,14.15,TFT11_Zyra,Zyra,Paper Thorns,NumPlants,2,0,2,2,2,0,0,0
Set 11,11,base,TFTSet11,14.15,TFT11_Zyra,Zyra,Paper Thorns,WoundAmount,33,33,33,33,33,33,33,33
Set 11,11,base,TFTSet11,14.15,TFT11_Zyra,Zyra,Paper Thorns,WoundDuration,6,6,6,6,6,6,6,6
Set 12,12,base,TFTSet12,14.22,TFT12_Ahri,Ahri,Orb of Perception,BaseFoxfires,3,3,3,3,3,3,3,3
Set 12,12,base,TFTSet12,14.22,TFT12_Ahri,Ahri,Orb of Perception,BaseTrueDamage,15/25/35,12,15,25,35,45,0,0
Set 12,12,base,TFTSet12,14.22,TFT12_Ahri,Ahri,Orb of Perception,OrbDamage,230/345/520,170,230,345,520,695,0,0
Set 12,12,base,TFTSet12,14.22,TFT12_Akali,Akali,Fire Point Strike,ADScaleDamage,2.8,2.8,2.8,2.8,2.8,2.8,2.8,2.8
Set 12,12,base,TFTSet12,14.22,TFT12_Akali,Akali,Fire Point Strike,AutoDamageAD,1.5,1.35,1.5,1.5,1.5,1.5,1.7,1.7
Set 12,12,base,TFTSet12,14.22,TFT12_Akali,Akali,Fire Point Strike,AutoDamageAP,30/45/70,20,30,45,70,95,10,10
Set 12,12,base,TFTSet12,14.22,TFT12_Akali,Akali,Fire Point Strike,DashHexRange,3,3,3,3,3,3,3,3
Set 12,12,base,TFTSet12,14.22,TFT12_Akali,Akali,Fire Point Strike,NumAttacks,3,3,3,3,3,3,3,3
Set 12,12,base,TFTSet12,14.22,TFT_ArmoryKeyOrnn,Artifact Item Anvil,Artifact Item Anvil,RoundsToHatch,2,2,2,2,2,2,2,2
Set 12,12,base,TFTSet12,14.22,TFT12_Ashe,Ashe,Dark Tidings,BaseDamage,5/8/12,3,5,8,12,16,8,8
Set 12,12,base,TFTSet12,14.22,TFT12_Ashe,Ashe,Dark Tidings,PercentAD,0.3,0.3,0.3,0.3,0.3,0.3,0.3,0.3
Set 12,12,base,TFTSet12,14.22,TFT12_Bard,Bard,Traveling Whimsy,DamageIncDuration,3,3,3,3,3,3,3,3
Set 12,12,base,TFTSet12,14.22,TFT12_Bard,Bard,Traveling Whimsy,DamageIncPct,10,10,10,10,10,10,10,10
Set 12,12,base,TFTSet12,14.22,TFT12_Bard,Bard,Traveling Whimsy,MagicDamage,105/160/245,20,105,160,245,330,40,40
Set 12,12,base,TFTSet12,14.22,TFT12_Bard,Bard,Traveling Whimsy,NumEnemies,4,4,4,4,4,4,4,4
Set 12,12,base,TFTSet12,14.22,TFT12_Blitzcrank,Blitzcrank,Honey Barrier,BaseDamage,80/120/180,100,80,120,180,240,100,100
Set 12,12,base,TFTSet12,14.22,TFT12_Blitzcrank,Blitzcrank,Honey Barrier,BaseShield,200/225/250,0,200,225,250,275,0,0
Set 12,12,base,TFTSet12,14.22,TFT12_Blitzcrank,Blitzcrank,Honey Barrier,HERODamagePerc,1,1,1,1,1,1,1,1
Set 12,12,base,TFTSet12,14.22,TFT12_Blitzcrank,Blitzcrank,Honey Barrier,HEROInterval,5,5,5,5,5,5,5,5
Set 12,12,base,TFTSet12,14.22,TFT12_Blitzcrank,Blitzcrank,Honey Barrier,NumTargets,2,2,2,2,2,2,2,2
Set 12,12,base,TFTSet12,14.22,TFT12_Blitzcrank,Blitzcrank,Honey Barrier,PercentAbsorbed,0.4,0.4,0.4,0.4,0.4,0.4,0.4,0.4
Set 12,12,base,TFTSet12,14.22,TFT12_Blitzcrank,Blitzcrank,Honey Barrier,ShieldDuration,4,4,4,4,4,4,4,4
Set 12,12,base,TFTSet12,14.22,TFT12_Blitzcrank,Blitzcrank,Honey Barrier,ShieldMaxHealthScaling,0.15,0.15,0.15,0.15,0.15,0.15,0.15,0.15
Set 12,12,base,TFTSet12,14.22,TFT12_Briar,Briar,Certain Death,BiteADRatio,2.5/2.5/20,2,2.5,2.5,20,20,3.5,3.5
Set 12,12,base,TFTSet12,14.22,TFT12_Briar,Briar,Certain Death,DamageAmpPerHealth,0.007,0.007,0.007,0.007,0.007,0.007,0.007,0.007
Set 12,12,base,TFTSet12,14.22,TFT12_Briar,Briar,Certain Death,DamageAmpPerHealthDU,0.007,0.007,0.007,0.007,0.007,0.007,0.007,0.007
Set 12,12,base,TFTSet12,14.22,TFT12_Briar,Briar,Certain Death,DamageAmpPerHealthHR,0.04,0.04,0.04,0.04,0.04,0.04,0.04,0.04
Set 12,12,base,TFTSet12,14.22,TFT12_Briar,Briar,Certain Death,DamageAmpPvE,0.4,0,0.4,0.4,0.4,0.4,0.4,0.4
Set 12,12,base,TFTSet12,14.22,TFT12_Briar,Briar,Certain Death,FrenzyAttackSpeed,0.75/0.75/6.66,0,0.75,0.75,6.66,7.77,0,0
Set 12,12,base,TFTSet12,14.22,TFT12_Briar,Briar,Certain Death,FrenzyCleaveADRatio,0.4/0.4/2,0,0.4,0.4,2,2,0,0
Set 12,12,base,TFTSet12,14.22,TFT12_Briar,Briar,Certain Death,FrenzyOmnivamp,0.15/0.15/1,0,0.15,0.15,1,1,0,0
Set 12,12,base,TFTSet12,14.22,TFT12_Briar,Briar,Certain Death,LeapADRatio,1/1/5,0,1,1,5,5,0,0
Set 12,12,base,TFTSet12,14.22,TFT12_Briar,Briar,Certain Death,LeapStunDuration,1.25,1.25,1.25,1.25,1.25,1.25,1.25,1.25
Set 12,12,base,TFTSet12,14.22,TFT12_Briar,Briar,Certain Death,LeapStunHexRadius,2,2,2,2,2,2,2,2
Set 12,12,base,TFTSet12,14.22,TFT12_Briar,Briar,Certain Death,SnackHealthGain,150,150,150,150,150,150,150,150
Set 12,12,base,TFTSet12,14.22,TFT12_Briar,Briar,Certain Death,SnackHealthGainDU,250,250,250,250,250,250,250,250
Set 12,12,base,TFTSet12,14.22,TFT12_Briar,Briar,Certain Death,SnackHealthGainHR,250,250,250,250,250,250,250,250
Set 12,12,base,TFTSet12,14.22,TFT12_Camille,Camille,Temporal Anomaly,HookshotHexRange,3,3,3,3,3,3,3,3
Set 12,12,base,TFTSet12,14.22,TFT12_Camille,Camille,Temporal Anomaly,IsolationDuration,4/4/7,4,4,4,7,7,4,4
Set 12,12,base,TFTSet12,14.22,TFT12_Camille,Camille,Temporal Anomaly,IsolationZoneADRatio,1.8/1.8/8,0,1.8,1.8,8,8,0,0
Set 12,12,base,TFTSet12,14.22,TFT12_Camille,Camille,Temporal Anomaly,StunDuration,1/1/7,1,1,1,7,7,1,1
Set 12,12,base,TFTSet12,14.22,TFT12_Camille,Camille,Temporal Anomaly,TrueDamageADRatio,1.7/1.7/8,0,1.7,1.7,8,8,0,0
Set 12,12,base,TFTSet12,14.22,TFT12_Camille,Camille,Temporal Anomaly,TrueDamageBaseDamage,50/75/1000,0,50,75,1000,1500,0,0
Set 12,12,base,TFTSet12,14.22,TFT12_Camille,Camille,Temporal Anomaly,ZoneBonusAD,2.25,2.25,2.25,2.25,2.25,2.25,2.25,2.25
Set 12,12,base,TFTSet12,14.22,TFT12_Camille,Camille,Temporal Anomaly,ZoneDamageReduction,0.3,0.3,0.3,0.3,0.3,0.3,0.3,0.3
Set 12,12,base,TFTSet12,14.22,TFT12_Cassiopeia,Cassiopeia,Witch Fang,Damage,135/200/300,60,135,200,300,400,125,125
Set 12,12,base,TFTSet12,14.22,TFT12_Cassiopeia,Cassiopeia,Witch Fang,NumAttacks,3,3,3,3,3,3,3,3
Set 12,12,base,TFTSet12,14.22,TFT_ArmoryKeyCompleted,Completed Item Anvil,Completed Item Anvil,RoundsToHatch,2,2,2,2,2,2,2,2
Set 12,12,base,TFTSet12,14.22,TFT_ArmoryKeyComponent,Component Anvil,Component Anvil,RoundsToHatch,2,2,2,2,2,2,2,2
Set 12,12,base,TFTSet12,14.22,TFT12_EldritchMalphite,Dark Monolith,Earthquake,LightningDamage,75,75,75,75,75,75,75,75
Set 12,12,base,TFTSet12,14.22,TFT12_EldritchMalphite,Dark Monolith,Earthquake,NumChains,2,2,2,2,2,2,2,2
Set 12,12,base,TFTSet12,14.22,TFT12_EldritchMalphite,Dark Monolith,Earthquake,SlamDamage,150,150,150,150,150,150,150,150
Set 12,12,base,TFTSet12,14.22,TFT12_EldritchMalphite,Dark Monolith,Earthquake,SpellDuration,8,8,8,8,8,8,8,8
Set 12,12,base,TFTSet12,14.22,TFT12_EldritchMalphite,Dark Monolith,Earthquake,StunDuration,2,2,2,2,2,2,2,2
Set 12,12,base,TFTSet12,14.22,TFT12_Diana,Diana,Snowfall,BonusSnowHeal,200/250/3000,0,200,250,3000,4000,0,0
Set 12,12,base,TFTSet12,14.22,TFT12_Diana,Diana,Snowfall,DashRangeInHexes,2,2,2,2,2,2,2,2
Set 12,12,base,TFTSet12,14.22,TFT12_Diana,Diana,Snowfall,HealDuration,3,3,3,3,3,3,3,3
Set 12,12,base,TFTSet12,14.22,TFT12_Diana,Diana,Snowfall,InnerRingDamage,380/570/9001,0,380,570,9001,9999,0,0
Set 12,12,base,TFTSet12,14.22,TFT12_Diana,Diana,Snowfall,OuterRingDamage,170/255/9000,0,170,255,9000,9999,0,0
Set 12,12,base,TFTSet12,14.22,TFT12_Diana,Diana,Snowfall,ShieldDuration,3,3,3,3,3,3,3,3
Set 12,12,base,TFTSet12,14.22,TFT12_Diana,Diana,Snowfall,SnowfallCasts,2/2/1,0,2,2,1,1,0,0
Set 12,12,base,TFTSet12,14.22,TFT12_Diana,Diana,Snowfall,SpellRadiusInHexes,2,2,2,2,2,2,2,2
Set 12,12,base,TFTSet12,14.22,TFT12_Diana,Diana,Snowfall,TotalSnowHeal,150/200/1500,0,150,200,1500,1800,0,0
Set 12,12,base,TFTSet12,14.22,TFT12_Elise,Elise,Spider Form,BaseDamage,80/100/120,60,80,100,120,140,0,0
Set 12,12,base,TFTSet12,14.22,TFT12_Elise,Elise,Spider Form,HEROBleedDuration,4,4,4,4,4,4,4,4
Set 12,12,base,TFTSet12,14.22,TFT12_Elise,Elise,Spider Form,HEROBonusSpellDamage,1.2,1.2,1.2,1.2,1.2,1.2,1.2,1.2
Set 12,12,base,TFTSet12,14.22,TFT12_Elise,Elise,Spider Form,HEROManaReduction,20,20,20,20,20,20,20,20
Set 12,12,base,TFTSet12,14.22,TFT12_Elise,Elise,Spider Form,Heal,190/220/250,140,190,220,250,280,0,0
Set 12,12,base,TFTSet12,14.22,TFT12_Elise,Elise,Spider Form,PercentHPDamage,0.08,0.08,0.08,0.08,0.08,0.08,0.08,0.08
Set 12,12,base,TFTSet12,14.22,TFT12_Elise,Elise,Spider Form,StunDuration,1.5,1.5,1.5,1.5,1.5,1.5,1.5,1.5
Set 12,12,base,TFTSet12,14.22,TFT12_Ezreal,Ezreal,Portalshot Barrage,FirstTargetDamage,150/225/335,200,150,225,335,445,200,200
Set 12,12,base,TFTSet12,14.22,TFT12_Ezreal,Ezreal,Portalshot Barrage,MaxDashDistanceHexes,3,3,3,3,3,3,3,3
Set 12,12,base,TFTSet12,14.22,TFT12_Ezreal,Ezreal,Portalshot Barrage,PortalMissileAttackDamageRatio,3.7/3.7/3.75,1.1,3.7,3.7,3.75,3.75,1.1,1.1
Set 12,12,base,TFTSet12,14.22,TFT12_Ezreal,Ezreal,Portalshot Barrage,ReducedDamagePercent,0.25,0.25,0.25,0.25,0.25,0.25,0.25,0.25
Set 12,12,base,TFTSet12,14.22,TFT12_Fiora,Fiora,Dance of Blades,ADScaleBaseDamage,1.6/1.6/3.6,1.8,1.6,1.6,3.6,4,1.8,1.8
Set 12,12,base,TFTSet12,14.22,TFT12_Fiora,Fiora,Dance of Blades,ADScaleDamage,3.2/3.2/7,0,3.2,3.2,7,8,0,0
Set 12,12,base,TFTSet12,14.22,TFT12_Fiora,Fiora,Dance of Blades,APScaleDamage,40/60/300,0,40,60,300,400,0,0
Set 12,12,base,TFTSet12,14.22,TFT12_Fiora,Fiora,Dance of Blades,DamageReductionPct,70,70,70,70,70,70,70,70
Set 12,12,base,TFTSet12,14.22,TFT12_Fiora,Fiora,Dance of Blades,HexRange,2,2,2,2,2,2,2,2
Set 12,12,base,TFTSet12,14.22,TFT12_WitchFrog,Frog,,DataValue,1/2/10,0,1,2,10,160,200,240
Set 12,12,base,TFTSet12,14.22,TFT12_WitchFrog,Frog,,OtherValue,100/200/1000,0,100,200,1000,0,0,0
Set 12,12,base,TFTSet12,14.22,TFT12_Galio,Galio,Convergence,DRDuration,4,4,4,4,4,4,4,4
Set 12,12,base,TFTSet12,14.22,TFT12_Galio,Galio,Convergence,FlatDamageReduction,25/30/40,10,25,30,40,50,0,0
Set 12,12,base,TFTSet12,14.22,TFT12_Galio,Galio,Convergence,HEROAPAttack,5,5,5,5,5,5,5,5
Set 12,12,base,TFTSet12,14.22,TFT12_Galio,Galio,Convergence,HEROBonusDamage,2.25,2.25,2.25,2.25,2.25,2.25,2.25,2.25
Set 12,12,base,TFTSet12,14.22,TFT12_Galio,Galio,Convergence,HEROManaAttack,15,15,15,15,15,15,15,15
Set 12,12,base,TFTSet12,14.22,TFT12_Galio,Galio,Convergence,HexRange,3,3,3,3,3,3,3,3
Set 12,12,base,TFTSet12,14.22,TFT12_Galio,Galio,Convergence,MagicDamage,50/75/115,35,50,75,115,175,0,0
Set 12,12,base,TFTSet12,14.22,TFT12_Galio,Galio,Convergence,StunDuration,1.25/1.25/1.5,1.25,1.25,1.25,1.5,1.5,1.5,1.5
Set 12,12,base,TFTSet12,14.22,TFT_BlueGolem,Golem,Golem Smash,Damage,300/480/750,100,300,480,750,1125,100,100
Set 12,12,base,TFTSet12,14.22,TFT12_Gwen,Gwen,Snip Snip!,MaxVisualSnips,4,4,4,4,4,4,4,4
Set 12,12,base,TFTSet12,14.22,TFT12_Gwen,Gwen,Snip Snip!,SmallSnipBaseDamage,40/60/180,75,40,60,180,340,340,340
Set 12,12,base,TFTSet12,14.22,TFT12_Gwen,Gwen,Snip Snip!,SnipBaseDamage,90/135/430,125,90,135,430,600,300,300
Set 12,12,base,TFTSet12,14.22,TFT12_Gwen,Gwen,Snip Snip!,StacksPerCast,1,1,1,1,1,1,1,1
Set 12,12,base,TFTSet12,14.22,TFT12_Hecarim,Hecarim,Rampage,ChargeAD,1.2,1.2,1.2,1.2,1.2,1.2,1.2,1.2
Set 12,12,base,TFTSet12,14.22,TFT12_Hecarim,Hecarim,Rampage,ChargeBaseDamage,80/120/195,100,80,120,195,270,100,100
Set 12,12,base,TFTSet12,14.22,TFT12_Hecarim,Hecarim,Rampage,CleaveAD,1.3/1.3/1.35,1.3,1.3,1.3,1.35,1.4,1.4,1.4
Set 12,12,base,TFTSet12,14.22,TFT12_Hecarim,Hecarim,Rampage,CleaveDuration,6,6,6,6,6,6,6,6
Set 12,12,base,TFTSet12,14.22,TFT12_Hwei,Hwei,Subject: Storm,BoltDamage,150/225/350,0,150,225,350,475,0,0
Set 12,12,base,TFTSet12,14.22,TFT12_Hwei,Hwei,Subject: Storm,NumExtraBolts,2,2,2,2,2,2,2,2
Set 12,12,base,TFTSet12,14.22,TFT12_Hwei,Hwei,Subject: Storm,SecondaryDamage,0.4,0.4,0.4,0.4,0.4,0.4,0.4,0.4
Set 12,12,base,TFTSet12,14.22,TFT12_WinterStatue,Ice Soldier,Soldier's Sacrifice,ExplosionDamageCeiling,0/0/700,0,0,0,700,1400,0,0
Set 12,12,base,TFTSet12,14.22,TFT12_WinterStatue,Ice Soldier,Soldier's Sacrifice,ExplosionDamageFloor,0/0/500,0,0,0,500,1000,0,0
Set 12,12,base,TFTSet12,14.22,TFT12_WinterStatue,Ice Soldier,Soldier's Sacrifice,ExplosionDamageMid,0/0/600,0,0,0,600,1200,0,0
Set 12,12,base,TFTSet12,14.22,TFT12_WinterStatue,Ice Soldier,Soldier's Sacrifice,ExplosionRadiusInHexes,0/0/1,0,0,0,1,2,0,0
Set 12,12,base,TFTSet12,14.22,TFT12_Jax,Jax,Grandmaster-At-Arms,ArmorAndMRScaling,0.4/0.55/0.7,0.25,0.4,0.55,0.7,1,0,0
Set 12,12,base,TFTSet12,14.22,TFT12_Jax,Jax,Grandmaster-At-Arms,BonusResists,75/90/110,50,75,90,110,130,30,30
Set 12,12,base,TFTSet12,14.22,TFT12_Jax,Jax,Grandmaster-At-Arms,Duration,6,6,6,6,6,6,6,6
Set 12,12,base,TFTSet12,14.22,TFT12_Jax,Jax,Grandmaster-At-Arms,MagicDamage,80/120/180,55,80,120,180,240,0,0
Set 12,12,base,TFTSet12,14.22,TFT12_Jayce,Jayce,Hammer Form,ADRatio,5/5/6,4.25,5,5,6,6,4.5,4.5
Set 12,12,base,TFTSet12,14.22,TFT12_Jayce,Jayce,Hammer Form,BaseDamage,40/60/90,0,40,60,90,120,0,0
Set 12,12,base,TFTSet12,14.22,TFT12_Jayce,Jayce,Hammer Form,ResistGain,25,25,25,25,25,25,25,25
Set 12,12,base,TFTSet12,14.22,TFT12_Jinx,Jinx,Get Excited!,AttackSpeed,1.25,1.25,1.25,1.25,1.25,1.25,1.25,1.25
Set 12,12,base,TFTSet12,14.22,TFT12_Jinx,Jinx,Get Excited!,BaseDamage,16/24/36,5,16,24,36,54,30,35
Set 12,12,base,TFTSet12,14.22,TFT12_Jinx,Jinx,Get Excited!,Duration,5,5,5,5,5,5,5,5
Set 12,12,base,TFTSet12,14.22,TFT12_Jinx,Jinx,Get Excited!,PercentArmorPen,0.5,0.5,0.5,0.5,0.5,0.5,0.5,0.5
Set 12,12,base,TFTSet12,14.22,TFT12_Jinx,Jinx,Get Excited!,RocketADScalar,1.1,1.1,1.1,1.1,1.1,1.1,1.1,1.1
Set 12,12,base,TFTSet12,14.22,TFT12_Kalista,Kalista,Rend,NumBolts,2/2/3,0,2,2,3,3,0,0
Set 12,12,base,TFTSet12,14.22,TFT12_Kalista,Kalista,Rend,SpearADRatio,0.4/0.4/1,0.3,0.4,0.4,1,1,0.3,0.3
Set 12,12,base,TFTSet12,14.22,TFT12_Kalista,Kalista,Rend,SpearAPDamage,6/11/35,4,6,11,35,75,75,75
Set 12,12,base,TFTSet12,14.22,TFT12_Kalista,Kalista,Rend,SpearPeriod,3/3/1,3,3,3,1,1,3,3
Set 12,12,base,TFTSet12,14.22,TFT12_Karma,Karma,Borrowed Time,Damage,200/300/1600,0,200,300,1600,2000,0,0
Set 12,12,base,TFTSet12,14.22,TFT12_Karma,Karma,Borrowed Time,PercentHealthHeal,0.08/0.08/0.2,0.08,0.08,0.08,0.2,0.08,0.08,0.08
Set 12,12,base,TFTSet12,14.22,TFT12_Karma,Karma,Borrowed Time,RiftDuration,6/6/4,8,6,6,4,4,8,8
Set 12,12,base,TFTSet12,14.22,TFT12_Kassadin,Kassadin,Nether Blade,BaseShieldAmount,260/285/310,265,260,285,310,335,0.1,0.1
Set 12,12,base,TFTSet12,14.22,TFT12_Kassadin,Kassadin,Nether Blade,Duration,60,60,60,60,60,60,60,60
Set 12,12,base,TFTSet12,14.22,TFT12_Kassadin,Kassadin,Nether Blade,ShieldDuration,3,3,3,3,3,3,3,3
Set 12,12,base,TFTSet12,14.22,TFT12_Kassadin,Kassadin,Nether Blade,StabDamage,110/165/245,75,110,165,245,325,0,0
Set 12,12,base,TFTSet12,14.22,TFT12_Kassadin,Kassadin,Nether Blade,StackingDamage,30/45/70,25,30,45,70,95,0,0
Set 12,12,base,TFTSet12,14.22,TFT12_Katarina,Katarina,Death Lotus,BaseBonusDamageRatio,0.65,0.65,0.65,0.65,0.65,0.65,0.65,0.65
Set 12,12,base,TFTSet12,14.22,TFT12_Katarina,Katarina,Death Lotus,BlinkHexRange,2,2,2,2,2,2,2,2
Set 12,12,base,TFTSet12,14.22,TFT12_Katarina,Katarina,Death Lotus,BonusEnemyCount,2,2,2,2,2,2,2,2
Set 12,12,base,TFTSet12,14.22,TFT12_Katarina,Katarina,Death Lotus,Damage,165/245/395,240,165,245,395,600,600,600
Set 12,12,base,TFTSet12,14.22,TFT12_Katarina,Katarina,Death Lotus,DamageHexRange,2,2,2,2,2,2,2,2
Set 12,12,base,TFTSet12,14.22,TFT12_Katarina,Katarina,Death Lotus,Duration,3,3,3,3,3,3,3,3
Set 12,12,base,TFTSet12,14.22,TFT12_Katarina,Katarina,Death Lotus,WoundDuration,5,5,5,5,5,5,5,5
Set 12,12,base,TFTSet12,14.22,TFT12_KogMaw,Kog'Maw,Hive Ooze,Duration,4,4,4,4,4,4,4,4
Set 12,12,base,TFTSet12,14.22,TFT12_KogMaw,Kog'Maw,Hive Ooze,PercentAD,3,3,3,3,3,3,3,3
Set 12,12,base,TFTSet12,14.22,TFT12_KogMaw,Kog'Maw,Hive Ooze,PercentAttackSpeed,0.2/0.25/0.3,0.2,0.2,0.25,0.3,0.35,0.75,0.75
Set 12,12,base,TFTSet12,14.22,TFT12_Lillia,Lillia,Dream Bloom,BaseHeal,250/290/330,200,250,290,330,380,340,380
Set 12,12,base,TFTSet12,14.22,TFT12_Lillia,Lillia,Dream Bloom,BaseInstantDamage,170/255/385,115,170,255,385,515,0,0
Set 12,12,base,TFTSet12,14.22,TFT12_Lillia,Lillia,Dream Bloom,HEROBonusAS,1.25,1.25,1.25,1.25,1.25,1.25,1.25,1.25
Set 12,12,base,TFTSet12,14.22,TFT12_Lillia,Lillia,Dream Bloom,HEROBonusDamage,2.6,2.6,2.6,2.6,2.6,2.6,2.6,2.6
Set 12,12,base,TFTSet12,14.22,TFT12_Lillia,Lillia,Dream Bloom,HEROBonusMS,450,450,450,450,450,450,450,450
Set 12,12,base,TFTSet12,14.22,TFT12_EldritchVolibear,Many-Eyed Beast,Sky Splitter,ASDuration,4,4,4,4,4,4,4,4
Set 12,12,base,TFTSet12,14.22,TFT12_EldritchVolibear,Many-Eyed Beast,Sky Splitter,ASRatio,0.6,0.6,0.6,0.6,0.6,0.6,0.6,0.6
Set 12,12,base,TFTSet12,14.22,TFT12_EldritchVolibear,Many-Eyed Beast,Sky Splitter,ActiveDamage,375,375,375,375,375,375,375,375
Set 12,12,base,TFTSet12,14.22,TFT12_EldritchVolibear,Many-Eyed Beast,Sky Splitter,ActiveHexRange,1,1,1,1,1,1,1,1
Set 12,12,base,TFTSet12,14.22,TFT12_EldritchVolibear,Many-Eyed Beast,Sky Splitter,NumAttacksToZap,3,3,3,3,3,3,3,3
Set 12,12,base,TFTSet12,14.22,TFT12_EldritchVolibear,Many-Eyed Beast,Sky Splitter,NumChains,4,4,4,4,4,4,4,4
Set 12,12,base,TFTSet12,14.22,TFT12_EldritchVolibear,Many-Eyed Beast,Sky Splitter,PassiveDamage,85,85,85,85,85,85,85,85
Set 12,12,base,TFTSet12,14.22,TFT12_EldritchVolibear,Many-Eyed Beast,Sky Splitter,StunDuration,2,2,2,2,2,2,2,2
Set 12,12,base,TFTSet12,14.22,TFT12_EldritchVolibear,Many-Eyed Beast,Sky Splitter,StunHexRange,2,2,2,2,2,2,2,2
Set 12,12,base,TFTSet12,14.22,TFT6_MercenaryChest,Mercenary Chest,Mercenary Chest,RoundsToHatch,2,2,2,2,2,2,2,2
Set 12,12,base,TFTSet12,14.22,TFT12_Milio,Milio,Knick-Knack Attack,BaseHealing,75/125/900,0,75,125,900,1000,0,0
Set 12,12,base,TFTSet12,14.22,TFT12_Milio,Milio,Knick-Knack Attack,BaseMagicDamage,333/555/1000,0,333,555,1000,1500,0,0
Set 12,12,base,TFTSet12,14.22,TFT12_Milio,Milio,Knick-Knack Attack,DamageMod,0.12,0.12,0.12,0.12,0.12,0.12,0.12,0.12
Set 12,12,base,TFTSet12,14.22,TFT12_Milio,Milio,Knick-Knack Attack,NumEnemies,3/3/8,0,3,3,8,8,0,0
Set 12,12,base,TFTSet12,14.22,TFT12_Milio,Milio,Knick-Knack Attack,NumItems,2/2/8,0,2,2,8,10,0,0
Set 12,12,base,TFTSet12,14.22,TFT12_Milio,Milio,Knick-Knack Attack,SpecialGiftLockout,8/8/0,0,8,8,0,0,0,0
Set 12,12,base,TFTSet12,14.22,TFT12_Milio,Milio,Knick-Knack Attack,SpecialGiftProcChance,0.01/0.03/1,0,0.01,0.03,1,1,0,0
Set 12,12,base,TFTSet12,14.22,TFT12_Mordekaiser,Mordekaiser,Obliterate,BaseShieldAmount,350/400/450,0,350,400,450,550,0,0
Set 12,12,base,TFTSet12,14.22,TFT12_Mordekaiser,Mordekaiser,Obliterate,PassiveDamageAmp,0.1,0.1,0.1,0.1,0.1,0.1,0.1,0.1
Set 12,12,base,TFTSet12,14.22,TFT12_Mordekaiser,Mordekaiser,Obliterate,ShieldDuration,3,3,3,3,3,3,3,3
Set 12,12,base,TFTSet12,14.22,TFT12_Mordekaiser,Mordekaiser,Obliterate,SlamDamage,180/270/430,0,180,270,430,590,0,0
Set 12,12,base,TFTSet12,14.22,TFT12_Morgana,Morgana,My Lovely Pets,EnemyPercentHealthThreshold,0.25,0.25,0.25,0.25,0.25,0.25,0.25,0.25
Set 12,12,base,TFTSet12,14.22,TFT12_Morgana,Morgana,My Lovely Pets,FlatShield,400/525/2500,2,400,525,2500,3000,2,2
Set 12,12,base,TFTSet12,14.22,TFT12_Morgana,Morgana,My Lovely Pets,IncreasedMagicDamageAmount,180/270/750,15,180,270,750,900,15,15
Set 12,12,base,TFTSet12,14.22,TFT12_Morgana,Morgana,My Lovely Pets,MagicDamage,150/225/2000,0,150,225,2000,2500,0,0
Set 12,12,base,TFTSet12,14.22,TFT12_Morgana,Morgana,My Lovely Pets,NumTargets,4,4,4,4,4,4,4,4
Set 12,12,base,TFTSet12,14.22,TFT12_Morgana,Morgana,My Lovely Pets,NumberOfBats,8/8/30,8,8,8,30,30,8,8
Set 12,12,base,TFTSet12,14.22,TFT12_Morgana,Morgana,My Lovely Pets,ShieldDuration,4,4,4,4,4,4,4,4
Set 12,12,base,TFTSet12,14.22,TFT12_Nami,Nami,Leviathan,BubbleDamage,240/360/1800,2,240,360,1800,2400,2,2
Set 12,12,base,TFTSet12,14.22,TFT12_Nami,Nami,Leviathan,LeviathanDamage,200/300/1200,2.5,200,300,1200,2000,2.5,2.5
Set 12,12,base,TFTSet12,14.22,TFT12_Nami,Nami,Leviathan,StunDuration,0.8,0.8,0.8,0.8,0.8,0.8,0.8,0.8
Set 12,12,base,TFTSet12,14.22,TFT12_Nasus,Nasus,Hellhound,BaseHeal,325/375/900,100,325,375,900,1000,100,100
Set 12,12,base,TFTSet12,14.22,TFT12_Nasus,Nasus,Hellhound,EmpoweredDamagePct,0.15,3.5,0.15,0.15,0.15,0.15,3.5,3.5
Set 12,12,base,TFTSet12,14.22,TFT12_Nasus,Nasus,Hellhound,FlatHealthSteal,350/500/5000,0.1,350,500,5000,7000,0.1,0.1
Set 12,12,base,TFTSet12,14.22,TFT12_Nasus,Nasus,Hellhound,NumEnemies,3/4/10,3,3,4,10,10,8,9
Set 12,12,base,TFTSet12,14.22,TFT12_Neeko,Neeko,Surprise!!!,BaseSelfHeal,200,200,200,200,200,200,200,200
Set 12,12,base,TFTSet12,14.22,TFT12_Neeko,Neeko,Surprise!!!,Damage,100/150/240,0,100,150,240,330,0,0
Set 12,12,base,TFTSet12,14.22,TFT12_Neeko,Neeko,Surprise!!!,Duration,2,2,2,2,2,2,2,2
Set 12,12,base,TFTSet12,14.22,TFT12_Neeko,Neeko,Surprise!!!,HealAmount,75/100/125,50,75,100,125,150,150,150
Set 12,12,base,TFTSet12,14.22,TFT12_Neeko,Neeko,Surprise!!!,HealthRegainPct,0.12,0.12,0.12,0.12,0.12,0.12,0.12,0.12
Set 12,12,base,TFTSet12,14.22,TFT12_Neeko,Neeko,Surprise!!!,HexRange,2,2,2,2,2,2,2,2
Set 12,12,base,TFTSet12,14.22,TFT12_Neeko,Neeko,Surprise!!!,NumAllies,3,3,3,3,3,3,3,3
Set 12,12,base,TFTSet12,14.22,TFT12_Neeko,Neeko,Surprise!!!,NumEnemies,3,3,3,3,3,3,3,3
Set 12,12,base,TFTSet12,14.22,TFT12_Neeko,Neeko,Surprise!!!,StunDuration,1.25,1,1.25,1.25,1.25,1.25,1,1
Set 12,12,base,TFTSet12,14.22,TFT12_Nilah,Nilah,Formless Blade,ASDuration,4,4,4,4,4,4,4,4
Set 12,12,base,TFTSet12,14.22,TFT12_Nilah,Nilah,Formless Blade,DashHexRange,2,2,2,2,2,2,2,2
Set 12,12,base,TFTSet12,14.22,TFT12_Nilah,Nilah,Formless Blade,OnShieldAS,0.6,0.6,0.6,0.6,0.6,0.6,0.6,0.6
Set 12,12,base,TFTSet12,14.22,TFT12_Nilah,Nilah,Formless Blade,Shield,100/140/180,80,100,140,180,220,80,80
Set 12,12,base,TFTSet12,14.22,TFT12_Nilah,Nilah,Formless Blade,ShieldDuration,4,4,4,4,4,4,4,4
Set 12,12,base,TFTSet12,14.22,TFT12_Nilah,Nilah,Formless Blade,StrikeAD,3.6/3.6/3.8,3.6,3.6,3.6,3.8,3.8,2.5,2.5
Set 12,12,base,TFTSet12,14.22,TFT12_Nomsy,Nomsy,Fiery Sneeze,BaseOverkillNumTargets,2,2,2,2,2,2,2,2
Set 12,12,base,TFTSet12,14.22,TFT12_Nomsy,Nomsy,Fiery Sneeze,PercentOverkill,0.5,0.5,0.5,0.5,0.5,0.5,0.5,0.5
Set 12,12,base,TFTSet12,14.22,TFT12_Nomsy,Nomsy,Fiery Sneeze,SpellADRatio,4,3.45,4,4,4,4,3.3,3.3
Set 12,12,base,TFTSet12,14.22,TFT12_Nomsy,Nomsy,Fiery Sneeze,SpellBaseDamage,40/60/100,30,40,60,100,140,45,45
Set 12,12,base,TFTSet12,14.22,TFT12_Nomsy,Nomsy,Fiery Sneeze,UpgradeOverkillNumTargets,4,4,4,4,4,4,4,4
Set 12,12,base,TFTSet12,14.22,TFT12_Nomsy,Nomsy,Fiery Sneeze,UpgradeSpellADRatio,5.55,5.55,5.55,5.55,5.55,5.55,5.55,5.55
Set 12,12,base,TFTSet12,14.22,TFT12_Norra,Norra & Yuumi,Portalpalooza,BaseDOTDamage,500/750/3000,200,500,750,3000,3500,0,0
Set 12,12,base,TFTSet12,14.22,TFT12_Norra,Norra & Yuumi,Portalpalooza,BaseMagicDamage,190/285/2000,300,190,285,2000,2500,0,0
Set 12,12,base,TFTSet12,14.22,TFT12_Norra,Norra & Yuumi,Portalpalooza,DOTDuration,5/5/15,3,5,5,15,15,3,3
Set 12,12,base,TFTSet12,14.22,TFT12_Nunu,Nunu,Sticky Bite,ChillDuration,3,3,3,3,3,3,3,3
Set 12,12,base,TFTSet12,14.22,TFT12_Nunu,Nunu,Sticky Bite,Damage,200/300/450,135,200,300,450,600,150,150
Set 12,12,base,TFTSet12,14.22,TFT12_Nunu,Nunu,Sticky Bite,HERODamageAmp,0.02,0.02,0.02,0.02,0.02,0.02,0.02,0.02
Set 12,12,base,TFTSet12,14.22,TFT12_Nunu,Nunu,Sticky Bite,HEROHealHPRatio,0.06,0.06,0.06,0.06,0.06,0.06,0.06,0.06
Set 12,12,base,TFTSet12,14.22,TFT12_Nunu,Nunu,Sticky Bite,HEROHealthPerAmp,150,150,150,150,150,150,150,150
Set 12,12,base,TFTSet12,14.22,TFT12_Nunu,Nunu,Sticky Bite,HEROPermHealthPerKill,35,35,35,35,35,35,35,35
Set 12,12,base,TFTSet12,14.22,TFT12_Nunu,Nunu,Sticky Bite,Heal,250/300/350,200,250,300,350,400,0,0
Set 12,12,base,TFTSet12,14.22,TFT12_Nunu,Nunu,Sticky Bite,HeroFlatHP,200,200,200,200,200,200,200,200
Set 12,12,base,TFTSet12,14.22,TFT12_Olaf,Olaf,Ragnarok,AttackSpeed,0.9/1/3,0,0.9,1,3,4,0,0
Set 12,12,base,TFTSet12,14.22,TFT12_Olaf,Olaf,Ragnarok,AttacksToSlam,4,4,4,4,4,4,4,4
Set 12,12,base,TFTSet12,14.22,TFT12_Olaf,Olaf,Ragnarok,Duration,5,5,5,5,5,5,5,5
Set 12,12,base,TFTSet12,14.22,TFT12_Olaf,Olaf,Ragnarok,Omnivamp,0.15,0.15,0.15,0.15,0.15,0.15,0.15,0.15
Set 12,12,base,TFTSet12,14.22,TFT12_Olaf,Olaf,Ragnarok,SlamADPercent,1.8/1.8/3.6,0,1.8,1.8,3.6,3.6,0,0
Set 12,12,base,TFTSet12,14.22,TFT12_Poppy,Poppy,Clean-Up Duty,ADRatio,4.75,4.75,4.75,4.75,4.75,4.75,4.75,4.75
Set 12,12,base,TFTSet12,14.22,TFT12_Poppy,Poppy,Clean-Up Duty,Duration,4,4,4,4,4,4,4,4
Set 12,12,base,TFTSet12,14.22,TFT12_Poppy,Poppy,Clean-Up Duty,HEROBaseDamage,40/60/90,0,40,60,90,120,0,0
Set 12,12,base,TFTSet12,14.22,TFT12_Poppy,Poppy,Clean-Up Duty,HERODamageRatio,0.8,0.8,0.8,0.8,0.8,0.8,0.8,0.8
Set 12,12,base,TFTSet12,14.22,TFT12_Poppy,Poppy,Clean-Up Duty,HERONumHits,3,3,3,3,3,3,3,3
Set 12,12,base,TFTSet12,14.22,TFT12_Poppy,Poppy,Clean-Up Duty,Shield,275/300/325,280,275,300,325,350,280,280
Set 12,12,base,TFTSet12,14.22,TFT12_Rakan,Rakan,Gleaming Quill,AllyShieldAmount,100/130/1000,0,100,130,1000,1200,0,0
Set 12,12,base,TFTSet12,14.22,TFT12_Rakan,Rakan,Gleaming Quill,AllyShieldDuration,4,4,4,4,4,4,4,4
Set 12,12,base,TFTSet12,14.22,TFT12_Rakan,Rakan,Gleaming Quill,ConeAngle,180,180,180,180,180,180,180,180
Set 12,12,base,TFTSet12,14.22,TFT12_Rakan,Rakan,Gleaming Quill,MagicDamage,150/225/1200,0,150,225,1200,1500,0,0
Set 12,12,base,TFTSet12,14.22,TFT12_Rakan,Rakan,Gleaming Quill,NumFeathers,8,8,8,8,8,8,8,8
Set 12,12,base,TFTSet12,14.22,TFT12_Rakan,Rakan,Gleaming Quill,ShieldBase,160/180/1000,0,160,180,1000,1200,0,0
Set 12,12,base,TFTSet12,14.22,TFT12_Rakan,Rakan,Gleaming Quill,ShieldDuration,3,3,3,3,3,3,3,3
Set 12,12,base,TFTSet12,14.22,TFT12_Rakan,Rakan,Gleaming Quill,ShieldRatio,0.18,0.18,0.18,0.18,0.18,0.18,0.18,0.18
Set 12,12,base,TFTSet12,14.22,TFT_RiftHerald,Rift Herald,Void Charge,MaxHealthPct,0.5,0.5,0.5,0.5,0.5,0.5,0.5,0.5
Set 12,12,base,TFTSet12,14.22,TFT12_Rumble,Rumble,Hot-Tea,BurnDuration,5,5,5,5,5,5,5,5
Set 12,12,base,TFTSet12,14.22,TFT12_Rumble,Rumble,Hot-Tea,Damage,220/330/495,145,220,330,495,660,1215,1822.5
Set 12,12,base,TFTSet12,14.22,TFT12_Rumble,Rumble,Hot-Tea,DamageReduction,0.35,0.3,0.35,0.35,0.35,0.35,0.35,0.35
Set 12,12,base,TFTSet12,14.22,TFT12_Rumble,Rumble,Hot-Tea,Duration,3,3,3,3,3,3,3,3
Set 12,12,base,TFTSet12,14.22,TFT12_Rumble,Rumble,Hot-Tea,HEROBonusDamage,1.9,1.9,1.9,1.9,1.9,1.9,1.9,1.9
Set 12,12,base,TFTSet12,14.22,TFT12_Rumble,Rumble,Hot-Tea,HEROManaReduction,30,30,30,30,30,30,30,30
Set 12,12,base,TFTSet12,14.22,TFT12_Rumble,Rumble,Hot-Tea,HEROOmnivamp,0.15,0.15,0.15,0.15,0.15,0.15,0.15,0.15
Set 12,12,base,TFTSet12,14.22,TFT12_Ryze,Ryze,Runic Portal,BonusASPerMissile,0.4,0.4,0.4,0.4,0.4,0.4,0.4,0.4
Set 12,12,base,TFTSet12,14.22,TFT12_Ryze,Ryze,Runic Portal,Damage,85/130/300,0,85,130,300,400,0,0
Set 12,12,base,TFTSet12,14.22,TFT12_Ryze,Ryze,Runic Portal,NumMissiles,10/10/22,0,10,10,22,25,0,0
Set 12,12,base,TFTSet12,14.22,TFT12_Ryze,Ryze,Runic Portal,NumPortals,3/3/5,0,3,3,5,5,0,0
Set 12,12,base,TFTSet12,14.22,TFT12_Ryze,Ryze,Runic Portal,NumTargets,3/3/6,4,3,3,6,4,4,4
Set 12,12,base,TFTSet12,14.22,TFT12_Ryze,Ryze,Runic Portal,SimulateLaunchAttackNum,4,4,4,4,4,4,4,4
Set 12,12,base,TFTSet12,14.22,TFT12_Seraphine,Seraphine,Sharp Note,DamageMod,0.3,0.3,0.3,0.3,0.3,0.3,0.3,0.3
Set 12,12,base,TFTSet12,14.22,TFT12_Seraphine,Seraphine,Sharp Note,MagicDamage,240/360/540,95,240,360,540,810,0,0
Set 12,12,base,TFTSet12,14.22,TFT12_Seraphine,Seraphine,Sharp Note,ShieldAmount,80/120/160,1,80,120,160,200,0,0
Set 12,12,base,TFTSet12,14.22,TFT12_Seraphine,Seraphine,Sharp Note,ShieldDuration,3,3,3,3,3,3,3,3
Set 12,12,base,TFTSet12,14.22,TFT12_Seraphine,Seraphine,Sharp Note,ShredDuration,4,4,4,4,4,4,4,4
Set 12,12,base,TFTSet12,14.22,TFT12_Shen,Shen,Twilight Eruption,DamageReductionDuration,4,4,4,4,4,4,4,4
Set 12,12,base,TFTSet12,14.22,TFT12_Shen,Shen,Twilight Eruption,DamageReductionPct,0.35/0.4/0.5,0,0.35,0.4,0.5,0.6,0,0
Set 12,12,base,TFTSet12,14.22,TFT12_Shen,Shen,Twilight Eruption,FlameDamage,120/180/300,0,120,180,300,420,0,0
Set 12,12,base,TFTSet12,14.22,TFT12_Shen,Shen,Twilight Eruption,HEROBurnDamage,45/70/110,30,45,70,110,165,75,75
Set 12,12,base,TFTSet12,14.22,TFT12_Shen,Shen,Twilight Eruption,HEROBurnDuration,6,6,6,6,6,6,6,6
Set 12,12,base,TFTSet12,14.22,TFT12_Shen,Shen,Twilight Eruption,HEROFlameDamage,250/375/600,250,250,375,600,250,250,250
Set 12,12,base,TFTSet12,14.22,TFT12_Shen,Shen,Twilight Eruption,HEROManaReduction,30,30,30,30,30,30,30,30
Set 12,12,base,TFTSet12,14.22,TFT12_Shen,Shen,Twilight Eruption,KnockupDuration,1.5,1.5,1.5,1.5,1.5,1.5,1.5,1.5
Set 12,12,base,TFTSet12,14.22,TFT12_Shen,Shen,Twilight Eruption,NumTargets,3,3,3,3,3,3,3,3
Set 12,12,base,TFTSet12,14.22,TFT12_Shen,Shen,Twilight Eruption,ReducedDamage,0.5,0.5,0.5,0.5,0.5,0.5,0.5,0.5
Set 12,12,base,TFTSet12,14.22,TFT12_Shyvana,Shyvana,Dragon's Descent,BaseDamage,60/90/135,20,60,90,135,165,0,0
Set 12,12,base,TFTSet12,14.22,TFT12_Shyvana,Shyvana,Dragon's Descent,DragonPercentDamageIncrease,0.15,0.15,0.15,0.15,0.15,0.15,0.15,0.15
Set 12,12,base,TFTSet12,14.22,TFT12_Shyvana,Shyvana,Dragon's Descent,FlightWidth,350,350,350,350,350,350,350,350
Set 12,12,base,TFTSet12,14.22,TFT12_Shyvana,Shyvana,Dragon's Descent,HexRange,2,2,2,2,2,2,2,2
Set 12,12,base,TFTSet12,14.22,TFT12_Shyvana,Shyvana,Dragon's Descent,MaxHealthRatio,0.01,0.01,0.01,0.01,0.01,0.01,0.01,0.01
Set 12,12,base,TFTSet12,14.22,TFT12_Shyvana,Shyvana,Dragon's Descent,StunDuration,1/1/1.25,1,1,1,1.25,1.5,0,0
Set 12,12,base,TFTSet12,14.22,TFT12_Smolder,Smolder,Learning to Fly,ADPercent,1.85/1.9/8.88,1.2,1.85,1.9,8.88,9.99,1.2,1.2
Set 12,12,base,TFTSet12,14.22,TFT12_Smolder,Smolder,Learning to Fly,BonusAttackSpeed,0.5/0.5/5,0,0.5,0.5,5,5,0,0
Set 12,12,base,TFTSet12,14.22,TFT12_Smolder,Smolder,Learning to Fly,BonusMoveSpeed,250,250,250,250,250,250,250,250
Set 12,12,base,TFTSet12,14.22,TFT12_Smolder,Smolder,Learning to Fly,Damage,25/40/888,0,25,40,888,1000,0,0
Set 12,12,base,TFTSet12,14.22,TFT12_Smolder,Smolder,Learning to Fly,DragonDamageModifier,1.3,1.3,1.3,1.3,1.3,1.3,1.3,1.3
Set 12,12,base,TFTSet12,14.22,TFT12_Smolder,Smolder,Learning to Fly,DragonNumFireballs,6/6/99,6,6,6,99,99,6,6
Set 12,12,base,TFTSet12,14.22,TFT12_Smolder,Smolder,Learning to Fly,NumFireballs,4/4/30,4,4,4,30,30,4,4
Set 12,12,base,TFTSet12,14.22,TFT12_Smolder,Smolder,Learning to Fly,SpellDuration,6/6/60,0,6,6,60,60,0,0
Set 12,12,base,TFTSet12,14.22,TFT12_Soraka,Soraka,Starfall,Damage,200/300/450,115,200,300,450,600,475,550
Set 12,12,base,TFTSet12,14.22,TFT12_Soraka,Soraka,Starfall,Heal,120/140/180,80,120,140,180,220,300,350
Set 12,12,base,TFTSet12,14.22,TFT12_EldritchBigVolibear,Stormbringer,Sky Splitter,FearDuration,1.5,1.5,1.5,1.5,1.5,1.5,1.5,1.5
Set 12,12,base,TFTSet12,14.22,TFT12_EldritchBigVolibear,Stormbringer,Sky Splitter,FearRange,2,2,2,2,2,2,2,2
Set 12,12,base,TFTSet12,14.22,TFT12_EldritchBigVolibear,Stormbringer,Sky Splitter,LightningDamage,500,500,500,500,500,500,500,500
Set 12,12,base,TFTSet12,14.22,TFT12_EldritchBigVolibear,Stormbringer,Sky Splitter,LightningDuration,5,5,5,5,5,5,5,5
Set 12,12,base,TFTSet12,14.22,TFT12_EldritchBigVolibear,Stormbringer,Sky Splitter,NumLightningStrikes,30,30,30,30,30,30,30,30
Set 12,12,base,TFTSet12,14.22,TFT12_EldritchBigVolibear,Stormbringer,Sky Splitter,StunDuration,6,6,6,6,6,6,6,6
Set 12,12,base,TFTSet12,14.22,TFT_ArmoryKeySupport,Support item anvil,Support item anvil,RoundsToHatch,2,2,2,2,2,2,2,2
Set 12,12,base,TFTSet12,14.22,TFT12_Swain,Swain,Blizzard,InitialHealth,300/375/450,0,300,375,450,525,0,0
Set 12,12,base,TFTSet12,14.22,TFT12_Swain,Swain,Blizzard,MagicDamage,20/30/50,0,20,30,50,70,0,0
Set 12,12,base,TFTSet12,14.22,TFT12_Swain,Swain,Blizzard,SecondaryDamage,10/15/25,20,10,15,25,35,20,20
Set 12,12,base,TFTSet12,14.22,TFT12_Swain,Swain,Blizzard,SecondaryHealth,210/250/290,0,210,250,290,330,0,0
Set 12,12,base,TFTSet12,14.22,TFT12_Syndra,Syndra,Transcendence,AOEDamage,125/185/280,85,125,185,280,375,0,0
Set 12,12,base,TFTSet12,14.22,TFT12_Syndra,Syndra,Transcendence,CastThreshold1HyperRoll,5,5,5,5,5,5,5,5
Set 12,12,base,TFTSet12,14.22,TFT12_Syndra,Syndra,Transcendence,CastThreshold2HyperRoll,15,15,15,15,15,15,15,15
Set 12,12,base,TFTSet12,14.22,TFT12_Syndra,Syndra,Transcendence,ExtraOrbDamageModifier,0.35,0.35,0.35,0.35,0.35,0.35,0.35,0.35
Set 12,12,base,TFTSet12,14.22,TFT12_Syndra,Syndra,Transcendence,PrimaryTargetDamage,250/375/565,165,250,375,565,755,225,225
Set 12,12,base,TFTSet12,14.22,TFT12_Syndra,Syndra,Transcendence,ShredDuration,6,6,6,6,6,6,6,6
Set 12,12,base,TFTSet12,14.22,TFT12_Syndra,Syndra,Transcendence,ShredPercent,20,20,20,20,20,20,20,20
Set 12,12,base,TFTSet12,14.22,TFT12_TahmKench,Tahm Kench,Divination Dive,Damage,100/150/1000,0,100,150,1000,1200,0,0
Set 12,12,base,TFTSet12,14.22,TFT12_TahmKench,Tahm Kench,Divination Dive,PercentHealthDamage,0.05,0.05,0.05,0.05,0.05,0.05,0.05,0.05
Set 12,12,base,TFTSet12,14.22,TFT12_TahmKench,Tahm Kench,Divination Dive,ShockwaveTargetingRangeInHexes,4,4,4,4,4,4,4,4
Set 12,12,base,TFTSet12,14.22,TFT12_TahmKench,Tahm Kench,Divination Dive,StunDuration,1.75/2/8,2,1.75,2,8,8,2,2
Set 12,12,base,TFTSet12,14.22,TFT12_EldritchDaisy,Tainted Golem,Elder Slam,Damage,240,240,240,240,240,240,240,240
Set 12,12,base,TFTSet12,14.22,TFT12_EldritchDaisy,Tainted Golem,Elder Slam,StunDuration,1.25,1.25,1.25,1.25,1.25,1.25,1.25,1.25
Set 12,12,base,TFTSet12,14.22,TFT12_Taric,Taric,All Eyes on Me,BaseDamage,50/75/600,0,50,75,600,800,0,0
Set 12,12,base,TFTSet12,14.22,TFT12_Taric,Taric,All Eyes on Me,DamageHexAOE,2/2/3,2,2,2,3,3,2,2
Set 12,12,base,TFTSet12,14.22,TFT12_Taric,Taric,All Eyes on Me,DamageReduction,0.55/0.6/0.9,0,0.55,0.6,0.9,0.9,0,0
Set 12,12,base,TFTSet12,14.22,TFT12_Taric,Taric,All Eyes on Me,Duration,4,4,4,4,4,4,4,4
Set 12,12,base,TFTSet12,14.22,TFT12_Taric,Taric,All Eyes on Me,MRScalar,1/1.5/10,1,1,1.5,10,10,2,2
Set 12,12,base,TFTSet12,14.22,TFT12_Taric,Taric,All Eyes on Me,MissileRedirectHexAOE,1.75,1.75,1.75,1.75,1.75,1.75,1.75,1.75
Set 12,12,base,TFTSet12,14.22,TFT12_ZapTower,The Tower,Lightning Strike,LightningInterval,3,3,3,3,3,3,3,3
Set 12,12,base,TFTSet12,14.22,TFT12_ZapTower,The Tower,Lightning Strike,MaxHealthDamage,10,10,10,10,10,10,10,10
Set 12,12,base,TFTSet12,14.22,TFT12_ZapTower,The Tower,Lightning Strike,NumEnemies,2,2,2,2,2,2,2,2
Set 12,12,base,TFTSet12,14.22,TFT12_ZapTower,The Tower,Lightning Strike,Range,3,3,3,3,3,3,3,3
Set 12,12,base,TFTSet12,14.22,TFT5_EmblemArmoryKey,Tome of Traits,Tome of Traits,RoundsToHatch,2,2,2,2,2,2,2,2
Set 12,12,base,TFTSet12,14.22,TFT12_Tristana,Tristana,Explosive Charge,BonusDamage,40/60/90,25,40,60,90,125,0,0
Set 12,12,base,TFTSet12,14.22,TFT12_Tristana,Tristana,Explosive Charge,HexKnockback,2,2,2,2,2,2,16,32
Set 12,12,base,TFTSet12,14.22,TFT12_Tristana,Tristana,Explosive Charge,KnockbackRadius,2,2,2,2,2,2,2,2
Set 12,12,base,TFTSet12,14.22,TFT12_Tristana,Tristana,Explosive Charge,PercentAD,3.6,3.6,3.6,3.6,3.6,3.6,3.6,3.6
Set 12,12,base,TFTSet12,14.22,TFT12_Tristana,Tristana,Explosive Charge,StunDuration,0.75,0.75,0.75,0.75,0.75,0.75,0.75,0.75
Set 12,12,base,TFTSet12,14.22,TFT12_Twitch,Twitch,Ice Shard,AttackDamageRatio,1.8/1.8/1.9,1.6,1.8,1.8,1.9,1.9,1.6,1.6
Set 12,12,base,TFTSet12,14.22,TFT12_Twitch,Twitch,Ice Shard,BaseDamage,20/30/45,15,20,30,45,60,0,0
Set 12,12,base,TFTSet12,14.22,TFT12_Twitch,Twitch,Ice Shard,FalloffDamage,0.2,0.2,0.2,0.2,0.2,0.2,0.2,0.2
Set 12,12,base,TFTSet12,14.22,TFT12_Twitch,Twitch,Ice Shard,SunderDuration,5,5,5,5,5,5,5,5
Set 12,12,base,TFTSet12,14.22,TFT12_Twitch,Twitch,Ice Shard,SunderStrength,0.2,0.2,0.2,0.2,0.2,0.2,0.2,0.2
Set 12,12,base,TFTSet12,14.22,TFT12_Varus,Varus,Hail of Hellfire,BonusDamage,50/75/200,3,50,75,200,300,3,3
Set 12,12,base,TFTSet12,14.22,TFT12_Varus,Varus,Hail of Hellfire,ClusterAOERadius,1,1,1,1,1,1,1,1
Set 12,12,base,TFTSet12,14.22,TFT12_Varus,Varus,Hail of Hellfire,ClusterDamageRatio,0.5/0.5/1,0,0.5,0.5,1,1,0,0
Set 12,12,base,TFTSet12,14.22,TFT12_Varus,Varus,Hail of Hellfire,InitialADRatio,5/5/10,3,5,5,10,11,1.8,1.8
Set 12,12,base,TFTSet12,14.22,TFT12_Varus,Varus,Hail of Hellfire,InitialAOERadius,1,1,1,1,1,1,1,1
Set 12,12,base,TFTSet12,14.22,TFT12_Veigar,Veigar,King Bee's Judgement,APPerZap,2,2,2,2,2,2,2,2
Set 12,12,base,TFTSet12,14.22,TFT12_Veigar,Veigar,King Bee's Judgement,APPerZapHR,4,4,4,4,4,4,4,4
Set 12,12,base,TFTSet12,14.22,TFT12_Veigar,Veigar,King Bee's Judgement,MagicDamage,260/340/460,2,260,340,460,700,2,2
Set 12,12,base,TFTSet12,14.22,TFT12_Vex,Vex,Personal Space,BaseDamage,80/120/200,0,80,120,200,280,0,0
Set 12,12,base,TFTSet12,14.22,TFT12_Vex,Vex,Personal Space,PercentShieldDamage,0.3,0.3,0.3,0.3,0.3,0.3,0.3,0.3
Set 12,12,base,TFTSet12,14.22,TFT12_Vex,Vex,Personal Space,SecondaryShield,175/200/225,0,175,200,225,250,0,0
Set 12,12,base,TFTSet12,14.22,TFT12_Vex,Vex,Personal Space,ShieldAmount,380/410/450,0,380,410,450,530,0,0
Set 12,12,base,TFTSet12,14.22,TFT12_Vex,Vex,Personal Space,ShieldDuration,4,4,4,4,4,4,4,4
Set 12,12,base,TFTSet12,14.22,TFT12_Vex,Vex,Personal Space,ShieldInc,0.05,0.05,0.05,0.05,0.05,0.05,0.05,0.05
Set 12,12,base,TFTSet12,14.22,TFT12_Warwick,Warwick,Ravenous Hunter,ADRatio,0.7,0.7,0.7,0.7,0.7,0.7,0.7,0.7
Set 12,12,base,TFTSet12,14.22,TFT12_Warwick,Warwick,Ravenous Hunter,BaseHeal,20/25/30,10,20,25,30,40,0,0
Set 12,12,base,TFTSet12,14.22,TFT12_Warwick,Warwick,Ravenous Hunter,BonusASPerKill,0.01,0.01,0.01,0.01,0.01,0.01,0.01,0.01
Set 12,12,base,TFTSet12,14.22,TFT12_Warwick,Warwick,Ravenous Hunter,BonusASPerKillHyperRoll,0.02,0.02,0.02,0.02,0.02,0.02,0.02,0.02
Set 12,12,base,TFTSet12,14.22,TFT12_Warwick,Warwick,Ravenous Hunter,HealthThreshold,0.25,0.25,0.25,0.25,0.25,0.25,0.25,0.25
Set 12,12,base,TFTSet12,14.22,TFT12_Warwick,Warwick,Ravenous Hunter,MultiplierBelowThreshold,2,2,2,2,2,2,2,2
Set 12,12,base,TFTSet12,14.22,TFT12_Wukong,Wukong,Cyclone,ArmorMRLossPerSecond,1,1,1,1,1,1,1,1
Set 12,12,base,TFTSet12,14.22,TFT12_Wukong,Wukong,Cyclone,BonusArmorMR,45,45,45,45,45,45,45,45
Set 12,12,base,TFTSet12,14.22,TFT12_Wukong,Wukong,Cyclone,HEROAD,0.12,0.12,0.12,0.12,0.12,0.12,0.12,0.12
Set 12,12,base,TFTSet12,14.22,TFT12_Wukong,Wukong,Cyclone,HEROAS,0.2,0.2,0.2,0.2,0.2,0.2,0.2,0.2
Set 12,12,base,TFTSet12,14.22,TFT12_Wukong,Wukong,Cyclone,HEROShieldDuration,2,2,2,2,2,2,2,2
Set 12,12,base,TFTSet12,14.22,TFT12_Wukong,Wukong,Cyclone,HEROSpellADRatio,2.5/2.5/2.6,0,2.5,2.5,2.6,0,0,0
Set 12,12,base,TFTSet12,14.22,TFT12_Wukong,Wukong,Cyclone,Shield,380/480/580,0,380,480,580,640,0,0
Set 12,12,base,TFTSet12,14.22,TFT12_Wukong,Wukong,Cyclone,ShieldDuration,4,4,4,4,4,4,4,4
Set 12,12,base,TFTSet12,14.22,TFT12_Wukong,Wukong,Cyclone,SpellArmorRatio,0.55/0.6/0.65,0,0.55,0.6,0.65,0.7,0,0
Set 12,12,base,TFTSet12,14.22,TFT12_Wukong,Wukong,Cyclone,SpellBaseDamage,80/120/195,0,80,120,195,270,0,0
Set 12,12,base,TFTSet12,14.22,TFT12_Wukong,Wukong,Cyclone,SpellMRRatio,0.55/0.6/0.65,0,0.55,0.6,0.65,0.7,0,0
Set 12,12,base,TFTSet12,14.22,TFT12_Xerath,Xerath,Eye of the Magus,Damage,299/444/999,0,299,444,999,1500,0,0
Set 12,12,base,TFTSet12,14.22,TFT12_Xerath,Xerath,Eye of the Magus,NumberOfBlasts,10/10/99,0,10,10,99,99,0,0
Set 12,12,base,TFTSet12,14.22,TFT12_Xerath,Xerath,Eye of the Magus,SpellRangeInEnemies,5,5,5,5,5,5,5,5
Set 12,12,base,TFTSet12,14.22,TFT12_Yuumi,Yuumi,Friends Forever!,AD,0.03/0.06/2,0.1,0.03,0.06,2,2,0.1,0.1
Set 12,12,base,TFTSet12,14.22,TFT12_Yuumi,Yuumi,Friends Forever!,AP,3/6/200,10,3,6,200,300,10,10
Set 12,12,base,TFTSet12,14.22,TFT12_Yuumi,Yuumi,Friends Forever!,AttachDelay,2,2,2,2,2,2,2,2
Set 12,12,base,TFTSet12,14.22,TFT12_Yuumi,Yuumi,Friends Forever!,BaseHealAmount,120/240/3000,100,120,240,3000,4000,0,0
Set 12,12,base,TFTSet12,14.22,TFT12_Yuumi,Yuumi,Friends Forever!,Period,4,4,4,4,4,4,4,4
Set 12,12,base,TFTSet12,14.22,TFT12_Ziggs,Ziggs,Bouncing Bee,BaseMagicDamage,190/290/435,135,190,290,435,600,525,600
Set 12,12,base,TFTSet12,14.22,TFT12_Ziggs,Ziggs,Bouncing Bee,BounceMax,10,10,10,10,10,10,10,10
Set 12,12,base,TFTSet12,14.22,TFT12_Ziggs,Ziggs,Bouncing Bee,BounceRange,350,350,350,350,350,350,350,350
Set 12,12,base,TFTSet12,14.22,TFT12_Ziggs,Ziggs,Bouncing Bee,FirstBounceRange,190,190,190,190,190,190,190,190
Set 12,12,base,TFTSet12,14.22,TFT12_Ziggs,Ziggs,Bouncing Bee,SecondaryDamage,95/145/215,65,95,145,215,300,0,0
Set 12,12,base,TFTSet12,14.22,TFT12_Zilean,Zilean,Time Bomb,Damage,220/330/495,120,220,330,495,660,0,0
Set 12,12,base,TFTSet12,14.22,TFT12_Zilean,Zilean,Time Bomb,InitialDamage,220/330/495,120,220,330,495,660,0,0
Set 12,12,base,TFTSet12,14.22,TFT12_Zilean,Zilean,Time Bomb,SecondaryDamage,160/240/360,100,160,240,360,480,0,0
Set 12,12,base,TFTSet12,14.22,TFT12_Zilean,Zilean,Time Bomb,ShieldReaveDuration,4,4,4,4,4,4,4,4
Set 12,12,base,TFTSet12,14.22,TFT12_Zilean,Zilean,Time Bomb,ShieldReavePercent,0.35,0.35,0.35,0.35,0.35,0.35,0.35,0.35
Set 12,12,base,TFTSet12,14.22,TFT12_Zilean,Zilean,Time Bomb,StunDuration,1,1,1,1,1,1,1,1
Set 12,12,base,TFTSet12,14.22,TFT12_Zoe,Zoe,Trouble Bottle,BaseDamage,135/205/305,80,135,205,305,405,325,375
Set 12,12,base,TFTSet12,14.22,TFT12_Zoe,Zoe,Trouble Bottle,Duration,5,5,5,5,5,5,5,5
Set 12,12,base,TFTSet12,14.22,TFT12_Zoe,Zoe,Trouble Bottle,FrogPolymorphCooldown,6,6,6,6,6,6,6,6
Set 12,12,base,TFTSet12,14.22,TFT12_Zoe,Zoe,Trouble Bottle,FrogPolymorphDuration,1.5,1.5,1.5,1.5,1.5,1.5,1.5,1.5
Set 12,12,base,TFTSet12,14.22,TFT12_Zoe,Zoe,Trouble Bottle,MRShred,10/15/20,5,10,15,20,25,0,0
Set 13,13,base,TFTSet13,15.6,TFT13_Akali,Akali,Shuriken Flip,Damage,80/120/185,0,80,120,185,250,0,0
Set 13,13,base,TFTSet13,15.6,TFT13_Akali,Akali,Shuriken Flip,Duration,4,4,4,4,4,4,4,4
Set 13,13,base,TFTSet13,15.6,TFT13_Akali,Akali,Shuriken Flip,FlipBackwardsSpeed,1300,1300,1300,1300,1300,1300,1300,1300
Set 13,13,base,TFTSet13,15.6,TFT13_Akali,Akali,Shuriken Flip,SecondaryDamage,240/360/550,0,240,360,550,740,0,0
Set 13,13,base,TFTSet13,15.6,TFT13_Akali,Akali,Shuriken Flip,SpeedDuringFinalKick,1700,1700,1700,1700,1700,1700,1700,1700
Set 13,13,base,TFTSet13,15.6,TFT13_Akali,Akali,Shuriken Flip,TargetDamageAmp,0.15,0.15,0.15,0.15,0.15,0.15,0.15,0.15
Set 13,13,base,TFTSet13,15.6,TFT13_Ambessa,Ambessa,Unrelenting Huntress,AttackSpeed,1,1,1,1,1,1,1,1
Set 13,13,base,TFTSet13,15.6,TFT13_Ambessa,Ambessa,Unrelenting Huntress,PercentChainAttackAD,1.5/1.5/4,1.5,1.5,1.5,4,6,1.5,1.5
Set 13,13,base,TFTSet13,15.6,TFT13_Ambessa,Ambessa,Unrelenting Huntress,PercentOmnivamp,0.25/0.25/0.45,0.15,0.25,0.25,0.45,0.6,0.15,0.15
Set 13,13,base,TFTSet13,15.6,TFT13_Ambessa,Ambessa,Unrelenting Huntress,PercentStrikeAD,2.5/2.5/6,2.1,2.5,2.5,6,6,2.5,2.5
Set 13,13,base,TFTSet13,15.6,TFT13_Ambessa,Ambessa,Unrelenting Huntress,SlamDamageAD,5/5/15,5,5,5,15,20,6,6
Set 13,13,base,TFTSet13,15.6,TFT13_Amumu,Amumu,Obsolete Technology,Damage,10/15/25,20,10,15,25,35,0,0
Set 13,13,base,TFTSet13,15.6,TFT13_Amumu,Amumu,Obsolete Technology,DamageRefreshDuration,1,1,1,1,1,1,1,1
Set 13,13,base,TFTSet13,15.6,TFT13_Amumu,Amumu,Obsolete Technology,FlatDRCooldownPerAttacker,1,1,1,1,1,1,1,1
Set 13,13,base,TFTSet13,15.6,TFT13_Amumu,Amumu,Obsolete Technology,FlatDamageReduction,15/20/30,7,15,20,30,40,10,10
Set 13,13,base,TFTSet13,15.6,TFT_ArmoryKeyOrnn,Artifact Item Anvil,Artifact Item Anvil,RoundsToHatch,2,2,2,2,2,2,2,2
Set 13,13,base,TFTSet13,15.6,TFT13_Blitzcrank,Blitzcrank,Static Field,BaseDamage,40/60/100,80,40,60,100,200,80,80
Set 13,13,base,TFTSet13,15.6,TFT13_Blitzcrank,Blitzcrank,Static Field,DamageReduction,0.1,0.1,0.1,0.1,0.1,0.1,0.1,0.1
Set 13,13,base,TFTSet13,15.6,TFT13_Blitzcrank,Blitzcrank,Static Field,NumEnemies,3,3,3,3,3,3,3,3
Set 13,13,base,TFTSet13,15.6,TFT13_Blitzcrank,Blitzcrank,Static Field,PassiveCooldownSeconds,1,1,1,1,1,1,1,1
Set 13,13,base,TFTSet13,15.6,TFT13_Blitzcrank,Blitzcrank,Static Field,PassiveDamagePercent,0.03,0.03,0.03,0.03,0.03,0.03,0.03,0.03
Set 13,13,base,TFTSet13,15.6,TFT13_Blitzcrank,Blitzcrank,Static Field,Shield,550/600/700,400,550,600,700,600,400,400
Set 13,13,base,TFTSet13,15.6,TFT13_Blitzcrank,Blitzcrank,Static Field,ShieldDuration,4,4,4,4,4,4,4,4
Set 13,13,base,TFTSet13,15.6,TFT13_Caitlyn,Caitlyn,Air Raid,APDamage,20/30/100,80,20,30,100,200,80,80
Set 13,13,base,TFTSet13,15.6,TFT13_Caitlyn,Caitlyn,Air Raid,BonusSearchRange,630,630,630,630,630,630,630,630
Set 13,13,base,TFTSet13,15.6,TFT13_Caitlyn,Caitlyn,Air Raid,HeadshotPercentAD,2.6/2.6/13.5,2,2.6,2.6,13.5,13.5,2.4,2.4
Set 13,13,base,TFTSet13,15.6,TFT13_Caitlyn,Caitlyn,Air Raid,PercentAttackDamage,1.8/1.8/7.5,2,1.8,1.8,7.5,2,2,2
Set 13,13,base,TFTSet13,15.6,TFT13_Caitlyn,Caitlyn,Air Raid,PercentShotsFocusedOnFrontline,0.5,0.5,0.5,0.5,0.5,0.5,0.5,0.5
Set 13,13,base,TFTSet13,15.6,TFT13_Caitlyn,Caitlyn,Air Raid,RaidDuration,5,5,5,5,5,5,5,5
Set 13,13,base,TFTSet13,15.6,TFT13_Caitlyn,Caitlyn,Air Raid,ResistReduction,20,20,20,20,20,20,20,20
Set 13,13,base,TFTSet13,15.6,TFT13_Caitlyn,Caitlyn,Air Raid,TotalShots,4/4/20,4,4,4,20,4,4,4
Set 13,13,base,TFTSet13,15.6,TFT13_Camille,Camille,Adaptive Strike,APDamage,30/45/70,0,30,45,70,95,0,0
Set 13,13,base,TFTSet13,15.6,TFT13_Camille,Camille,Adaptive Strike,HealPercent,0.33,0.33,0.33,0.33,0.33,0.33,0.33,0.33
Set 13,13,base,TFTSet13,15.6,TFT13_Camille,Camille,Adaptive Strike,PercentAttackDamage,2.45/2.45/2.65,2.75,2.45,2.45,2.65,2.65,2.75,2.75
Set 13,13,base,TFTSet13,15.6,TFT13_Cassiopeia,Cassiopeia,Thorned Miasma,BonusNumEnemies,2,2,2,2,2,2,2,2
Set 13,13,base,TFTSet13,15.6,TFT13_Cassiopeia,Cassiopeia,Thorned Miasma,Damage,240/360/580,200,240,360,580,800,450,450
Set 13,13,base,TFTSet13,15.6,TFT13_Cassiopeia,Cassiopeia,Thorned Miasma,HexRadius,3,3,3,3,3,3,3,3
Set 13,13,base,TFTSet13,15.6,TFT13_Cassiopeia,Cassiopeia,Thorned Miasma,MiasmaDamage,220/330/530,40,220,330,530,730,40,40
Set 13,13,base,TFTSet13,15.6,TFT13_Cassiopeia,Cassiopeia,Thorned Miasma,NumCasts,3,3,3,3,3,3,3,3
Set 13,13,base,TFTSet13,15.6,TFT_ArmoryKeyCompleted,Completed Item Anvil,Completed Item Anvil,RoundsToHatch,2,2,2,2,2,2,2,2
Set 13,13,base,TFTSet13,15.6,TFT_ArmoryKeyComponent,Component Anvil,Component Anvil,RoundsToHatch,2,2,2,2,2,2,2,2
Set 13,13,base,TFTSet13,15.6,TFT13_Corki,Corki,Broadside Barrage,BaseMissiles,21/21/35,21,21,21,35,35,21,21
Set 13,13,base,TFTSet13,15.6,TFT13_Corki,Corki,Broadside Barrage,FlatArmorShred,1,2,1,1,1,2,2,2
Set 13,13,base,TFTSet13,15.6,TFT13_Corki,Corki,Broadside Barrage,FlatDamagePerMissile,6/9/36,0,6,9,36,0,0,0
Set 13,13,base,TFTSet13,15.6,TFT13_Corki,Corki,Broadside Barrage,MissilesPerLaunchAttack,5,5,5,5,5,5,5,5
Set 13,13,base,TFTSet13,15.6,TFT13_Corki,Corki,Broadside Barrage,PercentAD,0.35/0.35/0.6,0.4,0.35,0.35,0.6,0.7,0.5,0.5
Set 13,13,base,TFTSet13,15.6,TFT13_Corki,Corki,Broadside Barrage,SpecialMissileMult,7,7,7,7,7,7,7,7
Set 13,13,base,TFTSet13,15.6,TFT13_Corki,Corki,Broadside Barrage,SpecialMissileNum,7,7,7,7,7,7,7,7
Set 13,13,base,TFTSet13,15.6,TFT13_Darius,Darius,Decimate,BleedDuration,4,4,4,4,4,4,4,4
Set 13,13,base,TFTSet13,15.6,TFT13_Darius,Darius,Decimate,BleedPercentAttackDamage,2,2,2,2,2,2,2,2
Set 13,13,base,TFTSet13,15.6,TFT13_Darius,Darius,Decimate,Heal,150/175/200,0,150,175,200,225,0,0
Set 13,13,base,TFTSet13,15.6,TFT13_Darius,Darius,Decimate,PercentAttackDamage,2.4,2.4,2.4,2.4,2.4,2.4,2.4,2.4
Set 13,13,base,TFTSet13,15.6,TFT13_DrMundo,Dr. Mundo,Maximum Dosage,APDamage,120/180/1000,0,120,180,1000,1200,0,0
Set 13,13,base,TFTSet13,15.6,TFT13_DrMundo,Dr. Mundo,Maximum Dosage,APHeal,650/750/2500,0,650,750,2500,3500,0,0
Set 13,13,base,TFTSet13,15.6,TFT13_DrMundo,Dr. Mundo,Maximum Dosage,BaseExperimentHealthGain,120,120,120,120,120,120,120,120
Set 13,13,base,TFTSet13,15.6,TFT13_DrMundo,Dr. Mundo,Maximum Dosage,Duration,2,2,2,2,2,2,2,2
Set 13,13,base,TFTSet13,15.6,TFT13_DrMundo,Dr. Mundo,Maximum Dosage,ExperimentHealthGain,60,60,60,60,60,60,60,60
Set 13,13,base,TFTSet13,15.6,TFT13_DrMundo,Dr. Mundo,Maximum Dosage,PercentHealthDamage,0.07/0.07/0.35,0.15,0.07,0.07,0.35,0.5,0.25,0.25
Set 13,13,base,TFTSet13,15.6,TFT13_DrMundo,Dr. Mundo,Maximum Dosage,PercentHealthHeal,0.15,0.15,0.15,0.15,0.15,0.15,0.15,0.15
Set 13,13,base,TFTSet13,15.6,TFT13_DrMundo,Dr. Mundo,Maximum Dosage,PercentofHealImmediately,0.4,0.4,0.4,0.4,0.4,0.4,0.4,0.4
Set 13,13,base,TFTSet13,15.6,TFT13_Draven,Draven,Spinning Axes,BaseDamage,10/15/25,20,10,15,25,35,20,20
Set 13,13,base,TFTSet13,15.6,TFT13_Draven,Draven,Spinning Axes,PercentAD,1.4/1.4/1.5,1.4,1.4,1.4,1.5,1.5,1.5,1.5
Set 13,13,base,TFTSet13,15.6,TFT13_Ekko,Ekko,Splitting Seconds,NumAfterimages,12/12/25,12,12,12,25,25,12,12
Set 13,13,base,TFTSet13,15.6,TFT13_Ekko,Ekko,Splitting Seconds,NumBonusEnemies,2/2/4,2,2,2,4,4,3,3
Set 13,13,base,TFTSet13,15.6,TFT13_Ekko,Ekko,Splitting Seconds,SecondaryDamage,145/215/400,0,145,215,400,600,0,0
Set 13,13,base,TFTSet13,15.6,TFT13_Ekko,Ekko,Splitting Seconds,ShredAmount,5,5,5,5,5,5,5,5
Set 13,13,base,TFTSet13,15.6,TFT13_Ekko,Ekko,Splitting Seconds,SpellTime,1.5,1.5,1.5,1.5,1.5,1.5,1.5,1.5
Set 13,13,base,TFTSet13,15.6,TFT13_Ekko,Ekko,Splitting Seconds,TargetDamage,285/430/1200,0,285,430,1200,2000,0,0
Set 13,13,base,TFTSet13,15.6,TFT13_Elise,Elise,Cocoon,Damage,120/180/1200,0,120,180,1200,2000,0,0
Set 13,13,base,TFTSet13,15.6,TFT13_Elise,Elise,Cocoon,FlatHealth,400/450/2000,0,400,450,2000,2500,0,0
Set 13,13,base,TFTSet13,15.6,TFT13_Elise,Elise,Cocoon,HexRadius,2,2,2,2,2,2,2,2
Set 13,13,base,TFTSet13,15.6,TFT13_Elise,Elise,Cocoon,SearchRange,2,2,2,2,2,2,2,2
Set 13,13,base,TFTSet13,15.6,TFT13_Elise,Elise,Cocoon,StunDuration,1.75/2/8,1.5,1.75,2,8,12,2.5,2.5
Set 13,13,base,TFTSet13,15.6,TFT13_Ezreal,Ezreal,Essence Flux,APDamage,20/30/50,0,20,30,50,70,0,0
Set 13,13,base,TFTSet13,15.6,TFT13_Ezreal,Ezreal,Essence Flux,PercentAttackDamage,1.35,1.35,1.35,1.35,1.35,1.35,1.35,1.35
Set 13,13,base,TFTSet13,15.6,TFT13_Ezreal,Ezreal,Essence Flux,PercentCenterDamage,2.7,2.7,2.7,2.7,2.7,2.7,2.7,2.7
Set 13,13,base,TFTSet13,15.6,TFT13_Gangplank,Gangplank,Harvest from Flames,Heal,120/140/160,100,120,140,160,175,220,220
Set 13,13,base,TFTSet13,15.6,TFT13_Gangplank,Gangplank,Harvest from Flames,NumBarrels,,,,,,,,
Set 13,13,base,TFTSet13,15.6,TFT13_Gangplank,Gangplank,Harvest from Flames,PercentAttackDamage,3.6/3.6/3.75,3.4,3.6,3.6,3.75,3.75,3.4,3.4
Set 13,13,base,TFTSet13,15.6,TFT13_Gangplank,Gangplank,Harvest from Flames,SingleTargetDamageIncrease,1,1,1,1,1,1,1,1
Set 13,13,base,TFTSet13,15.6,TFT13_Garen,Garen,Demacian Justice,ADRatio,2.5/2.5/18,6,2.5,2.5,18,30,6,6
Set 13,13,base,TFTSet13,15.6,TFT13_Garen,Garen,Demacian Justice,APShield,225/250/1500,100,225,250,1500,2000,100,100
Set 13,13,base,TFTSet13,15.6,TFT13_Garen,Garen,Demacian Justice,HealPercentHealth,0.015/0.015/0.05,0.015,0.015,0.015,0.05,0.08,0.015,0.015
Set 13,13,base,TFTSet13,15.6,TFT13_Garen,Garen,Demacian Justice,PassiveDamagePercent,,,,,,,,
Set 13,13,base,TFTSet13,15.6,TFT13_Garen,Garen,Demacian Justice,PercentHealthShield,0.15,0.15,0.15,0.15,0.15,0.15,0.15,0.15
Set 13,13,base,TFTSet13,15.6,TFT13_Garen,Garen,Demacian Justice,SecondaryADRatio,1.25/1.25/12,3,1.25,1.25,12,20,3,3
Set 13,13,base,TFTSet13,15.6,TFT13_Garen,Garen,Demacian Justice,ShieldDuration,4,4,4,4,4,4,4,4
Set 13,13,base,TFTSet13,15.6,TFT_BlueGolem,Golem,Golem Smash,Damage,300/480/750,100,300,480,750,1125,100,100
Set 13,13,base,TFTSet13,15.6,TFT13_Heimerdinger,Heimerdinger,PROGRESSSSS!,AdditionalTargetRowDifferential,2,2,2,2,2,2,2,2
Set 13,13,base,TFTSet13,15.6,TFT13_Heimerdinger,Heimerdinger,PROGRESSSSS!,Damage,52/78/275,50,52,78,275,400,325,325
Set 13,13,base,TFTSet13,15.6,TFT13_Heimerdinger,Heimerdinger,PROGRESSSSS!,MissileIncreasePerCast,1,1,1,1,1,1,1,1
Set 13,13,base,TFTSet13,15.6,TFT13_Heimerdinger,Heimerdinger,PROGRESSSSS!,NumOfCastsToIncreaseMissiles,1,1,1,1,1,1,1,1
Set 13,13,base,TFTSet13,15.6,TFT13_Heimerdinger,Heimerdinger,PROGRESSSSS!,PercentOfMissileToFocusOnTarget,0.5,0.5,0.5,0.5,0.5,0.5,0.5,0.5
Set 13,13,base,TFTSet13,15.6,TFT13_Heimerdinger,Heimerdinger,PROGRESSSSS!,StartingRockets,5/5/7,9,5,5,7,7,9,9
Set 13,13,base,TFTSet13,15.6,TFT13_Illaoi,Illaoi,Test of Spirit,DR,0.5/0.5/0.9,0.4,0.5,0.5,0.9,0.9,0.4,0.4
Set 13,13,base,TFTSet13,15.6,TFT13_Illaoi,Illaoi,Test of Spirit,DamageResistRatio,0.6/0.9/7,0,0.6,0.9,7,10,0,0
Set 13,13,base,TFTSet13,15.6,TFT13_Illaoi,Illaoi,Test of Spirit,HealthSteal,50/75/225,200,50,75,225,300,200,200
Set 13,13,base,TFTSet13,15.6,TFT13_Illaoi,Illaoi,Test of Spirit,NumEnemies,4/4/10,4,4,4,10,10,4,4
Set 13,13,base,TFTSet13,15.6,TFT13_Illaoi,Illaoi,Test of Spirit,PercentBonusHealthSteal,0.5,0.5,0.5,0.5,0.5,0.5,0.5,0.5
Set 13,13,base,TFTSet13,15.6,TFT13_Illaoi,Illaoi,Test of Spirit,SpellDuration,3,3,3,3,3,3,3,3
Set 13,13,base,TFTSet13,15.6,TFT13_Irelia,Irelia,Defiant Dance,HEROAttackSpeed,0.6,0.6,0.6,0.6,0.6,0.6,0.6,0.6
Set 13,13,base,TFTSet13,15.6,TFT13_Irelia,Irelia,Defiant Dance,HEROBaseDashDamage,3.5,3.5,3.5,3.5,3.5,3.5,3.5,3.5
Set 13,13,base,TFTSet13,15.6,TFT13_Irelia,Irelia,Defiant Dance,HERODashNum,2,2,2,2,2,2,2,2
Set 13,13,base,TFTSet13,15.6,TFT13_Irelia,Irelia,Defiant Dance,HEROSpellAPBase,40/60/90,0,40,60,90,120,0,0
Set 13,13,base,TFTSet13,15.6,TFT13_Irelia,Irelia,Defiant Dance,PercentShieldDamage,0.75,0.75,0.75,0.75,0.75,0.75,0.75,0.75
Set 13,13,base,TFTSet13,15.6,TFT13_Irelia,Irelia,Defiant Dance,ShieldDuration,3,3,3,3,3,3,3,3
Set 13,13,base,TFTSet13,15.6,TFT13_Irelia,Irelia,Defiant Dance,ShieldHealth,400/475/575,200,400,475,575,675,1200,1400
Set 13,13,base,TFTSet13,15.6,TFT13_Irelia,Irelia,Defiant Dance,StrikeBaseDamage,70/100/150,50,70,100,150,200,300,350
Set 13,13,base,TFTSet13,15.6,TFT13_Jayce,Jayce,Special Delivery,EnemyFlightDuration,0.75,0.75,0.75,0.75,0.75,0.75,0.75,0.75
Set 13,13,base,TFTSet13,15.6,TFT13_Jayce,Jayce,Special Delivery,FlyingEnemyDamageRadius,290,290,290,290,290,290,290,290
Set 13,13,base,TFTSet13,15.6,TFT13_Jayce,Jayce,Special Delivery,InitialGateDistanceBehindTheTarget,480,480,480,480,480,480,480,480
Set 13,13,base,TFTSet13,15.6,TFT13_Jayce,Jayce,Special Delivery,MaxEnemySpeed,2300,2300,2300,2300,2300,2300,2300,2300
Set 13,13,base,TFTSet13,15.6,TFT13_Jayce,Jayce,Special Delivery,MinEnemySpeed,1650,1650,1650,1650,1650,1650,1650,1650
Set 13,13,base,TFTSet13,15.6,TFT13_Jayce,Jayce,Special Delivery,NumAlliesShield,3,3,3,3,3,3,3,3
Set 13,13,base,TFTSet13,15.6,TFT13_Jayce,Jayce,Special Delivery,PercentADSecondaryDamage,2.5/2.5/80,0,2.5,2.5,80,0,0,0
Set 13,13,base,TFTSet13,15.6,TFT13_Jayce,Jayce,Special Delivery,PercentAttackDamage,6/6/80,0,6,6,80,0,0,0
Set 13,13,base,TFTSet13,15.6,TFT13_Jayce,Jayce,Special Delivery,ReducedSummonHealth,1,1,1,1,1,1,1,1
Set 13,13,base,TFTSet13,15.6,TFT13_Jayce,Jayce,Special Delivery,Shield,200/275/1800,0,200,275,1800,0,0,0
Set 13,13,base,TFTSet13,15.6,TFT13_Jayce,Jayce,Special Delivery,ShieldDuration,4,4,4,4,4,4,4,4
Set 13,13,base,TFTSet13,15.6,TFT13_Jinx,Jinx,Ruin Everything,DeathRocketAP,100/100/300,0,100,100,300,600,0,0
Set 13,13,base,TFTSet13,15.6,TFT13_Jinx,Jinx,Ruin Everything,DeathRocketHexes,6,6,6,6,6,6,6,6
Set 13,13,base,TFTSet13,15.6,TFT13_Jinx,Jinx,Ruin Everything,DeathRocketPercentAD,7/7/90.01,0,7,7,90.01,90.02,0,0
Set 13,13,base,TFTSet13,15.6,TFT13_Jinx,Jinx,Ruin Everything,FalloffPercent,0.1,0.1,0.1,0.1,0.1,0.1,0.1,0.1
Set 13,13,base,TFTSet13,15.6,TFT13_Jinx,Jinx,Ruin Everything,FlameChompersPercentAD,2.65/2.65/20,0,2.65,2.65,20,30,0,0
Set 13,13,base,TFTSet13,15.6,TFT13_Jinx,Jinx,Ruin Everything,NumOfFlameChompers,3,3,3,3,3,3,3,3
Set 13,13,base,TFTSet13,15.6,TFT13_Jinx,Jinx,Ruin Everything,ZapLength,2500,2500,2500,2500,2500,2500,2500,2500
Set 13,13,base,TFTSet13,15.6,TFT13_Jinx,Jinx,Ruin Everything,ZapPercentAD,2.65/2.65/20,0,2.65,2.65,20,30,0,0
Set 13,13,base,TFTSet13,15.6,TFT13_Jinx,Jinx,Ruin Everything,ZapStunDuration,1.25/1.5/10,1.5,1.25,1.5,10,10,1.5,1.5
Set 13,13,base,TFTSet13,15.6,TFT13_Jinx,Jinx,Ruin Everything,ZapWidth,180,180,180,180,180,180,180,180
Set 13,13,base,TFTSet13,15.6,TFT13_KogMaw,Kog'Maw,Upgrading Barrage Module,AttackSpeed,0.25,0.25,0.25,0.25,0.25,0.25,0.25,0.25
Set 13,13,base,TFTSet13,15.6,TFT13_KogMaw,Kog'Maw,Upgrading Barrage Module,DamageOnAttack,48/72/120,0,48,72,120,210,0,0
Set 13,13,base,TFTSet13,15.6,TFT13_KogMaw,Kog'Maw,Upgrading Barrage Module,Duration,60,60,60,60,60,60,60,60
Set 13,13,base,TFTSet13,15.6,TFT13_KogMaw,Kog'Maw,Upgrading Barrage Module,MaxAS,20,20,20,20,20,20,20,20
Set 13,13,base,TFTSet13,15.6,TFT13_KogMaw,Kog'Maw,Upgrading Barrage Module,RangeIncreaseNumAttacks,3,3,3,3,3,3,3,3
Set 13,13,base,TFTSet13,15.6,TFT13_LeBlanc,LeBlanc,The Chains of Fate,AutoDamage,150/225/900,250,150,225,900,900,0,0
Set 13,13,base,TFTSet13,15.6,TFT13_LeBlanc,LeBlanc,The Chains of Fate,AutoKillBonus,0.5,0.5,0.5,0.5,0.5,0.5,0.5,0.5
Set 13,13,base,TFTSet13,15.6,TFT13_LeBlanc,LeBlanc,The Chains of Fate,ChainDuration,5,5,5,5,5,5,5,5
Set 13,13,base,TFTSet13,15.6,TFT13_LeBlanc,LeBlanc,The Chains of Fate,ChainTargets,4/4/20,4,4,4,20,20,4,4
Set 13,13,base,TFTSet13,15.6,TFT13_LeBlanc,LeBlanc,The Chains of Fate,Damage,590/888/5000,500,590,888,5000,9002,200,200
Set 13,13,base,TFTSet13,15.6,TFT13_LeBlanc,LeBlanc,The Chains of Fate,DamageShare,0.12/0.2/1,0.15,0.12,0.2,1,1,0.2,0.2
Set 13,13,base,TFTSet13,15.6,TFT13_LeBlanc,LeBlanc,The Chains of Fate,NumAttacks,3,3,3,3,3,3,3,3
Set 13,13,base,TFTSet13,15.6,TFT13_Leona,Leona,Eclipse,DR,0.5/0.5/0.55,0.5,0.5,0.5,0.55,0.55,0.5,0.5
Set 13,13,base,TFTSet13,15.6,TFT13_Leona,Leona,Eclipse,Damage,115/175/270,0,115,175,270,365,0,0
Set 13,13,base,TFTSet13,15.6,TFT13_Leona,Leona,Eclipse,Duration,3,3,3,3,3,3,3,3
Set 13,13,base,TFTSet13,15.6,TFT13_Beardy,Loris,Piltover Bulwark,Damage,150/225/360,0,150,225,360,495,0,0
Set 13,13,base,TFTSet13,15.6,TFT13_Beardy,Loris,Piltover Bulwark,Duration,4,4,4,4,4,4,4,4
Set 13,13,base,TFTSet13,15.6,TFT13_Beardy,Loris,Piltover Bulwark,PercentDamageRedirect,0.5,0.5,0.5,0.5,0.5,0.5,0.5,0.5
Set 13,13,base,TFTSet13,15.6,TFT13_Beardy,Loris,Piltover Bulwark,Shield,600/700/900,0,600,700,900,900,0,0
Set 13,13,base,TFTSet13,15.6,TFT13_Lux,Lux,Prismatic Barrier,Damage,360/540/900,0,360,540,900,1260,0,0
Set 13,13,base,TFTSet13,15.6,TFT13_Lux,Lux,Prismatic Barrier,DamageReduction,0.35,0.35,0.35,0.35,0.35,0.35,0.35,0.35
Set 13,13,base,TFTSet13,15.6,TFT13_Lux,Lux,Prismatic Barrier,Shield,160/180/240,0,160,180,240,300,0,0
Set 13,13,base,TFTSet13,15.6,TFT13_Lux,Lux,Prismatic Barrier,ShieldDuration,4,4,4,4,4,4,4,4
Set 13,13,base,TFTSet13,15.6,TFT13_Shooter,Maddie,Fan the Hammer,APDamage,10/15/25,0,10,15,25,35,0,0
Set 13,13,base,TFTSet13,15.6,TFT13_Shooter,Maddie,Fan the Hammer,NumOfShots,6,6,6,6,6,6,6,6
Set 13,13,base,TFTSet13,15.6,TFT13_Shooter,Maddie,Fan the Hammer,PercentAttackDamage,1.25/1.25/1.4,1.35,1.25,1.25,1.4,1.4,1.35,1.35
Set 13,13,base,TFTSet13,15.6,TFT13_Shooter,Maddie,Fan the Hammer,ShotsPerSimulatedLaunchAttack,3,3,3,3,3,3,3,3
Set 13,13,base,TFTSet13,15.6,TFT13_Shooter,Maddie,Fan the Hammer,TotalSpellTime,1.15,1.15,1.15,1.15,1.15,1.15,1.15,1.15
Set 13,13,base,TFTSet13,15.6,TFT13_Malzahar,Malzahar,Call of the Machine,Damage,100/150/1000,0,100,150,1000,1500,2,2
Set 13,13,base,TFTSet13,15.6,TFT13_Malzahar,Malzahar,Call of the Machine,DamageTicksPerSecond,0.75,0.75,0.75,0.75,0.75,0.75,0.75,0.75
Set 13,13,base,TFTSet13,15.6,TFT13_Malzahar,Malzahar,Call of the Machine,InfectionDamage,16/24/400,0,16,24,400,1000,2.5,2.5
Set 13,13,base,TFTSet13,15.6,TFT13_Malzahar,Malzahar,Call of the Machine,ShredDuration,4,4,4,4,4,4,4,4
Set 13,13,base,TFTSet13,15.6,TFT6_MercenaryChest,Mercenary Chest,Mercenary Chest,RoundsToHatch,2,2,2,2,2,2,2,2
Set 13,13,base,TFTSet13,15.6,TFT13_Mordekaiser,Mordekaiser,Grasp of the Iron Revenant,AttackHexRadius,2,2,2,2,2,2,2,2
Set 13,13,base,TFTSet13,15.6,TFT13_Mordekaiser,Mordekaiser,Grasp of the Iron Revenant,DR,0.4,0.4,0.4,0.4,0.4,0.4,0.4,0.4
Set 13,13,base,TFTSet13,15.6,TFT13_Mordekaiser,Mordekaiser,Grasp of the Iron Revenant,Damage,160/240/800,0,160,240,800,0,0,0
Set 13,13,base,TFTSet13,15.6,TFT13_Mordekaiser,Mordekaiser,Grasp of the Iron Revenant,DamageBonus,0.25,0.25,0.25,0.25,0.25,0.25,0.25,0.25
Set 13,13,base,TFTSet13,15.6,TFT13_Mordekaiser,Mordekaiser,Grasp of the Iron Revenant,Displacement,240,240,240,240,240,240,240,240
Set 13,13,base,TFTSet13,15.6,TFT13_Mordekaiser,Mordekaiser,Grasp of the Iron Revenant,EmpowerDuration,10,10,10,10,10,10,10,10
Set 13,13,base,TFTSet13,15.6,TFT13_Mordekaiser,Mordekaiser,Grasp of the Iron Revenant,LineRange,1470,1470,1470,1470,1470,1470,1470,1470
Set 13,13,base,TFTSet13,15.6,TFT13_Mordekaiser,Mordekaiser,Grasp of the Iron Revenant,LineWidth,615,615,615,615,615,615,615,615
Set 13,13,base,TFTSet13,15.6,TFT13_Mordekaiser,Mordekaiser,Grasp of the Iron Revenant,NearestEnemies,4,4,4,4,4,4,4,4
Set 13,13,base,TFTSet13,15.6,TFT13_Mordekaiser,Mordekaiser,Grasp of the Iron Revenant,NumAttacks,1,1,1,1,1,1,1,1
Set 13,13,base,TFTSet13,15.6,TFT13_Mordekaiser,Mordekaiser,Grasp of the Iron Revenant,OmnivampPercent,0.3,0.3,0.3,0.3,0.3,0.3,0.3,0.3
Set 13,13,base,TFTSet13,15.6,TFT13_Mordekaiser,Mordekaiser,Grasp of the Iron Revenant,SlamDamage,85/125/1500,0,85,125,1500,0,0,0
Set 13,13,base,TFTSet13,15.6,TFT13_Mordekaiser,Mordekaiser,Grasp of the Iron Revenant,TargetDamage,330/500/3000,0,330,500,3000,0,0,0
Set 13,13,base,TFTSet13,15.6,TFT13_Morgana,Morgana,Tormented Soul,Damage,530/800/1500,0,530,800,1500,1800,200,240
Set 13,13,base,TFTSet13,15.6,TFT13_Morgana,Morgana,Tormented Soul,Duration,10,10,10,10,10,10,10,10
Set 13,13,base,TFTSet13,15.6,TFT13_Morgana,Morgana,Tormented Soul,ShieldReavePercent,0.5,0.5,0.5,0.5,0.5,0.5,0.5,0.5
Set 13,13,base,TFTSet13,15.6,TFT13_Nami,Nami,Ocean's Ebb,Damage,120/180/290,75,120,180,290,400,150,150
Set 13,13,base,TFTSet13,15.6,TFT13_Nami,Nami,Ocean's Ebb,NumBounces,3,3,3,3,3,3,3,3
Set 13,13,base,TFTSet13,15.6,TFT13_Nami,Nami,Ocean's Ebb,SearchRange,3,3,3,3,3,3,3,3
Set 13,13,base,TFTSet13,15.6,TFT13_Nami,Nami,Ocean's Ebb,TimesHitTarget,1,1,1,1,1,1,1,1
Set 13,13,base,TFTSet13,15.6,TFT13_Nocturne,Nocturne,Overdrive Blades,ADPercent,1.2/1.2/1.4,0,1.2,1.2,1.4,1.4,0,0
Set 13,13,base,TFTSet13,15.6,TFT13_Nocturne,Nocturne,Overdrive Blades,BaseDamage,15/25/40,0,15,25,40,55,0,0
Set 13,13,base,TFTSet13,15.6,TFT13_Nocturne,Nocturne,Overdrive Blades,BleedDuration,1,1,1,1,1,1,1,1
Set 13,13,base,TFTSet13,15.6,TFT13_Nocturne,Nocturne,Overdrive Blades,BleedTicksRate,0.25,0.25,0.25,0.25,0.25,0.25,0.25,0.25
Set 13,13,base,TFTSet13,15.6,TFT13_Nocturne,Nocturne,Overdrive Blades,Duration,6,6,6,6,6,6,6,6
Set 13,13,base,TFTSet13,15.6,TFT13_NunuWillump,Nunu & Willump,ZOMBIE POWER!!						,Damage,30/45/65,0,30,45,65,85,0,0
Set 13,13,base,TFTSet13,15.6,TFT13_NunuWillump,Nunu & Willump,ZOMBIE POWER!!						,DamageDuration,3,3,3,3,3,3,3,3
Set 13,13,base,TFTSet13,15.6,TFT13_NunuWillump,Nunu & Willump,ZOMBIE POWER!!						,DamageTicksPerSecond,2,2,2,2,2,2,2,2
Set 13,13,base,TFTSet13,15.6,TFT13_NunuWillump,Nunu & Willump,ZOMBIE POWER!!						,Durability,0.55/0.55/0.6,0.5,0.55,0.55,0.6,0.5,0.5,0.5
Set 13,13,base,TFTSet13,15.6,TFT13_NunuWillump,Nunu & Willump,ZOMBIE POWER!!						,ExperimentICD,1,1,1,1,1,1,1,1
Set 13,13,base,TFTSet13,15.6,TFT13_NunuWillump,Nunu & Willump,ZOMBIE POWER!!						,ExperimentMaxHealthDamage,0.03,0.03,0.03,0.03,0.03,0.03,0.03,0.03
Set 13,13,base,TFTSet13,15.6,TFT13_NunuWillump,Nunu & Willump,ZOMBIE POWER!!						,HexRadius,2,2,2,2,2,2,2,2
Set 13,13,base,TFTSet13,15.6,TFT13_NunuWillump,Nunu & Willump,ZOMBIE POWER!!						,SecondDamage,150/225/340,0,150,225,340,455,0,0
Set 13,13,base,TFTSet13,15.6,TFT13_Blue,Powder,Misfit Toy,Damage,420/550/735,0,420,550,735,950,0,0
Set 13,13,base,TFTSet13,15.6,TFT13_Blue,Powder,Misfit Toy,FalloffPercent,0.25,0.33,0.25,0.25,0.25,0.25,0.33,0.33
Set 13,13,base,TFTSet13,15.6,TFT13_Blue,Powder,Misfit Toy,HERODamage,350/500/700,240,350,500,700,900,240,240
Set 13,13,base,TFTSet13,15.6,TFT13_Blue,Powder,Misfit Toy,HEROFalloffPercent,0.2,0.2,0.2,0.2,0.2,0.2,0.2,0.2
Set 13,13,base,TFTSet13,15.6,TFT13_Blue,Powder,Misfit Toy,HEROFriendlyFire,0.5,0.5,0.5,0.5,0.5,0.5,0.5,0.5
Set 13,13,base,TFTSet13,15.6,TFT13_Blue,Powder,Misfit Toy,HEROMinimumFalloffPercent,0.4,0.4,0.4,0.4,0.4,0.4,0.4,0.4
Set 13,13,base,TFTSet13,15.6,TFT13_Blue,Powder,Misfit Toy,IgniteDuration,5,5,5,5,5,5,5,5
Set 13,13,base,TFTSet13,15.6,TFT13_Rell,Rell,Shattering Strike,DefenseStealDuration,60,60,60,60,60,60,60,60
Set 13,13,base,TFTSet13,15.6,TFT13_Rell,Rell,Shattering Strike,DefensesSteal,10/12/15,10,10,12,15,18,10,10
Set 13,13,base,TFTSet13,15.6,TFT13_Rell,Rell,Shattering Strike,Shield,300/350/400,0,300,350,400,540,0,0
Set 13,13,base,TFTSet13,15.6,TFT13_Rell,Rell,Shattering Strike,ShieldDuration,4,4,4,4,4,4,4,4
Set 13,13,base,TFTSet13,15.6,TFT13_Rell,Rell,Shattering Strike,StabDamage,120/180/270,0,120,180,270,360,0,0
Set 13,13,base,TFTSet13,15.6,TFT13_RenataGlasc,Renata Glasc,Loyalty Program,AdditionalSearchDistance,150,150,150,150,150,150,150,150
Set 13,13,base,TFTSet13,15.6,TFT13_RenataGlasc,Renata Glasc,Loyalty Program,ExplosionDamage,130/195/290,0,130,195,290,385,0,0
Set 13,13,base,TFTSet13,15.6,TFT13_RenataGlasc,Renata Glasc,Loyalty Program,Shield,95/115/135,100,95,115,135,155,100,100
Set 13,13,base,TFTSet13,15.6,TFT13_RenataGlasc,Renata Glasc,Loyalty Program,ShieldDuration,3,3,3,3,3,3,3,3
Set 13,13,base,TFTSet13,15.6,TFT13_RenataGlasc,Renata Glasc,Loyalty Program,TargetDamage,310/465/700,0,310,465,700,935,0,0
Set 13,13,base,TFTSet13,15.6,TFT13_Chainsaw,Renni,Sludgerunner's Smash,ADPercent,5,5,5,5,5,5,5,5
Set 13,13,base,TFTSet13,15.6,TFT13_Chainsaw,Renni,Sludgerunner's Smash,APHeal,400,5.75,400,400,400,425,100,100
Set 13,13,base,TFTSet13,15.6,TFT13_Chainsaw,Renni,Sludgerunner's Smash,FinalADPercent,2,2,2,2,2,2,2,2
Set 13,13,base,TFTSet13,15.6,TFT13_Chainsaw,Renni,Sludgerunner's Smash,HEROMaxHealthHealingPercent,0.06,0.06,0.06,0.06,0.06,0.06,0.06,0.06
Set 13,13,base,TFTSet13,15.6,TFT13_Chainsaw,Renni,Sludgerunner's Smash,HeroAbilityDamage,1.1,1.1,1.1,1.1,1.1,1.1,1.1,1.1
Set 13,13,base,TFTSet13,15.6,TFT13_Chainsaw,Renni,Sludgerunner's Smash,HeroChargePercent,0.3,0.3,0.3,0.3,0.3,0.3,0.3,0.3
Set 13,13,base,TFTSet13,15.6,TFT13_Chainsaw,Renni,Sludgerunner's Smash,HeroHexDistance,2,2,2,2,2,2,2,2
Set 13,13,base,TFTSet13,15.6,TFT13_Chainsaw,Renni,Sludgerunner's Smash,HeroManaReduction,10,10,10,10,10,10,10,10
Set 13,13,base,TFTSet13,15.6,TFT13_Chainsaw,Renni,Sludgerunner's Smash,HeroStunDuration,0.5,0.5,0.5,0.5,0.5,0.5,0.5,0.5
Set 13,13,base,TFTSet13,15.6,TFT13_Chainsaw,Renni,Sludgerunner's Smash,MaxHealthHealingPercent,0.15,0.15,0.15,0.15,0.15,0.15,0.15,0.15
Set 13,13,base,TFTSet13,15.6,TFT13_Chainsaw,Renni,Sludgerunner's Smash,StunDuration,1.5,1.5,1.5,1.5,1.5,1.5,1.5,1.5
Set 13,13,base,TFTSet13,15.6,TFT_RiftHerald,Rift Herald,Void Charge,MaxHealthPct,0.5,0.5,0.5,0.5,0.5,0.5,0.5,0.5
Set 13,13,base,TFTSet13,15.6,TFT13_Rumble,Rumble,The Equalizer,Damage,450/675/4000,0,450,675,4000,9999,0,0
Set 13,13,base,TFTSet13,15.6,TFT13_Rumble,Rumble,The Equalizer,Flamethrower_Damage_Level1,30,30,30,30,30,30,30,30
Set 13,13,base,TFTSet13,15.6,TFT13_Rumble,Rumble,The Equalizer,Flamethrower_Damage_Level2,45,45,45,45,45,45,45,45
Set 13,13,base,TFTSet13,15.6,TFT13_Rumble,Rumble,The Equalizer,Flamethrower_Damage_Level3,600,600,600,600,600,600,600,600
Set 13,13,base,TFTSet13,15.6,TFT13_Rumble,Rumble,The Equalizer,Flamethrower_TicksPerSecond,2,2,2,2,2,2,2,2
Set 13,13,base,TFTSet13,15.6,TFT13_Rumble,Rumble,The Equalizer,ManaPerMissile,20,20,20,20,20,20,20,20
Set 13,13,base,TFTSet13,15.6,TFT13_Rumble,Rumble,The Equalizer,NumMissile,5,5,5,5,5,5,5,5
Set 13,13,base,TFTSet13,15.6,TFT13_Rumble,Rumble,The Equalizer,PetriciteRod_APDamage_Level1,350,350,350,350,350,350,350,350
Set 13,13,base,TFTSet13,15.6,TFT13_Rumble,Rumble,The Equalizer,PetriciteRod_APDamage_Level2,525,525,525,525,525,525,525,525
Set 13,13,base,TFTSet13,15.6,TFT13_Rumble,Rumble,The Equalizer,PetriciteRod_APDamage_Level3,6000,6000,6000,6000,6000,6000,6000,6000
Set 13,13,base,TFTSet13,15.6,TFT13_Rumble,Rumble,The Equalizer,PetriciteRod_DOTDuration,15,15,15,15,15,15,15,15
Set 13,13,base,TFTSet13,15.6,TFT13_Rumble,Rumble,The Equalizer,PetriciteRod_RefreshDuration,5,5,5,5,5,5,5,5
Set 13,13,base,TFTSet13,15.6,TFT13_Rumble,Rumble,The Equalizer,RepairingMicrobots_RefreshDuration,3,3,3,3,3,3,3,3
Set 13,13,base,TFTSet13,15.6,TFT13_Rumble,Rumble,The Equalizer,ReparingMicrobots_MaxHealthHeal_Level1,0.06,0.06,0.06,0.06,0.06,0.06,0.06,0.06
Set 13,13,base,TFTSet13,15.6,TFT13_Rumble,Rumble,The Equalizer,ReparingMicrobots_MaxHealthHeal_Level2,0.06,0.06,0.06,0.06,0.06,0.06,0.06,0.06
Set 13,13,base,TFTSet13,15.6,TFT13_Rumble,Rumble,The Equalizer,ReparingMicrobots_MaxHealthHeal_Level3,0.4,0.4,0.4,0.4,0.4,0.4,0.4,0.4
Set 13,13,base,TFTSet13,15.6,TFT13_Rumble,Rumble,The Equalizer,SelfDestruct_HexRadius,2,2,2,2,2,2,2,2
Set 13,13,base,TFTSet13,15.6,TFT13_Rumble,Rumble,The Equalizer,SelfDestruct_ResistDamage_Level1,1.6,1.6,1.6,1.6,1.6,1.6,1.6,1.6
Set 13,13,base,TFTSet13,15.6,TFT13_Rumble,Rumble,The Equalizer,SelfDestruct_ResistDamage_Level2,2.4,2.4,2.4,2.4,2.4,2.4,2.4,2.4
Set 13,13,base,TFTSet13,15.6,TFT13_Rumble,Rumble,The Equalizer,SelfDestruct_ResistDamage_Level3,20,20,20,20,20,20,20,20
Set 13,13,base,TFTSet13,15.6,TFT13_Rumble,Rumble,The Equalizer,SelfDestruct_ResistGainIncrease,0.25,0.25,0.25,0.25,0.25,0.25,0.25,0.25
Set 13,13,base,TFTSet13,15.6,TFT13_Rumble,Rumble,The Equalizer,Tankbuster_APDamage_Level1,100,100,100,100,100,100,100,100
Set 13,13,base,TFTSet13,15.6,TFT13_Rumble,Rumble,The Equalizer,Tankbuster_APDamage_Level2,150,150,150,150,150,150,150,150
Set 13,13,base,TFTSet13,15.6,TFT13_Rumble,Rumble,The Equalizer,Tankbuster_APDamage_Level3,1600,1600,1600,1600,1600,1600,1600,1600
Set 13,13,base,TFTSet13,15.6,TFT13_Rumble,Rumble,The Equalizer,Tankbuster_RefreshDuration,3,3,3,3,3,3,3,3
Set 13,13,base,TFTSet13,15.6,TFT13_Rumble,Rumble,The Equalizer,WoundDuration,5,5,5,5,5,5,5,5
Set 13,13,base,TFTSet13,15.6,TFT13_FlyGuy,Scar,Sumpsnipe Surprise,Damage,80/120/180,0,80,120,180,240,0,0
Set 13,13,base,TFTSet13,15.6,TFT13_FlyGuy,Scar,Sumpsnipe Surprise,Heal,245/255/270,0.03,245,255,270,330,0.03,0.03
Set 13,13,base,TFTSet13,15.6,TFT13_FlyGuy,Scar,Sumpsnipe Surprise,NumEnemies,3,3,3,3,3,3,3,3
Set 13,13,base,TFTSet13,15.6,TFT13_FlyGuy,Scar,Sumpsnipe Surprise,StunDuration,1.5/1.5/1.75,1.5,1.5,1.5,1.75,1.75,1.5,1.5
Set 13,13,base,TFTSet13,15.6,TFT13_Sett,Sett,Facebreaker,Damage,220/330/500,0,220,330,500,670,2,2
Set 13,13,base,TFTSet13,15.6,TFT13_Sett,Sett,Facebreaker,SoloBonus,0.5,0.5,0.5,0.5,0.5,0.5,0.5,0.5
Set 13,13,base,TFTSet13,15.6,TFT13_Sett,Sett,Facebreaker,StunDuration,1.5/1.5/2,1,1.5,1.5,2,2.5,3.5,4
Set 13,13,base,TFTSet13,15.6,TFT13_Lieutenant,Sevika,Beat the Odds,APBonusDamage,20/30/500,0,20,30,500,0,0,0
Set 13,13,base,TFTSet13,15.6,TFT13_Lieutenant,Sevika,Beat the Odds,Spell1_ADPercent,2.4/2.4/15,2.5,2.4,2.4,15,20,1.8,1.8
Set 13,13,base,TFTSet13,15.6,TFT13_Lieutenant,Sevika,Beat the Odds,Spell1_Bonus_DamagePercentPerSecond,0.2,0.2,0.2,0.2,0.2,0.2,0.2,0.2
Set 13,13,base,TFTSet13,15.6,TFT13_Lieutenant,Sevika,Beat the Odds,Spell1_HighrollBonus,20,20,20,20,20,20,20,20
Set 13,13,base,TFTSet13,15.6,TFT13_Lieutenant,Sevika,Beat the Odds,Spell1_MinDuration,2,2,2,2,2,2,2,2
Set 13,13,base,TFTSet13,15.6,TFT13_Lieutenant,Sevika,Beat the Odds,Spell1_ReducedDamagePercent,0.5,0.5,0.5,0.5,0.5,0.5,0.5,0.5
Set 13,13,base,TFTSet13,15.6,TFT13_Lieutenant,Sevika,Beat the Odds,Spell2_Bonus_KnockbackDamage,4/4/10,0,4,4,10,0,0,0
Set 13,13,base,TFTSet13,15.6,TFT13_Lieutenant,Sevika,Beat the Odds,Spell2_HexKnockback,10,10,10,10,10,10,10,10
Set 13,13,base,TFTSet13,15.6,TFT13_Lieutenant,Sevika,Beat the Odds,Spell2_HexRadius,1,1,1,1,1,1,1,1
Set 13,13,base,TFTSet13,15.6,TFT13_Lieutenant,Sevika,Beat the Odds,Spell2_Modifier,3,3,3,3,3,3,3,3
Set 13,13,base,TFTSet13,15.6,TFT13_Lieutenant,Sevika,Beat the Odds,Spell2_SecondaryModifier,1.3,1.3,1.3,1.3,1.3,1.3,1.3,1.3
Set 13,13,base,TFTSet13,15.6,TFT13_Lieutenant,Sevika,Beat the Odds,Spell2_StunDuration,1.5,1.5,1.5,1.5,1.5,1.5,1.5,1.5
Set 13,13,base,TFTSet13,15.6,TFT13_Lieutenant,Sevika,Beat the Odds,Spell3_BleedDuration,5,5,5,5,5,5,5,5
Set 13,13,base,TFTSet13,15.6,TFT13_Lieutenant,Sevika,Beat the Odds,Spell3_BleedModifier,0.75,0.75,0.75,0.75,0.75,0.75,0.75,0.75
Set 13,13,base,TFTSet13,15.6,TFT13_Lieutenant,Sevika,Beat the Odds,Spell3_BonusNumChomps,4,4,4,4,4,4,4,4
Set 13,13,base,TFTSet13,15.6,TFT13_Lieutenant,Sevika,Beat the Odds,Spell3_Bonus_BleedADPercent,4/4/10,0,4,4,10,0,0,0
Set 13,13,base,TFTSet13,15.6,TFT13_Lieutenant,Sevika,Beat the Odds,Spell3_Bonus_BleedDuration,20,20,20,20,20,20,20,20
Set 13,13,base,TFTSet13,15.6,TFT13_Lieutenant,Sevika,Beat the Odds,Spell3_ExecutePercentage,0.15/0.15/1,0.15,0.15,0.15,1,1,0.15,0.15
Set 13,13,base,TFTSet13,15.6,TFT13_Lieutenant,Sevika,Beat the Odds,Spell3_HexRadius,1,1,1,1,1,1,1,1
Set 13,13,base,TFTSet13,15.6,TFT13_Lieutenant,Sevika,Beat the Odds,Spell3_Modifier,3.2,3.2,3.2,3.2,3.2,3.2,3.2,3.2
Set 13,13,base,TFTSet13,15.6,TFT13_Lieutenant,Sevika,Beat the Odds,Spell3_NumSlams,2,2,2,2,2,2,2,2
Set 13,13,base,TFTSet13,15.6,TFT13_Lieutenant,Sevika,Beat the Odds,Spell3_ResetDamageFalloff,0.8,0.8,0.8,0.8,0.8,0.8,0.8,0.8
Set 13,13,base,TFTSet13,15.6,TFT13_Lieutenant,Sevika,Beat the Odds,Spell3_ResetDashRange,2/2/10,2,2,2,10,10,2,2
Set 13,13,base,TFTSet13,15.6,TFT13_Lieutenant,Sevika,Beat the Odds,Spell3_StunDuration,1.25,1.25,1.25,1.25,1.25,1.25,1.25,1.25
Set 13,13,base,TFTSet13,15.6,TFT13_Lieutenant,Sevika,Beat the Odds,Spell3_TargetPercentHealthDamage,0.2,0.2,0.2,0.2,0.2,0.2,0.2,0.2
Set 13,13,base,TFTSet13,15.6,TFT13_Silco,Silco,Canned Monstrosity,Damage,140/200/1000,0,140,200,1000,2000,5,6
Set 13,13,base,TFTSet13,15.6,TFT13_Silco,Silco,Canned Monstrosity,MinionDamage,38/58/100,30,38,58,100,120,6,6
Set 13,13,base,TFTSet13,15.6,TFT13_Silco,Silco,Canned Monstrosity,MinionDuration,12,12,12,12,12,12,12,12
Set 13,13,base,TFTSet13,15.6,TFT13_Silco,Silco,Canned Monstrosity,MinionNumAttacks,5,5,5,5,5,5,5,5
Set 13,13,base,TFTSet13,15.6,TFT13_Silco,Silco,Canned Monstrosity,MinionsSpawned,4/4/8,4,4,4,8,8,8,8
Set 13,13,base,TFTSet13,15.6,TFT13_Silco,Silco,Canned Monstrosity,MinionsThatAttackCurrentTarget,2/2/4,0,2,2,4,0,0,0
Set 13,13,base,TFTSet13,15.6,TFT13_Singed,Singed,Dangerous Mutations,AttackSpeed,100/115/130,1,100,115,130,150,1,1
Set 13,13,base,TFTSet13,15.6,TFT13_Singed,Singed,Dangerous Mutations,DR,0.45/0.45/0.5,0.5,0.45,0.45,0.5,0.5,0.5,0.5
Set 13,13,base,TFTSet13,15.6,TFT13_Singed,Singed,Dangerous Mutations,Duration,4,4,4,4,4,4,4,4
Set 13,13,base,TFTSet13,15.6,TFT13_Singed,Singed,Dangerous Mutations,HEROCloudDuration,3,3,3,3,3,3,3,3
Set 13,13,base,TFTSet13,15.6,TFT13_Singed,Singed,Dangerous Mutations,HERODuration,5,5,5,5,5,5,5,5
Set 13,13,base,TFTSet13,15.6,TFT13_Singed,Singed,Dangerous Mutations,HEROMoveSpeed,250,250,250,250,250,250,250,250
Set 13,13,base,TFTSet13,15.6,TFT13_Singed,Singed,Dangerous Mutations,HEROOmnivamp,0.3,0.3,0.3,0.3,0.3,0.3,0.3,0.3
Set 13,13,base,TFTSet13,15.6,TFT13_Singed,Singed,Dangerous Mutations,HEROSpellBaseDamage,155/235/350,0,155,235,350,470,0,0
Set 13,13,base,TFTSet13,15.6,TFT13_Sion,Sion,Decimating Smash,ADPercent,3,3,3,3,3,3,3,3
Set 13,13,base,TFTSet13,15.6,TFT13_Sion,Sion,Decimating Smash,ChargeADPercent,1,1,1,1,1,1,1,1
Set 13,13,base,TFTSet13,15.6,TFT13_Sion,Sion,Decimating Smash,ChargeDamageAmp,0.08,0.08,0.08,0.08,0.08,0.08,0.08,0.08
Set 13,13,base,TFTSet13,15.6,TFT13_Sion,Sion,Decimating Smash,ChargeDamageAmpDuration,60,60,60,60,60,60,60,60
Set 13,13,base,TFTSet13,15.6,TFT13_Sion,Sion,Decimating Smash,ChargeKnockupDuration,0.5,0.5,0.5,0.5,0.5,0.5,0.5,0.5
Set 13,13,base,TFTSet13,15.6,TFT13_Sion,Sion,Decimating Smash,ChargeUpDuration,1.3,1.3,1.3,1.3,1.3,1.3,1.3,1.3
Set 13,13,base,TFTSet13,15.6,TFT13_Sion,Sion,Decimating Smash,HexRange,2,2,2,2,2,2,2,2
Set 13,13,base,TFTSet13,15.6,TFT13_Sion,Sion,Decimating Smash,NovaAbilityPower,100,100,100,100,100,100,100,100
Set 13,13,base,TFTSet13,15.6,TFT13_Sion,Sion,Decimating Smash,NovaPercentHealthDamage,0.25,0.25,0.25,0.25,0.25,0.25,0.25,0.25
Set 13,13,base,TFTSet13,15.6,TFT13_Sion,Sion,Decimating Smash,NovaRadius,2,2,2,2,2,2,2,2
Set 13,13,base,TFTSet13,15.6,TFT13_Sion,Sion,Decimating Smash,PercentAttackSpeed,3,3,3,3,3,3,3,3
Set 13,13,base,TFTSet13,15.6,TFT13_Sion,Sion,Decimating Smash,PercentOmnivamp,0.4,0.4,0.4,0.4,0.4,0.4,0.4,0.4
Set 13,13,base,TFTSet13,15.6,TFT13_Sion,Sion,Decimating Smash,PercentReviveHealth,0.75,0.75,0.75,0.75,0.75,0.75,0.75,0.75
Set 13,13,base,TFTSet13,15.6,TFT13_Sion,Sion,Decimating Smash,Shield,175/175/75,175,175,175,75,175,175,175
Set 13,13,base,TFTSet13,15.6,TFT13_Sion,Sion,Decimating Smash,ShieldDuration,3,3,3,3,3,3,3,3
Set 13,13,base,TFTSet13,15.6,TFT13_Sion,Sion,Decimating Smash,SlamHexLength,3,3,3,3,3,3,3,3
Set 13,13,base,TFTSet13,15.6,TFT13_Sion,Sion,Decimating Smash,StunDuration,1,1,1,1,1,1,1,1
Set 13,13,base,TFTSet13,15.6,TFT13_Gremlin,Smeech,Scrap Hacker,APDamage,70/105/170,0,70,105,170,235,0,0
Set 13,13,base,TFTSet13,15.6,TFT13_Gremlin,Smeech,Scrap Hacker,BaseNumStabs,3,3,3,3,3,3,3,3
Set 13,13,base,TFTSet13,15.6,TFT13_Gremlin,Smeech,Scrap Hacker,DamageReductionOnLeap,0.3,0.3,0.3,0.3,0.3,0.3,0.3,0.3
Set 13,13,base,TFTSet13,15.6,TFT13_Gremlin,Smeech,Scrap Hacker,LeapHexRange,4,4,4,4,4,4,4,4
Set 13,13,base,TFTSet13,15.6,TFT13_Gremlin,Smeech,Scrap Hacker,PercentAttackDamage,5,5,5,5,5,5,5,5
Set 13,13,base,TFTSet13,15.6,TFT13_Fish,Steb,Field Medicine,Damage,260/390/585,0,260,390,585,780,0,0
Set 13,13,base,TFTSet13,15.6,TFT13_Fish,Steb,Field Medicine,HEROMaxHits,3,3,3,3,3,3,3,3
Set 13,13,base,TFTSet13,15.6,TFT13_Fish,Steb,Field Medicine,HEROOmnivamp,0.3,0.3,0.3,0.3,0.3,0.3,0.3,0.3
Set 13,13,base,TFTSet13,15.6,TFT13_Fish,Steb,Field Medicine,HEROSpellDamageMod,0.65,0.65,0.65,0.65,0.65,0.65,0.65,0.65
Set 13,13,base,TFTSet13,15.6,TFT13_Fish,Steb,Field Medicine,Heal,260/290/360,0,260,290,360,430,0,0
Set 13,13,base,TFTSet13,15.6,TFT13_Fish,Steb,Field Medicine,NumAlliesToShare,2,2,2,2,2,2,2,2
Set 13,13,base,TFTSet13,15.6,TFT13_Fish,Steb,Field Medicine,PercentAlliedHealShare,0.25,0.25,0.25,0.25,0.25,0.25,0.25,0.25
Set 13,13,base,TFTSet13,15.6,TFT_ArmoryKeySupport,Support item anvil,Support item anvil,RoundsToHatch,2,2,2,2,2,2,2,2
Set 13,13,base,TFTSet13,15.6,TFT13_Swain,Swain,Demonic Ascension,BonusDuration,2,2,2,2,2,2,2,2
Set 13,13,base,TFTSet13,15.6,TFT13_Swain,Swain,Demonic Ascension,DamagePerSecond,40/60/95,0,40,60,95,130,0,0
Set 13,13,base,TFTSet13,15.6,TFT13_Swain,Swain,Demonic Ascension,Duration,6,6,6,6,6,6,6,6
Set 13,13,base,TFTSet13,15.6,TFT13_Swain,Swain,Demonic Ascension,Heal,240/300/380,0,240,300,380,460,0,0
Set 13,13,base,TFTSet13,15.6,TFT13_Swain,Swain,Demonic Ascension,HealPerSecond,70/95/145,0,70,95,145,195,0,0
Set 13,13,base,TFTSet13,15.6,TFT5_EmblemArmoryKey,Tome of Traits,Tome of Traits,RoundsToHatch,2,2,2,2,2,2,2,2
Set 13,13,base,TFTSet13,15.6,TFT13_Tristana,Tristana,Draw a Bead,APDamage,50/75/115,0,50,75,115,155,0,0
Set 13,13,base,TFTSet13,15.6,TFT13_Tristana,Tristana,Draw a Bead,ASKillGain,1.25,1.25,1.25,1.25,1.25,1.25,1.25,1.25
Set 13,13,base,TFTSet13,15.6,TFT13_Tristana,Tristana,Draw a Bead,ASKillGainHyperroll,2.5,2.5,2.5,2.5,2.5,2.5,2.5,2.5
Set 13,13,base,TFTSet13,15.6,TFT13_Tristana,Tristana,Draw a Bead,PercentAttackDamage,5.25,5.25,5.25,5.25,5.25,5.25,5.25,5.25
Set 13,13,base,TFTSet13,15.6,TFT13_Trundle,Trundle,Desperate Chomp,AmountIncreaseMax,0.75,0.75,0.75,0.75,0.75,0.75,0.75,0.75
Set 13,13,base,TFTSet13,15.6,TFT13_Trundle,Trundle,Desperate Chomp,GainHealth,200/220/250,0,200,220,250,270,0,0
Set 13,13,base,TFTSet13,15.6,TFT13_Trundle,Trundle,Desperate Chomp,PercentAttackDamage,2.8,2.8,2.8,2.8,2.8,2.8,2.8,2.8
Set 13,13,base,TFTSet13,15.6,TFT13_TwistedFate,Twisted Fate,Wild Cards,BlueHeal,90/110/140,0,90,110,140,170,0,0
Set 13,13,base,TFTSet13,15.6,TFT13_TwistedFate,Twisted Fate,Wild Cards,RedDamage,120/180/275,0,120,180,275,370,0,0
Set 13,13,base,TFTSet13,15.6,TFT13_TwistedFate,Twisted Fate,Wild Cards,StunDuration,1,1,1,1,1,1,1,1
Set 13,13,base,TFTSet13,15.6,TFT13_TwistedFate,Twisted Fate,Wild Cards,YellowDamage,240/360/560,0,240,360,560,760,0,0
Set 13,13,base,TFTSet13,15.6,TFT13_Twitch,Twitch,Spray and Pray,APDamage,18/25/120,4,18,25,120,200,4,4
Set 13,13,base,TFTSet13,15.6,TFT13_Twitch,Twitch,Spray and Pray,AttackSpeed,0.75,0.75,0.75,0.75,0.75,0.75,0.75,0.75
Set 13,13,base,TFTSet13,15.6,TFT13_Twitch,Twitch,Spray and Pray,DamageReduction,0.4/0.4/0.1,0.6,0.4,0.4,0.1,0.1,0.6,0.6
Set 13,13,base,TFTSet13,15.6,TFT13_Twitch,Twitch,Spray and Pray,ExperimentDamageTicks,5,5,5,5,5,5,5,5
Set 13,13,base,TFTSet13,15.6,TFT13_Twitch,Twitch,Spray and Pray,ExperimentMaxHealthDamage,0.2,0.2,0.2,0.2,0.2,0.2,0.2,0.2
Set 13,13,base,TFTSet13,15.6,TFT13_Twitch,Twitch,Spray and Pray,PercentAttackDamage,1.4/1.4/4,1.5,1.4,1.4,4,5,1.5,1.5
Set 13,13,base,TFTSet13,15.6,TFT13_Twitch,Twitch,Spray and Pray,TotalAttacks,8,8,8,8,8,8,8,8
Set 13,13,base,TFTSet13,15.6,TFT13_Urgot,Urgot,Corrosive Charge,APDamage,35/50/75,0,35,50,75,100,0,0
Set 13,13,base,TFTSet13,15.6,TFT13_Urgot,Urgot,Corrosive Charge,Duration,6,6,6,6,6,6,6,6
Set 13,13,base,TFTSet13,15.6,TFT13_Urgot,Urgot,Corrosive Charge,ExperimentAttackSpeed,0.2,0.2,0.2,0.2,0.2,0.2,0.2,0.2
Set 13,13,base,TFTSet13,15.6,TFT13_Urgot,Urgot,Corrosive Charge,ExperimentDuration,5,5,5,5,5,5,5,5
Set 13,13,base,TFTSet13,15.6,TFT13_Urgot,Urgot,Corrosive Charge,ExperimentPercentHealthShield,0.08,0.08,0.08,0.08,0.08,0.08,0.08,0.08
Set 13,13,base,TFTSet13,15.6,TFT13_Urgot,Urgot,Corrosive Charge,PrimaryDamage,3/3/3.1,3,3,3,3.1,3.1,3,3
Set 13,13,base,TFTSet13,15.6,TFT13_Urgot,Urgot,Corrosive Charge,SecondaryDamage,1.5/1.5/1.55,1.5,1.5,1.5,1.55,1.55,1.5,1.5
Set 13,13,base,TFTSet13,15.6,TFT13_Prime,Vander,Hound of the Underground,BonusDamageADRatio,1,1,1,1,1,1,1,1
Set 13,13,base,TFTSet13,15.6,TFT13_Prime,Vander,Hound of the Underground,HEROBonusDamage,1.7,1.7,1.7,1.7,1.7,1.7,1.7,1.7
Set 13,13,base,TFTSet13,15.6,TFT13_Prime,Vander,Hound of the Underground,HEROManaIncrease,60,60,60,60,60,60,60,60
Set 13,13,base,TFTSet13,15.6,TFT13_Prime,Vander,Hound of the Underground,HEROSpellDuration,0.5,0.5,0.5,0.5,0.5,0.5,0.5,0.5
Set 13,13,base,TFTSet13,15.6,TFT13_Prime,Vander,Hound of the Underground,HEROSplashPerc,0.35,0.35,0.35,0.35,0.35,0.35,0.35,0.35
Set 13,13,base,TFTSet13,15.6,TFT13_Prime,Vander,Hound of the Underground,HEROStunDuration,0.75,0.75,0.75,0.75,0.75,0.75,0.75,0.75
Set 13,13,base,TFTSet13,15.6,TFT13_Prime,Vander,Hound of the Underground,PercentAttackDamage,4,4,4,4,4,4,4,4
Set 13,13,base,TFTSet13,15.6,TFT13_Prime,Vander,Hound of the Underground,Resists,100/130/180,90,100,130,180,175,90,90
Set 13,13,base,TFTSet13,15.6,TFT13_Prime,Vander,Hound of the Underground,TauntDuration,2.5,2.5,2.5,2.5,2.5,2.5,2.5,2.5
Set 13,13,base,TFTSet13,15.6,TFT13_Vex,Vex,Looming Darkness,DOTDuration,0.8,0.8,0.8,0.8,0.8,0.8,0.8,0.8
Set 13,13,base,TFTSet13,15.6,TFT13_Vex,Vex,Looming Darkness,Damage,240/360/580,0,240,360,580,800,0,0
Set 13,13,base,TFTSet13,15.6,TFT13_Vex,Vex,Looming Darkness,SecondaryDamage,120/180/290,0,120,180,290,400,0,0
Set 13,13,base,TFTSet13,15.6,TFT13_Vi,Vi,Wrecking Crew,PercentAttackDamage,6/6/12,0,6,6,12,15,3.3,3.3
Set 13,13,base,TFTSet13,15.6,TFT13_Vi,Vi,Wrecking Crew,PercentAttackDamage_SecondaryDamage,1.8/1.8/5,1.5,1.8,1.8,5,7,4,4
Set 13,13,base,TFTSet13,15.6,TFT13_Vi,Vi,Wrecking Crew,Shield,280/325/1200,2,280,325,1200,1200,2,2
Set 13,13,base,TFTSet13,15.6,TFT13_Vi,Vi,Wrecking Crew,ShieldDuration,3,3,3,3,3,3,3,3
Set 13,13,base,TFTSet13,15.6,TFT13_Vi,Vi,Wrecking Crew,StunDuration,1.5,1.5,1.5,1.5,1.5,1.5,1.5,1.5
Set 13,13,base,TFTSet13,15.6,TFT13_Red,Violet,1-2-3 Combo,APDamage,20/30/45,0,20,30,45,60,0,0
Set 13,13,base,TFTSet13,15.6,TFT13_Red,Violet,1-2-3 Combo,NumStrikes,2,2,2,2,2,2,2,2
Set 13,13,base,TFTSet13,15.6,TFT13_Red,Violet,1-2-3 Combo,PercentAttackDamage,1.35,1.35,1.35,1.35,1.35,1.35,1.35,1.35
Set 13,13,base,TFTSet13,15.6,TFT13_Red,Violet,1-2-3 Combo,PercentIncreasedAttackDamage,3.3,3.3,3.3,3.3,3.3,3.3,3.3,3.3
Set 13,13,base,TFTSet13,15.6,TFT13_Red,Violet,1-2-3 Combo,StunDuration,0.25,0.25,0.25,0.25,0.25,0.25,0.25,0.25
Set 13,13,base,TFTSet13,15.6,TFT13_Vladimir,Vladimir,Transfusion,Damage,140/210/325,0,140,210,325,380,0,0
Set 13,13,base,TFTSet13,15.6,TFT13_Vladimir,Vladimir,Transfusion,HEROAmpPerCast,0.1,0.1,0.1,0.1,0.1,0.1,0.1,0.1
Set 13,13,base,TFTSet13,15.6,TFT13_Vladimir,Vladimir,Transfusion,HEROBonusDamage,1.8,1.8,1.8,1.8,1.8,1.8,1.8,1.8
Set 13,13,base,TFTSet13,15.6,TFT13_Vladimir,Vladimir,Transfusion,HEROOverkillBaseDamage,90/135/205,0,90,135,205,275,0,0
Set 13,13,base,TFTSet13,15.6,TFT13_Vladimir,Vladimir,Transfusion,HEROOverkillNum,1,1,1,1,1,1,1,1
Set 13,13,base,TFTSet13,15.6,TFT13_Vladimir,Vladimir,Transfusion,HEROOverkillPerc,0.5,0.5,0.5,0.5,0.5,0.5,0.5,0.5
Set 13,13,base,TFTSet13,15.6,TFT13_Vladimir,Vladimir,Transfusion,Heal,200/240/300,0.1,200,240,300,330,0.1,0.1
Set 13,13,base,TFTSet13,15.6,TFT13_Vladimir,Vladimir,Transfusion,TOOLTIPONLYMana,5,5,5,5,5,5,5,5
Set 13,13,base,TFTSet13,15.6,TFT13_Zeri,Zeri,Living Battery,APDamage,10/15/20,0,10,15,20,25,0,0
Set 13,13,base,TFTSet13,15.6,TFT13_Zeri,Zeri,Living Battery,NumOfAttacks,3,3,3,3,3,3,3,3
Set 13,13,base,TFTSet13,15.6,TFT13_Zeri,Zeri,Living Battery,NumOfBounces,2,2,2,2,2,2,2,2
Set 13,13,base,TFTSet13,15.6,TFT13_Zeri,Zeri,Living Battery,PercentAttackDamage,2,2,2,2,2,2,2,2
Set 13,13,base,TFTSet13,15.6,TFT13_Zeri,Zeri,Living Battery,PercentDealtToBouncedEnemies,0.5,0.5,0.5,0.5,0.5,0.5,0.5,0.5
Set 13,13,base,TFTSet13,15.6,TFT13_Ziggs,Ziggs,Bomb Full of Bombs,Damage,180/270/480,0,180,270,480,535,0,0
Set 13,13,base,TFTSet13,15.6,TFT13_Ziggs,Ziggs,Bomb Full of Bombs,MinibombDamage,80/120/180,1,80,120,180,240,1,1
Set 13,13,base,TFTSet13,15.6,TFT13_Ziggs,Ziggs,Bomb Full of Bombs,NumBombs,3,3,3,3,3,3,3,3
Set 13,13,base,TFTSet13,15.6,TFT13_Zoe,Zoe,Paddle Star!,Damage,140/210/450,0,140,210,450,700,0,0
Set 13,13,base,TFTSet13,15.6,TFT13_Zoe,Zoe,Paddle Star!,HexLimiter,4,4,4,4,4,4,4,4
Set 13,13,base,TFTSet13,15.6,TFT13_Zoe,Zoe,Paddle Star!,NumRepeats,2/2/4,2,2,2,4,4,2,2
Set 13,13,base,TFTSet13,15.6,TFT13_Zyra,Zyra,Grasping Roots,AOEDamage,95/140/215,0,95,140,215,290,0,0
Set 13,13,base,TFTSet13,15.6,TFT13_Zyra,Zyra,Grasping Roots,ExperimentDuration,2,2,2,2,2,2,2,2
Set 13,13,base,TFTSet13,15.6,TFT13_Zyra,Zyra,Grasping Roots,ExperimentTrueDamage,0.5,0.5,0.5,0.5,0.5,0.5,0.5,0.5
Set 13,13,base,TFTSet13,15.6,TFT13_Zyra,Zyra,Grasping Roots,NumSmallerVines,2,2,2,2,2,2,2,2
Set 13,13,base,TFTSet13,15.6,TFT13_Zyra,Zyra,Grasping Roots,StunDuration,1,1,1,1,1,1,1,1
Set 13,13,base,TFTSet13,15.6,TFT13_Zyra,Zyra,Grasping Roots,TargetDamage,280/420/630,0,280,420,630,780,0,0
Set 13.5,13,mid,TFTSet13_Evolved,15.6,TFT13_Akali,Akali,Shuriken Flip,Damage,80/120/185,0,80,120,185,250,0,0
Set 13.5,13,mid,TFTSet13_Evolved,15.6,TFT13_Akali,Akali,Shuriken Flip,Duration,4,4,4,4,4,4,4,4
Set 13.5,13,mid,TFTSet13_Evolved,15.6,TFT13_Akali,Akali,Shuriken Flip,FlipBackwardsSpeed,1300,1300,1300,1300,1300,1300,1300,1300
Set 13.5,13,mid,TFTSet13_Evolved,15.6,TFT13_Akali,Akali,Shuriken Flip,SecondaryDamage,240/360/550,0,240,360,550,740,0,0
Set 13.5,13,mid,TFTSet13_Evolved,15.6,TFT13_Akali,Akali,Shuriken Flip,SpeedDuringFinalKick,1700,1700,1700,1700,1700,1700,1700,1700
Set 13.5,13,mid,TFTSet13_Evolved,15.6,TFT13_Akali,Akali,Shuriken Flip,TargetDamageAmp,0.15,0.15,0.15,0.15,0.15,0.15,0.15,0.15
Set 13.5,13,mid,TFTSet13_Evolved,15.6,TFT13_Ambessa,Ambessa,Unrelenting Huntress,AttackSpeed,1,1,1,1,1,1,1,1
Set 13.5,13,mid,TFTSet13_Evolved,15.6,TFT13_Ambessa,Ambessa,Unrelenting Huntress,PercentChainAttackAD,1.5/1.5/4,1.5,1.5,1.5,4,6,1.5,1.5
Set 13.5,13,mid,TFTSet13_Evolved,15.6,TFT13_Ambessa,Ambessa,Unrelenting Huntress,PercentOmnivamp,0.25/0.25/0.45,0.15,0.25,0.25,0.45,0.6,0.15,0.15
Set 13.5,13,mid,TFTSet13_Evolved,15.6,TFT13_Ambessa,Ambessa,Unrelenting Huntress,PercentStrikeAD,2.5/2.5/6,2.1,2.5,2.5,6,6,2.5,2.5
Set 13.5,13,mid,TFTSet13_Evolved,15.6,TFT13_Ambessa,Ambessa,Unrelenting Huntress,SlamDamageAD,5/5/15,5,5,5,15,20,6,6
Set 13.5,13,mid,TFTSet13_Evolved,15.6,TFT13_Amumu,Amumu,Obsolete Technology,Damage,10/15/25,20,10,15,25,35,0,0
Set 13.5,13,mid,TFTSet13_Evolved,15.6,TFT13_Amumu,Amumu,Obsolete Technology,DamageRefreshDuration,1,1,1,1,1,1,1,1
Set 13.5,13,mid,TFTSet13_Evolved,15.6,TFT13_Amumu,Amumu,Obsolete Technology,FlatDRCooldownPerAttacker,1,1,1,1,1,1,1,1
Set 13.5,13,mid,TFTSet13_Evolved,15.6,TFT13_Amumu,Amumu,Obsolete Technology,FlatDamageReduction,15/20/30,7,15,20,30,40,10,10
Set 13.5,13,mid,TFTSet13_Evolved,15.6,TFT_ArmoryKeyOrnn,Artifact Item Anvil,Artifact Item Anvil,RoundsToHatch,2,2,2,2,2,2,2,2
Set 13.5,13,mid,TFTSet13_Evolved,15.6,TFT13_Blitzcrank,Blitzcrank,Static Field,BaseDamage,40/60/100,80,40,60,100,200,80,80
Set 13.5,13,mid,TFTSet13_Evolved,15.6,TFT13_Blitzcrank,Blitzcrank,Static Field,DamageReduction,0.1,0.1,0.1,0.1,0.1,0.1,0.1,0.1
Set 13.5,13,mid,TFTSet13_Evolved,15.6,TFT13_Blitzcrank,Blitzcrank,Static Field,NumEnemies,3,3,3,3,3,3,3,3
Set 13.5,13,mid,TFTSet13_Evolved,15.6,TFT13_Blitzcrank,Blitzcrank,Static Field,PassiveCooldownSeconds,1,1,1,1,1,1,1,1
Set 13.5,13,mid,TFTSet13_Evolved,15.6,TFT13_Blitzcrank,Blitzcrank,Static Field,PassiveDamagePercent,0.03,0.03,0.03,0.03,0.03,0.03,0.03,0.03
Set 13.5,13,mid,TFTSet13_Evolved,15.6,TFT13_Blitzcrank,Blitzcrank,Static Field,Shield,550/600/700,400,550,600,700,600,400,400
Set 13.5,13,mid,TFTSet13_Evolved,15.6,TFT13_Blitzcrank,Blitzcrank,Static Field,ShieldDuration,4,4,4,4,4,4,4,4
Set 13.5,13,mid,TFTSet13_Evolved,15.6,TFT13_Caitlyn,Caitlyn,Air Raid,APDamage,20/30/100,80,20,30,100,200,80,80
Set 13.5,13,mid,TFTSet13_Evolved,15.6,TFT13_Caitlyn,Caitlyn,Air Raid,BonusSearchRange,630,630,630,630,630,630,630,630
Set 13.5,13,mid,TFTSet13_Evolved,15.6,TFT13_Caitlyn,Caitlyn,Air Raid,HeadshotPercentAD,2.6/2.6/13.5,2,2.6,2.6,13.5,13.5,2.4,2.4
Set 13.5,13,mid,TFTSet13_Evolved,15.6,TFT13_Caitlyn,Caitlyn,Air Raid,PercentAttackDamage,1.8/1.8/7.5,2,1.8,1.8,7.5,2,2,2
Set 13.5,13,mid,TFTSet13_Evolved,15.6,TFT13_Caitlyn,Caitlyn,Air Raid,PercentShotsFocusedOnFrontline,0.5,0.5,0.5,0.5,0.5,0.5,0.5,0.5
Set 13.5,13,mid,TFTSet13_Evolved,15.6,TFT13_Caitlyn,Caitlyn,Air Raid,RaidDuration,5,5,5,5,5,5,5,5
Set 13.5,13,mid,TFTSet13_Evolved,15.6,TFT13_Caitlyn,Caitlyn,Air Raid,ResistReduction,20,20,20,20,20,20,20,20
Set 13.5,13,mid,TFTSet13_Evolved,15.6,TFT13_Caitlyn,Caitlyn,Air Raid,TotalShots,4/4/20,4,4,4,20,4,4,4
Set 13.5,13,mid,TFTSet13_Evolved,15.6,TFT13_Camille,Camille,Adaptive Strike,APDamage,30/45/70,0,30,45,70,95,0,0
Set 13.5,13,mid,TFTSet13_Evolved,15.6,TFT13_Camille,Camille,Adaptive Strike,HealPercent,0.33,0.33,0.33,0.33,0.33,0.33,0.33,0.33
Set 13.5,13,mid,TFTSet13_Evolved,15.6,TFT13_Camille,Camille,Adaptive Strike,PercentAttackDamage,2.45/2.45/2.65,2.75,2.45,2.45,2.65,2.65,2.75,2.75
Set 13.5,13,mid,TFTSet13_Evolved,15.6,TFT13_Cassiopeia,Cassiopeia,Thorned Miasma,BonusNumEnemies,2,2,2,2,2,2,2,2
Set 13.5,13,mid,TFTSet13_Evolved,15.6,TFT13_Cassiopeia,Cassiopeia,Thorned Miasma,Damage,240/360/580,200,240,360,580,800,450,450
Set 13.5,13,mid,TFTSet13_Evolved,15.6,TFT13_Cassiopeia,Cassiopeia,Thorned Miasma,HexRadius,3,3,3,3,3,3,3,3
Set 13.5,13,mid,TFTSet13_Evolved,15.6,TFT13_Cassiopeia,Cassiopeia,Thorned Miasma,MiasmaDamage,220/330/530,40,220,330,530,730,40,40
Set 13.5,13,mid,TFTSet13_Evolved,15.6,TFT13_Cassiopeia,Cassiopeia,Thorned Miasma,NumCasts,3,3,3,3,3,3,3,3
Set 13.5,13,mid,TFTSet13_Evolved,15.6,TFT_ArmoryKeyCompleted,Completed Item Anvil,Completed Item Anvil,RoundsToHatch,2,2,2,2,2,2,2,2
Set 13.5,13,mid,TFTSet13_Evolved,15.6,TFT_ArmoryKeyComponent,Component Anvil,Component Anvil,RoundsToHatch,2,2,2,2,2,2,2,2
Set 13.5,13,mid,TFTSet13_Evolved,15.6,TFT13_Corki,Corki,Broadside Barrage,BaseMissiles,21/21/35,21,21,21,35,35,21,21
Set 13.5,13,mid,TFTSet13_Evolved,15.6,TFT13_Corki,Corki,Broadside Barrage,FlatArmorShred,1,2,1,1,1,2,2,2
Set 13.5,13,mid,TFTSet13_Evolved,15.6,TFT13_Corki,Corki,Broadside Barrage,FlatDamagePerMissile,6/9/36,0,6,9,36,0,0,0
Set 13.5,13,mid,TFTSet13_Evolved,15.6,TFT13_Corki,Corki,Broadside Barrage,MissilesPerLaunchAttack,5,5,5,5,5,5,5,5
Set 13.5,13,mid,TFTSet13_Evolved,15.6,TFT13_Corki,Corki,Broadside Barrage,PercentAD,0.35/0.35/0.6,0.4,0.35,0.35,0.6,0.7,0.5,0.5
Set 13.5,13,mid,TFTSet13_Evolved,15.6,TFT13_Corki,Corki,Broadside Barrage,SpecialMissileMult,7,7,7,7,7,7,7,7
Set 13.5,13,mid,TFTSet13_Evolved,15.6,TFT13_Corki,Corki,Broadside Barrage,SpecialMissileNum,7,7,7,7,7,7,7,7
Set 13.5,13,mid,TFTSet13_Evolved,15.6,TFT13_Darius,Darius,Decimate,BleedDuration,4,4,4,4,4,4,4,4
Set 13.5,13,mid,TFTSet13_Evolved,15.6,TFT13_Darius,Darius,Decimate,BleedPercentAttackDamage,2,2,2,2,2,2,2,2
Set 13.5,13,mid,TFTSet13_Evolved,15.6,TFT13_Darius,Darius,Decimate,Heal,150/175/200,0,150,175,200,225,0,0
Set 13.5,13,mid,TFTSet13_Evolved,15.6,TFT13_Darius,Darius,Decimate,PercentAttackDamage,2.4,2.4,2.4,2.4,2.4,2.4,2.4,2.4
Set 13.5,13,mid,TFTSet13_Evolved,15.6,TFT13_DrMundo,Dr. Mundo,Maximum Dosage,APDamage,120/180/1000,0,120,180,1000,1200,0,0
Set 13.5,13,mid,TFTSet13_Evolved,15.6,TFT13_DrMundo,Dr. Mundo,Maximum Dosage,APHeal,650/750/2500,0,650,750,2500,3500,0,0
Set 13.5,13,mid,TFTSet13_Evolved,15.6,TFT13_DrMundo,Dr. Mundo,Maximum Dosage,BaseExperimentHealthGain,120,120,120,120,120,120,120,120
Set 13.5,13,mid,TFTSet13_Evolved,15.6,TFT13_DrMundo,Dr. Mundo,Maximum Dosage,Duration,2,2,2,2,2,2,2,2
Set 13.5,13,mid,TFTSet13_Evolved,15.6,TFT13_DrMundo,Dr. Mundo,Maximum Dosage,ExperimentHealthGain,60,60,60,60,60,60,60,60
Set 13.5,13,mid,TFTSet13_Evolved,15.6,TFT13_DrMundo,Dr. Mundo,Maximum Dosage,PercentHealthDamage,0.07/0.07/0.35,0.15,0.07,0.07,0.35,0.5,0.25,0.25
Set 13.5,13,mid,TFTSet13_Evolved,15.6,TFT13_DrMundo,Dr. Mundo,Maximum Dosage,PercentHealthHeal,0.15,0.15,0.15,0.15,0.15,0.15,0.15,0.15
Set 13.5,13,mid,TFTSet13_Evolved,15.6,TFT13_DrMundo,Dr. Mundo,Maximum Dosage,PercentofHealImmediately,0.4,0.4,0.4,0.4,0.4,0.4,0.4,0.4
Set 13.5,13,mid,TFTSet13_Evolved,15.6,TFT13_Draven,Draven,Spinning Axes,BaseDamage,10/15/25,20,10,15,25,35,20,20
Set 13.5,13,mid,TFTSet13_Evolved,15.6,TFT13_Draven,Draven,Spinning Axes,PercentAD,1.4/1.4/1.5,1.4,1.4,1.4,1.5,1.5,1.5,1.5
Set 13.5,13,mid,TFTSet13_Evolved,15.6,TFT13_Ekko,Ekko,Splitting Seconds,NumAfterimages,12/12/25,12,12,12,25,25,12,12
Set 13.5,13,mid,TFTSet13_Evolved,15.6,TFT13_Ekko,Ekko,Splitting Seconds,NumBonusEnemies,2/2/4,2,2,2,4,4,3,3
Set 13.5,13,mid,TFTSet13_Evolved,15.6,TFT13_Ekko,Ekko,Splitting Seconds,SecondaryDamage,145/215/400,0,145,215,400,600,0,0
Set 13.5,13,mid,TFTSet13_Evolved,15.6,TFT13_Ekko,Ekko,Splitting Seconds,ShredAmount,5,5,5,5,5,5,5,5
Set 13.5,13,mid,TFTSet13_Evolved,15.6,TFT13_Ekko,Ekko,Splitting Seconds,SpellTime,1.5,1.5,1.5,1.5,1.5,1.5,1.5,1.5
Set 13.5,13,mid,TFTSet13_Evolved,15.6,TFT13_Ekko,Ekko,Splitting Seconds,TargetDamage,285/430/1200,0,285,430,1200,2000,0,0
Set 13.5,13,mid,TFTSet13_Evolved,15.6,TFT13_Elise,Elise,Cocoon,Damage,120/180/1200,0,120,180,1200,2000,0,0
Set 13.5,13,mid,TFTSet13_Evolved,15.6,TFT13_Elise,Elise,Cocoon,FlatHealth,400/450/2000,0,400,450,2000,2500,0,0
Set 13.5,13,mid,TFTSet13_Evolved,15.6,TFT13_Elise,Elise,Cocoon,HexRadius,2,2,2,2,2,2,2,2
Set 13.5,13,mid,TFTSet13_Evolved,15.6,TFT13_Elise,Elise,Cocoon,SearchRange,2,2,2,2,2,2,2,2
Set 13.5,13,mid,TFTSet13_Evolved,15.6,TFT13_Elise,Elise,Cocoon,StunDuration,1.75/2/8,1.5,1.75,2,8,12,2.5,2.5
Set 13.5,13,mid,TFTSet13_Evolved,15.6,TFT13_Ezreal,Ezreal,Essence Flux,APDamage,20/30/50,0,20,30,50,70,0,0
Set 13.5,13,mid,TFTSet13_Evolved,15.6,TFT13_Ezreal,Ezreal,Essence Flux,PercentAttackDamage,1.35,1.35,1.35,1.35,1.35,1.35,1.35,1.35
Set 13.5,13,mid,TFTSet13_Evolved,15.6,TFT13_Ezreal,Ezreal,Essence Flux,PercentCenterDamage,2.7,2.7,2.7,2.7,2.7,2.7,2.7,2.7
Set 13.5,13,mid,TFTSet13_Evolved,15.6,TFT13_Gangplank,Gangplank,Harvest from Flames,Heal,120/140/160,100,120,140,160,175,220,220
Set 13.5,13,mid,TFTSet13_Evolved,15.6,TFT13_Gangplank,Gangplank,Harvest from Flames,NumBarrels,,,,,,,,
Set 13.5,13,mid,TFTSet13_Evolved,15.6,TFT13_Gangplank,Gangplank,Harvest from Flames,PercentAttackDamage,3.6/3.6/3.75,3.4,3.6,3.6,3.75,3.75,3.4,3.4
Set 13.5,13,mid,TFTSet13_Evolved,15.6,TFT13_Gangplank,Gangplank,Harvest from Flames,SingleTargetDamageIncrease,1,1,1,1,1,1,1,1
Set 13.5,13,mid,TFTSet13_Evolved,15.6,TFT13_Garen,Garen,Demacian Justice,ADRatio,2.5/2.5/18,6,2.5,2.5,18,30,6,6
Set 13.5,13,mid,TFTSet13_Evolved,15.6,TFT13_Garen,Garen,Demacian Justice,APShield,225/250/1500,100,225,250,1500,2000,100,100
Set 13.5,13,mid,TFTSet13_Evolved,15.6,TFT13_Garen,Garen,Demacian Justice,HealPercentHealth,0.015/0.015/0.05,0.015,0.015,0.015,0.05,0.08,0.015,0.015
Set 13.5,13,mid,TFTSet13_Evolved,15.6,TFT13_Garen,Garen,Demacian Justice,PassiveDamagePercent,,,,,,,,
Set 13.5,13,mid,TFTSet13_Evolved,15.6,TFT13_Garen,Garen,Demacian Justice,PercentHealthShield,0.15,0.15,0.15,0.15,0.15,0.15,0.15,0.15
Set 13.5,13,mid,TFTSet13_Evolved,15.6,TFT13_Garen,Garen,Demacian Justice,SecondaryADRatio,1.25/1.25/12,3,1.25,1.25,12,20,3,3
Set 13.5,13,mid,TFTSet13_Evolved,15.6,TFT13_Garen,Garen,Demacian Justice,ShieldDuration,4,4,4,4,4,4,4,4
Set 13.5,13,mid,TFTSet13_Evolved,15.6,TFT_BlueGolem,Golem,Golem Smash,Damage,300/480/750,100,300,480,750,1125,100,100
Set 13.5,13,mid,TFTSet13_Evolved,15.6,TFT13_Heimerdinger,Heimerdinger,PROGRESSSSS!,AdditionalTargetRowDifferential,2,2,2,2,2,2,2,2
Set 13.5,13,mid,TFTSet13_Evolved,15.6,TFT13_Heimerdinger,Heimerdinger,PROGRESSSSS!,Damage,52/78/275,50,52,78,275,400,325,325
Set 13.5,13,mid,TFTSet13_Evolved,15.6,TFT13_Heimerdinger,Heimerdinger,PROGRESSSSS!,MissileIncreasePerCast,1,1,1,1,1,1,1,1
Set 13.5,13,mid,TFTSet13_Evolved,15.6,TFT13_Heimerdinger,Heimerdinger,PROGRESSSSS!,NumOfCastsToIncreaseMissiles,1,1,1,1,1,1,1,1
Set 13.5,13,mid,TFTSet13_Evolved,15.6,TFT13_Heimerdinger,Heimerdinger,PROGRESSSSS!,PercentOfMissileToFocusOnTarget,0.5,0.5,0.5,0.5,0.5,0.5,0.5,0.5
Set 13.5,13,mid,TFTSet13_Evolved,15.6,TFT13_Heimerdinger,Heimerdinger,PROGRESSSSS!,StartingRockets,5/5/7,9,5,5,7,7,9,9
Set 13.5,13,mid,TFTSet13_Evolved,15.6,TFT13_Illaoi,Illaoi,Test of Spirit,DR,0.5/0.5/0.9,0.4,0.5,0.5,0.9,0.9,0.4,0.4
Set 13.5,13,mid,TFTSet13_Evolved,15.6,TFT13_Illaoi,Illaoi,Test of Spirit,DamageResistRatio,0.6/0.9/7,0,0.6,0.9,7,10,0,0
Set 13.5,13,mid,TFTSet13_Evolved,15.6,TFT13_Illaoi,Illaoi,Test of Spirit,HealthSteal,50/75/225,200,50,75,225,300,200,200
Set 13.5,13,mid,TFTSet13_Evolved,15.6,TFT13_Illaoi,Illaoi,Test of Spirit,NumEnemies,4/4/10,4,4,4,10,10,4,4
Set 13.5,13,mid,TFTSet13_Evolved,15.6,TFT13_Illaoi,Illaoi,Test of Spirit,PercentBonusHealthSteal,0.5,0.5,0.5,0.5,0.5,0.5,0.5,0.5
Set 13.5,13,mid,TFTSet13_Evolved,15.6,TFT13_Illaoi,Illaoi,Test of Spirit,SpellDuration,3,3,3,3,3,3,3,3
Set 13.5,13,mid,TFTSet13_Evolved,15.6,TFT13_Irelia,Irelia,Defiant Dance,HEROAttackSpeed,0.6,0.6,0.6,0.6,0.6,0.6,0.6,0.6
Set 13.5,13,mid,TFTSet13_Evolved,15.6,TFT13_Irelia,Irelia,Defiant Dance,HEROBaseDashDamage,3.5,3.5,3.5,3.5,3.5,3.5,3.5,3.5
Set 13.5,13,mid,TFTSet13_Evolved,15.6,TFT13_Irelia,Irelia,Defiant Dance,HERODashNum,2,2,2,2,2,2,2,2
Set 13.5,13,mid,TFTSet13_Evolved,15.6,TFT13_Irelia,Irelia,Defiant Dance,HEROSpellAPBase,40/60/90,0,40,60,90,120,0,0
Set 13.5,13,mid,TFTSet13_Evolved,15.6,TFT13_Irelia,Irelia,Defiant Dance,PercentShieldDamage,0.75,0.75,0.75,0.75,0.75,0.75,0.75,0.75
Set 13.5,13,mid,TFTSet13_Evolved,15.6,TFT13_Irelia,Irelia,Defiant Dance,ShieldDuration,3,3,3,3,3,3,3,3
Set 13.5,13,mid,TFTSet13_Evolved,15.6,TFT13_Irelia,Irelia,Defiant Dance,ShieldHealth,400/475/575,200,400,475,575,675,1200,1400
Set 13.5,13,mid,TFTSet13_Evolved,15.6,TFT13_Irelia,Irelia,Defiant Dance,StrikeBaseDamage,70/100/150,50,70,100,150,200,300,350
Set 13.5,13,mid,TFTSet13_Evolved,15.6,TFT13_Jayce,Jayce,Special Delivery,EnemyFlightDuration,0.75,0.75,0.75,0.75,0.75,0.75,0.75,0.75
Set 13.5,13,mid,TFTSet13_Evolved,15.6,TFT13_Jayce,Jayce,Special Delivery,FlyingEnemyDamageRadius,290,290,290,290,290,290,290,290
Set 13.5,13,mid,TFTSet13_Evolved,15.6,TFT13_Jayce,Jayce,Special Delivery,InitialGateDistanceBehindTheTarget,480,480,480,480,480,480,480,480
Set 13.5,13,mid,TFTSet13_Evolved,15.6,TFT13_Jayce,Jayce,Special Delivery,MaxEnemySpeed,2300,2300,2300,2300,2300,2300,2300,2300
Set 13.5,13,mid,TFTSet13_Evolved,15.6,TFT13_Jayce,Jayce,Special Delivery,MinEnemySpeed,1650,1650,1650,1650,1650,1650,1650,1650
Set 13.5,13,mid,TFTSet13_Evolved,15.6,TFT13_Jayce,Jayce,Special Delivery,NumAlliesShield,3,3,3,3,3,3,3,3
Set 13.5,13,mid,TFTSet13_Evolved,15.6,TFT13_Jayce,Jayce,Special Delivery,PercentADSecondaryDamage,2.5/2.5/80,0,2.5,2.5,80,0,0,0
Set 13.5,13,mid,TFTSet13_Evolved,15.6,TFT13_Jayce,Jayce,Special Delivery,PercentAttackDamage,6/6/80,0,6,6,80,0,0,0
Set 13.5,13,mid,TFTSet13_Evolved,15.6,TFT13_Jayce,Jayce,Special Delivery,ReducedSummonHealth,1,1,1,1,1,1,1,1
Set 13.5,13,mid,TFTSet13_Evolved,15.6,TFT13_Jayce,Jayce,Special Delivery,Shield,200/275/1800,0,200,275,1800,0,0,0
Set 13.5,13,mid,TFTSet13_Evolved,15.6,TFT13_Jayce,Jayce,Special Delivery,ShieldDuration,4,4,4,4,4,4,4,4
Set 13.5,13,mid,TFTSet13_Evolved,15.6,TFT13_Jinx,Jinx,Ruin Everything,DeathRocketAP,100/100/300,0,100,100,300,600,0,0
Set 13.5,13,mid,TFTSet13_Evolved,15.6,TFT13_Jinx,Jinx,Ruin Everything,DeathRocketHexes,6,6,6,6,6,6,6,6
Set 13.5,13,mid,TFTSet13_Evolved,15.6,TFT13_Jinx,Jinx,Ruin Everything,DeathRocketPercentAD,7/7/90.01,0,7,7,90.01,90.02,0,0
Set 13.5,13,mid,TFTSet13_Evolved,15.6,TFT13_Jinx,Jinx,Ruin Everything,FalloffPercent,0.1,0.1,0.1,0.1,0.1,0.1,0.1,0.1
Set 13.5,13,mid,TFTSet13_Evolved,15.6,TFT13_Jinx,Jinx,Ruin Everything,FlameChompersPercentAD,2.65/2.65/20,0,2.65,2.65,20,30,0,0
Set 13.5,13,mid,TFTSet13_Evolved,15.6,TFT13_Jinx,Jinx,Ruin Everything,NumOfFlameChompers,3,3,3,3,3,3,3,3
Set 13.5,13,mid,TFTSet13_Evolved,15.6,TFT13_Jinx,Jinx,Ruin Everything,ZapLength,2500,2500,2500,2500,2500,2500,2500,2500
Set 13.5,13,mid,TFTSet13_Evolved,15.6,TFT13_Jinx,Jinx,Ruin Everything,ZapPercentAD,2.65/2.65/20,0,2.65,2.65,20,30,0,0
Set 13.5,13,mid,TFTSet13_Evolved,15.6,TFT13_Jinx,Jinx,Ruin Everything,ZapStunDuration,1.25/1.5/10,1.5,1.25,1.5,10,10,1.5,1.5
Set 13.5,13,mid,TFTSet13_Evolved,15.6,TFT13_Jinx,Jinx,Ruin Everything,ZapWidth,180,180,180,180,180,180,180,180
Set 13.5,13,mid,TFTSet13_Evolved,15.6,TFT13_KogMaw,Kog'Maw,Upgrading Barrage Module,AttackSpeed,0.25,0.25,0.25,0.25,0.25,0.25,0.25,0.25
Set 13.5,13,mid,TFTSet13_Evolved,15.6,TFT13_KogMaw,Kog'Maw,Upgrading Barrage Module,DamageOnAttack,48/72/120,0,48,72,120,210,0,0
Set 13.5,13,mid,TFTSet13_Evolved,15.6,TFT13_KogMaw,Kog'Maw,Upgrading Barrage Module,Duration,60,60,60,60,60,60,60,60
Set 13.5,13,mid,TFTSet13_Evolved,15.6,TFT13_KogMaw,Kog'Maw,Upgrading Barrage Module,MaxAS,20,20,20,20,20,20,20,20
Set 13.5,13,mid,TFTSet13_Evolved,15.6,TFT13_KogMaw,Kog'Maw,Upgrading Barrage Module,RangeIncreaseNumAttacks,3,3,3,3,3,3,3,3
Set 13.5,13,mid,TFTSet13_Evolved,15.6,TFT13_LeBlanc,LeBlanc,The Chains of Fate,AutoDamage,150/225/900,250,150,225,900,900,0,0
Set 13.5,13,mid,TFTSet13_Evolved,15.6,TFT13_LeBlanc,LeBlanc,The Chains of Fate,AutoKillBonus,0.5,0.5,0.5,0.5,0.5,0.5,0.5,0.5
Set 13.5,13,mid,TFTSet13_Evolved,15.6,TFT13_LeBlanc,LeBlanc,The Chains of Fate,ChainDuration,5,5,5,5,5,5,5,5
Set 13.5,13,mid,TFTSet13_Evolved,15.6,TFT13_LeBlanc,LeBlanc,The Chains of Fate,ChainTargets,4/4/20,4,4,4,20,20,4,4
Set 13.5,13,mid,TFTSet13_Evolved,15.6,TFT13_LeBlanc,LeBlanc,The Chains of Fate,Damage,590/888/5000,500,590,888,5000,9002,200,200
Set 13.5,13,mid,TFTSet13_Evolved,15.6,TFT13_LeBlanc,LeBlanc,The Chains of Fate,DamageShare,0.12/0.2/1,0.15,0.12,0.2,1,1,0.2,0.2
Set 13.5,13,mid,TFTSet13_Evolved,15.6,TFT13_LeBlanc,LeBlanc,The Chains of Fate,NumAttacks,3,3,3,3,3,3,3,3
Set 13.5,13,mid,TFTSet13_Evolved,15.6,TFT13_Leona,Leona,Eclipse,DR,0.5/0.5/0.55,0.5,0.5,0.5,0.55,0.55,0.5,0.5
Set 13.5,13,mid,TFTSet13_Evolved,15.6,TFT13_Leona,Leona,Eclipse,Damage,115/175/270,0,115,175,270,365,0,0
Set 13.5,13,mid,TFTSet13_Evolved,15.6,TFT13_Leona,Leona,Eclipse,Duration,3,3,3,3,3,3,3,3
Set 13.5,13,mid,TFTSet13_Evolved,15.6,TFT13_Beardy,Loris,Piltover Bulwark,Damage,150/225/360,0,150,225,360,495,0,0
Set 13.5,13,mid,TFTSet13_Evolved,15.6,TFT13_Beardy,Loris,Piltover Bulwark,Duration,4,4,4,4,4,4,4,4
Set 13.5,13,mid,TFTSet13_Evolved,15.6,TFT13_Beardy,Loris,Piltover Bulwark,PercentDamageRedirect,0.5,0.5,0.5,0.5,0.5,0.5,0.5,0.5
Set 13.5,13,mid,TFTSet13_Evolved,15.6,TFT13_Beardy,Loris,Piltover Bulwark,Shield,600/700/900,0,600,700,900,900,0,0
Set 13.5,13,mid,TFTSet13_Evolved,15.6,TFT13_Lux,Lux,Prismatic Barrier,Damage,360/540/900,0,360,540,900,1260,0,0
Set 13.5,13,mid,TFTSet13_Evolved,15.6,TFT13_Lux,Lux,Prismatic Barrier,DamageReduction,0.35,0.35,0.35,0.35,0.35,0.35,0.35,0.35
Set 13.5,13,mid,TFTSet13_Evolved,15.6,TFT13_Lux,Lux,Prismatic Barrier,Shield,160/180/240,0,160,180,240,300,0,0
Set 13.5,13,mid,TFTSet13_Evolved,15.6,TFT13_Lux,Lux,Prismatic Barrier,ShieldDuration,4,4,4,4,4,4,4,4
Set 13.5,13,mid,TFTSet13_Evolved,15.6,TFT13_Shooter,Maddie,Fan the Hammer,APDamage,10/15/25,0,10,15,25,35,0,0
Set 13.5,13,mid,TFTSet13_Evolved,15.6,TFT13_Shooter,Maddie,Fan the Hammer,NumOfShots,6,6,6,6,6,6,6,6
Set 13.5,13,mid,TFTSet13_Evolved,15.6,TFT13_Shooter,Maddie,Fan the Hammer,PercentAttackDamage,1.25/1.25/1.4,1.35,1.25,1.25,1.4,1.4,1.35,1.35
Set 13.5,13,mid,TFTSet13_Evolved,15.6,TFT13_Shooter,Maddie,Fan the Hammer,ShotsPerSimulatedLaunchAttack,3,3,3,3,3,3,3,3
Set 13.5,13,mid,TFTSet13_Evolved,15.6,TFT13_Shooter,Maddie,Fan the Hammer,TotalSpellTime,1.15,1.15,1.15,1.15,1.15,1.15,1.15,1.15
Set 13.5,13,mid,TFTSet13_Evolved,15.6,TFT13_Malzahar,Malzahar,Call of the Machine,Damage,100/150/1000,0,100,150,1000,1500,2,2
Set 13.5,13,mid,TFTSet13_Evolved,15.6,TFT13_Malzahar,Malzahar,Call of the Machine,DamageTicksPerSecond,0.75,0.75,0.75,0.75,0.75,0.75,0.75,0.75
Set 13.5,13,mid,TFTSet13_Evolved,15.6,TFT13_Malzahar,Malzahar,Call of the Machine,InfectionDamage,16/24/400,0,16,24,400,1000,2.5,2.5
Set 13.5,13,mid,TFTSet13_Evolved,15.6,TFT13_Malzahar,Malzahar,Call of the Machine,ShredDuration,4,4,4,4,4,4,4,4
Set 13.5,13,mid,TFTSet13_Evolved,15.6,TFT13_MissMage,Mel,Conduit of Magic,AuraDR,0.2,0.2,0.2,0.2,0.2,0.2,0.2,0.2
Set 13.5,13,mid,TFTSet13_Evolved,15.6,TFT13_MissMage,Mel,Conduit of Magic,AuraDuration,4,4,4,4,4,4,4,4
Set 13.5,13,mid,TFTSet13_Evolved,15.6,TFT13_MissMage,Mel,Conduit of Magic,DRConvertToUnstableEnergy,0.5,0.5,0.5,0.5,0.5,0.5,0.5,0.5
Set 13.5,13,mid,TFTSet13_Evolved,15.6,TFT13_MissMage,Mel,Conduit of Magic,DashLogic_DashRange,9000,9000,9000,9000,9000,9000,9000,9000
Set 13.5,13,mid,TFTSet13_Evolved,15.6,TFT13_MissMage,Mel,Conduit of Magic,DashLogic_DashSpeed,1600,1600,1600,1600,1600,1600,1600,1600
Set 13.5,13,mid,TFTSet13_Evolved,15.6,TFT13_MissMage,Mel,Conduit of Magic,DashLogic_LineWidth,,,,,,,,
Set 13.5,13,mid,TFTSet13_Evolved,15.6,TFT13_MissMage,Mel,Conduit of Magic,DashLogic_MaxDashTime,1.5,1.5,1.5,1.5,1.5,1.5,1.5,1.5
Set 13.5,13,mid,TFTSet13_Evolved,15.6,TFT13_MissMage,Mel,Conduit of Magic,NormalCastDamage,200/500/2700,0,200,500,2700,0,0,0
Set 13.5,13,mid,TFTSet13_Evolved,15.6,TFT13_MissMage,Mel,Conduit of Magic,NormalCastNumEnemies,3,3,3,3,3,3,3,3
Set 13.5,13,mid,TFTSet13_Evolved,15.6,TFT13_MissMage,Mel,Conduit of Magic,NormalCastNumMissilesPerEnemy,10,10,10,10,10,10,10,10
Set 13.5,13,mid,TFTSet13_Evolved,15.6,TFT13_MissMage,Mel,Conduit of Magic,ShieldAmount,300/600/10000,0,300,600,10000,10000,0,0
Set 13.5,13,mid,TFTSet13_Evolved,15.6,TFT13_MissMage,Mel,Conduit of Magic,ShieldCount,2,2,2,2,2,2,2,2
Set 13.5,13,mid,TFTSet13_Evolved,15.6,TFT13_MissMage,Mel,Conduit of Magic,SpecialCastDamage,1600/4000/99999,0,1600,4000,99999,0,0,0
Set 13.5,13,mid,TFTSet13_Evolved,15.6,TFT13_MissMage,Mel,Conduit of Magic,ThirdCastNumEnemies,5,5,5,5,5,5,5,5
Set 13.5,13,mid,TFTSet13_Evolved,15.6,TFT6_MercenaryChest,Mercenary Chest,Mercenary Chest,RoundsToHatch,2,2,2,2,2,2,2,2
Set 13.5,13,mid,TFTSet13_Evolved,15.6,TFT13_Mordekaiser,Mordekaiser,Grasp of the Iron Revenant,AttackHexRadius,2,2,2,2,2,2,2,2
Set 13.5,13,mid,TFTSet13_Evolved,15.6,TFT13_Mordekaiser,Mordekaiser,Grasp of the Iron Revenant,DR,0.4,0.4,0.4,0.4,0.4,0.4,0.4,0.4
Set 13.5,13,mid,TFTSet13_Evolved,15.6,TFT13_Mordekaiser,Mordekaiser,Grasp of the Iron Revenant,Damage,160/240/800,0,160,240,800,0,0,0
Set 13.5,13,mid,TFTSet13_Evolved,15.6,TFT13_Mordekaiser,Mordekaiser,Grasp of the Iron Revenant,DamageBonus,0.25,0.25,0.25,0.25,0.25,0.25,0.25,0.25
Set 13.5,13,mid,TFTSet13_Evolved,15.6,TFT13_Mordekaiser,Mordekaiser,Grasp of the Iron Revenant,Displacement,240,240,240,240,240,240,240,240
Set 13.5,13,mid,TFTSet13_Evolved,15.6,TFT13_Mordekaiser,Mordekaiser,Grasp of the Iron Revenant,EmpowerDuration,10,10,10,10,10,10,10,10
Set 13.5,13,mid,TFTSet13_Evolved,15.6,TFT13_Mordekaiser,Mordekaiser,Grasp of the Iron Revenant,LineRange,1470,1470,1470,1470,1470,1470,1470,1470
Set 13.5,13,mid,TFTSet13_Evolved,15.6,TFT13_Mordekaiser,Mordekaiser,Grasp of the Iron Revenant,LineWidth,615,615,615,615,615,615,615,615
Set 13.5,13,mid,TFTSet13_Evolved,15.6,TFT13_Mordekaiser,Mordekaiser,Grasp of the Iron Revenant,NearestEnemies,4,4,4,4,4,4,4,4
Set 13.5,13,mid,TFTSet13_Evolved,15.6,TFT13_Mordekaiser,Mordekaiser,Grasp of the Iron Revenant,NumAttacks,1,1,1,1,1,1,1,1
Set 13.5,13,mid,TFTSet13_Evolved,15.6,TFT13_Mordekaiser,Mordekaiser,Grasp of the Iron Revenant,OmnivampPercent,0.3,0.3,0.3,0.3,0.3,0.3,0.3,0.3
Set 13.5,13,mid,TFTSet13_Evolved,15.6,TFT13_Mordekaiser,Mordekaiser,Grasp of the Iron Revenant,SlamDamage,85/125/1500,0,85,125,1500,0,0,0
Set 13.5,13,mid,TFTSet13_Evolved,15.6,TFT13_Mordekaiser,Mordekaiser,Grasp of the Iron Revenant,TargetDamage,330/500/3000,0,330,500,3000,0,0,0
Set 13.5,13,mid,TFTSet13_Evolved,15.6,TFT13_Morgana,Morgana,Tormented Soul,Damage,530/800/1500,0,530,800,1500,1800,200,240
Set 13.5,13,mid,TFTSet13_Evolved,15.6,TFT13_Morgana,Morgana,Tormented Soul,Duration,10,10,10,10,10,10,10,10
Set 13.5,13,mid,TFTSet13_Evolved,15.6,TFT13_Morgana,Morgana,Tormented Soul,ShieldReavePercent,0.5,0.5,0.5,0.5,0.5,0.5,0.5,0.5
Set 13.5,13,mid,TFTSet13_Evolved,15.6,TFT13_Nami,Nami,Ocean's Ebb,Damage,120/180/290,75,120,180,290,400,150,150
Set 13.5,13,mid,TFTSet13_Evolved,15.6,TFT13_Nami,Nami,Ocean's Ebb,NumBounces,3,3,3,3,3,3,3,3
Set 13.5,13,mid,TFTSet13_Evolved,15.6,TFT13_Nami,Nami,Ocean's Ebb,SearchRange,3,3,3,3,3,3,3,3
Set 13.5,13,mid,TFTSet13_Evolved,15.6,TFT13_Nami,Nami,Ocean's Ebb,TimesHitTarget,1,1,1,1,1,1,1,1
Set 13.5,13,mid,TFTSet13_Evolved,15.6,TFT13_Nocturne,Nocturne,Overdrive Blades,ADPercent,1.2/1.2/1.4,0,1.2,1.2,1.4,1.4,0,0
Set 13.5,13,mid,TFTSet13_Evolved,15.6,TFT13_Nocturne,Nocturne,Overdrive Blades,BaseDamage,15/25/40,0,15,25,40,55,0,0
Set 13.5,13,mid,TFTSet13_Evolved,15.6,TFT13_Nocturne,Nocturne,Overdrive Blades,BleedDuration,1,1,1,1,1,1,1,1
Set 13.5,13,mid,TFTSet13_Evolved,15.6,TFT13_Nocturne,Nocturne,Overdrive Blades,BleedTicksRate,0.25,0.25,0.25,0.25,0.25,0.25,0.25,0.25
Set 13.5,13,mid,TFTSet13_Evolved,15.6,TFT13_Nocturne,Nocturne,Overdrive Blades,Duration,6,6,6,6,6,6,6,6
Set 13.5,13,mid,TFTSet13_Evolved,15.6,TFT13_NunuWillump,Nunu & Willump,ZOMBIE POWER!!						,Damage,30/45/65,0,30,45,65,85,0,0
Set 13.5,13,mid,TFTSet13_Evolved,15.6,TFT13_NunuWillump,Nunu & Willump,ZOMBIE POWER!!						,DamageDuration,3,3,3,3,3,3,3,3
Set 13.5,13,mid,TFTSet13_Evolved,15.6,TFT13_NunuWillump,Nunu & Willump,ZOMBIE POWER!!						,DamageTicksPerSecond,2,2,2,2,2,2,2,2
Set 13.5,13,mid,TFTSet13_Evolved,15.6,TFT13_NunuWillump,Nunu & Willump,ZOMBIE POWER!!						,Durability,0.55/0.55/0.6,0.5,0.55,0.55,0.6,0.5,0.5,0.5
Set 13.5,13,mid,TFTSet13_Evolved,15.6,TFT13_NunuWillump,Nunu & Willump,ZOMBIE POWER!!						,ExperimentICD,1,1,1,1,1,1,1,1
Set 13.5,13,mid,TFTSet13_Evolved,15.6,TFT13_NunuWillump,Nunu & Willump,ZOMBIE POWER!!						,ExperimentMaxHealthDamage,0.03,0.03,0.03,0.03,0.03,0.03,0.03,0.03
Set 13.5,13,mid,TFTSet13_Evolved,15.6,TFT13_NunuWillump,Nunu & Willump,ZOMBIE POWER!!						,HexRadius,2,2,2,2,2,2,2,2
Set 13.5,13,mid,TFTSet13_Evolved,15.6,TFT13_NunuWillump,Nunu & Willump,ZOMBIE POWER!!						,SecondDamage,150/225/340,0,150,225,340,455,0,0
Set 13.5,13,mid,TFTSet13_Evolved,15.6,TFT13_Blue,Powder,Misfit Toy,Damage,420/550/735,0,420,550,735,950,0,0
Set 13.5,13,mid,TFTSet13_Evolved,15.6,TFT13_Blue,Powder,Misfit Toy,FalloffPercent,0.25,0.33,0.25,0.25,0.25,0.25,0.33,0.33
Set 13.5,13,mid,TFTSet13_Evolved,15.6,TFT13_Blue,Powder,Misfit Toy,HERODamage,350/500/700,240,350,500,700,900,240,240
Set 13.5,13,mid,TFTSet13_Evolved,15.6,TFT13_Blue,Powder,Misfit Toy,HEROFalloffPercent,0.2,0.2,0.2,0.2,0.2,0.2,0.2,0.2
Set 13.5,13,mid,TFTSet13_Evolved,15.6,TFT13_Blue,Powder,Misfit Toy,HEROFriendlyFire,0.5,0.5,0.5,0.5,0.5,0.5,0.5,0.5
Set 13.5,13,mid,TFTSet13_Evolved,15.6,TFT13_Blue,Powder,Misfit Toy,HEROMinimumFalloffPercent,0.4,0.4,0.4,0.4,0.4,0.4,0.4,0.4
Set 13.5,13,mid,TFTSet13_Evolved,15.6,TFT13_Blue,Powder,Misfit Toy,IgniteDuration,5,5,5,5,5,5,5,5
Set 13.5,13,mid,TFTSet13_Evolved,15.6,TFT13_Rell,Rell,Shattering Strike,DefenseStealDuration,60,60,60,60,60,60,60,60
Set 13.5,13,mid,TFTSet13_Evolved,15.6,TFT13_Rell,Rell,Shattering Strike,DefensesSteal,10/12/15,10,10,12,15,18,10,10
Set 13.5,13,mid,TFTSet13_Evolved,15.6,TFT13_Rell,Rell,Shattering Strike,Shield,300/350/400,0,300,350,400,540,0,0
Set 13.5,13,mid,TFTSet13_Evolved,15.6,TFT13_Rell,Rell,Shattering Strike,ShieldDuration,4,4,4,4,4,4,4,4
Set 13.5,13,mid,TFTSet13_Evolved,15.6,TFT13_Rell,Rell,Shattering Strike,StabDamage,120/180/270,0,120,180,270,360,0,0
Set 13.5,13,mid,TFTSet13_Evolved,15.6,TFT13_RenataGlasc,Renata Glasc,Loyalty Program,AdditionalSearchDistance,150,150,150,150,150,150,150,150
Set 13.5,13,mid,TFTSet13_Evolved,15.6,TFT13_RenataGlasc,Renata Glasc,Loyalty Program,ExplosionDamage,130/195/290,0,130,195,290,385,0,0
Set 13.5,13,mid,TFTSet13_Evolved,15.6,TFT13_RenataGlasc,Renata Glasc,Loyalty Program,Shield,95/115/135,100,95,115,135,155,100,100
Set 13.5,13,mid,TFTSet13_Evolved,15.6,TFT13_RenataGlasc,Renata Glasc,Loyalty Program,ShieldDuration,3,3,3,3,3,3,3,3
Set 13.5,13,mid,TFTSet13_Evolved,15.6,TFT13_RenataGlasc,Renata Glasc,Loyalty Program,TargetDamage,310/465/700,0,310,465,700,935,0,0
Set 13.5,13,mid,TFTSet13_Evolved,15.6,TFT13_Chainsaw,Renni,Sludgerunner's Smash,ADPercent,5,5,5,5,5,5,5,5
Set 13.5,13,mid,TFTSet13_Evolved,15.6,TFT13_Chainsaw,Renni,Sludgerunner's Smash,APHeal,400,5.75,400,400,400,425,100,100
Set 13.5,13,mid,TFTSet13_Evolved,15.6,TFT13_Chainsaw,Renni,Sludgerunner's Smash,FinalADPercent,2,2,2,2,2,2,2,2
Set 13.5,13,mid,TFTSet13_Evolved,15.6,TFT13_Chainsaw,Renni,Sludgerunner's Smash,HEROMaxHealthHealingPercent,0.06,0.06,0.06,0.06,0.06,0.06,0.06,0.06
Set 13.5,13,mid,TFTSet13_Evolved,15.6,TFT13_Chainsaw,Renni,Sludgerunner's Smash,HeroAbilityDamage,1.1,1.1,1.1,1.1,1.1,1.1,1.1,1.1
Set 13.5,13,mid,TFTSet13_Evolved,15.6,TFT13_Chainsaw,Renni,Sludgerunner's Smash,HeroChargePercent,0.3,0.3,0.3,0.3,0.3,0.3,0.3,0.3
Set 13.5,13,mid,TFTSet13_Evolved,15.6,TFT13_Chainsaw,Renni,Sludgerunner's Smash,HeroHexDistance,2,2,2,2,2,2,2,2
Set 13.5,13,mid,TFTSet13_Evolved,15.6,TFT13_Chainsaw,Renni,Sludgerunner's Smash,HeroManaReduction,10,10,10,10,10,10,10,10
Set 13.5,13,mid,TFTSet13_Evolved,15.6,TFT13_Chainsaw,Renni,Sludgerunner's Smash,HeroStunDuration,0.5,0.5,0.5,0.5,0.5,0.5,0.5,0.5
Set 13.5,13,mid,TFTSet13_Evolved,15.6,TFT13_Chainsaw,Renni,Sludgerunner's Smash,MaxHealthHealingPercent,0.15,0.15,0.15,0.15,0.15,0.15,0.15,0.15
Set 13.5,13,mid,TFTSet13_Evolved,15.6,TFT13_Chainsaw,Renni,Sludgerunner's Smash,StunDuration,1.5,1.5,1.5,1.5,1.5,1.5,1.5,1.5
Set 13.5,13,mid,TFTSet13_Evolved,15.6,TFT_RiftHerald,Rift Herald,Void Charge,MaxHealthPct,0.5,0.5,0.5,0.5,0.5,0.5,0.5,0.5
Set 13.5,13,mid,TFTSet13_Evolved,15.6,TFT13_Rumble,Rumble,The Equalizer,Damage,450/675/4000,0,450,675,4000,9999,0,0
Set 13.5,13,mid,TFTSet13_Evolved,15.6,TFT13_Rumble,Rumble,The Equalizer,Flamethrower_Damage_Level1,30,30,30,30,30,30,30,30
Set 13.5,13,mid,TFTSet13_Evolved,15.6,TFT13_Rumble,Rumble,The Equalizer,Flamethrower_Damage_Level2,45,45,45,45,45,45,45,45
Set 13.5,13,mid,TFTSet13_Evolved,15.6,TFT13_Rumble,Rumble,The Equalizer,Flamethrower_Damage_Level3,600,600,600,600,600,600,600,600
Set 13.5,13,mid,TFTSet13_Evolved,15.6,TFT13_Rumble,Rumble,The Equalizer,Flamethrower_TicksPerSecond,2,2,2,2,2,2,2,2
Set 13.5,13,mid,TFTSet13_Evolved,15.6,TFT13_Rumble,Rumble,The Equalizer,ManaPerMissile,20,20,20,20,20,20,20,20
Set 13.5,13,mid,TFTSet13_Evolved,15.6,TFT13_Rumble,Rumble,The Equalizer,NumMissile,5,5,5,5,5,5,5,5
Set 13.5,13,mid,TFTSet13_Evolved,15.6,TFT13_Rumble,Rumble,The Equalizer,PetriciteRod_APDamage_Level1,350,350,350,350,350,350,350,350
Set 13.5,13,mid,TFTSet13_Evolved,15.6,TFT13_Rumble,Rumble,The Equalizer,PetriciteRod_APDamage_Level2,525,525,525,525,525,525,525,525
Set 13.5,13,mid,TFTSet13_Evolved,15.6,TFT13_Rumble,Rumble,The Equalizer,PetriciteRod_APDamage_Level3,6000,6000,6000,6000,6000,6000,6000,6000
Set 13.5,13,mid,TFTSet13_Evolved,15.6,TFT13_Rumble,Rumble,The Equalizer,PetriciteRod_DOTDuration,15,15,15,15,15,15,15,15
Set 13.5,13,mid,TFTSet13_Evolved,15.6,TFT13_Rumble,Rumble,The Equalizer,PetriciteRod_RefreshDuration,5,5,5,5,5,5,5,5
Set 13.5,13,mid,TFTSet13_Evolved,15.6,TFT13_Rumble,Rumble,The Equalizer,RepairingMicrobots_RefreshDuration,3,3,3,3,3,3,3,3
Set 13.5,13,mid,TFTSet13_Evolved,15.6,TFT13_Rumble,Rumble,The Equalizer,ReparingMicrobots_MaxHealthHeal_Level1,0.06,0.06,0.06,0.06,0.06,0.06,0.06,0.06
Set 13.5,13,mid,TFTSet13_Evolved,15.6,TFT13_Rumble,Rumble,The Equalizer,ReparingMicrobots_MaxHealthHeal_Level2,0.06,0.06,0.06,0.06,0.06,0.06,0.06,0.06
Set 13.5,13,mid,TFTSet13_Evolved,15.6,TFT13_Rumble,Rumble,The Equalizer,ReparingMicrobots_MaxHealthHeal_Level3,0.4,0.4,0.4,0.4,0.4,0.4,0.4,0.4
Set 13.5,13,mid,TFTSet13_Evolved,15.6,TFT13_Rumble,Rumble,The Equalizer,SelfDestruct_HexRadius,2,2,2,2,2,2,2,2
Set 13.5,13,mid,TFTSet13_Evolved,15.6,TFT13_Rumble,Rumble,The Equalizer,SelfDestruct_ResistDamage_Level1,1.6,1.6,1.6,1.6,1.6,1.6,1.6,1.6
Set 13.5,13,mid,TFTSet13_Evolved,15.6,TFT13_Rumble,Rumble,The Equalizer,SelfDestruct_ResistDamage_Level2,2.4,2.4,2.4,2.4,2.4,2.4,2.4,2.4
Set 13.5,13,mid,TFTSet13_Evolved,15.6,TFT13_Rumble,Rumble,The Equalizer,SelfDestruct_ResistDamage_Level3,20,20,20,20,20,20,20,20
Set 13.5,13,mid,TFTSet13_Evolved,15.6,TFT13_Rumble,Rumble,The Equalizer,SelfDestruct_ResistGainIncrease,0.25,0.25,0.25,0.25,0.25,0.25,0.25,0.25
Set 13.5,13,mid,TFTSet13_Evolved,15.6,TFT13_Rumble,Rumble,The Equalizer,Tankbuster_APDamage_Level1,100,100,100,100,100,100,100,100
Set 13.5,13,mid,TFTSet13_Evolved,15.6,TFT13_Rumble,Rumble,The Equalizer,Tankbuster_APDamage_Level2,150,150,150,150,150,150,150,150
Set 13.5,13,mid,TFTSet13_Evolved,15.6,TFT13_Rumble,Rumble,The Equalizer,Tankbuster_APDamage_Level3,1600,1600,1600,1600,1600,1600,1600,1600
Set 13.5,13,mid,TFTSet13_Evolved,15.6,TFT13_Rumble,Rumble,The Equalizer,Tankbuster_RefreshDuration,3,3,3,3,3,3,3,3
Set 13.5,13,mid,TFTSet13_Evolved,15.6,TFT13_Rumble,Rumble,The Equalizer,WoundDuration,5,5,5,5,5,5,5,5
Set 13.5,13,mid,TFTSet13_Evolved,15.6,TFT13_FlyGuy,Scar,Sumpsnipe Surprise,Damage,80/120/180,0,80,120,180,240,0,0
Set 13.5,13,mid,TFTSet13_Evolved,15.6,TFT13_FlyGuy,Scar,Sumpsnipe Surprise,Heal,245/255/270,0.03,245,255,270,330,0.03,0.03
Set 13.5,13,mid,TFTSet13_Evolved,15.6,TFT13_FlyGuy,Scar,Sumpsnipe Surprise,NumEnemies,3,3,3,3,3,3,3,3
Set 13.5,13,mid,TFTSet13_Evolved,15.6,TFT13_FlyGuy,Scar,Sumpsnipe Surprise,StunDuration,1.5/1.5/1.75,1.5,1.5,1.5,1.75,1.75,1.5,1.5
Set 13.5,13,mid,TFTSet13_Evolved,15.6,TFT13_Sett,Sett,Facebreaker,Damage,220/330/500,0,220,330,500,670,2,2
Set 13.5,13,mid,TFTSet13_Evolved,15.6,TFT13_Sett,Sett,Facebreaker,SoloBonus,0.5,0.5,0.5,0.5,0.5,0.5,0.5,0.5
Set 13.5,13,mid,TFTSet13_Evolved,15.6,TFT13_Sett,Sett,Facebreaker,StunDuration,1.5/1.5/2,1,1.5,1.5,2,2.5,3.5,4
Set 13.5,13,mid,TFTSet13_Evolved,15.6,TFT13_Lieutenant,Sevika,Beat the Odds,APBonusDamage,20/30/500,0,20,30,500,0,0,0
Set 13.5,13,mid,TFTSet13_Evolved,15.6,TFT13_Lieutenant,Sevika,Beat the Odds,Spell1_ADPercent,2.4/2.4/15,2.5,2.4,2.4,15,20,1.8,1.8
Set 13.5,13,mid,TFTSet13_Evolved,15.6,TFT13_Lieutenant,Sevika,Beat the Odds,Spell1_Bonus_DamagePercentPerSecond,0.2,0.2,0.2,0.2,0.2,0.2,0.2,0.2
Set 13.5,13,mid,TFTSet13_Evolved,15.6,TFT13_Lieutenant,Sevika,Beat the Odds,Spell1_HighrollBonus,20,20,20,20,20,20,20,20
Set 13.5,13,mid,TFTSet13_Evolved,15.6,TFT13_Lieutenant,Sevika,Beat the Odds,Spell1_MinDuration,2,2,2,2,2,2,2,2
Set 13.5,13,mid,TFTSet13_Evolved,15.6,TFT13_Lieutenant,Sevika,Beat the Odds,Spell1_ReducedDamagePercent,0.5,0.5,0.5,0.5,0.5,0.5,0.5,0.5
Set 13.5,13,mid,TFTSet13_Evolved,15.6,TFT13_Lieutenant,Sevika,Beat the Odds,Spell2_Bonus_KnockbackDamage,4/4/10,0,4,4,10,0,0,0
Set 13.5,13,mid,TFTSet13_Evolved,15.6,TFT13_Lieutenant,Sevika,Beat the Odds,Spell2_HexKnockback,10,10,10,10,10,10,10,10
Set 13.5,13,mid,TFTSet13_Evolved,15.6,TFT13_Lieutenant,Sevika,Beat the Odds,Spell2_HexRadius,1,1,1,1,1,1,1,1
Set 13.5,13,mid,TFTSet13_Evolved,15.6,TFT13_Lieutenant,Sevika,Beat the Odds,Spell2_Modifier,3,3,3,3,3,3,3,3
Set 13.5,13,mid,TFTSet13_Evolved,15.6,TFT13_Lieutenant,Sevika,Beat the Odds,Spell2_SecondaryModifier,1.3,1.3,1.3,1.3,1.3,1.3,1.3,1.3
Set 13.5,13,mid,TFTSet13_Evolved,15.6,TFT13_Lieutenant,Sevika,Beat the Odds,Spell2_StunDuration,1.5,1.5,1.5,1.5,1.5,1.5,1.5,1.5
Set 13.5,13,mid,TFTSet13_Evolved,15.6,TFT13_Lieutenant,Sevika,Beat the Odds,Spell3_BleedDuration,5,5,5,5,5,5,5,5
Set 13.5,13,mid,TFTSet13_Evolved,15.6,TFT13_Lieutenant,Sevika,Beat the Odds,Spell3_BleedModifier,0.75,0.75,0.75,0.75,0.75,0.75,0.75,0.75
Set 13.5,13,mid,TFTSet13_Evolved,15.6,TFT13_Lieutenant,Sevika,Beat the Odds,Spell3_BonusNumChomps,4,4,4,4,4,4,4,4
Set 13.5,13,mid,TFTSet13_Evolved,15.6,TFT13_Lieutenant,Sevika,Beat the Odds,Spell3_Bonus_BleedADPercent,4/4/10,0,4,4,10,0,0,0
Set 13.5,13,mid,TFTSet13_Evolved,15.6,TFT13_Lieutenant,Sevika,Beat the Odds,Spell3_Bonus_BleedDuration,20,20,20,20,20,20,20,20
Set 13.5,13,mid,TFTSet13_Evolved,15.6,TFT13_Lieutenant,Sevika,Beat the Odds,Spell3_ExecutePercentage,0.15/0.15/1,0.15,0.15,0.15,1,1,0.15,0.15
Set 13.5,13,mid,TFTSet13_Evolved,15.6,TFT13_Lieutenant,Sevika,Beat the Odds,Spell3_HexRadius,1,1,1,1,1,1,1,1
Set 13.5,13,mid,TFTSet13_Evolved,15.6,TFT13_Lieutenant,Sevika,Beat the Odds,Spell3_Modifier,3.2,3.2,3.2,3.2,3.2,3.2,3.2,3.2
Set 13.5,13,mid,TFTSet13_Evolved,15.6,TFT13_Lieutenant,Sevika,Beat the Odds,Spell3_NumSlams,2,2,2,2,2,2,2,2
Set 13.5,13,mid,TFTSet13_Evolved,15.6,TFT13_Lieutenant,Sevika,Beat the Odds,Spell3_ResetDamageFalloff,0.8,0.8,0.8,0.8,0.8,0.8,0.8,0.8
Set 13.5,13,mid,TFTSet13_Evolved,15.6,TFT13_Lieutenant,Sevika,Beat the Odds,Spell3_ResetDashRange,2/2/10,2,2,2,10,10,2,2
Set 13.5,13,mid,TFTSet13_Evolved,15.6,TFT13_Lieutenant,Sevika,Beat the Odds,Spell3_StunDuration,1.25,1.25,1.25,1.25,1.25,1.25,1.25,1.25
Set 13.5,13,mid,TFTSet13_Evolved,15.6,TFT13_Lieutenant,Sevika,Beat the Odds,Spell3_TargetPercentHealthDamage,0.2,0.2,0.2,0.2,0.2,0.2,0.2,0.2
Set 13.5,13,mid,TFTSet13_Evolved,15.6,TFT13_Silco,Silco,Canned Monstrosity,Damage,140/200/1000,0,140,200,1000,2000,5,6
Set 13.5,13,mid,TFTSet13_Evolved,15.6,TFT13_Silco,Silco,Canned Monstrosity,MinionDamage,38/58/100,30,38,58,100,120,6,6
Set 13.5,13,mid,TFTSet13_Evolved,15.6,TFT13_Silco,Silco,Canned Monstrosity,MinionDuration,12,12,12,12,12,12,12,12
Set 13.5,13,mid,TFTSet13_Evolved,15.6,TFT13_Silco,Silco,Canned Monstrosity,MinionNumAttacks,5,5,5,5,5,5,5,5
Set 13.5,13,mid,TFTSet13_Evolved,15.6,TFT13_Silco,Silco,Canned Monstrosity,MinionsSpawned,4/4/8,4,4,4,8,8,8,8
Set 13.5,13,mid,TFTSet13_Evolved,15.6,TFT13_Silco,Silco,Canned Monstrosity,MinionsThatAttackCurrentTarget,2/2/4,0,2,2,4,0,0,0
Set 13.5,13,mid,TFTSet13_Evolved,15.6,TFT13_Singed,Singed,Dangerous Mutations,AttackSpeed,100/115/130,1,100,115,130,150,1,1
Set 13.5,13,mid,TFTSet13_Evolved,15.6,TFT13_Singed,Singed,Dangerous Mutations,DR,0.45/0.45/0.5,0.5,0.45,0.45,0.5,0.5,0.5,0.5
Set 13.5,13,mid,TFTSet13_Evolved,15.6,TFT13_Singed,Singed,Dangerous Mutations,Duration,4,4,4,4,4,4,4,4
Set 13.5,13,mid,TFTSet13_Evolved,15.6,TFT13_Singed,Singed,Dangerous Mutations,HEROCloudDuration,3,3,3,3,3,3,3,3
Set 13.5,13,mid,TFTSet13_Evolved,15.6,TFT13_Singed,Singed,Dangerous Mutations,HERODuration,5,5,5,5,5,5,5,5
Set 13.5,13,mid,TFTSet13_Evolved,15.6,TFT13_Singed,Singed,Dangerous Mutations,HEROMoveSpeed,250,250,250,250,250,250,250,250
Set 13.5,13,mid,TFTSet13_Evolved,15.6,TFT13_Singed,Singed,Dangerous Mutations,HEROOmnivamp,0.3,0.3,0.3,0.3,0.3,0.3,0.3,0.3
Set 13.5,13,mid,TFTSet13_Evolved,15.6,TFT13_Singed,Singed,Dangerous Mutations,HEROSpellBaseDamage,155/235/350,0,155,235,350,470,0,0
Set 13.5,13,mid,TFTSet13_Evolved,15.6,TFT13_Sion,Sion,Decimating Smash,ADPercent,3,3,3,3,3,3,3,3
Set 13.5,13,mid,TFTSet13_Evolved,15.6,TFT13_Sion,Sion,Decimating Smash,ChargeADPercent,1,1,1,1,1,1,1,1
Set 13.5,13,mid,TFTSet13_Evolved,15.6,TFT13_Sion,Sion,Decimating Smash,ChargeDamageAmp,0.08,0.08,0.08,0.08,0.08,0.08,0.08,0.08
Set 13.5,13,mid,TFTSet13_Evolved,15.6,TFT13_Sion,Sion,Decimating Smash,ChargeDamageAmpDuration,60,60,60,60,60,60,60,60
Set 13.5,13,mid,TFTSet13_Evolved,15.6,TFT13_Sion,Sion,Decimating Smash,ChargeKnockupDuration,0.5,0.5,0.5,0.5,0.5,0.5,0.5,0.5
Set 13.5,13,mid,TFTSet13_Evolved,15.6,TFT13_Sion,Sion,Decimating Smash,ChargeUpDuration,1.3,1.3,1.3,1.3,1.3,1.3,1.3,1.3
Set 13.5,13,mid,TFTSet13_Evolved,15.6,TFT13_Sion,Sion,Decimating Smash,HexRange,2,2,2,2,2,2,2,2
Set 13.5,13,mid,TFTSet13_Evolved,15.6,TFT13_Sion,Sion,Decimating Smash,NovaAbilityPower,100,100,100,100,100,100,100,100
Set 13.5,13,mid,TFTSet13_Evolved,15.6,TFT13_Sion,Sion,Decimating Smash,NovaPercentHealthDamage,0.25,0.25,0.25,0.25,0.25,0.25,0.25,0.25
Set 13.5,13,mid,TFTSet13_Evolved,15.6,TFT13_Sion,Sion,Decimating Smash,NovaRadius,2,2,2,2,2,2,2,2
Set 13.5,13,mid,TFTSet13_Evolved,15.6,TFT13_Sion,Sion,Decimating Smash,PercentAttackSpeed,3,3,3,3,3,3,3,3
Set 13.5,13,mid,TFTSet13_Evolved,15.6,TFT13_Sion,Sion,Decimating Smash,PercentOmnivamp,0.4,0.4,0.4,0.4,0.4,0.4,0.4,0.4
Set 13.5,13,mid,TFTSet13_Evolved,15.6,TFT13_Sion,Sion,Decimating Smash,PercentReviveHealth,0.75,0.75,0.75,0.75,0.75,0.75,0.75,0.75
Set 13.5,13,mid,TFTSet13_Evolved,15.6,TFT13_Sion,Sion,Decimating Smash,Shield,175/175/75,175,175,175,75,175,175,175
Set 13.5,13,mid,TFTSet13_Evolved,15.6,TFT13_Sion,Sion,Decimating Smash,ShieldDuration,3,3,3,3,3,3,3,3
Set 13.5,13,mid,TFTSet13_Evolved,15.6,TFT13_Sion,Sion,Decimating Smash,SlamHexLength,3,3,3,3,3,3,3,3
Set 13.5,13,mid,TFTSet13_Evolved,15.6,TFT13_Sion,Sion,Decimating Smash,StunDuration,1,1,1,1,1,1,1,1
Set 13.5,13,mid,TFTSet13_Evolved,15.6,TFT13_Gremlin,Smeech,Scrap Hacker,APDamage,70/105/170,0,70,105,170,235,0,0
Set 13.5,13,mid,TFTSet13_Evolved,15.6,TFT13_Gremlin,Smeech,Scrap Hacker,BaseNumStabs,3,3,3,3,3,3,3,3
Set 13.5,13,mid,TFTSet13_Evolved,15.6,TFT13_Gremlin,Smeech,Scrap Hacker,DamageReductionOnLeap,0.3,0.3,0.3,0.3,0.3,0.3,0.3,0.3
Set 13.5,13,mid,TFTSet13_Evolved,15.6,TFT13_Gremlin,Smeech,Scrap Hacker,LeapHexRange,4,4,4,4,4,4,4,4
Set 13.5,13,mid,TFTSet13_Evolved,15.6,TFT13_Gremlin,Smeech,Scrap Hacker,PercentAttackDamage,5,5,5,5,5,5,5,5
Set 13.5,13,mid,TFTSet13_Evolved,15.6,TFT13_Fish,Steb,Field Medicine,Damage,260/390/585,0,260,390,585,780,0,0
Set 13.5,13,mid,TFTSet13_Evolved,15.6,TFT13_Fish,Steb,Field Medicine,HEROMaxHits,3,3,3,3,3,3,3,3
Set 13.5,13,mid,TFTSet13_Evolved,15.6,TFT13_Fish,Steb,Field Medicine,HEROOmnivamp,0.3,0.3,0.3,0.3,0.3,0.3,0.3,0.3
Set 13.5,13,mid,TFTSet13_Evolved,15.6,TFT13_Fish,Steb,Field Medicine,HEROSpellDamageMod,0.65,0.65,0.65,0.65,0.65,0.65,0.65,0.65
Set 13.5,13,mid,TFTSet13_Evolved,15.6,TFT13_Fish,Steb,Field Medicine,Heal,260/290/360,0,260,290,360,430,0,0
Set 13.5,13,mid,TFTSet13_Evolved,15.6,TFT13_Fish,Steb,Field Medicine,NumAlliesToShare,2,2,2,2,2,2,2,2
Set 13.5,13,mid,TFTSet13_Evolved,15.6,TFT13_Fish,Steb,Field Medicine,PercentAlliedHealShare,0.25,0.25,0.25,0.25,0.25,0.25,0.25,0.25
Set 13.5,13,mid,TFTSet13_Evolved,15.6,TFT_ArmoryKeySupport,Support item anvil,Support item anvil,RoundsToHatch,2,2,2,2,2,2,2,2
Set 13.5,13,mid,TFTSet13_Evolved,15.6,TFT13_Swain,Swain,Demonic Ascension,BonusDuration,2,2,2,2,2,2,2,2
Set 13.5,13,mid,TFTSet13_Evolved,15.6,TFT13_Swain,Swain,Demonic Ascension,DamagePerSecond,40/60/95,0,40,60,95,130,0,0
Set 13.5,13,mid,TFTSet13_Evolved,15.6,TFT13_Swain,Swain,Demonic Ascension,Duration,6,6,6,6,6,6,6,6
Set 13.5,13,mid,TFTSet13_Evolved,15.6,TFT13_Swain,Swain,Demonic Ascension,Heal,240/300/380,0,240,300,380,460,0,0
Set 13.5,13,mid,TFTSet13_Evolved,15.6,TFT13_Swain,Swain,Demonic Ascension,HealPerSecond,70/95/145,0,70,95,145,195,0,0
Set 13.5,13,mid,TFTSet13_Evolved,15.6,TFT5_EmblemArmoryKey,Tome of Traits,Tome of Traits,RoundsToHatch,2,2,2,2,2,2,2,2
Set 13.5,13,mid,TFTSet13_Evolved,15.6,TFT13_Tristana,Tristana,Draw a Bead,APDamage,50/75/115,0,50,75,115,155,0,0
Set 13.5,13,mid,TFTSet13_Evolved,15.6,TFT13_Tristana,Tristana,Draw a Bead,ASKillGain,1.25,1.25,1.25,1.25,1.25,1.25,1.25,1.25
Set 13.5,13,mid,TFTSet13_Evolved,15.6,TFT13_Tristana,Tristana,Draw a Bead,ASKillGainHyperroll,2.5,2.5,2.5,2.5,2.5,2.5,2.5,2.5
Set 13.5,13,mid,TFTSet13_Evolved,15.6,TFT13_Tristana,Tristana,Draw a Bead,PercentAttackDamage,5.25,5.25,5.25,5.25,5.25,5.25,5.25,5.25
Set 13.5,13,mid,TFTSet13_Evolved,15.6,TFT13_Trundle,Trundle,Desperate Chomp,AmountIncreaseMax,0.75,0.75,0.75,0.75,0.75,0.75,0.75,0.75
Set 13.5,13,mid,TFTSet13_Evolved,15.6,TFT13_Trundle,Trundle,Desperate Chomp,GainHealth,200/220/250,0,200,220,250,270,0,0
Set 13.5,13,mid,TFTSet13_Evolved,15.6,TFT13_Trundle,Trundle,Desperate Chomp,PercentAttackDamage,2.8,2.8,2.8,2.8,2.8,2.8,2.8,2.8
Set 13.5,13,mid,TFTSet13_Evolved,15.6,TFT13_TwistedFate,Twisted Fate,Wild Cards,BlueHeal,90/110/140,0,90,110,140,170,0,0
Set 13.5,13,mid,TFTSet13_Evolved,15.6,TFT13_TwistedFate,Twisted Fate,Wild Cards,RedDamage,120/180/275,0,120,180,275,370,0,0
Set 13.5,13,mid,TFTSet13_Evolved,15.6,TFT13_TwistedFate,Twisted Fate,Wild Cards,StunDuration,1,1,1,1,1,1,1,1
Set 13.5,13,mid,TFTSet13_Evolved,15.6,TFT13_TwistedFate,Twisted Fate,Wild Cards,YellowDamage,240/360/560,0,240,360,560,760,0,0
Set 13.5,13,mid,TFTSet13_Evolved,15.6,TFT13_Twitch,Twitch,Spray and Pray,APDamage,18/25/120,4,18,25,120,200,4,4
Set 13.5,13,mid,TFTSet13_Evolved,15.6,TFT13_Twitch,Twitch,Spray and Pray,AttackSpeed,0.75,0.75,0.75,0.75,0.75,0.75,0.75,0.75
Set 13.5,13,mid,TFTSet13_Evolved,15.6,TFT13_Twitch,Twitch,Spray and Pray,DamageReduction,0.4/0.4/0.1,0.6,0.4,0.4,0.1,0.1,0.6,0.6
Set 13.5,13,mid,TFTSet13_Evolved,15.6,TFT13_Twitch,Twitch,Spray and Pray,ExperimentDamageTicks,5,5,5,5,5,5,5,5
Set 13.5,13,mid,TFTSet13_Evolved,15.6,TFT13_Twitch,Twitch,Spray and Pray,ExperimentMaxHealthDamage,0.2,0.2,0.2,0.2,0.2,0.2,0.2,0.2
Set 13.5,13,mid,TFTSet13_Evolved,15.6,TFT13_Twitch,Twitch,Spray and Pray,PercentAttackDamage,1.4/1.4/4,1.5,1.4,1.4,4,5,1.5,1.5
Set 13.5,13,mid,TFTSet13_Evolved,15.6,TFT13_Twitch,Twitch,Spray and Pray,TotalAttacks,8,8,8,8,8,8,8,8
Set 13.5,13,mid,TFTSet13_Evolved,15.6,TFT13_Urgot,Urgot,Corrosive Charge,APDamage,35/50/75,0,35,50,75,100,0,0
Set 13.5,13,mid,TFTSet13_Evolved,15.6,TFT13_Urgot,Urgot,Corrosive Charge,Duration,6,6,6,6,6,6,6,6
Set 13.5,13,mid,TFTSet13_Evolved,15.6,TFT13_Urgot,Urgot,Corrosive Charge,ExperimentAttackSpeed,0.2,0.2,0.2,0.2,0.2,0.2,0.2,0.2
Set 13.5,13,mid,TFTSet13_Evolved,15.6,TFT13_Urgot,Urgot,Corrosive Charge,ExperimentDuration,5,5,5,5,5,5,5,5
Set 13.5,13,mid,TFTSet13_Evolved,15.6,TFT13_Urgot,Urgot,Corrosive Charge,ExperimentPercentHealthShield,0.08,0.08,0.08,0.08,0.08,0.08,0.08,0.08
Set 13.5,13,mid,TFTSet13_Evolved,15.6,TFT13_Urgot,Urgot,Corrosive Charge,PrimaryDamage,3/3/3.1,3,3,3,3.1,3.1,3,3
Set 13.5,13,mid,TFTSet13_Evolved,15.6,TFT13_Urgot,Urgot,Corrosive Charge,SecondaryDamage,1.5/1.5/1.55,1.5,1.5,1.5,1.55,1.55,1.5,1.5
Set 13.5,13,mid,TFTSet13_Evolved,15.6,TFT13_Prime,Vander,Hound of the Underground,BonusDamageADRatio,1,1,1,1,1,1,1,1
Set 13.5,13,mid,TFTSet13_Evolved,15.6,TFT13_Prime,Vander,Hound of the Underground,HEROBonusDamage,1.7,1.7,1.7,1.7,1.7,1.7,1.7,1.7
Set 13.5,13,mid,TFTSet13_Evolved,15.6,TFT13_Prime,Vander,Hound of the Underground,HEROManaIncrease,60,60,60,60,60,60,60,60
Set 13.5,13,mid,TFTSet13_Evolved,15.6,TFT13_Prime,Vander,Hound of the Underground,HEROSpellDuration,0.5,0.5,0.5,0.5,0.5,0.5,0.5,0.5
Set 13.5,13,mid,TFTSet13_Evolved,15.6,TFT13_Prime,Vander,Hound of the Underground,HEROSplashPerc,0.35,0.35,0.35,0.35,0.35,0.35,0.35,0.35
Set 13.5,13,mid,TFTSet13_Evolved,15.6,TFT13_Prime,Vander,Hound of the Underground,HEROStunDuration,0.75,0.75,0.75,0.75,0.75,0.75,0.75,0.75
Set 13.5,13,mid,TFTSet13_Evolved,15.6,TFT13_Prime,Vander,Hound of the Underground,PercentAttackDamage,4,4,4,4,4,4,4,4
Set 13.5,13,mid,TFTSet13_Evolved,15.6,TFT13_Prime,Vander,Hound of the Underground,Resists,100/130/180,90,100,130,180,175,90,90
Set 13.5,13,mid,TFTSet13_Evolved,15.6,TFT13_Prime,Vander,Hound of the Underground,TauntDuration,2.5,2.5,2.5,2.5,2.5,2.5,2.5,2.5
Set 13.5,13,mid,TFTSet13_Evolved,15.6,TFT13_Vex,Vex,Looming Darkness,DOTDuration,0.8,0.8,0.8,0.8,0.8,0.8,0.8,0.8
Set 13.5,13,mid,TFTSet13_Evolved,15.6,TFT13_Vex,Vex,Looming Darkness,Damage,240/360/580,0,240,360,580,800,0,0
Set 13.5,13,mid,TFTSet13_Evolved,15.6,TFT13_Vex,Vex,Looming Darkness,SecondaryDamage,120/180/290,0,120,180,290,400,0,0
Set 13.5,13,mid,TFTSet13_Evolved,15.6,TFT13_Vi,Vi,Wrecking Crew,PercentAttackDamage,6/6/12,0,6,6,12,15,3.3,3.3
Set 13.5,13,mid,TFTSet13_Evolved,15.6,TFT13_Vi,Vi,Wrecking Crew,PercentAttackDamage_SecondaryDamage,1.8/1.8/5,1.5,1.8,1.8,5,7,4,4
Set 13.5,13,mid,TFTSet13_Evolved,15.6,TFT13_Vi,Vi,Wrecking Crew,Shield,280/325/1200,2,280,325,1200,1200,2,2
Set 13.5,13,mid,TFTSet13_Evolved,15.6,TFT13_Vi,Vi,Wrecking Crew,ShieldDuration,3,3,3,3,3,3,3,3
Set 13.5,13,mid,TFTSet13_Evolved,15.6,TFT13_Vi,Vi,Wrecking Crew,StunDuration,1.5,1.5,1.5,1.5,1.5,1.5,1.5,1.5
Set 13.5,13,mid,TFTSet13_Evolved,15.6,TFT13_Viktor,Viktor,Chaos Storm,LaserHexLength,2,2,2,2,2,2,2,2
Set 13.5,13,mid,TFTSet13_Evolved,15.6,TFT13_Viktor,Viktor,Chaos Storm,LaserMagicDamage,75/300/2400,40,75,300,2400,9001,20,20
Set 13.5,13,mid,TFTSet13_Evolved,15.6,TFT13_Viktor,Viktor,Chaos Storm,LaserTrueDamage,25/90/1000,0,25,90,1000,9001,0,0
Set 13.5,13,mid,TFTSet13_Evolved,15.6,TFT13_Viktor,Viktor,Chaos Storm,PercentMaxHealthDamage,0.03/0.1/1,0.1,0.03,0.1,1,1,0.15,0.15
Set 13.5,13,mid,TFTSet13_Evolved,15.6,TFT13_Viktor,Viktor,Chaos Storm,SpellDamage,175/700/9999,150,175,700,9999,9999,100,100
Set 13.5,13,mid,TFTSet13_Evolved,15.6,TFT13_Viktor,Viktor,Chaos Storm,StunDuration,2/3/30,2,2,3,30,30,2,2
Set 13.5,13,mid,TFTSet13_Evolved,15.6,TFT13_Red,Violet,1-2-3 Combo,APDamage,20/30/45,0,20,30,45,60,0,0
Set 13.5,13,mid,TFTSet13_Evolved,15.6,TFT13_Red,Violet,1-2-3 Combo,NumStrikes,2,2,2,2,2,2,2,2
Set 13.5,13,mid,TFTSet13_Evolved,15.6,TFT13_Red,Violet,1-2-3 Combo,PercentAttackDamage,1.35,1.35,1.35,1.35,1.35,1.35,1.35,1.35
Set 13.5,13,mid,TFTSet13_Evolved,15.6,TFT13_Red,Violet,1-2-3 Combo,PercentIncreasedAttackDamage,3.3,3.3,3.3,3.3,3.3,3.3,3.3,3.3
Set 13.5,13,mid,TFTSet13_Evolved,15.6,TFT13_Red,Violet,1-2-3 Combo,StunDuration,0.25,0.25,0.25,0.25,0.25,0.25,0.25,0.25
Set 13.5,13,mid,TFTSet13_Evolved,15.6,TFT13_Vladimir,Vladimir,Transfusion,Damage,140/210/325,0,140,210,325,380,0,0
Set 13.5,13,mid,TFTSet13_Evolved,15.6,TFT13_Vladimir,Vladimir,Transfusion,HEROAmpPerCast,0.1,0.1,0.1,0.1,0.1,0.1,0.1,0.1
Set 13.5,13,mid,TFTSet13_Evolved,15.6,TFT13_Vladimir,Vladimir,Transfusion,HEROBonusDamage,1.8,1.8,1.8,1.8,1.8,1.8,1.8,1.8
Set 13.5,13,mid,TFTSet13_Evolved,15.6,TFT13_Vladimir,Vladimir,Transfusion,HEROOverkillBaseDamage,90/135/205,0,90,135,205,275,0,0
Set 13.5,13,mid,TFTSet13_Evolved,15.6,TFT13_Vladimir,Vladimir,Transfusion,HEROOverkillNum,1,1,1,1,1,1,1,1
Set 13.5,13,mid,TFTSet13_Evolved,15.6,TFT13_Vladimir,Vladimir,Transfusion,HEROOverkillPerc,0.5,0.5,0.5,0.5,0.5,0.5,0.5,0.5
Set 13.5,13,mid,TFTSet13_Evolved,15.6,TFT13_Vladimir,Vladimir,Transfusion,Heal,200/240/300,0.1,200,240,300,330,0.1,0.1
Set 13.5,13,mid,TFTSet13_Evolved,15.6,TFT13_Vladimir,Vladimir,Transfusion,TOOLTIPONLYMana,5,5,5,5,5,5,5,5
Set 13.5,13,mid,TFTSet13_Evolved,15.6,TFT13_Warwick,Warwick,Blood Hunt,APOmnivamp,0.1/0.15/1,1,0.1,0.15,1,1,1,1
Set 13.5,13,mid,TFTSet13_Evolved,15.6,TFT13_Warwick,Warwick,Blood Hunt,BaseDamage,180/300/1088,0,180,300,1088,0,0,0
Set 13.5,13,mid,TFTSet13_Evolved,15.6,TFT13_Warwick,Warwick,Blood Hunt,BaseOmnivamp,0.1,0.1,0.1,0.1,0.1,0.1,0.1,0.1
Set 13.5,13,mid,TFTSet13_Evolved,15.6,TFT13_Warwick,Warwick,Blood Hunt,BloodfrenzyAS,0.4,0.4,0.4,0.4,0.4,0.4,0.4,0.4
Set 13.5,13,mid,TFTSet13_Evolved,15.6,TFT13_Warwick,Warwick,Blood Hunt,BloodfrenzyDuration,4,4,4,4,4,4,4,4
Set 13.5,13,mid,TFTSet13_Evolved,15.6,TFT13_Warwick,Warwick,Blood Hunt,ChampsToDevourTooltipOnly,5,5,5,5,5,5,5,5
Set 13.5,13,mid,TFTSet13_Evolved,15.6,TFT13_Warwick,Warwick,Blood Hunt,DamagePercent,2.4/4/25,3,2.4,4,25,50,3,3
Set 13.5,13,mid,TFTSet13_Evolved,15.6,TFT13_Warwick,Warwick,Blood Hunt,ExperimentStunDuration,1.5,1.5,1.5,1.5,1.5,1.5,1.5,1.5
Set 13.5,13,mid,TFTSet13_Evolved,15.6,TFT13_Zeri,Zeri,Living Battery,APDamage,10/15/20,0,10,15,20,25,0,0
Set 13.5,13,mid,TFTSet13_Evolved,15.6,TFT13_Zeri,Zeri,Living Battery,NumOfAttacks,3,3,3,3,3,3,3,3
Set 13.5,13,mid,TFTSet13_Evolved,15.6,TFT13_Zeri,Zeri,Living Battery,NumOfBounces,2,2,2,2,2,2,2,2
Set 13.5,13,mid,TFTSet13_Evolved,15.6,TFT13_Zeri,Zeri,Living Battery,PercentAttackDamage,2,2,2,2,2,2,2,2
Set 13.5,13,mid,TFTSet13_Evolved,15.6,TFT13_Zeri,Zeri,Living Battery,PercentDealtToBouncedEnemies,0.5,0.5,0.5,0.5,0.5,0.5,0.5,0.5
Set 13.5,13,mid,TFTSet13_Evolved,15.6,TFT13_Ziggs,Ziggs,Bomb Full of Bombs,Damage,180/270/480,0,180,270,480,535,0,0
Set 13.5,13,mid,TFTSet13_Evolved,15.6,TFT13_Ziggs,Ziggs,Bomb Full of Bombs,MinibombDamage,80/120/180,1,80,120,180,240,1,1
Set 13.5,13,mid,TFTSet13_Evolved,15.6,TFT13_Ziggs,Ziggs,Bomb Full of Bombs,NumBombs,3,3,3,3,3,3,3,3
Set 13.5,13,mid,TFTSet13_Evolved,15.6,TFT13_Zoe,Zoe,Paddle Star!,Damage,140/210/450,0,140,210,450,700,0,0
Set 13.5,13,mid,TFTSet13_Evolved,15.6,TFT13_Zoe,Zoe,Paddle Star!,HexLimiter,4,4,4,4,4,4,4,4
Set 13.5,13,mid,TFTSet13_Evolved,15.6,TFT13_Zoe,Zoe,Paddle Star!,NumRepeats,2/2/4,2,2,2,4,4,2,2
Set 13.5,13,mid,TFTSet13_Evolved,15.6,TFT13_Zyra,Zyra,Grasping Roots,AOEDamage,95/140/215,0,95,140,215,290,0,0
Set 13.5,13,mid,TFTSet13_Evolved,15.6,TFT13_Zyra,Zyra,Grasping Roots,ExperimentDuration,2,2,2,2,2,2,2,2
Set 13.5,13,mid,TFTSet13_Evolved,15.6,TFT13_Zyra,Zyra,Grasping Roots,ExperimentTrueDamage,0.5,0.5,0.5,0.5,0.5,0.5,0.5,0.5
Set 13.5,13,mid,TFTSet13_Evolved,15.6,TFT13_Zyra,Zyra,Grasping Roots,NumSmallerVines,2,2,2,2,2,2,2,2
Set 13.5,13,mid,TFTSet13_Evolved,15.6,TFT13_Zyra,Zyra,Grasping Roots,StunDuration,1,1,1,1,1,1,1,1
Set 13.5,13,mid,TFTSet13_Evolved,15.6,TFT13_Zyra,Zyra,Grasping Roots,TargetDamage,280/420/630,0,280,420,630,780,0,0
Set 14,14,base,TFTSet14,15.12,TFT14_CypherProp,,Permanently increase Zac's maximum Health and Ability Power.,DataValue,1/2/10,0,1,2,10,160,200,240
Set 14,14,base,TFTSet14,15.12,TFT14_CypherProp,,Permanently increase Zac's maximum Health and Ability Power.,OtherValue,100/200/1000,0,100,200,1000,0,0,0
Set 14,14,base,TFTSet14,15.12,TFT14_GoldenOxProp,,Permanently increase Zac's maximum Health and Ability Power.,RoundsToHatch,2,2,2,2,2,2,2,2
Set 14,14,base,TFTSet14,15.12,TFT14_Alistar,Alistar,Gilded Endurance,Damage,240/360/600,0,240,360,600,840,0,0
Set 14,14,base,TFTSet14,15.12,TFT14_Alistar,Alistar,Gilded Endurance,FlatDRCooldownPerAttacker,1,1,1,1,1,1,1,1
Set 14,14,base,TFTSet14,15.12,TFT14_Alistar,Alistar,Gilded Endurance,FlatDamageReduction,15/20/33,0,15,20,33,45,0,0
Set 14,14,base,TFTSet14,15.12,TFT14_Alistar,Alistar,Gilded Endurance,StunDuration,2,2,2,2,2,2,2,2
Set 14,14,base,TFTSet14,15.12,TFT14_Annie,Annie,Goldilocks,BaseBonusDamage,45/68/300,0,45,68,300,400,0,0
Set 14,14,base,TFTSet14,15.12,TFT14_Annie,Annie,Goldilocks,BaseMainDamage,230/345/1200,200,230,345,1200,2000,200,200
Set 14,14,base,TFTSet14,15.12,TFT14_Annie,Annie,Goldilocks,BaseNumFireballs,2,2,2,2,2,2,2,2
Set 14,14,base,TFTSet14,15.12,TFT14_Annie,Annie,Goldilocks,BaseTibbersDamage,270/405/1215,0,270,405,1215,1800,0,0
Set 14,14,base,TFTSet14,15.12,TFT14_Annie,Annie,Goldilocks,BonusFireballsPerAmp,1,1,1,1,1,1,1,1
Set 14,14,base,TFTSet14,15.12,TFT14_Annie,Annie,Goldilocks,CastCount,4,4,4,4,4,4,4,4
Set 14,14,base,TFTSet14,15.12,TFT14_Annie,Annie,Goldilocks,FireballsNumTargets,2,2,2,2,2,2,2,2
Set 14,14,base,TFTSet14,15.12,TFT14_Annie,Annie,Goldilocks,Radius,1,1,1,1,1,1,1,1
Set 14,14,base,TFTSet14,15.12,TFT14_Annie,Annie,Goldilocks,TibbersAD,150/225/900,0,150,225,900,900,0,0
Set 14,14,base,TFTSet14,15.12,TFT14_Annie,Annie,Goldilocks,TibbersASPerAmp,0.3,0.3,0.3,0.3,0.3,0.3,0.3,0.3
Set 14,14,base,TFTSet14,15.12,TFT14_Annie,Annie,Goldilocks,TibbersBonusASBase,0.6,0.6,0.6,0.6,0.6,0.6,0.6,0.6
Set 14,14,base,TFTSet14,15.12,TFT14_Annie,Annie,Goldilocks,TibbersBonusHealth,500/700/1000,400,500,700,1000,1000,400,400
Set 14,14,base,TFTSet14,15.12,TFT14_Annie,Annie,Goldilocks,TibbersHealth,10/100/4000,400,10,100,4000,5000,1200,1200
Set 14,14,base,TFTSet14,15.12,TFT14_Annie,Annie,Goldilocks,TibbersSizePerAmp,0.12,0.12,0.12,0.12,0.12,0.12,0.12,0.12
Set 14,14,base,TFTSet14,15.12,TFT14_Annie,Annie,Goldilocks,TibbersStageHealth,100,100,100,100,100,100,100,100
Set 14,14,base,TFTSet14,15.12,TFT14_Aphelios,Aphelios,Moonlight Vigil,BaseChakramNumber,4,4,4,4,4,4,4,4
Set 14,14,base,TFTSet14,15.12,TFT14_Aphelios,Aphelios,Moonlight Vigil,BlastAD,2.2/2.2/6,1.8,2.2,2.2,6,7,2.3,2.4
Set 14,14,base,TFTSet14,15.12,TFT14_Aphelios,Aphelios,Moonlight Vigil,BlastAP,20/30/100,50,20,30,100,170,7,7
Set 14,14,base,TFTSet14,15.12,TFT14_Aphelios,Aphelios,Moonlight Vigil,BlastSize,2,2,2,2,2,2,2,2
Set 14,14,base,TFTSet14,15.12,TFT14_Aphelios,Aphelios,Moonlight Vigil,ChakramAttacks,8,8,8,8,8,8,8,8
Set 14,14,base,TFTSet14,15.12,TFT14_Aphelios,Aphelios,Moonlight Vigil,ChakramPercentAD,0.11/0.11/1,0.1,0.11,0.11,1,1,0.1,0.1
Set 14,14,base,TFTSet14,15.12,TFT14_Aphelios,Aphelios,Moonlight Vigil,MaxChakrams,10/10/15,10,10,10,15,15,10,10
Set 14,14,base,TFTSet14,15.12,TFT_ArmoryKeyOrnn,Artifact Item Anvil,Artifact Item Anvil,RoundsToHatch,2,2,2,2,2,2,2,2
Set 14,14,base,TFTSet14,15.12,TFT14_Aurora,Aurora,Pierce the Veil,BaseDamage,50/120/3333,120,50,120,3333,6000,2,2
Set 14,14,base,TFTSet14,15.12,TFT14_Aurora,Aurora,Pierce the Veil,BonusAttackSpeed,0.5/1/10,0.2,0.5,1,10,10,0.2,0.2
Set 14,14,base,TFTSet14,15.12,TFT14_Aurora,Aurora,Pierce the Veil,BonusHealth,0/0/4000,300,0,0,4000,7500,300,300
Set 14,14,base,TFTSet14,15.12,TFT14_Aurora,Aurora,Pierce the Veil,SplitDamage,525/800/9999,500,525,800,9999,7777,0,0
Set 14,14,base,TFTSet14,15.12,TFT14_Brand,Brand,Paint Bomb,APDamage,260/390/1500,0,260,390,1500,1800,0,0
Set 14,14,base,TFTSet14,15.12,TFT14_Brand,Brand,Paint Bomb,NumSecondaryMissiles,4,4,4,4,4,4,4,4
Set 14,14,base,TFTSet14,15.12,TFT14_Brand,Brand,Paint Bomb,PrimaryHexRadius,1,1,1,1,1,1,1,1
Set 14,14,base,TFTSet14,15.12,TFT14_Brand,Brand,Paint Bomb,SecondaryAPDamage,100/150/600,0,100,150,600,800,0,0
Set 14,14,base,TFTSet14,15.12,TFT14_Braum,Braum,Protection Racket,AttackSpeedSlow,0.2,0.2,0.2,0.2,0.2,0.2,0.2,0.2
Set 14,14,base,TFTSet14,15.12,TFT14_Braum,Braum,Protection Racket,BaseDamage,100/150/240,0,100,150,240,330,0,0
Set 14,14,base,TFTSet14,15.12,TFT14_Braum,Braum,Protection Racket,BaseShield,375/400/450,0,375,400,450,525,0,0
Set 14,14,base,TFTSet14,15.12,TFT14_Braum,Braum,Protection Racket,BossDamageHealthPercent,0.1,0.1,0.1,0.1,0.1,0.1,0.1,0.1
Set 14,14,base,TFTSet14,15.12,TFT14_Braum,Braum,Protection Racket,BossDamageResistPercent,1/1.5/2,2,1,1.5,2,2.5,2,2
Set 14,14,base,TFTSet14,15.12,TFT14_Braum,Braum,Protection Racket,BossResistsT1,30,30,30,30,30,30,30,30
Set 14,14,base,TFTSet14,15.12,TFT14_Braum,Braum,Protection Racket,BossResistsT3,80,80,80,80,80,80,80,80
Set 14,14,base,TFTSet14,15.12,TFT14_Braum,Braum,Protection Racket,BossThornsPeriod,4,4,4,4,4,4,4,4
Set 14,14,base,TFTSet14,15.12,TFT14_Braum,Braum,Protection Racket,BossThornsPeriodT3,2,2,2,2,2,2,2,2
Set 14,14,base,TFTSet14,15.12,TFT14_Braum,Braum,Protection Racket,PercentHealthForShield,0.1,0.1,0.1,0.1,0.1,0.1,0.1,0.1
Set 14,14,base,TFTSet14,15.12,TFT14_Braum,Braum,Protection Racket,ShieldDuration,4,4,4,4,4,4,4,4
Set 14,14,base,TFTSet14,15.12,TFT14_Braum,Braum,Protection Racket,StunDuration,3,3,3,3,3,3,3,3
Set 14,14,base,TFTSet14,15.12,TFT14_Braum,Braum,Protection Racket,TargetNum,3,3,3,3,3,3,3,3
Set 14,14,base,TFTSet14,15.12,TFT14_Chogath,Cho'Gath,Sonic Scream,Damage,100/150/1500,0,100,150,1500,2725,0,0
Set 14,14,base,TFTSet14,15.12,TFT14_Chogath,Cho'Gath,Sonic Scream,MaxHealthBase,70/100/500,0,70,100,500,1000,0,0
Set 14,14,base,TFTSet14,15.12,TFT14_Chogath,Cho'Gath,Sonic Scream,MaxHealthHPScalar,0.25/0.25/0.55,0.04,0.25,0.25,0.55,0.55,0.04,0.04
Set 14,14,base,TFTSet14,15.12,TFT14_Chogath,Cho'Gath,Sonic Scream,PercentHealthDamage,0.03,0.03,0.03,0.03,0.03,0.03,0.03,0.03
Set 14,14,base,TFTSet14,15.12,TFT_ArmoryKeyCompleted,Completed Item Anvil,Completed Item Anvil,RoundsToHatch,2,2,2,2,2,2,2,2
Set 14,14,base,TFTSet14,15.12,TFT_ArmoryKeyComponent,Component Anvil,Component Anvil,RoundsToHatch,2,2,2,2,2,2,2,2
Set 14,14,base,TFTSet14,15.12,TFT14_Darius,Darius,Kneecapper,ADRatio,2,2,2,2,2,2,2,2
Set 14,14,base,TFTSet14,15.12,TFT14_Darius,Darius,Kneecapper,BaseHeal,200/220/240,1,200,220,240,260,1,1
Set 14,14,base,TFTSet14,15.12,TFT14_Darius,Darius,Kneecapper,Duration,6,6,6,6,6,6,6,6
Set 14,14,base,TFTSet14,15.12,TFT14_Darius,Darius,Kneecapper,HealHealthRatio,0.06,0.06,0.06,0.06,0.06,0.06,0.06,0.06
Set 14,14,base,TFTSet14,15.12,TFT14_Darius,Darius,Kneecapper,SunderTooltip,0.2,0.2,0.2,0.2,0.2,0.2,0.2,0.2
Set 14,14,base,TFTSet14,15.12,TFT14_Darius,Darius,Kneecapper,T1DamageFalloff,0.05,0.05,0.05,0.05,0.05,0.05,0.05,0.05
Set 14,14,base,TFTSet14,15.12,TFT14_Darius,Darius,Kneecapper,T1HealHealthRatio,0.02,0.02,0.02,0.02,0.02,0.02,0.02,0.02
Set 14,14,base,TFTSet14,15.12,TFT14_Darius,Darius,Kneecapper,T1HealPerTarget,70,70,70,70,70,70,70,70
Set 14,14,base,TFTSet14,15.12,TFT14_Darius,Darius,Kneecapper,T1HexRange,2,2,2,2,2,2,2,2
Set 14,14,base,TFTSet14,15.12,TFT14_Darius,Darius,Kneecapper,T3HexRange,4,4,4,4,4,4,4,4
Set 14,14,base,TFTSet14,15.12,TFT14_DrMundo,Dr. Mundo,Flex On 'Em,APHealing,75/115/175,0,75,115,175,235,0,0
Set 14,14,base,TFTSet14,15.12,TFT14_DrMundo,Dr. Mundo,Flex On 'Em,PercentAttackDamage,2,2,2,2,2,2,2,2
Set 14,14,base,TFTSet14,15.12,TFT14_DrMundo,Dr. Mundo,Flex On 'Em,PercentHPBonus,0.3,0.3,0.3,0.3,0.3,0.3,0.3,0.3
Set 14,14,base,TFTSet14,15.12,TFT14_DrMundo,Dr. Mundo,Flex On 'Em,PercentMaximumHealthDamage,0.25,0.25,0.25,0.25,0.25,0.25,0.25,0.25
Set 14,14,base,TFTSet14,15.12,TFT14_DrMundo,Dr. Mundo,Flex On 'Em,PercentMaximumHealthHealing,0.05,0.05,0.05,0.05,0.05,0.05,0.05,0.05
Set 14,14,base,TFTSet14,15.12,TFT14_Draven,Draven,Cache Hack,BaseAPDamage,30/45/80,0,30,45,80,115,0,0
Set 14,14,base,TFTSet14,15.12,TFT14_Draven,Draven,Cache Hack,BigOutADRatio,3.7/3.7/3.9,3.3,3.7,3.7,3.9,4.1,3.3,3.3
Set 14,14,base,TFTSet14,15.12,TFT14_Draven,Draven,Cache Hack,BigReturnADRatio,2.4/2.4/2.5,2.3,2.4,2.4,2.5,2.6,2.3,2.3
Set 14,14,base,TFTSet14,15.12,TFT14_Draven,Draven,Cache Hack,CastCount,3,3,3,3,3,3,3,3
Set 14,14,base,TFTSet14,15.12,TFT14_Draven,Draven,Cache Hack,ReducedDamagePercent,0.2,0.2,0.2,0.2,0.2,0.2,0.2,0.2
Set 14,14,base,TFTSet14,15.12,TFT14_Ekko,Ekko,Paintover,Damage,180/270/410,0,180,270,410,550,0,0
Set 14,14,base,TFTSet14,15.12,TFT14_Ekko,Ekko,Paintover,HealAmt,300/375/475,4,300,375,475,510,4,4
Set 14,14,base,TFTSet14,15.12,TFT14_Ekko,Ekko,Paintover,RollDuration,0.4,0.4,0.4,0.4,0.4,0.4,0.4,0.4
Set 14,14,base,TFTSet14,15.12,TFT14_Elise,Elise,Fire on all Cylinders,APDamage,54/81/125,0,54,81,125,200,0,0
Set 14,14,base,TFTSet14,15.12,TFT14_Elise,Elise,Fire on all Cylinders,MagicResistReduction,5,5,5,5,5,5,5,5
Set 14,14,base,TFTSet14,15.12,TFT14_Elise,Elise,Fire on all Cylinders,NumAdditionalEnemies,2,2,2,2,2,2,2,2
Set 14,14,base,TFTSet14,15.12,TFT14_Elise,Elise,Fire on all Cylinders,NumNearestLasers,4,4,4,4,4,4,4,4
Set 14,14,base,TFTSet14,15.12,TFT14_Elise,Elise,Fire on all Cylinders,NumTargetLasers,4,4,4,4,4,4,4,4
Set 14,14,base,TFTSet14,15.12,TFT14_Fiddlesticks,Fiddlesticks,3RR0R,DamagePerSecond,190/285/445,300,190,285,445,605,2,2
Set 14,14,base,TFTSet14,15.12,TFT14_Fiddlesticks,Fiddlesticks,3RR0R,Duration,3,3,3,3,3,3,3,3
Set 14,14,base,TFTSet14,15.12,TFT14_Fiddlesticks,Fiddlesticks,3RR0R,HealPercent,0.15,0.15,0.15,0.15,0.15,0.15,0.15,0.15
Set 14,14,base,TFTSet14,15.12,TFT14_Fiddlesticks,Fiddlesticks,3RR0R,NumEnemies,3,3,3,3,3,3,3,3
Set 14,14,base,TFTSet14,15.12,TFT14_Fiddlesticks,Fiddlesticks,3RR0R,ShredPercent,0.2,0.2,0.2,0.2,0.2,0.2,0.2,0.2
Set 14,14,base,TFTSet14,15.12,TFT14_Galio,Galio,Stonewall,BaseHeal,425/500/600,0,425,500,600,500,0,0
Set 14,14,base,TFTSet14,15.12,TFT14_Galio,Galio,Stonewall,Damage,150/225/335,0,150,225,335,445,200,200
Set 14,14,base,TFTSet14,15.12,TFT14_Galio,Galio,Stonewall,Durability,0.55/0.55/0.6,0,0.55,0.55,0.6,0.65,60,60
Set 14,14,base,TFTSet14,15.12,TFT14_Galio,Galio,Stonewall,Duration,3,3,3,3,3,3,3,3
Set 14,14,base,TFTSet14,15.12,TFT14_Galio,Galio,Stonewall,StunDuration,1.5,1.5,1.5,1.5,1.5,1.5,1.5,1.5
Set 14,14,base,TFTSet14,15.12,TFT14_Galio,Galio,Stonewall,WhirlwindRange,3,3,3,3,3,3,3,3
Set 14,14,base,TFTSet14,15.12,TFT14_Garen,Garen,Banwave,BaseDamage,6.5/6.5/30,1.25,6.5,6.5,30,30,1.25,1.25
Set 14,14,base,TFTSet14,15.12,TFT14_Garen,Garen,Banwave,BaseShield,700/1000/21337,0,700,1000,21337,33337,0,0
Set 14,14,base,TFTSet14,15.12,TFT14_Garen,Garen,Banwave,BaseWaveDamage,2.6/2.6/15,2,2.6,2.6,15,15,2,2
Set 14,14,base,TFTSet14,15.12,TFT14_Garen,Garen,Banwave,ManaRefund,30,30,30,30,30,30,30,30
Set 14,14,base,TFTSet14,15.12,TFT14_Garen,Garen,Banwave,ShieldDuration,1.5/1.5/10,2,1.5,1.5,10,20,2,2
Set 14,14,base,TFTSet14,15.12,TFT14_Garen,Garen,Banwave,TargetThreshold,2,2,2,2,2,2,2,2
Set 14,14,base,TFTSet14,15.12,TFT_BlueGolem,Golem,Golem Smash,Damage,300/480/750,100,300,480,750,1125,100,100
Set 14,14,base,TFTSet14,15.12,TFT14_Gragas,Gragas,Corporate Mixer,BurnAndWoundDuration,5,5,5,5,5,5,5,5
Set 14,14,base,TFTSet14,15.12,TFT14_Gragas,Gragas,Corporate Mixer,Damage,150/225/335,0,150,225,335,445,0,0
Set 14,14,base,TFTSet14,15.12,TFT14_Gragas,Gragas,Corporate Mixer,HEROBaseHeal,300/375/450,200,300,375,450,525,200,200
Set 14,14,base,TFTSet14,15.12,TFT14_Gragas,Gragas,Corporate Mixer,HEROBaseKnockback,25,25,25,25,25,25,25,25
Set 14,14,base,TFTSet14,15.12,TFT14_Gragas,Gragas,Corporate Mixer,HEROEmpoweredDamage,465/700/1050,500,465,700,1050,1400,500,500
Set 14,14,base,TFTSet14,15.12,TFT14_Gragas,Gragas,Corporate Mixer,HEROMaxHPHealRatio,0.08,0.08,0.08,0.08,0.08,0.08,0.08,0.08
Set 14,14,base,TFTSet14,15.12,TFT14_Gragas,Gragas,Corporate Mixer,HEROMaxMana,90,90,90,90,90,90,90,90
Set 14,14,base,TFTSet14,15.12,TFT14_Gragas,Gragas,Corporate Mixer,HEROOverkillDamage,0.5,0.5,0.5,0.5,0.5,0.5,0.5,0.5
Set 14,14,base,TFTSet14,15.12,TFT14_Gragas,Gragas,Corporate Mixer,HEROPassiveDamage,200/300/450,200,200,300,450,600,200,200
Set 14,14,base,TFTSet14,15.12,TFT14_Gragas,Gragas,Corporate Mixer,HEROStartingMana,-20,-20,-20,-20,-20,-20,-20,-20
Set 14,14,base,TFTSet14,15.12,TFT14_Gragas,Gragas,Corporate Mixer,HealBase,300/325/380,0,300,325,380,425,0,0
Set 14,14,base,TFTSet14,15.12,TFT14_Gragas,Gragas,Corporate Mixer,HexRadius,1,1,1,1,1,1,1,1
Set 14,14,base,TFTSet14,15.12,TFT14_Gragas,Gragas,Corporate Mixer,MaxHPHealRatio,0.1,0.1,0.1,0.1,0.1,0.1,0.1,0.1
Set 14,14,base,TFTSet14,15.12,TFT14_Gragas,Gragas,Corporate Mixer,SearchRange,3,3,3,3,3,3,3,3
Set 14,14,base,TFTSet14,15.12,TFT14_Graves,Graves,Buckshot of Midas,AttacksPerCast,2,2,2,2,2,2,2,2
Set 14,14,base,TFTSet14,15.12,TFT14_Graves,Graves,Buckshot of Midas,BaseEmpoweredShells,2,2,2,2,2,2,2,2
Set 14,14,base,TFTSet14,15.12,TFT14_Graves,Graves,Buckshot of Midas,EmpoweredAPBaseDamage,6/9/16,0,6,9,16,23,0,0
Set 14,14,base,TFTSet14,15.12,TFT14_Graves,Graves,Buckshot of Midas,EmpoweredProjectileADDamage,0.4/0.4/0.48,0.45,0.4,0.4,0.48,0.55,0.45,0.45
Set 14,14,base,TFTSet14,15.12,TFT14_Graves,Graves,Buckshot of Midas,NumProjectiles,5,5,5,5,5,5,5,5
Set 14,14,base,TFTSet14,15.12,TFT14_Graves,Graves,Buckshot of Midas,ProjectileADDamage,0.35,0.35,0.35,0.35,0.35,0.35,0.35,0.35
Set 14,14,base,TFTSet14,15.12,TFT14_HackedEgg,Hacked Egg,Hacked Egg,EggTurns,7,7,7,7,7,7,7,7
Set 14,14,base,TFTSet14,15.12,TFT14_Illaoi,Illaoi,Bionic Battle Bear,BaseDamage,150/225/350,0,150,225,350,475,0,0
Set 14,14,base,TFTSet14,15.12,TFT14_Illaoi,Illaoi,Bionic Battle Bear,BaseHeal,350/400/600,0,350,400,600,800,0,0
Set 14,14,base,TFTSet14,15.12,TFT14_Illaoi,Illaoi,Bionic Battle Bear,BaseSplashDamage,60/90/140,0,60,90,140,190,0,0
Set 14,14,base,TFTSet14,15.12,TFT14_Illaoi,Illaoi,Bionic Battle Bear,Duration,4,4,4,4,4,4,4,4
Set 14,14,base,TFTSet14,15.12,TFT14_Illaoi,Illaoi,Bionic Battle Bear,MRReduction,15,15,15,15,15,15,15,15
Set 14,14,base,TFTSet14,15.12,TFT14_Illaoi,Illaoi,Bionic Battle Bear,SplashRadius,1,1,1,1,1,1,1,1
Set 14,14,base,TFTSet14,15.12,TFT14_Jarvan,Jarvan IV,Half-Moon Sweep,BaseShield,300/350/400,0,300,350,400,450,0,0
Set 14,14,base,TFTSet14,15.12,TFT14_Jarvan,Jarvan IV,Half-Moon Sweep,BonusShield,30/50/80,30,30,50,80,110,30,30
Set 14,14,base,TFTSet14,15.12,TFT14_Jarvan,Jarvan IV,Half-Moon Sweep,FlatArmorReduction,15/18/20,0,15,18,20,25,0,0
Set 14,14,base,TFTSet14,15.12,TFT14_Jarvan,Jarvan IV,Half-Moon Sweep,ShieldDuration,4,4,4,4,4,4,4,4
Set 14,14,base,TFTSet14,15.12,TFT14_Jarvan,Jarvan IV,Half-Moon Sweep,SweepDamageAD,2.8,2.8,2.8,2.8,2.8,2.8,2.8,2.8
Set 14,14,base,TFTSet14,15.12,TFT14_Jax,Jax,Ion Barrier,BaseDamage,110/165/250,0,110,165,250,335,0,0
Set 14,14,base,TFTSet14,15.12,TFT14_Jax,Jax,Ion Barrier,BaseShield,350/425/525,0,350,425,525,625,0,0
Set 14,14,base,TFTSet14,15.12,TFT14_Jax,Jax,Ion Barrier,Duration,4,4,4,4,4,4,4,4
Set 14,14,base,TFTSet14,15.12,TFT14_Jhin,Jhin,Logic Bomb,BounceADRatio,1.64,1.64,1.64,1.64,1.64,1.64,1.64,1.64
Set 14,14,base,TFTSet14,15.12,TFT14_Jhin,Jhin,Logic Bomb,FinalBounceADRatio,4.44,4.44,4.44,4.44,4.44,4.44,4.44,4.44
Set 14,14,base,TFTSet14,15.12,TFT14_Jhin,Jhin,Logic Bomb,SunderDuration,4.4,4.4,4.4,4.4,4.4,4.4,4.4,4.4
Set 14,14,base,TFTSet14,15.12,TFT14_Jhin,Jhin,Logic Bomb,SunderPercent,0.2,0.2,0.2,0.2,0.2,0.2,0.2,0.2
Set 14,14,base,TFTSet14,15.12,TFT14_Jinx,Jinx,Rampant Vandalism,APDamage,15/25/40,15,15,25,40,55,20,20
Set 14,14,base,TFTSet14,15.12,TFT14_Jinx,Jinx,Rampant Vandalism,BaseRockets,5,5,5,5,5,5,5,5
Set 14,14,base,TFTSet14,15.12,TFT14_Jinx,Jinx,Rampant Vandalism,HexRadius,2,2,2,2,2,2,2,2
Set 14,14,base,TFTSet14,15.12,TFT14_Jinx,Jinx,Rampant Vandalism,PercentAttackDamage,1.4/1.4/1.5,1.7,1.4,1.4,1.5,1.6,0,0
Set 14,14,base,TFTSet14,15.12,TFT14_Jinx,Jinx,Rampant Vandalism,RocketsPerSimulatedLaunchAttack,2,2,2,2,2,2,2,2
Set 14,14,base,TFTSet14,15.12,TFT14_Jinx,Jinx,Rampant Vandalism,VolleyDuration,1.2,1.2,1.2,1.2,1.2,1.2,1.2,1.2
Set 14,14,base,TFTSet14,15.12,TFT14_Kindred,Kindred,Rev Up,APDamage,20/30/45,0,20,30,45,60,0,0
Set 14,14,base,TFTSet14,15.12,TFT14_Kindred,Kindred,Rev Up,PercentAttackDamage,5.2/5.2/5.4,5.2,5.2,5.2,5.4,5.6,5.2,5.2
Set 14,14,base,TFTSet14,15.12,TFT14_Kobuko,Kobuko,Game Over!,CyberbossOnHitPercentDamage,0.5,0.5,0.5,0.5,0.5,0.5,0.5,0.5
Set 14,14,base,TFTSet14,15.12,TFT14_Kobuko,Kobuko,Game Over!,EnrageAS,1.25,1.25,1.25,1.25,1.25,1.25,1.25,1.25
Set 14,14,base,TFTSet14,15.12,TFT14_Kobuko,Kobuko,Game Over!,EnrageOmnivamp,0.3/0.3/1,0.2,0.3,0.3,1,1,0.2,0.2
Set 14,14,base,TFTSet14,15.12,TFT14_Kobuko,Kobuko,Game Over!,EnrageOnHitBonus,0.33,0.33,0.33,0.33,0.33,0.33,0.33,0.33
Set 14,14,base,TFTSet14,15.12,TFT14_Kobuko,Kobuko,Game Over!,OnHitDamage,100/150/999,0,100,150,999,999,0,0
Set 14,14,base,TFTSet14,15.12,TFT14_Kobuko,Kobuko,Game Over!,PassiveHealthThreshold,0.5/0.5/0.9,0.3,0.5,0.5,0.9,0.3,0.3,0.3
Set 14,14,base,TFTSet14,15.12,TFT14_Kobuko,Kobuko,Game Over!,PassiveShieldHealthRatio,1/1/4,0,1,1,4,5,0,0
Set 14,14,base,TFTSet14,15.12,TFT14_Kobuko,Kobuko,Game Over!,ShieldDuration,4/4/60,4,4,4,60,4,4,4
Set 14,14,base,TFTSet14,15.12,TFT14_Kobuko,Kobuko,Game Over!,SlamPrimaryTargetBaseDamage,300/450/13370,0,300,450,13370,13370,0,0
Set 14,14,base,TFTSet14,15.12,TFT14_Kobuko,Kobuko,Game Over!,SlamSecondaryTargetBaseDamage,150/225/1337,0,150,225,1337,1337,3,3
Set 14,14,base,TFTSet14,15.12,TFT14_Kobuko,Kobuko,Game Over!,StunDuration,1.5,1.5,1.5,1.5,1.5,1.5,1.5,1.5
Set 14,14,base,TFTSet14,15.12,TFT14_KogMaw,Kog'Maw,Fire at Will,APDamage,9/14/20,0,9,14,20,26,0,0
Set 14,14,base,TFTSet14,15.12,TFT14_KogMaw,Kog'Maw,Fire at Will,AttackSpeedPercent,0.5,0.5,0.5,0.5,0.5,0.5,0.5,0.5
Set 14,14,base,TFTSet14,15.12,TFT14_KogMaw,Kog'Maw,Fire at Will,Duration,5,5,5,5,5,5,5,5
Set 14,14,base,TFTSet14,15.12,TFT14_KogMaw,Kog'Maw,Fire at Will,PercentAttackDamage,0.4/0.4/0.6,0.5,0.4,0.4,0.6,0.8,0.5,0.5
Set 14,14,base,TFTSet14,15.12,TFT14_LeBlanc,LeBlanc,Data Spike,AttackRangeIncrease,1,1,1,1,1,1,1,1
Set 14,14,base,TFTSet14,15.12,TFT14_LeBlanc,LeBlanc,Data Spike,CastDuration,0.5,0.5,0.5,0.5,0.5,0.5,0.5,0.5
Set 14,14,base,TFTSet14,15.12,TFT14_LeBlanc,LeBlanc,Data Spike,Damage,75/115/170,90,75,115,170,225,585,585
Set 14,14,base,TFTSet14,15.12,TFT14_LeBlanc,LeBlanc,Data Spike,MaxStacks,50,50,50,50,50,50,50,50
Set 14,14,base,TFTSet14,15.12,TFT14_LeBlanc,LeBlanc,Data Spike,SigilCount,5,5,5,5,5,5,5,5
Set 14,14,base,TFTSet14,15.12,TFT14_LeBlanc,LeBlanc,Data Spike,SigilIncrement,1,1,1,1,1,1,1,1
Set 14,14,base,TFTSet14,15.12,TFT14_Leona,Leona,Solar Flare,DRDuration,4,4,4,4,4,4,4,4
Set 14,14,base,TFTSet14,15.12,TFT14_Leona,Leona,Solar Flare,DRPercent,0.55/0.6/0.9,0,0.55,0.6,0.9,0.95,0,0
Set 14,14,base,TFTSet14,15.12,TFT14_Leona,Leona,Solar Flare,Damage,100/150/2000,0,100,150,2000,3000,0,0
Set 14,14,base,TFTSet14,15.12,TFT14_Leona,Leona,Solar Flare,MagicResistDamageRatio,0.14/0.21/1.5,0.5,0.14,0.21,1.5,3,0.5,0.5
Set 14,14,base,TFTSet14,15.12,TFT14_Leona,Leona,Solar Flare,MarkDamageDuration,4/4/10,4,4,4,10,10,4,4
Set 14,14,base,TFTSet14,15.12,TFT14_Leona,Leona,Solar Flare,StunDuration,2,2,2,2,2,2,2,2
Set 14,14,base,TFTSet14,15.12,TFT14_NPC_Cannon,Mechacannon,Cannon Blast,Tier1Damage,2,2,2,2,2,2,2,2
Set 14,14,base,TFTSet14,15.12,TFT14_NPC_Cannon,Mechacannon,Cannon Blast,Tier2Damage,2.5,2.5,2.5,2.5,2.5,2.5,2.5,2.5
Set 14,14,base,TFTSet14,15.12,TFT14_NPC_Cannon,Mechacannon,Cannon Blast,Tier3Damage,3.3,3.3,3.3,3.3,3.3,3.3,3.3,3.3
Set 14,14,base,TFTSet14,15.12,TFT14_NPC_Cannon,Mechacannon,Cannon Blast,Tier4Damage,4.5/4.5/9,0,4.5,4.5,9,0,0,0
Set 14,14,base,TFTSet14,15.12,TFT14_NPC_Cannon,Mechacannon,Cannon Blast,Tier5Damage,6/6/60,0,6,6,60,0,0,0
Set 14,14,base,TFTSet14,15.12,TFT14_NPC_Drone,Mechadrone,Surveillance,PercentAttackDamage,1.15,1.15,1.15,1.15,1.15,1.15,1.15,1.15
Set 14,14,base,TFTSet14,15.12,TFT14_NPC_Super,Mechaminion,Dispersal Protocol,PercentAttackDamage,1.75,1.75,1.75,1.75,1.75,1.75,1.75,1.75
Set 14,14,base,TFTSet14,15.12,TFT14_NPC_AzirSoldier,Mechasoldier,Shock Troops,PercentAttackDamage,1.5,1.5,1.5,1.5,1.5,1.5,1.5,1.5
Set 14,14,base,TFTSet14,15.12,TFT14_NPC_AurelionSol,Mechaurelion,Tears in the Rain,Damage,450,450,450,450,450,450,450,450
Set 14,14,base,TFTSet14,15.12,TFT14_NPC_AurelionSol,Mechaurelion,Tears in the Rain,Duration,10,10,10,10,10,10,10,10
Set 14,14,base,TFTSet14,15.12,TFT14_NPC_AurelionSol,Mechaurelion,Tears in the Rain,HealingReduction,33,33,33,33,33,33,33,33
Set 14,14,base,TFTSet14,15.12,TFT14_NPC_AurelionSol,Mechaurelion,Tears in the Rain,NumMeteors,6,6,6,6,6,6,6,6
Set 14,14,base,TFTSet14,15.12,TFT14_NPC_AurelionSol,Mechaurelion,Tears in the Rain,PercentBurn,10,10,10,10,10,10,10,10
Set 14,14,base,TFTSet14,15.12,TFT14_NPC_Azir,Mechazir,Divide and Cull,KnockupDuration,1,1,1,1,1,1,1,1
Set 14,14,base,TFTSet14,15.12,TFT14_NPC_Azir,Mechazir,Divide and Cull,SlowDuration,3,3,3,3,3,3,3,3
Set 14,14,base,TFTSet14,15.12,TFT14_NPC_Azir,Mechazir,Divide and Cull,WallDamage,600,600,600,600,600,600,600,600
Set 14,14,base,TFTSet14,15.12,TFT14_NPC_Azir,Mechazir,Divide and Cull,WallDuration,3,3,3,3,3,3,3,3
Set 14,14,base,TFTSet14,15.12,TFT14_NPC_Azir,Mechazir,Divide and Cull,WallLength,2100,2100,2100,2100,2100,2100,2100,2100
Set 14,14,base,TFTSet14,15.12,TFT14_NPC_Azir,Mechazir,Divide and Cull,WallWidth,450,450,450,450,450,450,450,450
Set 14,14,base,TFTSet14,15.12,TFT6_MercenaryChest,Mercenary Chest,Mercenary Chest,RoundsToHatch,2,2,2,2,2,2,2,2
Set 14,14,base,TFTSet14,15.12,TFT14_MissFortune,Miss Fortune,Street Sweeper,AngleRotationPerBullet,4,4,4,4,4,4,4,4
Set 14,14,base,TFTSet14,15.12,TFT14_MissFortune,Miss Fortune,Street Sweeper,BulletBaseDamage,8/12/100,0,8,12,100,200,0,0
Set 14,14,base,TFTSet14,15.12,TFT14_MissFortune,Miss Fortune,Street Sweeper,BulletDamageADRatio,0.5/0.5/1.5,0,0.5,0.5,1.5,1.8,0,0
Set 14,14,base,TFTSet14,15.12,TFT14_MissFortune,Miss Fortune,Street Sweeper,BulletTravelDistance,2500,2500,2500,2500,2500,2500,2500,2500
Set 14,14,base,TFTSet14,15.12,TFT14_MissFortune,Miss Fortune,Street Sweeper,BulletsPerWave,8,8,8,8,8,8,8,8
Set 14,14,base,TFTSet14,15.12,TFT14_MissFortune,Miss Fortune,Street Sweeper,ChannelDuration,2,2,2,2,2,2,2,2
Set 14,14,base,TFTSet14,15.12,TFT14_MissFortune,Miss Fortune,Street Sweeper,PercentReducedBulletDamage,0.25,0.25,0.25,0.25,0.25,0.25,0.25,0.25
Set 14,14,base,TFTSet14,15.12,TFT14_MissFortune,Miss Fortune,Street Sweeper,T1BonusWaves,3,3,3,3,3,3,3,3
Set 14,14,base,TFTSet14,15.12,TFT14_MissFortune,Miss Fortune,Street Sweeper,T3BossPierceMod,0.33,0.33,0.33,0.33,0.33,0.33,0.33,0.33
Set 14,14,base,TFTSet14,15.12,TFT14_MissFortune,Miss Fortune,Street Sweeper,WaveCount,9,9,9,9,9,9,9,9
Set 14,14,base,TFTSet14,15.12,TFT14_Mordekaiser,Mordekaiser,Antivirus,BaseShieldAmount,475/525/700,0,475,525,700,875,0,0
Set 14,14,base,TFTSet14,15.12,TFT14_Mordekaiser,Mordekaiser,Antivirus,ShieldDuration,4,4,4,4,4,4,4,4
Set 14,14,base,TFTSet14,15.12,TFT14_Mordekaiser,Mordekaiser,Antivirus,SlamDamage,200/300/500,0,200,300,500,700,0,0
Set 14,14,base,TFTSet14,15.12,TFT14_Mordekaiser,Mordekaiser,Antivirus,StunDuration,1.25,1.25,1.25,1.25,1.25,1.25,1.25,1.25
Set 14,14,base,TFTSet14,15.12,TFT14_Morgana,Morgana,Short Circuit,Damage,400/600/1000,0,400,600,1000,1500,200,240
Set 14,14,base,TFTSet14,15.12,TFT14_Morgana,Morgana,Short Circuit,Duration,16,16,16,16,16,16,16,16
Set 14,14,base,TFTSet14,15.12,TFT14_Naafiri,Naafiri,Alpha Protocol,ADPerGigaDog,1.65,0,1.65,1.65,1.65,1.65,0,0
Set 14,14,base,TFTSet14,15.12,TFT14_Naafiri,Naafiri,Alpha Protocol,ADPerPackmate,0.75,0,0.75,0.75,0.75,0.75,0,0
Set 14,14,base,TFTSet14,15.12,TFT14_Naafiri,Naafiri,Alpha Protocol,ADRatio,2.75,2.75,2.75,2.75,2.75,2.75,2.75,2.75
Set 14,14,base,TFTSet14,15.12,TFT14_Naafiri,Naafiri,Alpha Protocol,BonusGigaDogsPerAmp,1,1,1,1,1,1,1,1
Set 14,14,base,TFTSet14,15.12,TFT14_Naafiri,Naafiri,Alpha Protocol,BonusPackmatesPerAmp,,,,,,,,
Set 14,14,base,TFTSet14,15.12,TFT14_Naafiri,Naafiri,Alpha Protocol,NumGigaDogs,1,1,1,1,1,1,1,1
Set 14,14,base,TFTSet14,15.12,TFT14_Naafiri,Naafiri,Alpha Protocol,NumPackmates,3,3,3,3,3,3,3,3
Set 14,14,base,TFTSet14,15.12,TFT14_Naafiri,Naafiri,Alpha Protocol,OmnivampPercent,0.15,0.15,0.15,0.15,0.15,0.15,0.15,0.15
Set 14,14,base,TFTSet14,15.12,TFT14_Neeko,Neeko,Pop Up Mural,APDamage,80/120/1800,0,80,120,1800,2000,0,0
Set 14,14,base,TFTSet14,15.12,TFT14_Neeko,Neeko,Pop Up Mural,ChillDuration,3,3,3,3,3,3,3,3
Set 14,14,base,TFTSet14,15.12,TFT14_Neeko,Neeko,Pop Up Mural,ChillPercent,20,20,20,20,20,20,20,20
Set 14,14,base,TFTSet14,15.12,TFT14_Neeko,Neeko,Pop Up Mural,ShieldAmt,280/300/1500,0,280,300,1500,2000,0,0
Set 14,14,base,TFTSet14,15.12,TFT14_Neeko,Neeko,Pop Up Mural,ShieldDuration,4,4,4,4,4,4,4,4
Set 14,14,base,TFTSet14,15.12,TFT14_Neeko,Neeko,Pop Up Mural,ShieldHealthPercent,0.1,0.1,0.1,0.1,0.1,0.1,0.1,0.1
Set 14,14,base,TFTSet14,15.12,TFT14_NidaleeCougar,Nidalee,Charged Claws,AmpedDamage,75/115/170,0,75,115,170,225,0,0
Set 14,14,base,TFTSet14,15.12,TFT14_NidaleeCougar,Nidalee,Charged Claws,BonusTargetsPerAmp,1,1,1,1,1,1,1,1
Set 14,14,base,TFTSet14,15.12,TFT14_NidaleeCougar,Nidalee,Charged Claws,Damage,220/330/500,0,220,330,500,670,0,0
Set 14,14,base,TFTSet14,15.12,TFT14_NidaleeCougar,Nidalee,Charged Claws,HealAmount,100/125/210,0,100,125,210,295,0,0
Set 14,14,base,TFTSet14,15.12,TFT14_NidaleeCougar,Nidalee,Charged Claws,HealAmountPerTarget,20/25/40,20,20,25,40,55,20,20
Set 14,14,base,TFTSet14,15.12,TFT14_NidaleeCougar,Nidalee,Charged Claws,NumTargets,2,2,2,2,2,2,2,2
Set 14,14,base,TFTSet14,15.12,TFT14_Poppy,Poppy,Buckler Toss,BaseDamage,100/150/225,0,100,150,225,300,0,0
Set 14,14,base,TFTSet14,15.12,TFT14_Poppy,Poppy,Buckler Toss,HexRange,4,4,4,4,4,4,4,4
Set 14,14,base,TFTSet14,15.12,TFT14_Poppy,Poppy,Buckler Toss,PercentArmorDamage,1.6/2.4/3.6,2,1.6,2.4,3.6,4.8,4,4
Set 14,14,base,TFTSet14,15.12,TFT14_Poppy,Poppy,Buckler Toss,ReducedDamage,0.4,0.4,0.4,0.4,0.4,0.4,0.4,0.4
Set 14,14,base,TFTSet14,15.12,TFT14_Poppy,Poppy,Buckler Toss,ShieldAmount,425/500/600,100,425,500,600,700,600,700
Set 14,14,base,TFTSet14,15.12,TFT14_Poppy,Poppy,Buckler Toss,ShieldDuration,3,3,3,3,3,3,3,3
Set 14,14,base,TFTSet14,15.12,TFT14_Renekton,Renekton,Dominus,ADSpellRatio,1/1/30,3,1,1,30,30,3,3
Set 14,14,base,TFTSet14,15.12,TFT14_Renekton,Renekton,Dominus,Duration,5,5,5,5,5,5,5,5
Set 14,14,base,TFTSet14,15.12,TFT14_Renekton,Renekton,Dominus,FirstCastADRatio,0.9/0.9/5,0.875,0.9,0.9,5,5,0.875,0.875
Set 14,14,base,TFTSet14,15.12,TFT14_Renekton,Renekton,Dominus,MaxHealthGain,400/650/10000,0,400,650,10000,30000,0,0
Set 14,14,base,TFTSet14,15.12,TFT14_Renekton,Renekton,Dominus,SecondCastADRatio,1/1/6.66667,0.9,1,1,6.66667,6.66667,0.9,0.9
Set 14,14,base,TFTSet14,15.12,TFT14_Renekton,Renekton,Dominus,SpellBaseDamage,260/400/1000,0,260,400,1000,1000,0,0
Set 14,14,base,TFTSet14,15.12,TFT14_Rengar,Rengar,Freestyle,ADPercent,2.25,2.25,2.25,2.25,2.25,2.25,2.25,2.25
Set 14,14,base,TFTSet14,15.12,TFT14_Rengar,Rengar,Freestyle,HealAmount,140/145/150,100,140,145,150,200,100,100
Set 14,14,base,TFTSet14,15.12,TFT14_Rengar,Rengar,Freestyle,HexRange,2,2,2,2,2,2,2,2
Set 14,14,base,TFTSet14,15.12,TFT14_Rengar,Rengar,Freestyle,NumSlashes,2,2,2,2,2,2,2,2
Set 14,14,base,TFTSet14,15.12,TFT14_Rengar,Rengar,Freestyle,SlashADPercent,1.8,1.8,1.8,1.8,1.8,1.8,1.8,1.8
Set 14,14,base,TFTSet14,15.12,TFT14_Rhaast,Rhaast,Reaping Slash,ADDamageRatio,5.25,5.25,5.25,5.25,5.25,5.25,5.25,5.25
Set 14,14,base,TFTSet14,15.12,TFT14_Rhaast,Rhaast,Reaping Slash,BaseHeal,220/250/300,50,220,250,300,350,50,50
Set 14,14,base,TFTSet14,15.12,TFT14_Rhaast,Rhaast,Reaping Slash,HEROADRatio,3.5/3.55/3.6,4,3.5,3.55,3.6,3.65,3,3
Set 14,14,base,TFTSet14,15.12,TFT14_Rhaast,Rhaast,Reaping Slash,HEROBaseDamage,30/45/65,20,30,45,65,85,20,20
Set 14,14,base,TFTSet14,15.12,TFT14_Rhaast,Rhaast,Reaping Slash,HEROMaxMana,60,60,60,60,60,60,60,60
Set 14,14,base,TFTSet14,15.12,TFT14_Rhaast,Rhaast,Reaping Slash,HEROResetDamageReduction,0.25,0.25,0.25,0.25,0.25,0.25,0.25,0.25
Set 14,14,base,TFTSet14,15.12,TFT14_Rhaast,Rhaast,Reaping Slash,HEROStartingMana,-20,-20,-20,-20,-20,-20,-20,-20
Set 14,14,base,TFTSet14,15.12,TFT14_Rhaast,Rhaast,Reaping Slash,PercentHealthHeal,0.1,0.1,0.1,0.1,0.1,0.1,0.1,0.1
Set 14,14,base,TFTSet14,15.12,TFT14_Rhaast,Rhaast,Reaping Slash,StunDuration,1.75,1.75,1.75,1.75,1.75,1.75,1.75,1.75
Set 14,14,base,TFTSet14,15.12,TFT_RiftHerald,Rift Herald,Void Charge,MaxHealthPct,0.5,0.5,0.5,0.5,0.5,0.5,0.5,0.5
Set 14,14,base,TFTSet14,15.12,TFT14_Samira,Samira,Demon Trigger,ArmorShredPerBullet,3,3,3,3,3,3,3,3
Set 14,14,base,TFTSet14,15.12,TFT14_Samira,Samira,Demon Trigger,BonusBulletsPerAmp,2,2,2,2,2,2,2,2
Set 14,14,base,TFTSet14,15.12,TFT14_Samira,Samira,Demon Trigger,BulletADDamage,0.9/0.9/15,0.5,0.9,0.9,15,15,0.5,0.5
Set 14,14,base,TFTSet14,15.12,TFT14_Samira,Samira,Demon Trigger,FalloffPercent,0.2,0.2,0.2,0.2,0.2,0.2,0.2,0.2
Set 14,14,base,TFTSet14,15.12,TFT14_Samira,Samira,Demon Trigger,NumBullets,20,20,20,20,20,20,20,20
Set 14,14,base,TFTSet14,15.12,TFT14_Samira,Samira,Demon Trigger,Omnivamp,0.12/0.12/1,0.25,0.12,0.12,1,1,0.25,0.25
Set 14,14,base,TFTSet14,15.12,TFT14_Samira,Samira,Demon Trigger,SlideADDamage,5/5/50,4,5,5,50,50,4,4
Set 14,14,base,TFTSet14,15.12,TFT14_Samira,Samira,Demon Trigger,VolleyDuration,2,2,2,2,2,2,2,2
Set 14,14,base,TFTSet14,15.12,TFT14_Sejuani,Sejuani,Blue Screen,BonusResists,0.3,0.3,0.3,0.3,0.3,0.3,0.3,0.3
Set 14,14,base,TFTSet14,15.12,TFT14_Sejuani,Sejuani,Blue Screen,Damage,120/180/1800,0,120,180,1800,2000,0,0
Set 14,14,base,TFTSet14,15.12,TFT14_Sejuani,Sejuani,Blue Screen,Delay,2,2,2,2,2,2,2,2
Set 14,14,base,TFTSet14,15.12,TFT14_Sejuani,Sejuani,Blue Screen,HexRange,3,3,3,3,3,3,3,3
Set 14,14,base,TFTSet14,15.12,TFT14_Sejuani,Sejuani,Blue Screen,StunDuration,1.75/2/8,0,1.75,2,8,8,0,0
Set 14,14,base,TFTSet14,15.12,TFT14_Senna,Senna,Ion Beam,SpellADPercent,2.8/2.8/3,2.5,2.8,2.8,3,3.2,2.5,2.5
Set 14,14,base,TFTSet14,15.12,TFT14_Senna,Senna,Ion Beam,SpellAPPercent,20/30/45,0.5,20,30,45,60,0.5,0.5
Set 14,14,base,TFTSet14,15.12,TFT14_Senna,Senna,Ion Beam,SplitADPercent,0.45,0.45,0.45,0.45,0.45,0.45,0.45,0.45
Set 14,14,base,TFTSet14,15.12,TFT14_Seraphine,Seraphine,Ping(),BaseDamage,250/375/600,95,250,375,600,825,0,0
Set 14,14,base,TFTSet14,15.12,TFT14_Seraphine,Seraphine,Ping(),DamageMod,0.4,0.4,0.4,0.4,0.4,0.4,0.4,0.4
Set 14,14,base,TFTSet14,15.12,TFT14_Shaco,Shaco,Felony Fantastique,ADPercentGain,0.015,0.015,0.015,0.015,0.015,0.015,0.015,0.015
Set 14,14,base,TFTSet14,15.12,TFT14_Shaco,Shaco,Felony Fantastique,APDamage,40/60/90,0,40,60,90,120,0,0
Set 14,14,base,TFTSet14,15.12,TFT14_Shaco,Shaco,Felony Fantastique,BossRecastMultiplier,0.75,0.75,0.75,0.75,0.75,0.75,0.75,0.75
Set 14,14,base,TFTSet14,15.12,TFT14_Shaco,Shaco,Felony Fantastique,PercentAttackDamage,3,3,3,3,3,3,3,3
Set 14,14,base,TFTSet14,15.12,TFT14_Shaco,Shaco,Felony Fantastique,T1DamageMod,0.5,0.5,0.5,0.5,0.5,0.5,0.5,0.5
Set 14,14,base,TFTSet14,15.12,TFT14_Shaco,Shaco,Felony Fantastique,T1HexRange,3,3,3,3,3,3,3,3
Set 14,14,base,TFTSet14,15.12,TFT14_Shaco,Shaco,Felony Fantastique,T3DamageMod,0.66,0.66,0.66,0.66,0.66,0.66,0.66,0.66
Set 14,14,base,TFTSet14,15.12,TFT14_Shyvana,Shyvana,Burnout,APDamage,18/27/40,0,18,27,40,60,0,0
Set 14,14,base,TFTSet14,15.12,TFT14_Shyvana,Shyvana,Burnout,APHealth,200/270/340,0,200,270,340,350,0,0
Set 14,14,base,TFTSet14,15.12,TFT14_Shyvana,Shyvana,Burnout,DamageAmp,0.1,0.1,0.1,0.1,0.1,0.1,0.1,0.1
Set 14,14,base,TFTSet14,15.12,TFT14_Shyvana,Shyvana,Burnout,HealPerTickBase,6/8/10,0,6,8,10,20,0,0
Set 14,14,base,TFTSet14,15.12,TFT14_Shyvana,Shyvana,Burnout,HealPerTickPercent,0.01,0.01,0.01,0.01,0.01,0.01,0.01,0.01
Set 14,14,base,TFTSet14,15.12,TFT14_Shyvana,Shyvana,Burnout,PercentHealthDamage,0.01,0.01,0.01,0.01,0.01,0.01,0.01,0.01
Set 14,14,base,TFTSet14,15.12,TFT14_Skarner,Skarner,Missile Defense,BaseDamage,40/60/90,50,40,60,90,120,50,50
Set 14,14,base,TFTSet14,15.12,TFT14_Skarner,Skarner,Missile Defense,BaseShield,325/375/450,0,325,375,450,525,0,0
Set 14,14,base,TFTSet14,15.12,TFT14_Skarner,Skarner,Missile Defense,Duration,3,3,3,3,3,3,3,3
Set 14,14,base,TFTSet14,15.12,TFT14_Skarner,Skarner,Missile Defense,HexRange,1,1,1,1,1,1,1,1
Set 14,14,base,TFTSet14,15.12,TFT14_Skarner,Skarner,Missile Defense,ReducedDamage,0.5,0.5,0.5,0.5,0.5,0.5,0.5,0.5
Set 14,14,base,TFTSet14,15.12,TFT14_Skarner,Skarner,Missile Defense,ResistsDamageRatio,1.7/2.55/4.25,1,1.7,2.55,4.25,5.95,1,1
Set 14,14,base,TFTSet14,15.12,TFT_ArmoryKeySupport,Support item anvil,Support item anvil,RoundsToHatch,2,2,2,2,2,2,2,2
Set 14,14,base,TFTSet14,15.12,TFT14_Sylas,Sylas,Chains of the Pack,APHealth,150/200/250,0,150,200,250,300,0,0
Set 14,14,base,TFTSet14,15.12,TFT14_Sylas,Sylas,Chains of the Pack,BaseDamage,100/150/225,0,100,150,225,300,0,0
Set 14,14,base,TFTSet14,15.12,TFT14_Sylas,Sylas,Chains of the Pack,DamageHealthRatio,0.1,0.1,0.1,0.1,0.1,0.1,0.1,0.1
Set 14,14,base,TFTSet14,15.12,TFT14_Sylas,Sylas,Chains of the Pack,OnKillHealth,75/100/125,0,75,100,125,150,0,0
Set 14,14,base,TFTSet14,15.12,TFT14_AnnieTibbers,Tibbers,Meltdown,BurnDuration,5,5,5,5,5,5,5,5
Set 14,14,base,TFTSet14,15.12,TFT14_AnnieTibbers,Tibbers,Meltdown,Radius,2,2,2,2,2,2,2,2
Set 14,14,base,TFTSet14,15.12,TFT14_AnnieTibbers,Tibbers,Meltdown,TibbersASPerAmp,0.3,0.3,0.3,0.3,0.3,0.3,0.3,0.3
Set 14,14,base,TFTSet14,15.12,TFT14_AnnieTibbers,Tibbers,Meltdown,TibbersBonusASBase,0.6,0.6,0.6,0.6,0.6,0.6,0.6,0.6
Set 14,14,base,TFTSet14,15.12,TFT14_AnnieTibbers,Tibbers,Meltdown,TibbersBonusHealth,500/700/1000,300,500,700,1000,1000,300,300
Set 14,14,base,TFTSet14,15.12,TFT14_AnnieTibbers,Tibbers,Meltdown,TibbersHealth,10/100/4000,400,10,100,4000,5000,0,0
Set 14,14,base,TFTSet14,15.12,TFT14_AnnieTibbers,Tibbers,Meltdown,TibbersStageHealth,100,100,100,100,100,100,100,100
Set 14,14,base,TFTSet14,15.12,TFT14_EmblemArmoryKey,Tome of Traits,Tome of Traits,ProbabilityPerTrait,0.25,0.25,0.25,0.25,0.25,0.25,0.25,0.25
Set 14,14,base,TFTSet14,15.12,TFT14_EmblemArmoryKey,Tome of Traits,Tome of Traits,RoundsToHatch,2,2,2,2,2,2,2,2
Set 14,14,base,TFTSet14,15.12,TFT5_EmblemArmoryKey,Tome of Traits,Tome of Traits,RoundsToHatch,2,2,2,2,2,2,2,2
Set 14,14,base,TFTSet14,15.12,TFT14_TwistedFate,Twisted Fate,Ace High,APGain,1.5,1.5,1.5,1.5,1.5,1.5,1.5,1.5
Set 14,14,base,TFTSet14,15.12,TFT14_TwistedFate,Twisted Fate,Ace High,BaseDamage,220/330/500,0,220,330,500,670,450,450
Set 14,14,base,TFTSet14,15.12,TFT14_TwistedFate,Twisted Fate,Ace High,T1BonusDamage,245/365/550,0,245,365,550,735,0,0
Set 14,14,base,TFTSet14,15.12,TFT14_TwistedFate,Twisted Fate,Ace High,T1DebuffDuration,110/165/255,100,110,165,255,345,100,100
Set 14,14,base,TFTSet14,15.12,TFT14_TwistedFate,Twisted Fate,Ace High,T1Gold,1,1,1,1,1,1,1,1
Set 14,14,base,TFTSet14,15.12,TFT14_TwistedFate,Twisted Fate,Ace High,T1GoldChance,8,8,8,8,8,8,8,8
Set 14,14,base,TFTSet14,15.12,TFT14_TwistedFate,Twisted Fate,Ace High,T1Mana,25,25,25,25,25,25,25,25
Set 14,14,base,TFTSet14,15.12,TFT14_TwistedFate,Twisted Fate,Ace High,TDPercent,0.5,0.5,0.5,0.5,0.5,0.5,0.5,0.5
Set 14,14,base,TFTSet14,15.12,TFT14_Urgot,Urgot,Fear Beyond Death,AttackSpeed,1.25/1.25/5,1.5,1.25,1.25,5,5,1.5,1.5
Set 14,14,base,TFTSet14,15.12,TFT14_Urgot,Urgot,Fear Beyond Death,ComponentChance,10/33/100,15,10,33,100,15,15,15
Set 14,14,base,TFTSet14,15.12,TFT14_Urgot,Urgot,Fear Beyond Death,Duration,5/5/60,5,5,5,60,5,5,5
Set 14,14,base,TFTSet14,15.12,TFT14_Urgot,Urgot,Fear Beyond Death,ExecuteThreshold,0.15/0.15/0.95,0.15,0.15,0.15,0.95,0.99,1,0.2
Set 14,14,base,TFTSet14,15.12,TFT14_Urgot,Urgot,Fear Beyond Death,GoldChance,25/50/100,20,25,50,100,20,20,20
Set 14,14,base,TFTSet14,15.12,TFT14_Urgot,Urgot,Fear Beyond Death,MissileADPercent,1/1/10,0.75,1,1,10,10,0.75,0.75
Set 14,14,base,TFTSet14,15.12,TFT14_Urgot,Urgot,Fear Beyond Death,MissileBaseDamage,8/12/100,0,8,12,100,200,0,0
Set 14,14,base,TFTSet14,15.12,TFT14_Urgot,Urgot,Fear Beyond Death,NumMissiles,3,3,3,3,3,3,3,3
Set 14,14,base,TFTSet14,15.12,TFT14_Varus,Varus,Malware Chain,MainTargetBaseDamage,200/300/480,0,200,300,480,660,4,4
Set 14,14,base,TFTSet14,15.12,TFT14_Varus,Varus,Malware Chain,NumAdditionalTargets,3,3,3,3,3,3,3,3
Set 14,14,base,TFTSet14,15.12,TFT14_Varus,Varus,Malware Chain,SecondaryTargetBaseDamage,100/150/240,0,100,150,240,330,0,0
Set 14,14,base,TFTSet14,15.12,TFT14_Varus,Varus,Malware Chain,StunDuration,1,1,1,1,1,1,1,1
Set 14,14,base,TFTSet14,15.12,TFT14_Vayne,Vayne,Bat Bolts,BaseFinalMagicDamage,10/15/25,10,10,15,25,35,10,10
Set 14,14,base,TFTSet14,15.12,TFT14_Vayne,Vayne,Bat Bolts,FinalTrueDamageADRatio,1.6,1.6,1.6,1.6,1.6,1.6,1.6,1.6
Set 14,14,base,TFTSet14,15.12,TFT14_Vayne,Vayne,Bat Bolts,NumAttacks,3,3,3,3,3,3,3,3
Set 14,14,base,TFTSet14,15.12,TFT14_Vayne,Vayne,Bat Bolts,TrueDamageADRatio,0.5,0.5,0.5,0.5,0.5,0.5,0.5,0.5
Set 14,14,base,TFTSet14,15.12,TFT14_Veigar,Veigar,Cyber Supremacy,Damage,320/450/600,0,320,450,600,750,0,0
Set 14,14,base,TFTSet14,15.12,TFT14_Veigar,Veigar,Cyber Supremacy,HigherStarPercentTrueDamage,0.4,0.4,0.4,0.4,0.4,0.4,0.4,0.4
Set 14,14,base,TFTSet14,15.12,TFT14_Veigar,Veigar,Cyber Supremacy,ReducedDamage,125/170/240,0.3,125,170,240,310,0.3,0.3
Set 14,14,base,TFTSet14,15.12,TFT14_Veigar,Veigar,Cyber Supremacy,SameStarPercentTrueDamage,0.25,0.25,0.25,0.25,0.25,0.25,0.25,0.25
Set 14,14,base,TFTSet14,15.12,TFT14_Vex,Vex,Retribution,AOEDamage,100/150/600,0,100,150,600,900,0,0
Set 14,14,base,TFTSet14,15.12,TFT14_Vex,Vex,Retribution,AoEDamageHexRange,1,1,1,1,1,1,1,1
Set 14,14,base,TFTSet14,15.12,TFT14_Vex,Vex,Retribution,Damage,180/270/1100,0,180,270,1100,1800,0,0
Set 14,14,base,TFTSet14,15.12,TFT14_Vex,Vex,Retribution,InitialDamage,100/150/600,0,100,150,600,900,0,0
Set 14,14,base,TFTSet14,15.12,TFT14_Vex,Vex,Retribution,OmnivampAmt,0.15,0.15,0.15,0.15,0.15,0.15,0.15,0.15
Set 14,14,base,TFTSet14,15.12,TFT14_Vex,Vex,Retribution,OverhealConversion,1.5,1.5,1.5,1.5,1.5,1.5,1.5,1.5
Set 14,14,base,TFTSet14,15.12,TFT14_Vi,Vi,Block Chain,BaseDamageRatio,5,5,5,5,5,5,5,5
Set 14,14,base,TFTSet14,15.12,TFT14_Vi,Vi,Block Chain,BaseShield,275/350/500,2,275,350,500,650,2,2
Set 14,14,base,TFTSet14,15.12,TFT14_Vi,Vi,Block Chain,Duration,4,4,4,4,4,4,4,4
Set 14,14,base,TFTSet14,15.12,TFT14_Vi,Vi,Block Chain,ShieldHealthRatio,0.15,0.15,0.15,0.15,0.15,0.15,0.15,0.15
Set 14,14,base,TFTSet14,15.12,TFT14_Viego,Viego,Holoblade,BaseDamage,200/300/10000,160,200,300,10000,40000,150,150
Set 14,14,base,TFTSet14,15.12,TFT14_Viego,Viego,Holoblade,BaseSplashDamage,90/135/10000,180,90,135,10000,40000,180,180
Set 14,14,base,TFTSet14,15.12,TFT14_Viego,Viego,Holoblade,DamageRadius,2,2,2,2,2,2,2,2
Set 14,14,base,TFTSet14,15.12,TFT14_Viego,Viego,Holoblade,JumpRange,2,2,2,2,2,2,2,2
Set 14,14,base,TFTSet14,15.12,TFT14_Viego,Viego,Holoblade,ShredDuration,4,4,4,4,4,4,4,4
Set 14,14,base,TFTSet14,15.12,TFT14_Viego,Viego,Holoblade,SoulHealPercent,0.05/0.05/1,0.06,0.05,0.05,1,1,0.06,0.06
Set 14,14,base,TFTSet14,15.12,TFT14_Viego,Viego,Holoblade,TooltipShred,20,20,20,20,20,20,20,20
Set 14,14,base,TFTSet14,15.12,TFT14_Viego,Viego,Holoblade,TrueDamagePerSoul,10/15/150,160,10,15,150,200,160,160
Set 14,14,base,TFTSet14,15.12,TFT14_Xayah,Xayah,Buffer Overflow,BaseExplosionDamage,0.35/0.35/1,0.45,0.35,0.35,1,1,0.45,0.45
Set 14,14,base,TFTSet14,15.12,TFT14_Xayah,Xayah,Buffer Overflow,CastADPercent,1.5/1.5/4,0.9,1.5,1.5,4,3,0.9,0.9
Set 14,14,base,TFTSet14,15.12,TFT14_Xayah,Xayah,Buffer Overflow,DamageBonus,0.01,0.01,0.01,0.01,0.01,0.01,0.01,0.01
Set 14,14,base,TFTSet14,15.12,TFT14_Xayah,Xayah,Buffer Overflow,ExplosionBaseSearchRadius,2,2,2,2,2,2,2,2
Set 14,14,base,TFTSet14,15.12,TFT14_Xayah,Xayah,Buffer Overflow,FeatherCount,6,6,6,6,6,6,6,6
Set 14,14,base,TFTSet14,15.12,TFT14_Xayah,Xayah,Buffer Overflow,FeathersPerSimulatedAttack,3,3,3,3,3,3,3,3
Set 14,14,base,TFTSet14,15.12,TFT14_Xayah,Xayah,Buffer Overflow,SpellBaseDamage,20/30/200,0,20,30,200,370,0,0
Set 14,14,base,TFTSet14,15.12,TFT14_Yuumi,Yuumi,Yuum.AI,BaseDamage,100/150/235,2,100,150,235,320,2,2
Set 14,14,base,TFTSet14,15.12,TFT14_Yuumi,Yuumi,Yuum.AI,BaseManaPerSec,,,,,,,,
Set 14,14,base,TFTSet14,15.12,TFT14_Yuumi,Yuumi,Yuum.AI,ManaPerAmp,3,3,3,3,3,3,3,3
Set 14,14,base,TFTSet14,15.12,TFT14_Yuumi,Yuumi,Yuum.AI,MarkMultiplier,1.9,1.9,1.9,1.9,1.9,1.9,1.9,1.9
Set 14,14,base,TFTSet14,15.12,TFT14_Yuumi,Yuumi,Yuum.AI,NumMissiles,2,2,2,2,2,2,2,2
Set 14,14,base,TFTSet14,15.12,TFT14_Yuumi,Yuumi,Yuum.AI,SecondaryDamage,60/90/140,0,60,90,140,190,0,0
Set 14,14,base,TFTSet14,15.12,TFT14_Zac,Zac,Replicating Malware,APDamage,115/175/1000,0,115,175,1000,4000,0,0
Set 14,14,base,TFTSet14,15.12,TFT14_Zac,Zac,Replicating Malware,BaseHeal,80/100/2000,0,80,100,2000,4000,0.6,0.6
Set 14,14,base,TFTSet14,15.12,TFT14_Zac,Zac,Replicating Malware,BounceCount,3,3,3,3,3,3,3,3
Set 14,14,base,TFTSet14,15.12,TFT14_Zac,Zac,Replicating Malware,NumCopies,2,2,2,2,2,2,2,2
Set 14,14,base,TFTSet14,15.12,TFT14_Zac,Zac,Replicating Malware,PassiveHealthTriggerPercent,0.5/0.5/1,0.5,0.5,0.5,1,1,0.5,0.5
Set 14,14,base,TFTSet14,15.12,TFT14_Zac,Zac,Replicating Malware,PercentHealthDamage,0.08/0.08/0.5,0.12,0.08,0.08,0.5,0.5,0.12,0.12
Set 14,14,base,TFTSet14,15.12,TFT14_Zac,Zac,Replicating Malware,SplitPercentHealth,0.1,0.1,0.1,0.1,0.1,0.1,0.1,0.1
Set 14,14,base,TFTSet14,15.12,TFT14_Zac,Zac,Replicating Malware,StunDuration,1,1,1,1,1,1,1,1
Set 14,14,base,TFTSet14,15.12,TFT14_Zed,Zed,Cutthroat Business,BaseShadowSpinDamage,2.7/2.7/7,0,2.7,2.7,7,8,0,0
Set 14,14,base,TFTSet14,15.12,TFT14_Zed,Zed,Cutthroat Business,BaseShurikenDamage,40/60/800,75,40,60,800,1200,75,75
Set 14,14,base,TFTSet14,15.12,TFT14_Zed,Zed,Cutthroat Business,BaseSpinDamage,2.7/2.7/7,3,2.7,2.7,7,8,3,3
Set 14,14,base,TFTSet14,15.12,TFT14_Zed,Zed,Cutthroat Business,SearchRange,4,4,4,4,4,4,4,4
Set 14,14,base,TFTSet14,15.12,TFT14_Zeri,Zeri,Hyperthread Rush,BaseDuration,2/2/5,2,2,2,5,5,4,4
Set 14,14,base,TFTSet14,15.12,TFT14_Zeri,Zeri,Hyperthread Rush,CopyDamagePercent,0.4/0.4/2,0.65,0.4,0.4,2,2.5,1,1
Set 14,14,base,TFTSet14,15.12,TFT14_Zeri,Zeri,Hyperthread Rush,ScalingDuration,3/3/5,2,3,3,5,5,2,2
Set 14,14,base,TFTSet14,15.12,TFT14_Ziggs,Ziggs,Bomberyordle,BombRadius,120,120,120,120,120,120,120,120
Set 14,14,base,TFTSet14,15.12,TFT14_Ziggs,Ziggs,Bomberyordle,BossDamage,130/200/900,0,130,200,900,835,0,0
Set 14,14,base,TFTSet14,15.12,TFT14_Ziggs,Ziggs,Bomberyordle,Damage,250/375/1500,0,250,375,1500,2100,200,240
Set 14,14,base,TFTSet14,15.12,TFT14_Ziggs,Ziggs,Bomberyordle,HexRange,1,1,1,1,1,1,1,1
Set 14,14,base,TFTSet14,15.12,TFT14_Ziggs,Ziggs,Bomberyordle,SingleTargetDamagePercentIncrease,1,1,1,1,1,1,1,1
Set 14,14,base,TFTSet14,15.12,TFT14_Zyra,Zyra,Stroke of Brilliance,SecondaryDamage,145/220/330,0,145,220,330,440,0,0
Set 14,14,base,TFTSet14,15.12,TFT14_Zyra,Zyra,Stroke of Brilliance,StunDuration,1,1,1,1,1,1,1,1
Set 14,14,base,TFTSet14,15.12,TFT14_Zyra,Zyra,Stroke of Brilliance,TargetDamage,290/435/660,0,290,435,660,885,0,0
Set 15,15,base,TFTSet15,16.4,TFT15_Aatrox,Aatrox,Blade Vigor,ADDamage,120/180/270,180,120,180,270,360,2.75,2.75
Set 15,15,base,TFTSet15,16.4,TFT15_Aatrox,Aatrox,Blade Vigor,APDamage,25/40/55,0,25,40,55,70,0,0
Set 15,15,base,TFTSet15,16.4,TFT15_Aatrox,Aatrox,Blade Vigor,APHealing,100/105/110,0,100,105,110,115,0,0
Set 15,15,base,TFTSet15,16.4,TFT15_Aatrox,Aatrox,Blade Vigor,AmountIncreaseMax,1,1,1,1,1,1,1,1
Set 15,15,base,TFTSet15,16.4,TFT15_Aatrox,Aatrox,Blade Vigor,PercentMaximumHealthHealing,0.04,0.04,0.04,0.04,0.04,0.04,0.04,0.04
Set 15,15,base,TFTSet15,16.4,TFT15_Ahri,Ahri,Pure Heart Breaker,APTimer,1,1,1,1,1,1,1,1
Set 15,15,base,TFTSet15,16.4,TFT15_Ahri,Ahri,Pure Heart Breaker,Damage,460/690/1275,0,460,690,1275,1860,0,0
Set 15,15,base,TFTSet15,16.4,TFT15_Ahri,Ahri,Pure Heart Breaker,MaxDamageAmp,0.5,0.5,0.5,0.5,0.5,0.5,0.5,0.5
Set 15,15,base,TFTSet15,16.4,TFT15_Ahri,Ahri,Pure Heart Breaker,OverkillBaseDamage,10/15/25,0,10,15,25,35,0,0
Set 15,15,base,TFTSet15,16.4,TFT15_Ahri,Ahri,Pure Heart Breaker,OverkillPercent,0.8,0.8,0.8,0.8,0.8,0.8,0.8,0.8
Set 15,15,base,TFTSet15,16.4,TFT15_Ahri,Ahri,Pure Heart Breaker,OverkillTargetSpreadCount,2,2,2,2,2,2,2,2
Set 15,15,base,TFTSet15,16.4,TFT15_Ahri,Ahri,Pure Heart Breaker,TeamworkStunDuration,1,1,1,1,1,1,1,1
Set 15,15,base,TFTSet15,16.4,TFT15_Akali,Akali,Piercing Phantom Strike,Base_Dash_Damage,75/115/1500,0,75,115,1500,2000,2,2
Set 15,15,base,TFTSet15,16.4,TFT15_Akali,Akali,Piercing Phantom Strike,Base_Strike_Damage,95/145/1000,0,95,145,1000,2000,0,0
Set 15,15,base,TFTSet15,16.4,TFT15_Akali,Akali,Piercing Phantom Strike,HexSearchRange,4,4,4,4,4,4,4,4
Set 15,15,base,TFTSet15,16.4,TFT15_Akali,Akali,Piercing Phantom Strike,SingleEnemyDashes,3,3,3,3,3,3,3,3
Set 15,15,base,TFTSet15,16.4,TFT_ArmoryKeyOrnn,Artifact Item Anvil,Artifact Item Anvil,RoundsToHatch,2,2,2,2,2,2,2,2
Set 15,15,base,TFTSet15,16.4,TFT15_Ashe,Ashe,Gates of Avarosa,APDamagePerArrow,2/3/15,0,2,3,15,27,0,0
Set 15,15,base,TFTSet15,16.4,TFT15_Ashe,Ashe,Gates of Avarosa,AttackCount,8,8,8,8,8,8,8,8
Set 15,15,base,TFTSet15,16.4,TFT15_Ashe,Ashe,Gates of Avarosa,BaseArrows,8,8,8,8,8,8,8,8
Set 15,15,base,TFTSet15,16.4,TFT15_Ashe,Ashe,Gates of Avarosa,DamagePerArrow,20/35/150,1,20,35,150,265,2,2
Set 15,15,base,TFTSet15,16.4,TFT15_Ashe,Ashe,Gates of Avarosa,NumPortals,6,6,6,6,6,6,6,6
Set 15,15,base,TFTSet15,16.4,TFT15_Braum,Braum,El Tigre Tornado,AOEDamage,310/465/4501,0,310,465,4501,4501,0,0
Set 15,15,base,TFTSet15,16.4,TFT15_Braum,Braum,El Tigre Tornado,BaseSpellDamage,575/865/9001,0,575,865,9001,9001,0,0
Set 15,15,base,TFTSet15,16.4,TFT15_Braum,Braum,El Tigre Tornado,BaseThrowDamage,100/150/2000,0,100,150,2000,0,0,0
Set 15,15,base,TFTSet15,16.4,TFT15_Braum,Braum,El Tigre Tornado,Duration,1.5,1.5,1.5,1.5,1.5,1.5,1.5,1.5
Set 15,15,base,TFTSet15,16.4,TFT15_Braum,Braum,El Tigre Tornado,ExecuteThresholdAP,0.18,0.18,0.18,0.18,0.18,0.18,0.18,0.18
Set 15,15,base,TFTSet15,16.4,TFT15_Braum,Braum,El Tigre Tornado,ExecuteThresholdFlat,,,,,,,,
Set 15,15,base,TFTSet15,16.4,TFT15_Braum,Braum,El Tigre Tornado,Radius_INSCRIPT_FORTOOLTIPONLY,2,2,2,2,2,2,2,2
Set 15,15,base,TFTSet15,16.4,TFT15_Braum,Braum,El Tigre Tornado,TossHexRange_INSCRIPT_FORTOOLTIPONLY,3,3,3,3,3,3,3,3
Set 15,15,base,TFTSet15,16.4,TFT15_Caitlyn,Caitlyn,Magic Bouncing Bullet,ADDamage,330/495/790,500,330,495,790,1120,8.5,8.5
Set 15,15,base,TFTSet15,16.4,TFT15_Caitlyn,Caitlyn,Magic Bouncing Bullet,APDamage,30/45/70,20,30,45,70,95,60,60
Set 15,15,base,TFTSet15,16.4,TFT15_Caitlyn,Caitlyn,Magic Bouncing Bullet,BouncesPerPotential,1,1,1,1,1,1,1,1
Set 15,15,base,TFTSet15,16.4,TFT15_Caitlyn,Caitlyn,Magic Bouncing Bullet,NumBounces,1,1,1,1,1,1,1,1
Set 15,15,base,TFTSet15,16.4,TFT15_Caitlyn,Caitlyn,Magic Bouncing Bullet,PotentialBounceDamageReduction,1,1,1,1,1,1,1,1
Set 15,15,base,TFTSet15,16.4,TFT15_Caitlyn,Caitlyn,Magic Bouncing Bullet,SecondaryAD,85/130/205,120,85,130,205,285,2,2
Set 15,15,base,TFTSet15,16.4,TFT15_Caitlyn,Caitlyn,Magic Bouncing Bullet,UltimateAdditionalShots,1,1,1,1,1,1,1,1
Set 15,15,base,TFTSet15,16.4,TFT_ArmoryKeyCompleted,Completed Item Anvil,Completed Item Anvil,RoundsToHatch,2,2,2,2,2,2,2,2
Set 15,15,base,TFTSet15,16.4,TFT_ArmoryKeyComponent,Component Anvil,Component Anvil,RoundsToHatch,2,2,2,2,2,2,2,2
Set 15,15,base,TFTSet15,16.4,TFT15_Darius,Darius,Grand Guillotine,BaseDamageAD,215/325/520,4.5,215,325,520,715,4.5,4.5
Set 15,15,base,TFTSet15,16.4,TFT15_Darius,Darius,Grand Guillotine,HealAmount,90/130/170,200,90,130,170,210,200,200
Set 15,15,base,TFTSet15,16.4,TFT15_Darius,Darius,Grand Guillotine,HealthThresholdRatio,0.5,0.5,0.5,0.5,0.5,0.5,0.5,0.5
Set 15,15,base,TFTSet15,16.4,TFT15_Darius,Darius,Grand Guillotine,PercentDamageFalloff,0.75,0.75,0.75,0.75,0.75,0.75,0.75,0.75
Set 15,15,base,TFTSet15,16.4,TFT15_Darius,Darius,Grand Guillotine,TankDamageIncrease,0.6,0.6,0.6,0.6,0.6,0.6,0.6,0.6
Set 15,15,base,TFTSet15,16.4,TFT15_ZyraThornPlant,Deadly Spine,Crystal Barbs,Damage,90/135/500,40,90,135,500,1000,250,250
Set 15,15,base,TFTSet15,16.4,TFT15_DrMundo,Dr. Mundo,Steel Chair Slam,ADDamage,50/75/125,50,50,75,125,175,4,4
Set 15,15,base,TFTSet15,16.4,TFT15_DrMundo,Dr. Mundo,Steel Chair Slam,BaseHeal,240/280/350,300,240,280,350,420,0.18,0.18
Set 15,15,base,TFTSet15,16.4,TFT15_DrMundo,Dr. Mundo,Steel Chair Slam,Duration,1.5,1.5,1.5,1.5,1.5,1.5,1.5,1.5
Set 15,15,base,TFTSet15,16.4,TFT15_DrMundo,Dr. Mundo,Steel Chair Slam,PassiveCadence,7,7,7,7,7,7,7,7
Set 15,15,base,TFTSet15,16.4,TFT15_DrMundo,Dr. Mundo,Steel Chair Slam,PercentMaximumHealthDamage,0.08,0.08,0.08,0.08,0.08,0.08,0.08,0.08
Set 15,15,base,TFTSet15,16.4,TFT15_Ekko,Ekko,The World Stands Still,ASSlow,0.3,0,0.3,0.3,0.3,0.3,0.3,0.3
Set 15,15,base,TFTSet15,16.4,TFT15_Ekko,Ekko,The World Stands Still,BaseDelayBetweenAttacks,0.3,0.3,0.3,0.3,0.3,0.3,0.3,0.3
Set 15,15,base,TFTSet15,16.4,TFT15_Ekko,Ekko,The World Stands Still,BonusDamage,200/300/600,120,200,300,600,900,350,350
Set 15,15,base,TFTSet15,16.4,TFT15_Ekko,Ekko,The World Stands Still,NumAttacks,7,7,7,7,7,7,7,7
Set 15,15,base,TFTSet15,16.4,TFT15_Ekko,Ekko,The World Stands Still,NumEnemies,4,4,4,4,4,4,4,4
Set 15,15,base,TFTSet15,16.4,TFT15_Ekko,Ekko,The World Stands Still,SlowDuration,1.5/2/2.5,1.5,1.5,2,2.5,3,3,3
Set 15,15,base,TFTSet15,16.4,TFT15_Ekko,Ekko,The World Stands Still,TooltipDamage,1,1,1,1,1,1,1,1
Set 15,15,base,TFTSet15,16.4,TFT15_Ezreal,Ezreal,Rising Spell Force,ADDamage,115/175/300,150,115,175,300,425,2.3,2.3
Set 15,15,base,TFTSet15,16.4,TFT15_Ezreal,Ezreal,Rising Spell Force,APDamage,230/350/600,130,230,350,600,850,2.5,2.5
Set 15,15,base,TFTSet15,16.4,TFT15_Ezreal,Ezreal,Rising Spell Force,BonusADPerPotential,4,4,4,4,4,4,4,4
Set 15,15,base,TFTSet15,16.4,TFT15_Ezreal,Ezreal,Rising Spell Force,BonusAPPerPotential,4,4,4,4,4,4,4,4
Set 15,15,base,TFTSet15,16.4,TFT15_Ezreal,Ezreal,Rising Spell Force,HexDistance,2,2,2,2,2,2,2,2
Set 15,15,base,TFTSet15,16.4,TFT15_Ezreal,Ezreal,Rising Spell Force,PotentialAS,0.35,0.35,0.35,0.35,0.35,0.35,0.35,0.35
Set 15,15,base,TFTSet15,16.4,TFT15_Ezreal,Ezreal,Rising Spell Force,PotentialDuration,5,5,5,5,5,5,5,5
Set 15,15,base,TFTSet15,16.4,TFT15_Ezreal,Ezreal,Rising Spell Force,UltimateMagicDamage,240/390/640,180,240,390,640,900,0,0
Set 15,15,base,TFTSet15,16.4,TFT15_Ezreal,Ezreal,Rising Spell Force,UltimateNumBlasts,3,3,3,3,3,3,3,3
Set 15,15,base,TFTSet15,16.4,TFT15_Ezreal,Ezreal,Rising Spell Force,UltimatePhysicalDamage,180/260/480,200,180,260,480,600,0,0
Set 15,15,base,TFTSet15,16.4,TFT15_Gangplank,Gangplank,Golden Giga Gun,ADDamage,305/460/815,0,305,460,815,1170,0,0
Set 15,15,base,TFTSet15,16.4,TFT15_Gangplank,Gangplank,Golden Giga Gun,BonusGoldChancePerTenDamageOverkill,0.3,0.3,0.3,0.3,0.3,0.3,0.3,0.3
Set 15,15,base,TFTSet15,16.4,TFT15_Gangplank,Gangplank,Golden Giga Gun,GoldChanceAPRatio,30,30,30,30,30,30,30,30
Set 15,15,base,TFTSet15,16.4,TFT15_Gangplank,Gangplank,Golden Giga Gun,KillGoldChanceBase,,,,,,,,
Set 15,15,base,TFTSet15,16.4,TFT15_Garen,Garen,Mighty Blade of Justice,APHealing,330/360/390,0,330,360,390,430,0,0
Set 15,15,base,TFTSet15,16.4,TFT15_Garen,Garen,Mighty Blade of Justice,BaseSpellDamage,80/100/125,0,80,100,125,150,0,0
Set 15,15,base,TFTSet15,16.4,TFT15_Garen,Garen,Mighty Blade of Justice,HealthGainBase,2/4/6,5,2,4,6,8,5,5
Set 15,15,base,TFTSet15,16.4,TFT15_Garen,Garen,Mighty Blade of Justice,HealthPerPotential,4,4,4,4,4,4,4,4
Set 15,15,base,TFTSet15,16.4,TFT15_Garen,Garen,Mighty Blade of Justice,HealthPercentDamage,0.1,0.1,0.1,0.1,0.1,0.1,0.1,0.1
Set 15,15,base,TFTSet15,16.4,TFT15_Garen,Garen,Mighty Blade of Justice,PercentMaximumHealthHealing,0.08,0.08,0.08,0.08,0.08,0.08,0.08,0.08
Set 15,15,base,TFTSet15,16.4,TFT15_Garen,Garen,Mighty Blade of Justice,UltimateCadence,3,3,3,3,3,3,3,3
Set 15,15,base,TFTSet15,16.4,TFT15_Garen,Garen,Mighty Blade of Justice,UltimateHeroismStacks,4,4,4,4,4,4,4,4
Set 15,15,base,TFTSet15,16.4,TFT15_Garen,Garen,Mighty Blade of Justice,UltimatePassiveHealthGain,0.1,0.1,0.1,0.1,0.1,0.1,0.1,0.1
Set 15,15,base,TFTSet15,16.4,TFT15_Gnar,Gnar,Gadagadagada!,ASPerStack,0.08,0.11,0.08,0.08,0.08,0.08,0.16,0.17
Set 15,15,base,TFTSet15,16.4,TFT15_Gnar,Gnar,Gadagadagada!,AllyAD,0.2/0.25/0.35,0.3,0.2,0.25,0.35,0.4,0.3,0.3
Set 15,15,base,TFTSet15,16.4,TFT15_Gnar,Gnar,Gadagadagada!,GnarAD,0.9,0.9,0.9,0.9,0.9,0.9,0.9,0.9
Set 15,15,base,TFTSet15,16.4,TFT15_Gnar,Gnar,Gadagadagada!,MaxStacks,10,10,10,10,10,10,10,10
Set 15,15,base,TFTSet15,16.4,TFT15_Gnar,Gnar,Gadagadagada!,SpellDuration,6,6,6,6,6,6,6,6
Set 15,15,base,TFTSet15,16.4,TFT_BlueGolem,Golem,Golem Smash,Damage,300/480/750,100,300,480,750,1125,100,100
Set 15,15,base,TFTSet15,16.4,TFT15_ZyraGraspingPlant,Grasping Root,Crystal Barbs,Damage,70/105/500,40,70,105,500,1000,250,250
Set 15,15,base,TFTSet15,16.4,TFT15_Gwen,Gwen,Soul Stitch / Rip The Threads,BaseBurstDamage,80/120/9001,0,80,120,9001,9001,0,0
Set 15,15,base,TFTSet15,16.4,TFT15_Gwen,Gwen,Soul Stitch / Rip The Threads,BaseConeDamage,10/15/400,2,10,15,400,400,2,2
Set 15,15,base,TFTSet15,16.4,TFT15_Gwen,Gwen,Soul Stitch / Rip The Threads,BaseDividedDamage,320/450/9999,0,320,450,9999,9999,0,0
Set 15,15,base,TFTSet15,16.4,TFT15_Gwen,Gwen,Soul Stitch / Rip The Threads,BaseNeedleDamage,35/55/1000,4,35,55,1000,1000,4,4
Set 15,15,base,TFTSet15,16.4,TFT15_Gwen,Gwen,Soul Stitch / Rip The Threads,ConeSplitDamage,40/60/1000,0,40,60,1000,0,0,0
Set 15,15,base,TFTSet15,16.4,TFT15_Gwen,Gwen,Soul Stitch / Rip The Threads,NeedleCount,3,3,3,3,3,3,3,3
Set 15,15,base,TFTSet15,16.4,TFT15_Gwen,Gwen,Soul Stitch / Rip The Threads,ThreadIncrease,0.1,0.1,0.1,0.1,0.1,0.1,0.1,0.1
Set 15,15,base,TFTSet15,16.4,TFT15_Janna,Janna,Crystal Chrysalis,ButterflyDamage,130/195/310,0,130,195,310,425,0,0
Set 15,15,base,TFTSet15,16.4,TFT15_Janna,Janna,Crystal Chrysalis,NumButterflies,4,4,4,4,4,4,4,4
Set 15,15,base,TFTSet15,16.4,TFT15_Janna,Janna,Crystal Chrysalis,NumShields,2,2,2,2,2,2,2,2
Set 15,15,base,TFTSet15,16.4,TFT15_Janna,Janna,Crystal Chrysalis,ShieldAmount,80/100/135,100,80,100,135,170,100,100
Set 15,15,base,TFTSet15,16.4,TFT15_Janna,Janna,Crystal Chrysalis,ShieldDuration,4,4,4,4,4,4,4,4
Set 15,15,base,TFTSet15,16.4,TFT15_Janna,Janna,Crystal Chrysalis,SpellRangeInEnemies,2,2,2,2,2,2,2,2
Set 15,15,base,TFTSet15,16.4,TFT15_JarvanIV,Jarvan IV,Mega Drill Crash,APShield,400/450/1500,0,400,450,1500,3000,0,0
Set 15,15,base,TFTSet15,16.4,TFT15_JarvanIV,Jarvan IV,Mega Drill Crash,Damage,100/150/3000,0,100,150,3000,6000,0,0
Set 15,15,base,TFTSet15,16.4,TFT15_JarvanIV,Jarvan IV,Mega Drill Crash,HexRadius,2,2,2,2,2,2,2,2
Set 15,15,base,TFTSet15,16.4,TFT15_JarvanIV,Jarvan IV,Mega Drill Crash,PercentHealthShield,0.15,0.15,0.15,0.15,0.15,0.15,0.15,0.15
Set 15,15,base,TFTSet15,16.4,TFT15_JarvanIV,Jarvan IV,Mega Drill Crash,SearchRange,3,3,3,3,3,3,3,3
Set 15,15,base,TFTSet15,16.4,TFT15_JarvanIV,Jarvan IV,Mega Drill Crash,ShieldDuration,4,4,4,4,4,4,4,4
Set 15,15,base,TFTSet15,16.4,TFT15_JarvanIV,Jarvan IV,Mega Drill Crash,StunDuration,1.5/1.75/8,2.5,1.5,1.75,8,2.5,2.5,2.5
Set 15,15,base,TFTSet15,16.4,TFT15_Jayce,Jayce,Thundering Hammerstrike,ADDamage,200/300/480,180,200,300,480,660,3,3
Set 15,15,base,TFTSet15,16.4,TFT15_Jayce,Jayce,Thundering Hammerstrike,APDamage,20/30/50,15,20,30,50,70,2.5,2.5
Set 15,15,base,TFTSet15,16.4,TFT15_Jayce,Jayce,Thundering Hammerstrike,SparkArmorReduction,3,3,3,3,3,3,3,3
Set 15,15,base,TFTSet15,16.4,TFT15_Jayce,Jayce,Thundering Hammerstrike,SparkDamage,70/105/170,60,70,105,170,235,60,60
Set 15,15,base,TFTSet15,16.4,TFT15_Jayce,Jayce,Thundering Hammerstrike,SparkTargets,3,3,3,3,3,3,3,3
Set 15,15,base,TFTSet15,16.4,TFT15_Jayce,Jayce,Thundering Hammerstrike,SparksPerPotential,1,1,1,1,1,1,1,1
Set 15,15,base,TFTSet15,16.4,TFT15_Jayce,Jayce,Thundering Hammerstrike,UltimateSparkBounces,1,1,1,1,1,1,1,1
Set 15,15,base,TFTSet15,16.4,TFT15_Jhin,Jhin,The Curtain Falls,ADDamage,190/285/440,0,190,285,440,595,0,0
Set 15,15,base,TFTSet15,16.4,TFT15_Jhin,Jhin,The Curtain Falls,APDamage,30/45/70,0,30,45,70,95,0,0
Set 15,15,base,TFTSet15,16.4,TFT15_Jhin,Jhin,The Curtain Falls,AttackSpeed,0.75/0.75/0.85,0.75,0.75,0.75,0.85,0.85,0.75,0.75
Set 15,15,base,TFTSet15,16.4,TFT15_Jinx,Jinx,Star Rocket Blast Off!,AS,6/6/30,6,6,6,30,30,10,10
Set 15,15,base,TFTSet15,16.4,TFT15_Jinx,Jinx,Star Rocket Blast Off!,BigRocketDamage,200/300/900,3.5,200,300,900,1500,0,0
Set 15,15,base,TFTSet15,16.4,TFT15_Jinx,Jinx,Star Rocket Blast Off!,BigRocketRadius,2,2,2,2,2,2,2,2
Set 15,15,base,TFTSet15,16.4,TFT15_Jinx,Jinx,Star Rocket Blast Off!,CritAS,9/9/40,9,9,9,40,40,3,3
Set 15,15,base,TFTSet15,16.4,TFT15_Jinx,Jinx,Star Rocket Blast Off!,MaxAS,60/60/300,60,60,60,300,300,2,2
Set 15,15,base,TFTSet15,16.4,TFT15_Jinx,Jinx,Star Rocket Blast Off!,RocketAttackAoEDamage,575/875/4000,1.2,575,875,4000,8000,3.3,3.3
Set 15,15,base,TFTSet15,16.4,TFT15_KSante,K'Sante,Breakout Force,AllOutDashHexRange,1,1,1,1,1,1,1,1
Set 15,15,base,TFTSet15,16.4,TFT15_KSante,K'Sante,Breakout Force,AllOutPercentASandAD,0.5,0.5,0.5,0.5,0.5,0.5,0.5,0.5
Set 15,15,base,TFTSet15,16.4,TFT15_KSante,K'Sante,Breakout Force,AllOutPercentHealthDecay,0.06/0.06/0,0.2,0.06,0.06,0,0,0.2,0.2
Set 15,15,base,TFTSet15,16.4,TFT15_KSante,K'Sante,Breakout Force,AllOutPercentHealthHeal,0.3,0.3,0.3,0.3,0.3,0.3,0.3,0.3
Set 15,15,base,TFTSet15,16.4,TFT15_KSante,K'Sante,Breakout Force,AllOutStrikeDamage,350/525/3000,250,350,525,3000,6000,0,0
Set 15,15,base,TFTSet15,16.4,TFT15_KSante,K'Sante,Breakout Force,DefenseLossRatio,0.5,0.5,0.5,0.5,0.5,0.5,0.5,0.5
Set 15,15,base,TFTSet15,16.4,TFT15_KSante,K'Sante,Breakout Force,Durability,0.45/0.5/0.85,0.4,0.45,0.5,0.85,0.85,0,0
Set 15,15,base,TFTSet15,16.4,TFT15_KSante,K'Sante,Breakout Force,Duration,3,3,3,3,3,3,3,3
Set 15,15,base,TFTSet15,16.4,TFT15_KSante,K'Sante,Breakout Force,FighterMaxMana,30,30,30,30,30,30,30,30
Set 15,15,base,TFTSet15,16.4,TFT15_KSante,K'Sante,Breakout Force,FlatASBuff,1.25/1.25/3,1,1.25,1.25,3,3,1,1
Set 15,15,base,TFTSet15,16.4,TFT15_KSante,K'Sante,Breakout Force,ShieldStrikeResistsRatio,1.2/1.8/12,1,1.2,1.8,12,16,0,0
Set 15,15,base,TFTSet15,16.4,TFT15_KaiSa,Kai'Sa,Missile Massacre,ADDamage,34/51/80,0.7,34,51,80,110,2,2
Set 15,15,base,TFTSet15,16.4,TFT15_KaiSa,Kai'Sa,Missile Massacre,ADPerKill,1,1,1,1,1,1,1,1
Set 15,15,base,TFTSet15,16.4,TFT15_KaiSa,Kai'Sa,Missile Massacre,APDamage,6/8/14,8,6,8,14,20,8,8
Set 15,15,base,TFTSet15,16.4,TFT15_KaiSa,Kai'Sa,Missile Massacre,MissilesToFire,8,8,8,8,8,8,8,8
Set 15,15,base,TFTSet15,16.4,TFT15_KaiSa,Kai'Sa,Missile Massacre,PerMissileDelay,0.1,0.1,0.1,0.1,0.1,0.1,0.1,0.1
Set 15,15,base,TFTSet15,16.4,TFT15_Kalista,Kalista,Spirit Spear,ADDamage,380/570/900,12,380,570,900,1230,0,0
Set 15,15,base,TFTSet15,16.4,TFT15_Kalista,Kalista,Spirit Spear,APDamage,60/90/135,0,60,90,135,180,0,0
Set 15,15,base,TFTSet15,16.4,TFT15_Karma,Karma,Destruction Disc,Damage,1160/1750/6500,800,1160,1750,6500,9000,3000,3000
Set 15,15,base,TFTSet15,16.4,TFT15_Karma,Karma,Destruction Disc,PercentPrimaryTargetDamage,0.4,0.4,0.4,0.4,0.4,0.4,0.4,0.4
Set 15,15,base,TFTSet15,16.4,TFT15_Katarina,Katarina,Teleports Behind You,BattleBonusNumBlinks,1,1,1,1,1,1,1,1
Set 15,15,base,TFTSet15,16.4,TFT15_Katarina,Katarina,Teleports Behind You,BattleBonusPercentPerPotential,0.12,0.12,0.12,0.12,0.12,0.12,0.12,0.12
Set 15,15,base,TFTSet15,16.4,TFT15_Katarina,Katarina,Teleports Behind You,Damage,140/210/325,0,140,210,325,440,0,0
Set 15,15,base,TFTSet15,16.4,TFT15_Katarina,Katarina,Teleports Behind You,ManaPerKill,,,,,,,,
Set 15,15,base,TFTSet15,16.4,TFT15_Katarina,Katarina,Teleports Behind You,PotentialHealthThreshold,0.4,0.4,0.4,0.4,0.4,0.4,0.4,0.4
Set 15,15,base,TFTSet15,16.4,TFT15_Katarina,Katarina,Teleports Behind You,UltimateCadence,0.25,0.25,0.25,0.25,0.25,0.25,0.25,0.25
Set 15,15,base,TFTSet15,16.4,TFT15_Katarina,Katarina,Teleports Behind You,UltimateDamage,8/12/20,25,8,12,20,35,0,0
Set 15,15,base,TFTSet15,16.4,TFT15_Katarina,Katarina,Teleports Behind You,UltimateHexRadius,2,2,2,2,2,2,2,2
Set 15,15,base,TFTSet15,16.4,TFT15_Katarina,Katarina,Teleports Behind You,UltimateManaGain,10,10,10,10,10,10,10,10
Set 15,15,base,TFTSet15,16.4,TFT15_Kayle,Kayle,Unleash the Demon,AscensionDamage,50/75/110,20,50,75,110,145,0,0
Set 15,15,base,TFTSet15,16.4,TFT15_Kayle,Kayle,Unleash the Demon,Damage,33/50/75,25,33,50,75,100,2,2
Set 15,15,base,TFTSet15,16.4,TFT15_Kayle,Kayle,Unleash the Demon,FirstAscensionLevel,6,6,6,6,6,6,6,6
Set 15,15,base,TFTSet15,16.4,TFT15_Kayle,Kayle,Unleash the Demon,SecondAscensionLevel,9,9,9,9,9,9,9,9
Set 15,15,base,TFTSet15,16.4,TFT15_Kayle,Kayle,Unleash the Demon,ShredAmount,20,20,20,20,20,20,20,20
Set 15,15,base,TFTSet15,16.4,TFT15_Kayle,Kayle,Unleash the Demon,ShredDuration,3,3,3,3,3,3,3,3
Set 15,15,base,TFTSet15,16.4,TFT15_Kennen,Kennen,Eye of the Hurricane,APHealing,210/250/300,0,210,250,300,350,0,0
Set 15,15,base,TFTSet15,16.4,TFT15_Kennen,Kennen,Eye of the Hurricane,JoltDamage,100/150/225,0,100,150,225,300,0,0
Set 15,15,base,TFTSet15,16.4,TFT15_Kennen,Kennen,Eye of the Hurricane,NumJolts,2,2,2,2,2,2,2,2
Set 15,15,base,TFTSet15,16.4,TFT15_Kennen,Kennen,Eye of the Hurricane,PercentMaximumHealthHealing,0.05,0.05,0.05,0.05,0.05,0.05,0.05,0.05
Set 15,15,base,TFTSet15,16.4,TFT15_Kennen,Kennen,Eye of the Hurricane,StunDuration,1,1,1,1,1,1,1,1
Set 15,15,base,TFTSet15,16.4,TFT15_Kobuko,Kobuko,Golden Paw Mantra,BaseDamage,100/125/155,100,100,125,155,185,100,100
Set 15,15,base,TFTSet15,16.4,TFT15_Kobuko,Kobuko,Golden Paw Mantra,BaseShield,325/375/450,60,325,375,450,575,110,120
Set 15,15,base,TFTSet15,16.4,TFT15_Kobuko,Kobuko,Golden Paw Mantra,Durability,10,10,10,10,10,10,10,10
Set 15,15,base,TFTSet15,16.4,TFT15_Kobuko,Kobuko,Golden Paw Mantra,Duration,3,3,3,3,3,3,0,0
Set 15,15,base,TFTSet15,16.4,TFT15_Kobuko,Kobuko,Golden Paw Mantra,HealingIncrease,10,10,10,10,10,10,10,10
Set 15,15,base,TFTSet15,16.4,TFT15_Kobuko,Kobuko,Golden Paw Mantra,HealthPercentage,0.18,0.18,0.18,0.18,0.18,0.18,0.18,0.18
Set 15,15,base,TFTSet15,16.4,TFT15_Kobuko,Kobuko,Golden Paw Mantra,StunDuration,1.5,1.75,1.5,1.5,1.5,1.5,2,2
Set 15,15,base,TFTSet15,16.4,TFT15_Kobuko,Kobuko,Golden Paw Mantra,TooltipOnlyAURABONUS,0.1,0.1,0.1,0.1,0.1,0.1,0.1,0.1
Set 15,15,base,TFTSet15,16.4,TFT15_KogMaw,Kog'Maw,Static Surge,APPerLevel,1,1,1,1,1,1,1,1
Set 15,15,base,TFTSet15,16.4,TFT15_KogMaw,Kog'Maw,Static Surge,AttackSpeed,0.15,0.15,0.15,0.15,0.15,0.15,0.15,0.15
Set 15,15,base,TFTSet15,16.4,TFT15_KogMaw,Kog'Maw,Static Surge,BounceNum,2,2,2,2,2,2,2,2
Set 15,15,base,TFTSet15,16.4,TFT15_KogMaw,Kog'Maw,Static Surge,DamageOnAttack,44/66/110,0,44,66,110,154,0,0
Set 15,15,base,TFTSet15,16.4,TFT15_KogMaw,Kog'Maw,Static Surge,Duration,4,4,4,4,4,4,4,4
Set 15,15,base,TFTSet15,16.4,TFT15_KogMaw,Kog'Maw,Static Surge,ExtraProjectileDamage,55/85/130,200,55,85,130,175,200,200
Set 15,15,base,TFTSet15,16.4,TFT15_KogMaw,Kog'Maw,Static Surge,LevelUpASCap,6,6,6,6,6,6,6,6
Set 15,15,base,TFTSet15,16.4,TFT15_KogMaw,Kog'Maw,Static Surge,ShredAmount,1,1,1,1,1,1,1,1
Set 15,15,base,TFTSet15,16.4,TFT15_LeeSin,Lee Sin,A Demonstration of Skill,Tier1Damage,2,2,2,2,2,2,2,2
Set 15,15,base,TFTSet15,16.4,TFT15_LeeSin,Lee Sin,A Demonstration of Skill,Tier2Damage,2.5,2.5,2.5,2.5,2.5,2.5,2.5,2.5
Set 15,15,base,TFTSet15,16.4,TFT15_LeeSin,Lee Sin,A Demonstration of Skill,Tier3Damage,3.3,3.3,3.3,3.3,3.3,3.3,3.3,3.3
Set 15,15,base,TFTSet15,16.4,TFT15_LeeSin,Lee Sin,A Demonstration of Skill,Tier4Damage,4.5/4.5/9,0,4.5,4.5,9,0,0,0
Set 15,15,base,TFTSet15,16.4,TFT15_LeeSin,Lee Sin,A Demonstration of Skill,Tier5Damage,6/6/60,0,6,6,60,0,0,0
Set 15,15,base,TFTSet15,16.4,TFT15_Leona,Leona,Aegis of Unbreakable Dawn,BaseDamageResistRatio,0.5/0.75/8,0,0.5,0.75,8,15,0,0
Set 15,15,base,TFTSet15,16.4,TFT15_Leona,Leona,Aegis of Unbreakable Dawn,BaseShieldValue,650/775/2000,0,650,775,2000,3000,0,0
Set 15,15,base,TFTSet15,16.4,TFT15_Leona,Leona,Aegis of Unbreakable Dawn,DefenseStealDuration,60,60,60,60,60,60,60,60
Set 15,15,base,TFTSet15,16.4,TFT15_Leona,Leona,Aegis of Unbreakable Dawn,Duration,4,4,4,4,4,4,4,4
Set 15,15,base,TFTSet15,16.4,TFT15_Leona,Leona,Aegis of Unbreakable Dawn,NumSunbursts,6,6,6,6,6,6,6,6
Set 15,15,base,TFTSet15,16.4,TFT15_Leona,Leona,Aegis of Unbreakable Dawn,SunburstDamageResistRatio,0.25/0.4/2.5,0,0.25,0.4,2.5,5,0,0
Set 15,15,base,TFTSet15,16.4,TFT15_Leona,Leona,Aegis of Unbreakable Dawn,SunburstRange,3,3,3,3,3,3,3,3
Set 15,15,base,TFTSet15,16.4,TFT15_Leona,Leona,Aegis of Unbreakable Dawn,SunburstResistStealPerPotential,1,1,1,1,1,1,1,1
Set 15,15,base,TFTSet15,16.4,TFT15_Leona,Leona,Aegis of Unbreakable Dawn,UltimateNumSunbursts,15,15,15,15,15,15,15,15
Set 15,15,base,TFTSet15,16.4,TFT15_Leona,Leona,Aegis of Unbreakable Dawn,UltimateStunDuration,2/2/8,2,2,2,8,16,0,0
Set 15,15,base,TFTSet15,16.4,TFT15_Leona,Leona,Aegis of Unbreakable Dawn,UltimateSunburstRange,6,6,6,6,6,6,6,6
Set 15,15,base,TFTSet15,16.4,TFT15_Lucian,Lucian,Twin Cannon Fire,BaseDamagePerShot,85/130/225,0,85,130,225,320,0,0
Set 15,15,base,TFTSet15,16.4,TFT15_Lucian,Lucian,Twin Cannon Fire,ManaPerMiss,8/8/15,10,8,8,15,15,10,10
Set 15,15,base,TFTSet15,16.4,TFT15_Lucian,Lucian,Twin Cannon Fire,NumShots,4,0,4,4,4,4,4,4
Set 15,15,base,TFTSet15,16.4,TFT15_Lulu,Lulu,Choose A Monster,Tier1Damage,180/270/400,2,180,270,400,2,2,2
Set 15,15,base,TFTSet15,16.4,TFT15_Lulu,Lulu,Choose A Monster,Tier2Damage,240/360/540,2.5,240,360,540,2.5,2.5,2.5
Set 15,15,base,TFTSet15,16.4,TFT15_Lulu,Lulu,Choose A Monster,Tier3Damage,300/450/675,4,300,450,675,4,4,4
Set 15,15,base,TFTSet15,16.4,TFT15_Lulu,Lulu,Choose A Monster,Tier4Damage,400/600/1800,0,400,600,1800,0,0,0
Set 15,15,base,TFTSet15,16.4,TFT15_Lulu,Lulu,Choose A Monster,Tier5Damage,500/1000/10000,0,500,1000,10000,0,0,0
Set 15,15,base,TFTSet15,16.4,TFT15_Lux,Lux,Soulfire Explosion,BaseDamage,90/135/210,0,90,135,210,285,0,0
Set 15,15,base,TFTSet15,16.4,TFT15_Lux,Lux,Soulfire Explosion,DamageSplit,300/450/700,5,300,450,700,950,5,5
Set 15,15,base,TFTSet15,16.4,TFT15_Lux,Lux,Soulfire Explosion,ShredDuration,5,5,5,5,5,5,5,5
Set 15,15,base,TFTSet15,16.4,TFT15_Malphite,Malphite,Regolith Resistance,APDamage,40/60/90,0,40,60,90,120,0,0
Set 15,15,base,TFTSet15,16.4,TFT15_Malphite,Malphite,Regolith Resistance,BonusResists,12,12,12,12,12,12,12,12
Set 15,15,base,TFTSet15,16.4,TFT15_Malphite,Malphite,Regolith Resistance,DefenseToDamageRatio,2.7/4.05/6.1,0,2.7,4.05,6.1,8.15,0,0
Set 15,15,base,TFTSet15,16.4,TFT15_Malphite,Malphite,Regolith Resistance,Resists,35/50/75,30,35,50,75,95,280,330
Set 15,15,base,TFTSet15,16.4,TFT15_Malzahar,Malzahar,Insidious Whispers,Damage,515/775/1315,0,515,775,1315,1855,0,0
Set 15,15,base,TFTSet15,16.4,TFT15_Malzahar,Malzahar,Insidious Whispers,Duration,15,15,15,15,15,15,15,15
Set 15,15,base,TFTSet15,16.4,TFT15_Malzahar,Malzahar,Insidious Whispers,SpreadTargets,1,1,1,1,1,1,1,1
Set 15,15,base,TFTSet15,16.4,TFT15_Malzahar,Malzahar,Insidious Whispers,TickRate,0.5,0.5,0.5,0.5,0.5,0.5,0.5,0.5
Set 15,15,base,TFTSet15,16.4,TFT6_MercenaryChest,Mercenary Chest,Mercenary Chest,RoundsToHatch,2,2,2,2,2,2,2,2
Set 15,15,base,TFTSet15,16.4,TFT6_MercenaryChest,Mercenary Chest,Mercenary Chest,RoundsToHatch,2,2,2,2,2,2,2,2
Set 15,15,base,TFTSet15,16.4,TFT15_Naafiri,Naafiri,Spinning Soul-Saw,ADDamage,150/225/340,4,150,225,340,475,1,1
Set 15,15,base,TFTSet15,16.4,TFT15_Naafiri,Naafiri,Spinning Soul-Saw,BaseShield,90/110/150,180,90,110,150,190,1.5,1.5
Set 15,15,base,TFTSet15,16.4,TFT15_Naafiri,Naafiri,Spinning Soul-Saw,ShieldDuration,2,2,2,2,2,2,2,2
Set 15,15,base,TFTSet15,16.4,TFT15_Neeko,Neeko,Falling Flower Eruption,BuffDuration,2,2,2,2,2,2,2,2
Set 15,15,base,TFTSet15,16.4,TFT15_Neeko,Neeko,Falling Flower Eruption,DR,0.4,0,0.4,0.4,0.4,0.4,0,0
Set 15,15,base,TFTSet15,16.4,TFT15_Neeko,Neeko,Falling Flower Eruption,Damage,120/180/290,0,120,180,290,400,0,0
Set 15,15,base,TFTSet15,16.4,TFT15_Neeko,Neeko,Falling Flower Eruption,DamageIncreasePerEnemy,1,1,1,1,1,1,1,1
Set 15,15,base,TFTSet15,16.4,TFT15_Neeko,Neeko,Falling Flower Eruption,Heal,300/350/450,0,300,350,450,550,0,0
Set 15,15,base,TFTSet15,16.4,TFT15_Poppy,Poppy,Spinning Galaxy Hammer,BaseDamageAD,250/375/4000,3,250,375,4000,8000,3,3
Set 15,15,base,TFTSet15,16.4,TFT15_Poppy,Poppy,Spinning Galaxy Hammer,DamageHealthRatio,0.1/0.1/0.5,0.1,0.1,0.1,0.5,0.5,0.1,0.1
Set 15,15,base,TFTSet15,16.4,TFT15_Poppy,Poppy,Spinning Galaxy Hammer,DamageIncreasePerSecond,0.25,0.25,0.25,0.25,0.25,0.25,0.25,0.25
Set 15,15,base,TFTSet15,16.4,TFT15_Poppy,Poppy,Spinning Galaxy Hammer,SecondaryDamageAD,125/200/1500,0.75,125,200,1500,3000,0.75,0.75
Set 15,15,base,TFTSet15,16.4,TFT15_Poppy,Poppy,Spinning Galaxy Hammer,SecondaryHealthRatio,0.05/0.05/0.25,0.05,0.05,0.05,0.25,0.25,0.05,0.05
Set 15,15,base,TFTSet15,16.4,TFT15_Poppy,Poppy,Spinning Galaxy Hammer,SecondaryStunDuration,0.5,0.5,0.5,0.5,0.5,0.5,0.5,0.5
Set 15,15,base,TFTSet15,16.4,TFT15_Poppy,Poppy,Spinning Galaxy Hammer,Shield,320/370/900,280,320,370,900,1300,280,280
Set 15,15,base,TFTSet15,16.4,TFT15_Poppy,Poppy,Spinning Galaxy Hammer,ShieldDuration,4,4,4,4,4,4,4,4
Set 15,15,base,TFTSet15,16.4,TFT15_Poppy,Poppy,Spinning Galaxy Hammer,ShieldPercHP,0.1,0.1,0.1,0.1,0.1,0.1,0.1,0.1
Set 15,15,base,TFTSet15,16.4,TFT15_Poppy,Poppy,Spinning Galaxy Hammer,StunDuration,0.5/0.5/8,2,0.5,0.5,8,8,0,0
Set 15,15,base,TFTSet15,16.4,TFT15_Poppy,Poppy,Spinning Galaxy Hammer,StunIncreasePerSecond,0.5,0.5,0.5,0.5,0.5,0.5,0.5,0.5
Set 15,15,base,TFTSet15,16.4,TFT15_Rakan,Rakan,All Eyes On Me,BaseDamage,55/85/130,0,55,85,130,175,0,0
Set 15,15,base,TFTSet15,16.4,TFT15_Rakan,Rakan,All Eyes On Me,BaseHealing,350/400/625,0,350,400,625,845,0,0
Set 15,15,base,TFTSet15,16.4,TFT15_Rakan,Rakan,All Eyes On Me,HealPerPotential,55/65/85,0,55,65,85,110,50,50
Set 15,15,base,TFTSet15,16.4,TFT15_Rakan,Rakan,All Eyes On Me,NumHealTargets,2,2,2,2,2,2,2,2
Set 15,15,base,TFTSet15,16.4,TFT15_Rakan,Rakan,All Eyes On Me,NumTargets,3,3,3,3,3,3,3,3
Set 15,15,base,TFTSet15,16.4,TFT15_Rakan,Rakan,All Eyes On Me,UltimateHealing,,,,,,,,
Set 15,15,base,TFTSet15,16.4,TFT15_Rammus,Rammus,Durian Defense,BonusDamage,30/45/75,25,30,45,75,105,150,175
Set 15,15,base,TFTSet15,16.4,TFT15_Rammus,Rammus,Durian Defense,BonusResists,40,40,40,40,40,40,40,40
Set 15,15,base,TFTSet15,16.4,TFT15_Rammus,Rammus,Durian Defense,LeapHealthPerEnemy,15/35/55,50,15,35,55,65,50,50
Set 15,15,base,TFTSet15,16.4,TFT15_Rammus,Rammus,Durian Defense,PercentResists,0.4/0.6/1,1,0.4,0.6,1,1.4,1,1
Set 15,15,base,TFTSet15,16.4,TFT15_Rammus,Rammus,Durian Defense,ShieldDuration,4,4,4,4,4,4,4,4
Set 15,15,base,TFTSet15,16.4,TFT15_Rammus,Rammus,Durian Defense,ShieldValue,550/675/800,0,550,675,800,925,0,0
Set 15,15,base,TFTSet15,16.4,TFT15_Rammus,Rammus,Durian Defense,StunDuration,1/1.25/1.5,1.5,1,1.25,1.5,1.5,1.5,1.5
Set 15,15,base,TFTSet15,16.4,TFT15_Rell,Rell,Unbreakable Celestial Lance,BuffDuration,4,4,4,4,4,4,4,4
Set 15,15,base,TFTSet15,16.4,TFT15_Rell,Rell,Unbreakable Celestial Lance,Damage,130/195/295,300,130,195,295,395,300,300
Set 15,15,base,TFTSet15,16.4,TFT15_Rell,Rell,Unbreakable Celestial Lance,FlatDR,20/30/45,25,20,30,45,60,25,25
Set 15,15,base,TFTSet15,16.4,TFT15_Ryze,Ryze,Tsunami Beam,AdditionalDamage,110/165/1200,0,110,165,1200,2400,0,0
Set 15,15,base,TFTSet15,16.4,TFT15_Ryze,Ryze,Tsunami Beam,Damage,810/1215/7000,0,810,1215,7000,7000,0,0
Set 15,15,base,TFTSet15,16.4,TFT15_Ryze,Ryze,Tsunami Beam,Duration,3,3,3,3,3,3,3,3
Set 15,15,base,TFTSet15,16.4,TFT15_Samira,Samira,Soul Shot / Inner Arsenal Unleashed,BaseDamage,50/75/225,0,50,75,225,300,25,30
Set 15,15,base,TFTSet15,16.4,TFT15_Samira,Samira,Soul Shot / Inner Arsenal Unleashed,HexRange,2,2,2,2,2,2,2,2
Set 15,15,base,TFTSet15,16.4,TFT15_Samira,Samira,Soul Shot / Inner Arsenal Unleashed,MegaCastAD,230/345/2200,2.1,230,345,2200,4500,2.1,2.1
Set 15,15,base,TFTSet15,16.4,TFT15_Samira,Samira,Soul Shot / Inner Arsenal Unleashed,QBulletDamage,105/160/650,2,105,160,650,1150,2,2
Set 15,15,base,TFTSet15,16.4,TFT15_Samira,Samira,Soul Shot / Inner Arsenal Unleashed,VampBonus,0.05,0.05,0.05,0.05,0.05,0.05,0.05,0.05
Set 15,15,base,TFTSet15,16.4,TFT15_Senna,Senna,Super Beam Cannon,ADDamage,400/600/960,300,400,600,960,1320,200,240
Set 15,15,base,TFTSet15,16.4,TFT15_Senna,Senna,Super Beam Cannon,APDamage,40/60/95,30,40,60,95,95,0,0
Set 15,15,base,TFTSet15,16.4,TFT15_Senna,Senna,Super Beam Cannon,AttackSpeed,0.6,0.6,0.6,0.6,0.6,0.6,0.6,0.6
Set 15,15,base,TFTSet15,16.4,TFT15_Senna,Senna,Super Beam Cannon,ReductionAfterTwo,0.3,0.3,0.3,0.3,0.3,0.3,0.3,0.3
Set 15,15,base,TFTSet15,16.4,TFT15_Seraphine,Seraphine,Ultimate Friendship Bomb,ADScale,0.2,0.2,0.2,0.2,0.2,0.2,0.2,0.2
Set 15,15,base,TFTSet15,16.4,TFT15_Seraphine,Seraphine,Ultimate Friendship Bomb,APScale,0.3,0.3,0.3,0.3,0.3,0.3,0.3,0.3
Set 15,15,base,TFTSet15,16.4,TFT15_Seraphine,Seraphine,Ultimate Friendship Bomb,ASScale,25,25,25,25,25,25,25,25
Set 15,15,base,TFTSet15,16.4,TFT15_Seraphine,Seraphine,Ultimate Friendship Bomb,ArmorScale,0.2,0.2,0.2,0.2,0.2,0.2,0.2,0.2
Set 15,15,base,TFTSet15,16.4,TFT15_Seraphine,Seraphine,Ultimate Friendship Bomb,BaseDamage,165/275/2468,0,165,275,2468,8000,0,0
Set 15,15,base,TFTSet15,16.4,TFT15_Seraphine,Seraphine,Ultimate Friendship Bomb,BasePowerOfFriendship,1.001,1.001,1.001,1.001,1.001,1.001,1.001,1.001
Set 15,15,base,TFTSet15,16.4,TFT15_Seraphine,Seraphine,Ultimate Friendship Bomb,CritMultScale,4,4,4,4,4,4,4,4
Set 15,15,base,TFTSet15,16.4,TFT15_Seraphine,Seraphine,Ultimate Friendship Bomb,CritScale,8,8,8,8,8,8,8,8
Set 15,15,base,TFTSet15,16.4,TFT15_Seraphine,Seraphine,Ultimate Friendship Bomb,HealthScale,0.04,0.04,0.04,0.04,0.04,0.04,0.04,0.04
Set 15,15,base,TFTSet15,16.4,TFT15_Seraphine,Seraphine,Ultimate Friendship Bomb,MRScale,0.2,0.2,0.2,0.2,0.2,0.2,0.2,0.2
Set 15,15,base,TFTSet15,16.4,TFT15_Seraphine,Seraphine,Ultimate Friendship Bomb,SelfMultiplier,5.5,5.5,5.5,5.5,5.5,5.5,5.5,5.5
Set 15,15,base,TFTSet15,16.4,TFT15_Seraphine,Seraphine,Ultimate Friendship Bomb,SpellRadius,2,2,2,2,2,2,2,2
Set 15,15,base,TFTSet15,16.4,TFT15_Seraphine,Seraphine,Ultimate Friendship Bomb,TeamStatSharePercent,1/1/6,1,1,1,6,99,0.52,0.52
Set 15,15,base,TFTSet15,16.4,TFT15_Sett,Sett,Maximum Grit Overdrive,BigPunchADScalar,120/180/750,2,120,180,750,1000,0,0
Set 15,15,base,TFTSet15,16.4,TFT15_Sett,Sett,Maximum Grit Overdrive,BigPunchHealthScalar,0.04,0.04,0.04,0.04,0.04,0.04,0.04,0.04
Set 15,15,base,TFTSet15,16.4,TFT15_Sett,Sett,Maximum Grit Overdrive,BigPunchTrueDamage,10/15/50,10,10,15,50,100,0,0
Set 15,15,base,TFTSet15,16.4,TFT15_Sett,Sett,Maximum Grit Overdrive,BigPunchTrueDamageBase,10/15/45,0,10,15,45,75,0,0
Set 15,15,base,TFTSet15,16.4,TFT15_Sett,Sett,Maximum Grit Overdrive,ConeLength,2,2,2,2,2,2,2,2
Set 15,15,base,TFTSet15,16.4,TFT15_Sett,Sett,Maximum Grit Overdrive,FlurryAD,140/210/2000,2,140,210,2000,3000,2,2
Set 15,15,base,TFTSet15,16.4,TFT15_Sett,Sett,Maximum Grit Overdrive,FlurryFlatHeal,260/335/1500,0,260,335,1500,2000,0,0
Set 15,15,base,TFTSet15,16.4,TFT15_Sett,Sett,Maximum Grit Overdrive,FlurryPercentHeal,0.12,0.12,0.12,0.12,0.12,0.12,0.12,0.12
Set 15,15,base,TFTSet15,16.4,TFT15_Sett,Sett,Maximum Grit Overdrive,HealingTreshold,100,100,100,100,100,100,100,100
Set 15,15,base,TFTSet15,16.4,TFT15_Shen,Shen,Power Suit: Full Charge,AttackCount,3,3,3,3,3,3,3,3
Set 15,15,base,TFTSet15,16.4,TFT15_Shen,Shen,Power Suit: Full Charge,BaseShield,400/475/575,0,400,475,575,675,0,0
Set 15,15,base,TFTSet15,16.4,TFT15_Shen,Shen,Power Suit: Full Charge,Duration,4,4,4,4,4,4,4,4
Set 15,15,base,TFTSet15,16.4,TFT15_Shen,Shen,Power Suit: Full Charge,PercentMRDamage,0.75/1.15/1.75,0.03,0.75,1.15,1.75,2.35,0.03,0.03
Set 15,15,base,TFTSet15,16.4,TFT15_Sivir,Sivir,Star Cutter,ADDamage,170/255/385,4.3,170,255,385,515,4.3,4.3
Set 15,15,base,TFTSet15,16.4,TFT15_Sivir,Sivir,Star Cutter,APDamage,20/30/45,0,20,30,45,60,0,0
Set 15,15,base,TFTSet15,16.4,TFT15_Sivir,Sivir,Star Cutter,FalloffPercent,0.4,0.4,0.4,0.4,0.4,0.4,0.4,0.4
Set 15,15,base,TFTSet15,16.4,TFT15_Smolder,Smolder,Burn Blast,ADPerLevel,0.01,0.01,0.01,0.01,0.01,0.01,0.01,0.01
Set 15,15,base,TFTSet15,16.4,TFT15_Smolder,Smolder,Burn Blast,ArmorIgnore,0.3,0.3,0.3,0.3,0.3,0.3,0.3,0.3
Set 15,15,base,TFTSet15,16.4,TFT15_Smolder,Smolder,Burn Blast,CastsPerBonus,2,2,2,2,2,2,2,2
Set 15,15,base,TFTSet15,16.4,TFT15_Smolder,Smolder,Burn Blast,EmberDamage,50/75/120,30,50,75,120,195,2,2
Set 15,15,base,TFTSet15,16.4,TFT15_Smolder,Smolder,Burn Blast,FireballAPDamage,75/115/180,40,75,115,180,280,0,0
Set 15,15,base,TFTSet15,16.4,TFT15_Smolder,Smolder,Burn Blast,FireballDamage,290/435/700,4.5,290,435,700,965,4.5,4.5
Set 15,15,base,TFTSet15,16.4,TFT15_Smolder,Smolder,Burn Blast,LevelUpManaReduction,10,10,10,10,10,10,10,10
Set 15,15,base,TFTSet15,16.4,TFT15_Smolder,Smolder,Burn Blast,MissileScalePerLevel,0.05,0.05,0.05,0.05,0.05,0.05,0.05,0.05
Set 15,15,base,TFTSet15,16.4,TFT15_Smolder,Smolder,Burn Blast,NumClosestEnemies,3,3,3,3,3,3,3,3
Set 15,15,base,TFTSet15,16.4,TFT15_Smolder,Smolder,Burn Blast,PassiveDuration,5,5,5,5,5,5,5,5
Set 15,15,base,TFTSet15,16.4,TFT15_Smolder,Smolder,Burn Blast,SecondcastDamage,0.75,0.75,0.75,0.75,0.75,0.75,0.75,0.75
Set 15,15,base,TFTSet15,16.4,TFT_ArmoryKeySupport,Support item anvil,Support item anvil,RoundsToHatch,2,2,2,2,2,2,2,2
Set 15,15,base,TFTSet15,16.4,TFT15_Swain,Swain,Glittering Plumage Regalia,HealingFlatValue,300/340/380,0,300,340,380,420,0,0
Set 15,15,base,TFTSet15,16.4,TFT15_Swain,Swain,Glittering Plumage Regalia,HealingPercentage,0.1,0.1,0.1,0.1,0.1,0.1,0.1,0.1
Set 15,15,base,TFTSet15,16.4,TFT15_Swain,Swain,Glittering Plumage Regalia,InitialHealthFlatValue,300/340/380,0,300,340,380,420,0,0
Set 15,15,base,TFTSet15,16.4,TFT15_Swain,Swain,Glittering Plumage Regalia,InitialHealthPercentage,0.1,0,0.1,0.1,0.1,0.1,0,0
Set 15,15,base,TFTSet15,16.4,TFT15_Swain,Swain,Glittering Plumage Regalia,MagicDamage,25/35/55,0,25,35,55,70,0,0
Set 15,15,base,TFTSet15,16.4,TFT15_Swain,Swain,Glittering Plumage Regalia,SecondaryDamage,6/9/14,20,6,9,14,35,20,20
Set 15,15,base,TFTSet15,16.4,TFT15_Syndra,Syndra,Bright Star Blast,BonusRange,,,,,,,,
Set 15,15,base,TFTSet15,16.4,TFT15_Syndra,Syndra,Bright Star Blast,Damage,215/325/485,2,215,325,485,645,2,2
Set 15,15,base,TFTSet15,16.4,TFT15_Syndra,Syndra,Bright Star Blast,MRReduction,10,10,10,10,10,10,10,10
Set 15,15,base,TFTSet15,16.4,TFT15_PetCreepyCat,Test Cost,Test Cost,Tier1Damage,2,2,2,2,2,2,2,2
Set 15,15,base,TFTSet15,16.4,TFT15_PetCreepyCat,Test Cost,Test Cost,Tier2Damage,2.5,2.5,2.5,2.5,2.5,2.5,2.5,2.5
Set 15,15,base,TFTSet15,16.4,TFT15_PetCreepyCat,Test Cost,Test Cost,Tier3Damage,3.3,3.3,3.3,3.3,3.3,3.3,3.3,3.3
Set 15,15,base,TFTSet15,16.4,TFT15_PetCreepyCat,Test Cost,Test Cost,Tier4Damage,4.5/4.5/9,0,4.5,4.5,9,0,0,0
Set 15,15,base,TFTSet15,16.4,TFT15_PetCreepyCat,Test Cost,Test Cost,Tier5Damage,6/6/60,0,6,6,60,0,0,0
Set 15,15,base,TFTSet15,16.4,TFT15_Galio,The Mighty Mech,Piston Punch,ChargeKnockupDuration,1.5,1.5,1.5,1.5,1.5,1.5,1.5,1.5
Set 15,15,base,TFTSet15,16.4,TFT15_Galio,The Mighty Mech,Piston Punch,CoreEnergyShield,250/375/480,300,250,375,480,5000,0,0
Set 15,15,base,TFTSet15,16.4,TFT15_Galio,The Mighty Mech,Piston Punch,HexRadius,2,2,2,2,2,2,2,2
Set 15,15,base,TFTSet15,16.4,TFT15_Galio,The Mighty Mech,Piston Punch,LandingDamage,200,100,200,200,200,500,0,0
Set 15,15,base,TFTSet15,16.4,TFT15_Galio,The Mighty Mech,Piston Punch,PassiveConeHexLength,1,1,1,1,1,1,1,1
Set 15,15,base,TFTSet15,16.4,TFT15_Galio,The Mighty Mech,Piston Punch,PassiveDamage,0.5,0.5,0.5,0.5,0.5,0.5,0.5,0.5
Set 15,15,base,TFTSet15,16.4,TFT15_Galio,The Mighty Mech,Piston Punch,PassiveHexRadius,1,1,1,1,1,1,1,1
Set 15,15,base,TFTSet15,16.4,TFT15_Galio,The Mighty Mech,Piston Punch,ShieldDuration,3/4/4,4,3,4,4,5,4,4
Set 15,15,base,TFTSet15,16.4,TFT15_Galio,The Mighty Mech,Piston Punch,Spell1Damage,350,350,350,350,350,350,350,350
Set 15,15,base,TFTSet15,16.4,TFT15_Galio,The Mighty Mech,Piston Punch,Spell2ConeHexLength,2,2,2,2,2,2,2,2
Set 15,15,base,TFTSet15,16.4,TFT15_Galio,The Mighty Mech,Piston Punch,Spell2Damage,350,350,350,350,350,350,350,350
Set 15,15,base,TFTSet15,16.4,TFT15_Galio,The Mighty Mech,Piston Punch,Spell2DamageSecondary,175,175,175,175,175,175,175,175
Set 15,15,base,TFTSet15,16.4,TFT15_Galio,The Mighty Mech,Piston Punch,Spell3ConeHexLength,3,3,3,3,3,3,3,3
Set 15,15,base,TFTSet15,16.4,TFT15_Galio,The Mighty Mech,Piston Punch,Spell3Damage,420,550,420,420,420,9001,320,320
Set 15,15,base,TFTSet15,16.4,TFT15_Galio,The Mighty Mech,Piston Punch,Spell3DamageSecondary,175,175,175,175,175,3000,200,200
Set 15,15,base,TFTSet15,16.4,TFT15_Galio,The Mighty Mech,Piston Punch,Spell3SlamHexLength,4,4,4,4,4,4,4,4
Set 15,15,base,TFTSet15,16.4,TFT15_Galio,The Mighty Mech,Piston Punch,Spell4ConeHexLength,5,5,5,5,5,5,5,5
Set 15,15,base,TFTSet15,16.4,TFT15_Galio,The Mighty Mech,Piston Punch,Spell4LandingDamage,2000,2000,2000,2000,2000,2000,2000,2000
Set 15,15,base,TFTSet15,16.4,TFT15_Galio,The Mighty Mech,Piston Punch,Spell4SlamHexLength,6,6,6,6,6,6,6,6
Set 15,15,base,TFTSet15,16.4,TFT15_Galio,The Mighty Mech,Piston Punch,Spell4StatShare,0.5,0.5,0.5,0.5,0.5,0.5,0.5,0.5
Set 15,15,base,TFTSet15,16.4,TFT15_Galio,The Mighty Mech,Piston Punch,SpellMaxMana,70/70/60,80,70,70,60,60,0,0
Set 15,15,base,TFTSet15,16.4,TFT15_Galio,The Mighty Mech,Piston Punch,SpellStartingMana,30/30/20,40,30,30,20,20,0,0
Set 15,15,base,TFTSet15,16.4,TFT5_EmblemArmoryKey,Tome of Traits,Tome of Traits,RoundsToHatch,2,2,2,2,2,2,2,2
Set 15,15,base,TFTSet15,16.4,TFT15_TwistedFate,Twisted Fate,52 Card Calamity,AttackNumEnemies,3,4,3,3,3,4,20,20
Set 15,15,base,TFTSet15,16.4,TFT15_TwistedFate,Twisted Fate,52 Card Calamity,MagicDamagePerMark,15/25/500,2,15,25,500,500,2,2
Set 15,15,base,TFTSet15,16.4,TFT15_TwistedFate,Twisted Fate,52 Card Calamity,MultAttackDamageReduction,0.3,0.3,0.3,0.3,0.3,0.3,0.3,0.3
Set 15,15,base,TFTSet15,16.4,TFT15_TwistedFate,Twisted Fate,52 Card Calamity,PassiveDamage,35/55/999,0,35,55,999,999,0,0
Set 15,15,base,TFTSet15,16.4,TFT15_TwistedFate,Twisted Fate,52 Card Calamity,PhysicalDamage,230/350/9999,0.4,230,350,9999,9999,0.4,0.4
Set 15,15,base,TFTSet15,16.4,TFT15_TwistedFate,Twisted Fate,52 Card Calamity,SpellNumEnemies,4/4/20,4,4,4,20,20,4,4
Set 15,15,base,TFTSet15,16.4,TFT15_Udyr,Udyr,Blazing Phoenix Stance,ADDamage,35/50/80,0,35,50,80,110,0,0
Set 15,15,base,TFTSet15,16.4,TFT15_Udyr,Udyr,Blazing Phoenix Stance,BurnDuration,4,4,4,4,4,4,4,4
Set 15,15,base,TFTSet15,16.4,TFT15_Udyr,Udyr,Blazing Phoenix Stance,Healing,150/190/250,0,150,190,250,300,0,0
Set 15,15,base,TFTSet15,16.4,TFT15_Udyr,Udyr,Blazing Phoenix Stance,NumAttacks,3,3,3,3,3,3,3,3
Set 15,15,base,TFTSet15,16.4,TFT15_Varus,Varus,Level Zero: 100 Shot Demon,ASFormulaMod,2,2,2,2,2,2,2,2
Set 15,15,base,TFTSet15,16.4,TFT15_Varus,Varus,Level Zero: 100 Shot Demon,ASPerBonusArrow,0.5,0.5,0.5,0.5,0.5,0.5,0.5,0.5
Set 15,15,base,TFTSet15,16.4,TFT15_Varus,Varus,Level Zero: 100 Shot Demon,AllySoulMana,3,3,3,3,3,3,3,3
Set 15,15,base,TFTSet15,16.4,TFT15_Varus,Varus,Level Zero: 100 Shot Demon,ArrowsPerLaunchAttack,3,3,3,3,3,3,3,3
Set 15,15,base,TFTSet15,16.4,TFT15_Varus,Varus,Level Zero: 100 Shot Demon,BaseArrowDamageAD,90/135/666,75,90,135,666,2000,1.4,1.4
Set 15,15,base,TFTSet15,16.4,TFT15_Varus,Varus,Level Zero: 100 Shot Demon,BaseArrowDamageAP,10/15/200,20,10,15,200,666,666,666
Set 15,15,base,TFTSet15,16.4,TFT15_Varus,Varus,Level Zero: 100 Shot Demon,BaseArrowsPerSecond,3,3,3,3,3,3,3,3
Set 15,15,base,TFTSet15,16.4,TFT15_Varus,Varus,Level Zero: 100 Shot Demon,EnemySoulMana,5,5,5,5,5,5,5,5
Set 15,15,base,TFTSet15,16.4,TFT15_Varus,Varus,Level Zero: 100 Shot Demon,ManaPerArrow,12/12/6,10,12,12,6,10,10,10
Set 15,15,base,TFTSet15,16.4,TFT15_Varus,Varus,Level Zero: 100 Shot Demon,ReducedDamagePerTargetHit,0.35,0.35,0.35,0.35,0.35,0.35,0.35,0.35
Set 15,15,base,TFTSet15,16.4,TFT15_Varus,Varus,Level Zero: 100 Shot Demon,ShadowMinionBonusHealth,2000,2000,2000,2000,2000,2000,2000,2000
Set 15,15,base,TFTSet15,16.4,TFT15_Vi,Vi,Shining Knuckle Explosion,ArmorPerComponent,2,2,2,2,2,2,2,2
Set 15,15,base,TFTSet15,16.4,TFT15_Vi,Vi,Shining Knuckle Explosion,ArmorShredDuration,4,4,4,4,4,4,4,4
Set 15,15,base,TFTSet15,16.4,TFT15_Vi,Vi,Shining Knuckle Explosion,ArmorShredPercent,0.2,0.2,0.2,0.2,0.2,0.2,0.2,0.2
Set 15,15,base,TFTSet15,16.4,TFT15_Vi,Vi,Shining Knuckle Explosion,BaseHeal,230/280/330,0,230,280,330,420,0,0
Set 15,15,base,TFTSet15,16.4,TFT15_Vi,Vi,Shining Knuckle Explosion,Damage,150/225/350,3,150,225,350,540,3,3
Set 15,15,base,TFTSet15,16.4,TFT15_Viego,Viego,Combo of the Ruined King,ComboDamage,100/150/270,100,100,150,270,390,100,100
Set 15,15,base,TFTSet15,16.4,TFT15_Viego,Viego,Combo of the Ruined King,FinalComboDamage,210/315/560,0.1,210,315,560,805,0.1,0.1
Set 15,15,base,TFTSet15,16.4,TFT15_Viego,Viego,Combo of the Ruined King,PassiveADDamage,1,1,1,1,1,1,1,1
Set 15,15,base,TFTSet15,16.4,TFT15_Viego,Viego,Combo of the Ruined King,PassiveAPDamage,30/45/80,30,30,45,80,115,95,95
Set 15,15,base,TFTSet15,16.4,TFT15_Viego,Viego,Combo of the Ruined King,PercentMaxHealthPhysDamage,0.15,0.15,0.15,0.15,0.15,0.15,0.15,0.15
Set 15,15,base,TFTSet15,16.4,TFT15_Volibear,Volibear,Ursine Instinct,ADDamage,125/190/750,0,125,190,750,1310,0,0
Set 15,15,base,TFTSet15,16.4,TFT15_Volibear,Volibear,Ursine Instinct,AttackSpeed,1.25/1.25/5,0,1.25,1.25,5,4,0,0
Set 15,15,base,TFTSet15,16.4,TFT15_Volibear,Volibear,Ursine Instinct,AttacksToSlam,4,4,4,4,4,4,4,4
Set 15,15,base,TFTSet15,16.4,TFT15_Volibear,Volibear,Ursine Instinct,Duration,5,5,5,5,5,5,5,5
Set 15,15,base,TFTSet15,16.4,TFT15_Volibear,Volibear,Ursine Instinct,Omnivamp,0.1/0.1/0.25,0.15,0.1,0.1,0.25,0.3,0.15,0.15
Set 15,15,base,TFTSet15,16.4,TFT15_Volibear,Volibear,Ursine Instinct,TargetChangePercent,0.7,0.7,0.7,0.7,0.7,0.7,0.7,0.7
Set 15,15,base,TFTSet15,16.4,TFT15_Xayah,Xayah,Sharp Feathers Shine,AdditionalTargets,2,2,2,2,2,2,2,2
Set 15,15,base,TFTSet15,16.4,TFT15_Xayah,Xayah,Sharp Feathers Shine,AttackNum,3,3,3,3,3,3,3,3
Set 15,15,base,TFTSet15,16.4,TFT15_Xayah,Xayah,Sharp Feathers Shine,AttackSpeed,0.8,0.8,0.8,0.8,0.8,0.8,0.8,0.8
Set 15,15,base,TFTSet15,16.4,TFT15_Xayah,Xayah,Sharp Feathers Shine,Damage,50/75/115,0.25,50,75,115,155,1.8,1.8
Set 15,15,base,TFTSet15,16.4,TFT15_XinZhao,Xin Zhao,Guarding Crescent,ADDamage,100/150/235,0,100,150,235,320,0,0
Set 15,15,base,TFTSet15,16.4,TFT15_XinZhao,Xin Zhao,Guarding Crescent,BaseHeal,290/360/450,0,290,360,450,540,0,0
Set 15,15,base,TFTSet15,16.4,TFT15_XinZhao,Xin Zhao,Guarding Crescent,DamageReduction,40,40,40,40,40,40,40,40
Set 15,15,base,TFTSet15,16.4,TFT15_XinZhao,Xin Zhao,Guarding Crescent,Duration,3,3,3,3,3,3,3,3
Set 15,15,base,TFTSet15,16.4,TFT15_Yasuo,Yasuo,Unsheath the Storm,ADDamage,140/210/335,3.3,140,210,335,460,3.3,3.3
Set 15,15,base,TFTSet15,16.4,TFT15_Yasuo,Yasuo,Unsheath the Storm,APDamage,30/45/70,0,30,45,70,150,0,0
Set 15,15,base,TFTSet15,16.4,TFT15_Yasuo,Yasuo,Unsheath the Storm,NumTargets,3,3,3,3,3,3,3,3
Set 15,15,base,TFTSet15,16.4,TFT15_Yone,Yone,Dual Blade Technique: Inner Reflection,ASPerAttack,0.05/0.05/0.25,0.05,0.05,0.05,0.25,0.25,0.05,0.05
Set 15,15,base,TFTSet15,16.4,TFT15_Yone,Yone,Dual Blade Technique: Inner Reflection,AttackMagicDamage,100/160/999,30,100,160,999,999,999,999
Set 15,15,base,TFTSet15,16.4,TFT15_Yone,Yone,Dual Blade Technique: Inner Reflection,AttackTrueDamage,25/40/400,20,25,40,400,400,5.92,5.92
Set 15,15,base,TFTSet15,16.4,TFT15_Yone,Yone,Dual Blade Technique: Inner Reflection,StrikeADDamage,140/210/9999,270,140,210,9999,9999,3.5,3.5
Set 15,15,base,TFTSet15,16.4,TFT15_Yuumi,Yuumi,Read Or Die,BaseAdditionalPages,4,4,4,4,4,4,4,4
Set 15,15,base,TFTSet15,16.4,TFT15_Yuumi,Yuumi,Read Or Die,BaseDamagePerPage,26/40/150,40,26,40,150,300,0,0
Set 15,15,base,TFTSet15,16.4,TFT15_Yuumi,Yuumi,Read Or Die,BaseNumberOfPagesLaunched,20,20,20,20,20,20,20,20
Set 15,15,base,TFTSet15,16.4,TFT15_Yuumi,Yuumi,Read Or Die,NumPages,4,4,4,4,4,4,4,4
Set 15,15,base,TFTSet15,16.4,TFT15_Yuumi,Yuumi,Read Or Die,PercentPageDamagePerPotential,0.2,0.2,0.2,0.2,0.2,0.2,0.2,0.2
Set 15,15,base,TFTSet15,16.4,TFT15_Yuumi,Yuumi,Read Or Die,SecondaryTargetsHexRange,2,2,2,2,2,2,2,2
Set 15,15,base,TFTSet15,16.4,TFT15_Yuumi,Yuumi,Read Or Die,UltimateNumPages,2,2,2,2,2,2,2,2
Set 15,15,base,TFTSet15,16.4,TFT15_Zac,Zac,Reality Ripple,AoERadius,1,1,1,1,1,1,1,1
Set 15,15,base,TFTSet15,16.4,TFT15_Zac,Zac,Reality Ripple,BaseDamage,100/150/225,0,100,150,225,340,0,0
Set 15,15,base,TFTSet15,16.4,TFT15_Zac,Zac,Reality Ripple,Heal,240/280/350,0,240,280,350,420,0,0
Set 15,15,base,TFTSet15,16.4,TFT15_Zac,Zac,Reality Ripple,PercentHealthDamage,0.07,0,0.07,0.07,0.07,0.07,0,0
Set 15,15,base,TFTSet15,16.4,TFT15_Ziggs,Ziggs,Orbital Ordinance,AttackMagicDamage,50/75/120,60,50,75,120,135,180,180
Set 15,15,base,TFTSet15,16.4,TFT15_Ziggs,Ziggs,Orbital Ordinance,AttackPercentAD,1,1,1,1,1,1,1,1
Set 15,15,base,TFTSet15,16.4,TFT15_Ziggs,Ziggs,Orbital Ordinance,BaseHexRange,1,1,1,1,1,1,1,1
Set 15,15,base,TFTSet15,16.4,TFT15_Ziggs,Ziggs,Orbital Ordinance,BounceLength,450,450,450,450,450,450,450,450
Set 15,15,base,TFTSet15,16.4,TFT15_Ziggs,Ziggs,Orbital Ordinance,ExplosionDamage,230/345/550,200,230,345,550,755,600,600
Set 15,15,base,TFTSet15,16.4,TFT15_Zyra,Zyra,Crystal Thorn Expansion,ASDuration,4,4,4,4,4,4,4,4
Set 15,15,base,TFTSet15,16.4,TFT15_Zyra,Zyra,Crystal Thorn Expansion,BonusAS,0.25/0.4/9.99,0.8,0.25,0.4,9.99,9.99,0.8,0.8
Set 15,15,base,TFTSet15,16.4,TFT15_Zyra,Zyra,Crystal Thorn Expansion,Damage,90/135/999,100,90,135,999,999,100,100
Set 15,15,base,TFTSet15,16.4,TFT15_Zyra,Zyra,Crystal Thorn Expansion,FlatTeamAS,0.1,0.1,0.1,0.1,0.1,0.1,0.1,0.1
Set 15,15,base,TFTSet15,16.4,TFT15_Zyra,Zyra,Crystal Thorn Expansion,NumPlants,4/4/20,4,4,4,20,20,8,8
Set 15,15,base,TFTSet15,16.4,TFT15_Zyra,Zyra,Crystal Thorn Expansion,SummonAttacks,4,4,4,4,4,4,4,4
Set 16,16,base,TFTSet16,16.10,TFT16_Aatrox,Aatrox ,The Darkin Blade,ADDamage,100/185/2400,0,100,185,2400,2400,0,0
Set 16,16,base,TFTSet16,16.10,TFT16_Aatrox,Aatrox ,The Darkin Blade,APDamage,15/25/100,0,15,25,100,100,0,0
Set 16,16,base,TFTSet16,16.10,TFT16_Aatrox,Aatrox ,The Darkin Blade,SecondCastPercentDamage,1.2,1.2,1.2,1.2,1.2,1.2,1.2,1.2
Set 16,16,base,TFTSet16,16.10,TFT16_Aatrox,Aatrox ,The Darkin Blade,SecondCastStunDuration,1,1,1,1,1,1,1,1
Set 16,16,base,TFTSet16,16.10,TFT16_Aatrox,Aatrox ,The Darkin Blade,SunderDuration,4,4,4,4,4,4,4,4
Set 16,16,base,TFTSet16,16.10,TFT16_Aatrox,Aatrox ,The Darkin Blade,ThirdCastExecute,0.15,0.15,0.15,0.15,0.15,0.15,0.15,0.15
Set 16,16,base,TFTSet16,16.10,TFT16_Aatrox,Aatrox ,The Darkin Blade,ThirdCastPercentDamage,1.6,1.6,1.6,1.6,1.6,1.6,1.6,1.6
Set 16,16,base,TFTSet16,16.10,TFT16_Ahri,Ahri,Fox-Fire,Damage,82/125/225,0,82,125,225,325,200,240
Set 16,16,base,TFTSet16,16.10,TFT16_Ahri,Ahri,Fox-Fire,DashRangeInHexes,3,3,3,3,3,3,3,3
Set 16,16,base,TFTSet16,16.10,TFT16_Ahri,Ahri,Fox-Fire,NearbyEnemyHexRadius,1,1,1,1,1,1,1,1
Set 16,16,base,TFTSet16,16.10,TFT16_Ahri,Ahri,Fox-Fire,NormalNumBolts,3,3,3,3,3,3,3,3
Set 16,16,base,TFTSet16,16.10,TFT16_Ahri,Ahri,Fox-Fire,NumCasts,3,3,3,3,3,3,3,3
Set 16,16,base,TFTSet16,16.10,TFT16_Ahri,Ahri,Fox-Fire,NumNearbyEnemies,2,2,2,2,2,2,2,2
Set 16,16,base,TFTSet16,16.10,TFT16_Ahri,Ahri,Fox-Fire,SpecialCastNumBolts,9,9,9,9,9,9,9,9
Set 16,16,base,TFTSet16,16.10,TFT16_Ambessa,Ambessa,Lacerate,ADDamage,45/65/320,0,45,65,320,320,1.35,1.35
Set 16,16,base,TFTSet16,16.10,TFT16_Ambessa,Ambessa,Lacerate,APDamage,5/10/30,0,5,10,30,50,0,0
Set 16,16,base,TFTSet16,16.10,TFT16_Ambessa,Ambessa,Lacerate,DamageFalloff,0.8,0.8,0.8,0.8,0.8,0.8,0.8,0.8
Set 16,16,base,TFTSet16,16.10,TFT16_Ambessa,Ambessa,Lacerate,MaxDamagePercentBasedOnMissingHealth,,,,,,,,
Set 16,16,base,TFTSet16,16.10,TFT16_Ambessa,Ambessa,Lacerate,SlamDamageMultiplier,3.15,3.15,3.15,3.15,3.15,3.15,3.15,3.15
Set 16,16,base,TFTSet16,16.10,TFT16_Ambessa,Ambessa,Lacerate,TankDamageMult,0.4/0.4/1,0.4,0.4,0.4,1,1,0.4,0.4
Set 16,16,base,TFTSet16,16.10,TFT16_Anivia,Anivia,Frostbite,Damage,355/530/750,0,355,530,750,845,200,240
Set 16,16,base,TFTSet16,16.10,TFT16_Anivia,Anivia,Frostbite,ManaRefund,10,10,10,10,10,10,10,10
Set 16,16,base,TFTSet16,16.10,TFT16_Annie,Annie,Enraged Inferno,Damage,1500/2250/8000,0,1500,2250,8000,8000,200,240
Set 16,16,base,TFTSet16,16.10,TFT16_Annie,Annie,Enraged Inferno,DamageDuration,45,45,45,45,45,45,45,45
Set 16,16,base,TFTSet16,16.10,TFT16_Annie,Annie,Enraged Inferno,ManaCostReduction,140,140,140,140,140,140,140,140
Set 16,16,base,TFTSet16,16.10,TFT16_Annie,Annie,Enraged Inferno,SingleTargetDamage,240/360/3000,0,240,360,3000,3000,0,0
Set 16,16,base,TFTSet16,16.10,TFT16_Aphelios,Aphelios,Incendiary Onslaught,AttackSpeed,2,2,2,2,2,2,2,2
Set 16,16,base,TFTSet16,16.10,TFT16_Aphelios,Aphelios,Incendiary Onslaught,NumAttacks,8,8,8,8,8,8,8,8
Set 16,16,base,TFTSet16,16.10,TFT16_Aphelios,Aphelios,Incendiary Onslaught,NumTargets,3,3,3,3,3,3,3,3
Set 16,16,base,TFTSet16,16.10,TFT16_Aphelios,Aphelios,Incendiary Onslaught,Omnivamp,0.1,0.1,0.1,0.1,0.1,0.1,0.1,0.1
Set 16,16,base,TFTSet16,16.10,TFT16_Aphelios,Aphelios,Incendiary Onslaught,SeverumADDamage,80/120/200,0,80,120,200,280,1.25,1.25
Set 16,16,base,TFTSet16,16.10,TFT16_Aphelios,Aphelios,Incendiary Onslaught,SunderDuration,6,6,6,6,6,6,6,6
Set 16,16,base,TFTSet16,16.10,TFT16_Aphelios,Aphelios,Incendiary Onslaught,SunderRatio,0.3,0.3,0.3,0.3,0.3,0.3,0.3,0.3
Set 16,16,base,TFTSet16,16.10,TFT_ArmoryKeyOrnn,Artifact Item Anvil,Artifact Item Anvil,RoundsToHatch,2,2,2,2,2,2,2,2
Set 16,16,base,TFTSet16,16.10,TFT16_Ashe,Ashe,True Ice Arrow,ADDamage,135/195/300,250,135,195,300,410,250,250
Set 16,16,base,TFTSet16,16.10,TFT16_Ashe,Ashe,True Ice Arrow,AOEPercent,0.33,0.33,0.33,0.33,0.33,0.33,0.33,0.33
Set 16,16,base,TFTSet16,16.10,TFT16_Ashe,Ashe,True Ice Arrow,APDamage,20/30/40,0,20,30,40,50,0,0
Set 16,16,base,TFTSet16,16.10,TFT16_Ashe,Ashe,True Ice Arrow,Duration,3,3,3,3,3,3,3,3
Set 16,16,base,TFTSet16,16.10,TFT16_Ashe,Ashe,True Ice Arrow,SmallArrowDamage,0.04,0.04,0.04,0.04,0.04,0.04,0.04,0.04
Set 16,16,base,TFTSet16,16.10,TFT16_Ashe,Ashe,True Ice Arrow,TrueDamageHealthBreakpoint,0.3,0.3,0.3,0.3,0.3,0.3,0.3,0.3
Set 16,16,base,TFTSet16,16.10,TFT16_Ashe,Ashe,True Ice Arrow,TryndASPerArrow,0.1,0.1,0.1,0.1,0.1,0.1,0.1,0.1
Set 16,16,base,TFTSet16,16.10,TFT16_Atakhan,Atakhan,Punish the Unworthy,BaseRingDamage,500,500,500,500,500,500,500,500
Set 16,16,base,TFTSet16,16.10,TFT16_Atakhan,Atakhan,Punish the Unworthy,BonusDamagePerRing,50/75/115,50,50,75,115,170,50,50
Set 16,16,base,TFTSet16,16.10,TFT16_Atakhan,Atakhan,Punish the Unworthy,CleaveDamage,150/225/340,80,150,225,340,500,80,80
Set 16,16,base,TFTSet16,16.10,TFT16_Atakhan,Atakhan,Punish the Unworthy,CleaveHexRange,1,1,1,1,1,1,1,1
Set 16,16,base,TFTSet16,16.10,TFT16_Atakhan,Atakhan,Punish the Unworthy,DOTDamage,750,750,750,750,750,750,750,750
Set 16,16,base,TFTSet16,16.10,TFT16_Atakhan,Atakhan,Punish the Unworthy,DOTDuration,2.5,2.5,2.5,2.5,2.5,30,2.5,2.5
Set 16,16,base,TFTSet16,16.10,TFT16_Atakhan,Atakhan,Punish the Unworthy,DOTInitialDamage,150,150,150,150,150,150,150,150
Set 16,16,base,TFTSet16,16.10,TFT16_Atakhan,Atakhan,Punish the Unworthy,DOTRange,3,3,3,3,3,3,3,3
Set 16,16,base,TFTSet16,16.10,TFT16_Atakhan,Atakhan,Punish the Unworthy,NumAttacksToCleave,2,2,2,2,2,2,2,2
Set 16,16,base,TFTSet16,16.10,TFT16_Atakhan,Atakhan,Punish the Unworthy,NumRings,4,4,4,4,4,4,4,4
Set 16,16,base,TFTSet16,16.10,TFT16_Atakhan,Atakhan,Punish the Unworthy,Omnivamp,0.3,0.2,0.3,0.3,0.3,1,0.2,0.2
Set 16,16,base,TFTSet16,16.10,TFT16_Atakhan,Atakhan,Punish the Unworthy,PercentDA,0/0.03/0.03,0,0,0.03,0.03,0.03,0.03,0.03
Set 16,16,base,TFTSet16,16.10,TFT16_Atakhan,Atakhan,Punish the Unworthy,PrismaticStunDuration,3,3,3,3,3,3,3,3
Set 16,16,base,TFTSet16,16.10,TFT16_AurelionSol,Aurelion Sol,The Skies Descend,Damage,475/700/5000,0,475,700,5000,10000,0,0
Set 16,16,base,TFTSet16,16.10,TFT16_AurelionSol,Aurelion Sol,The Skies Descend,InitialHexRadius,2,2,2,2,2,2,2,2
Set 16,16,base,TFTSet16,16.10,TFT16_AurelionSol,Aurelion Sol,The Skies Descend,StardustPerDamage,250,250,250,250,250,250,250,250
Set 16,16,base,TFTSet16,16.10,TFT16_AurelionSol,Aurelion Sol,The Skies Descend,StardustThreshold1,25,25,25,25,25,25,25,25
Set 16,16,base,TFTSet16,16.10,TFT16_AurelionSol,Aurelion Sol,The Skies Descend,StardustThreshold2,60,60,60,60,60,60,60,60
Set 16,16,base,TFTSet16,16.10,TFT16_AurelionSol,Aurelion Sol,The Skies Descend,StardustThreshold3,140,140,140,140,140,140,140,140
Set 16,16,base,TFTSet16,16.10,TFT16_AurelionSol,Aurelion Sol,The Skies Descend,StardustThreshold4,200,200,200,200,200,200,200,200
Set 16,16,base,TFTSet16,16.10,TFT16_AurelionSol,Aurelion Sol,The Skies Descend,StardustThreshold5,300,300,300,300,300,300,300,300
Set 16,16,base,TFTSet16,16.10,TFT16_AurelionSol,Aurelion Sol,The Skies Descend,StardustThreshold6,550,550,550,550,550,550,550,550
Set 16,16,base,TFTSet16,16.10,TFT16_AurelionSol,Aurelion Sol,The Skies Descend,StardustThreshold7,800,800,800,800,800,800,800,800
Set 16,16,base,TFTSet16,16.10,TFT16_AurelionSol,Aurelion Sol,The Skies Descend,StardustThreshold8,1444,1444,1444,1444,1444,1444,1444,1444
Set 16,16,base,TFTSet16,16.10,TFT16_AurelionSol,Aurelion Sol,The Skies Descend,Threshold1Damage,100/150/1000,0,100,150,1000,2000,0,0
Set 16,16,base,TFTSet16,16.10,TFT16_AurelionSol,Aurelion Sol,The Skies Descend,Threshold1Radius,3,3,3,3,3,3,3,3
Set 16,16,base,TFTSet16,16.10,TFT16_AurelionSol,Aurelion Sol,The Skies Descend,Threshold2DamageIncrease,0.15,0.15,0.15,0.15,0.15,0.15,0.15,0.15
Set 16,16,base,TFTSet16,16.10,TFT16_AurelionSol,Aurelion Sol,The Skies Descend,Threshold3Radius,4,4,4,4,4,4,4,4
Set 16,16,base,TFTSet16,16.10,TFT16_AurelionSol,Aurelion Sol,The Skies Descend,Threshold4KnockupDuration,1.5,1.5,1.5,1.5,1.5,1.5,1.5,1.5
Set 16,16,base,TFTSet16,16.10,TFT16_AurelionSol,Aurelion Sol,The Skies Descend,Threshold5Radius,10,10,10,10,10,10,10,10
Set 16,16,base,TFTSet16,16.10,TFT16_AurelionSol,Aurelion Sol,The Skies Descend,Threshold6BonusDamagePercent,0.33,0.33,0.33,0.33,0.33,0.33,0.33,0.33
Set 16,16,base,TFTSet16,16.10,TFT16_AurelionSol,Aurelion Sol,The Skies Descend,Threshold7Damage,500/750/9999,0,500,750,9999,9999,0,0
Set 16,16,base,TFTSet16,16.10,TFT16_AurelionSol,Aurelion Sol,The Skies Descend,Threshold7NumMeteors,8,8,8,8,8,8,8,8
Set 16,16,base,TFTSet16,16.10,TFT16_Azir,Azir,Arise!,BaseMagicDamage,100/150/3000,35,100,150,3000,4000,500,500
Set 16,16,base,TFTSet16,16.10,TFT16_Azir,Azir,Arise!,Duration,90,90,90,90,90,90,90,90
Set 16,16,base,TFTSet16,16.10,TFT16_Azir,Azir,Arise!,MaxSummons,2,2,2,2,2,2,2,2
Set 16,16,base,TFTSet16,16.10,TFT16_Azir,Azir,Arise!,MaxSummonsDamage,90/135/5000,0,90,135,5000,5000,0,0
Set 16,16,base,TFTSet16,16.10,TFT16_Azir,Azir,Arise!,XerathZapAttacksRequired,4,4,4,4,4,4,4,4
Set 16,16,base,TFTSet16,16.10,TFT16_PVE_RedGolemMini,Baby Brambleback,Searing Blast,BurnDuration,4,4,4,4,4,4,4,4
Set 16,16,base,TFTSet16,16.10,TFT16_PVE_BlueGolemMini1,Baby Sentinel,Insight Blast,AttackMagicDamage,0.2,0.2,0.2,0.2,0.2,0.2,0.2,0.2
Set 16,16,base,TFTSet16,16.10,TFT16_Bard,Bard ,Traveler's Call,Damage,130/185/255,0,130,185,255,325,200,240
Set 16,16,base,TFTSet16,16.10,TFT16_Bard,Bard ,Traveler's Call,EnemyHexSearchRadius,3,3,3,3,3,3,3,3
Set 16,16,base,TFTSet16,16.10,TFT16_Bard,Bard ,Traveler's Call,NumMissilesBase,6,6,6,6,6,6,6,6
Set 16,16,base,TFTSet16,16.10,TFT16_Bard,Bard ,Traveler's Call,PercentDamageOnCurrentTarget,0.75,0.75,0.75,0.75,0.75,0.75,0.75,0.75
Set 16,16,base,TFTSet16,16.10,TFT16_BaronNashor,Baron Nashor,Wrath of the Void,ADDamage,250/375/20000,0,250,375,20000,20000,0,0
Set 16,16,base,TFTSet16,16.10,TFT16_BaronNashor,Baron Nashor,Wrath of the Void,APDamage,30/45/500,0,30,45,500,500,0,0
Set 16,16,base,TFTSet16,16.10,TFT16_BaronNashor,Baron Nashor,Wrath of the Void,AcidPercentDamage,0.4/0.45/0.5,0.5,0.4,0.45,0.5,0.5,0.5,0.5
Set 16,16,base,TFTSet16,16.10,TFT16_BaronNashor,Baron Nashor,Wrath of the Void,KnockupDuration,1.5,1.5,1.5,1.5,1.5,1.5,1.5,1.5
Set 16,16,base,TFTSet16,16.10,TFT16_BaronNashor,Baron Nashor,Wrath of the Void,NumAcidToShoot,10,10,10,10,10,10,10,10
Set 16,16,base,TFTSet16,16.10,TFT16_BaronNashor,Baron Nashor,Wrath of the Void,TentacleKnockupDuration,1.5,1.5,1.5,1.5,1.5,1.5,1.5,1.5
Set 16,16,base,TFTSet16,16.10,TFT16_BaronNashor,Baron Nashor,Wrath of the Void,TentacleRefreshSeconds,3/3/0.25,3,3,3,0.25,0.25,0.25,3
Set 16,16,base,TFTSet16,16.10,TFT16_BelVeth,Bel'Veth,Endless Banquet,ADDamage,150/225/900,4,150,225,900,1200,4,4
Set 16,16,base,TFTSet16,16.10,TFT16_BelVeth,Bel'Veth,Endless Banquet,ASDuration,3,3,3,3,3,3,3,3
Set 16,16,base,TFTSet16,16.10,TFT16_BelVeth,Bel'Veth,Endless Banquet,AttackSpeedOnTakedown,0.75/0.75/2,1,0.75,0.75,2,2,1,1
Set 16,16,base,TFTSet16,16.10,TFT16_BelVeth,Bel'Veth,Endless Banquet,AttackSpeedOnTransform,0.33/0.33/1.33,0.5,0.33,0.33,1.33,1,0.5,0.5
Set 16,16,base,TFTSet16,16.10,TFT16_BelVeth,Bel'Veth,Endless Banquet,PercentMaxHealthGain,0.33,0.33,0.33,0.33,0.33,0.33,0.33,0.33
Set 16,16,base,TFTSet16,16.10,TFT16_BelVeth,Bel'Veth,Endless Banquet,TrueDamageBase,15/25/100,0,15,25,100,150,0,0
Set 16,16,base,TFTSet16,16.10,TFT16_BelVeth,Bel'Veth,Endless Banquet,TrueDamagePerStack,3/5/30,0,3,5,30,40,0,0
Set 16,16,base,TFTSet16,16.10,TFT16_Blitzcrank,Blitzcrank,Static Field,Duration,4,4,4,4,4,4,4,4
Set 16,16,base,TFTSet16,16.10,TFT16_Blitzcrank,Blitzcrank,Static Field,HexRadius,1,1,1,1,1,1,1,1
Set 16,16,base,TFTSet16,16.10,TFT16_Blitzcrank,Blitzcrank,Static Field,MRDamageRatio,1.4/2.1/3.15,0,1.4,2.1,3.15,4.2,0,0
Set 16,16,base,TFTSet16,16.10,TFT16_Blitzcrank,Blitzcrank,Static Field,Shield,400/480/600,0,400,480,600,720,0,0
Set 16,16,base,TFTSet16,16.10,TFT16_PVE_RedGolem,Brambleback,Bramble Smash,PercentAD,1.5,1.5,1.5,1.5,1.5,1.5,1.5,1.5
Set 16,16,base,TFTSet16,16.10,TFT16_Braum,Braum,Unbreakable Frost,APDamage,15/25/1050,0,15,25,1050,200,0,0
Set 16,16,base,TFTSet16,16.10,TFT16_Braum,Braum,Unbreakable Frost,ArmorDamage,0.2/0.3/3.25,0,0.2,0.3,3.25,4,0,0
Set 16,16,base,TFTSet16,16.10,TFT16_Braum,Braum,Unbreakable Frost,ChillDuration,2,2,2,2,2,2,2,2
Set 16,16,base,TFTSet16,16.10,TFT16_Braum,Braum,Unbreakable Frost,DamageReduction,0.55/0.55/0.9,0.7,0.55,0.55,0.9,0.9,0.7,0.7
Set 16,16,base,TFTSet16,16.10,TFT16_Braum,Braum,Unbreakable Frost,DelayedBonusHealth,120,120,120,120,120,120,120,120
Set 16,16,base,TFTSet16,16.10,TFT16_Braum,Braum,Unbreakable Frost,Duration,4,4,4,4,4,4,4,4
Set 16,16,base,TFTSet16,16.10,TFT16_Braum,Braum,Unbreakable Frost,EnemyAttackCooldown,0.5,0.5,0.5,0.5,0.5,0.5,0.5,0.5
Set 16,16,base,TFTSet16,16.10,TFT16_Braum,Braum,Unbreakable Frost,HealthPercent,0.05,0.05,0.05,0.05,0.05,0.05,0.05,0.05
Set 16,16,base,TFTSet16,16.10,TFT16_Braum,Braum,Unbreakable Frost,PoroDelay,8,8,8,8,8,8,8,8
Set 16,16,base,TFTSet16,16.10,TFT16_Braum,Braum,Unbreakable Frost,PoroHealth,120,120,120,120,120,120,120,120
Set 16,16,base,TFTSet16,16.10,TFT16_Briar,Briar,Blood Frenzy,BonusAD,0.25,0.25,0.25,0.25,0.25,0.25,0.25,0.25
Set 16,16,base,TFTSet16,16.10,TFT16_Briar,Briar,Blood Frenzy,DecayingAttackSpeed,3/3/3.5,3,3,3,3.5,4,3,3
Set 16,16,base,TFTSet16,16.10,TFT16_Briar,Briar,Blood Frenzy,Duration,4,4,4,4,4,4,4,4
Set 16,16,base,TFTSet16,16.10,TFT16_Briar,Briar,Blood Frenzy,HexSearchRadius,2,2,2,2,2,2,2,2
Set 16,16,base,TFTSet16,16.10,TFT16_Brock,Brock,Seismic Slam,EffectReductionMinimum,0.4,0.4,0.4,0.4,0.4,0.4,0.4,0.4
Set 16,16,base,TFTSet16,16.10,TFT16_Brock,Brock,Seismic Slam,EffectReductionPerHex,0.15,0.15,0.15,0.15,0.15,0.15,0.15,0.15
Set 16,16,base,TFTSet16,16.10,TFT16_Brock,Brock,Seismic Slam,NumRocks,12/12/99,12,12,12,99,12,12,12
Set 16,16,base,TFTSet16,16.10,TFT16_Brock,Brock,Seismic Slam,PassivePercentAoE,0.5,0.5,0.5,0.5,0.5,0.5,0.5,0.5
Set 16,16,base,TFTSet16,16.10,TFT16_Brock,Brock,Seismic Slam,RockDamageAD,200/375/600,50,200,375,600,1000,999,999
Set 16,16,base,TFTSet16,16.10,TFT16_Brock,Brock,Seismic Slam,RockDamageAP,20/30/100,50,20,30,100,500,999,999
Set 16,16,base,TFTSet16,16.10,TFT16_Brock,Brock,Seismic Slam,SlamDamageBase,150/200/1500,65,150,200,1500,5000,0,0
Set 16,16,base,TFTSet16,16.10,TFT16_Brock,Brock,Seismic Slam,SlamDamageHealth,0.02,0.02,0.02,0.02,0.02,0.02,0.02,0.02
Set 16,16,base,TFTSet16,16.10,TFT16_Brock,Brock,Seismic Slam,StunDuration,1.75,1.75,1.75,1.75,1.75,1.75,1.75,1.75
Set 16,16,base,TFTSet16,16.10,TFT16_Caitlyn,Caitlyn,Ace in the Hole,ADDamage,475/715/1105,0,475,715,1105,1495,0,0
Set 16,16,base,TFTSet16,16.10,TFT16_Caitlyn,Caitlyn,Ace in the Hole,APDamage,40/60/100,0,40,60,100,140,0,0
Set 16,16,base,TFTSet16,16.10,TFT16_ChoGath,Cho'Gath,Rupture,APDamage,45/75/110,0,45,75,110,160,0,0
Set 16,16,base,TFTSet16,16.10,TFT16_ChoGath,Cho'Gath,Rupture,BonusHPPerCast,10/15/25,0,10,15,25,40,0,0
Set 16,16,base,TFTSet16,16.10,TFT16_ChoGath,Cho'Gath,Rupture,DelayTime,0.5,0.5,0.5,0.5,0.5,0.5,0.5,0.5
Set 16,16,base,TFTSet16,16.10,TFT16_ChoGath,Cho'Gath,Rupture,Heal,200/225/400,150,200,225,400,575,0,0
Set 16,16,base,TFTSet16,16.10,TFT16_ChoGath,Cho'Gath,Rupture,KnockupDuration,1.5,1.5,1.5,1.5,1.5,1.5,1.5,1.5
Set 16,16,base,TFTSet16,16.10,TFT16_ChoGath,Cho'Gath,Rupture,PercentMaximumHealthDamage,0.05,0.05,0.05,0.05,0.05,0.05,0.05,0.05
Set 16,16,base,TFTSet16,16.10,TFT_ArmoryKeyCompleted,Completed Item Anvil,Completed Item Anvil,RoundsToHatch,2,2,2,2,2,2,2,2
Set 16,16,base,TFTSet16,16.10,TFT_ArmoryKeyComponent,Component Anvil,Component Anvil,RoundsToHatch,2,2,2,2,2,2,2,2
Set 16,16,base,TFTSet16,16.10,TFT16_Darius,Darius,Decimate,ADDamage,90/135/210,70,90,135,210,285,330,330
Set 16,16,base,TFTSet16,16.10,TFT16_Darius,Darius,Decimate,APHealing,210/280/420,0,210,280,420,560,0,0
Set 16,16,base,TFTSet16,16.10,TFT16_Darius,Darius,Decimate,BleedDuration,5,5,5,5,5,5,5,5
Set 16,16,base,TFTSet16,16.10,TFT16_Darius,Darius,Decimate,ExecutePercentPerHemorrhage,0.08,0.08,0.08,0.08,0.08,0.08,0.08,0.08
Set 16,16,base,TFTSet16,16.10,TFT16_Darius,Darius,Decimate,GoldPerExecute,,,,,,,,
Set 16,16,base,TFTSet16,16.10,TFT16_Darius,Darius,Decimate,PercentMaximumHealthHealing,0.15,0.15,0.15,0.15,0.15,0.15,0.15,0.15
Set 16,16,base,TFTSet16,16.10,TFT16_Darius,Darius,Decimate,PhysicalDamagePerSecond,12/18/30,0,12,18,30,42,0,0
Set 16,16,base,TFTSet16,16.10,TFT16_Darius,Darius,Decimate,SecondaryExecutePercentPerHemorrhage,0.05,0.05,0.05,0.05,0.05,0.05,0.05,0.05
Set 16,16,base,TFTSet16,16.10,TFT16_Diana,Diana ,Lunar Rush,HexLimit,4,4,4,4,4,4,4,4
Set 16,16,base,TFTSet16,16.10,TFT16_Diana,Diana ,Lunar Rush,MoonlightDamageReduction,0.1,0.1,0.1,0.1,0.1,0.1,0.1,0.1
Set 16,16,base,TFTSet16,16.10,TFT16_Diana,Diana ,Lunar Rush,SecondaryDamage,160/240/1500,0,160,240,1500,2000,0,0
Set 16,16,base,TFTSet16,16.10,TFT16_Diana,Diana ,Lunar Rush,Shield,100/175/300,0,100,175,300,500,0,0
Set 16,16,base,TFTSet16,16.10,TFT16_Diana,Diana ,Lunar Rush,ShieldDuration,2,2,2,2,2,2,2,2
Set 16,16,base,TFTSet16,16.10,TFT16_Diana,Diana ,Lunar Rush,TargetDamage,140/210/600,1,140,210,600,1200,1200,3000
Set 16,16,base,TFTSet16,16.10,TFT16_DrMundo,Dr. Mundo,Maximum Dosage,ADDamage,60/90/145,1.25,60,90,145,270,1.25,1.25
Set 16,16,base,TFTSet16,16.10,TFT16_DrMundo,Dr. Mundo,Maximum Dosage,APHealPerSecond,60/95/150,0,60,95,150,200,0,0
Set 16,16,base,TFTSet16,16.10,TFT16_DrMundo,Dr. Mundo,Maximum Dosage,Duration,5,5,5,5,5,5,5,5
Set 16,16,base,TFTSet16,16.10,TFT16_DrMundo,Dr. Mundo,Maximum Dosage,HealTickRate,0.25,0.25,0.25,0.25,0.25,0.25,0.25,0.25
Set 16,16,base,TFTSet16,16.10,TFT16_DrMundo,Dr. Mundo,Maximum Dosage,PercentHealthHealingPerSecond,0.06,0.06,0.06,0.06,0.06,0.06,0.06,0.06
Set 16,16,base,TFTSet16,16.10,TFT16_DrMundo,Dr. Mundo,Maximum Dosage,PercentMaximumHealthDamage,0.05,0.05,0.05,0.05,0.05,0.05,0.05,0.05
Set 16,16,base,TFTSet16,16.10,TFT16_Draven,Draven,Spinning Axes,ADDamage,120/180/350,2.5,120,180,350,500,2.5,2.5
Set 16,16,base,TFTSet16,16.10,TFT16_Draven,Draven,Spinning Axes,AttackDamage,,,,,,,,
Set 16,16,base,TFTSet16,16.10,TFT16_Draven,Draven,Spinning Axes,BaseDamage,10/15/25,20,10,15,25,35,35,20
Set 16,16,base,TFTSet16,16.10,TFT16_Draven,Draven,Spinning Axes,GoldAmount,1/3/5,0,1,3,5,5,0,0
Set 16,16,base,TFTSet16,16.10,TFT16_Draven,Draven,Spinning Axes,TotalTakedown,11,11,11,11,11,11,11,11
Set 16,16,base,TFTSet16,16.10,TFT16_Ekko,Ekko,Parallel Convergence,BaseBonusMagicDamage,160/240/380,90,160,240,380,520,300,300
Set 16,16,base,TFTSet16,16.10,TFT16_Ekko,Ekko,Parallel Convergence,BaseMagicDamage,130/195/295,125,130,195,295,395,330,330
Set 16,16,base,TFTSet16,16.10,TFT16_Ekko,Ekko,Parallel Convergence,DamageRatio,0.1,0.1,0.1,0.1,0.1,0.1,0.1,0.1
Set 16,16,base,TFTSet16,16.10,TFT16_Ekko,Ekko,Parallel Convergence,Duration,3,3,3,3,3,3,3,3
Set 16,16,base,TFTSet16,16.10,TFT16_Ekko,Ekko,Parallel Convergence,HexRange,1,1,1,1,1,1,1,1
Set 16,16,base,TFTSet16,16.10,TFT16_Fiddlesticks,Fiddlesticks,Crowstorm,AOERadius,2,2,2,2,2,2,2,2
Set 16,16,base,TFTSet16,16.10,TFT16_Fiddlesticks,Fiddlesticks,Crowstorm,DamagePerSecond,100/150/6666,0,100,150,6666,9999,0,0
Set 16,16,base,TFTSet16,16.10,TFT16_Fiddlesticks,Fiddlesticks,Crowstorm,FearDuration,1.25/1.25/99,0,1.25,1.25,99,99,0,0
Set 16,16,base,TFTSet16,16.10,TFT16_Fiddlesticks,Fiddlesticks,Crowstorm,ManaLossPerSecond,22,22,22,22,22,22,22,22
Set 16,16,base,TFTSet16,16.10,TFT16_Fiddlesticks,Fiddlesticks,Crowstorm,NearestBonusDamage,0.33,0.33,0.33,0.33,0.33,0.33,0.33,0.33
Set 16,16,base,TFTSet16,16.10,TFT16_Fiddlesticks,Fiddlesticks,Crowstorm,NearestEnemies,2,2,2,2,2,2,2,2
Set 16,16,base,TFTSet16,16.10,TFT16_Fiddlesticks,Fiddlesticks,Crowstorm,SlotSearchRadius,2,2,2,2,2,2,2,2
Set 16,16,base,TFTSet16,16.10,TFT16_Fizz,Fizz,Playful Trickster,ASBoost,1,1,1,1,1,1,1,1
Set 16,16,base,TFTSet16,16.10,TFT16_Fizz,Fizz,Playful Trickster,Damage,75/115/450,0,75,115,450,750,0,0
Set 16,16,base,TFTSet16,16.10,TFT16_Fizz,Fizz,Playful Trickster,DamageOnHit,50/75/600,0,50,75,600,1100,0,0
Set 16,16,base,TFTSet16,16.10,TFT16_Fizz,Fizz,Playful Trickster,HexRange,4,4,4,4,4,4,4,4
Set 16,16,base,TFTSet16,16.10,TFT16_Fizz,Fizz,Playful Trickster,NumAttacks,4,4,4,4,4,4,4,4
Set 16,16,base,TFTSet16,16.10,TFT16_Galio,Galio,Inspirational Might,ActiveARDamage,1.5/2.25/10,1,1.5,2.25,10,3,1,1
Set 16,16,base,TFTSet16,16.10,TFT16_Galio,Galio,Inspirational Might,ActiveMRDamage,3.5/5.25/50,0,3.5,5.25,50,60,0,0
Set 16,16,base,TFTSet16,16.10,TFT16_Galio,Galio,Inspirational Might,NumAttacks,3,3,3,3,3,3,3,3
Set 16,16,base,TFTSet16,16.10,TFT16_Galio,Galio,Inspirational Might,PassiveMRRatio,3.8/5.7/90,1,3.8,5.7,90,99,1,1
Set 16,16,base,TFTSet16,16.10,TFT16_Galio,Galio,Inspirational Might,Shield,500/600/2000,0,500,600,2000,2000,0,0
Set 16,16,base,TFTSet16,16.10,TFT16_Galio,Galio,Inspirational Might,ShieldDuration,4,4,4,4,4,4,4,4
Set 16,16,base,TFTSet16,16.10,TFT16_Gangplank,Gangplank,Powder Kegs,ADDamage,205/310/500,140,205,310,500,690,1.5,1.5
Set 16,16,base,TFTSet16,16.10,TFT16_Gangplank,Gangplank,Powder Kegs,APDamage,10/15/25,0,10,15,25,35,0,0
Set 16,16,base,TFTSet16,16.10,TFT16_Gangplank,Gangplank,Powder Kegs,ArmorReduction,10,10,10,10,10,10,10,10
Set 16,16,base,TFTSet16,16.10,TFT16_Gangplank,Gangplank,Powder Kegs,CritArmorReduction,20,20,20,20,20,20,20,20
Set 16,16,base,TFTSet16,16.10,TFT16_Gangplank,Gangplank,Powder Kegs,FalloffDamage,0.25,0.25,0.25,0.25,0.25,0.25,0.25,0.25
Set 16,16,base,TFTSet16,16.10,TFT16_Gangplank,Gangplank,Powder Kegs,NumofBarrels,3,3,3,3,3,3,3,3
Set 16,16,base,TFTSet16,16.10,TFT16_Garen,Garen,Judgment,ADDamage,100/150/1700,0,100,150,1700,1700,0,0
Set 16,16,base,TFTSet16,16.10,TFT16_Garen,Garen,Judgment,APHeal,250/300/1200,0,250,300,1200,1200,0,0
Set 16,16,base,TFTSet16,16.10,TFT16_Garen,Garen,Judgment,ArmorMRReduction,5,5,5,5,5,5,5,5
Set 16,16,base,TFTSet16,16.10,TFT16_Garen,Garen,Judgment,Durability,0.5/0.5/0.8,0.5,0.5,0.5,0.8,0.8,0.5,0.5
Set 16,16,base,TFTSet16,16.10,TFT16_Garen,Garen,Judgment,PercentHealthHeal,0.1,0.1,0.1,0.1,0.1,0.1,0.1,0.1
Set 16,16,base,TFTSet16,16.10,TFT16_Garen,Garen,Judgment,PercentofHealImmediately,0.4,0.4,0.4,0.4,0.4,0.4,0.4,0.4
Set 16,16,base,TFTSet16,16.10,TFT16_Garen,Garen,Judgment,SpinDuration,3,0,3,3,3,0,0,0
Set 16,16,base,TFTSet16,16.10,TFT_BlueGolem,Golem,Golem Smash,Damage,300/480/750,100,300,480,750,1125,100,100
Set 16,16,base,TFTSet16,16.10,TFT16_Graves,Graves ,Collateral Damage,ADDamage,180/270/450,3,180,270,450,630,3,3
Set 16,16,base,TFTSet16,16.10,TFT16_Graves,Graves ,Collateral Damage,APDamage,20/30/45,0,20,30,45,65,0,0
Set 16,16,base,TFTSet16,16.10,TFT16_Graves,Graves ,Collateral Damage,AttackDamageMultiplier,0.45,0.45,0.45,0.45,0.45,0.45,0.45,0.45
Set 16,16,base,TFTSet16,16.10,TFT16_Graves,Graves ,Collateral Damage,BonusAS,0.04,0.04,0.04,0.04,0.04,0.04,0.04,0.04
Set 16,16,base,TFTSet16,16.10,TFT16_Graves,Graves ,Collateral Damage,TFBonusAP,12,12,12,12,12,12,12,12
Set 16,16,base,TFTSet16,16.10,TFT16_Gwen,Gwen ,Snip Snip!,ConeAngle,55,55,55,55,55,55,55,55
Set 16,16,base,TFTSet16,16.10,TFT16_Gwen,Gwen ,Snip Snip!,ConeLength,465,465,465,465,465,465,465,465
Set 16,16,base,TFTSet16,16.10,TFT16_Gwen,Gwen ,Snip Snip!,Damage,50/75/120,0,50,75,120,165,200,240
Set 16,16,base,TFTSet16,16.10,TFT16_Gwen,Gwen ,Snip Snip!,PassiveOmnivamp,0.15,0.15,0.15,0.15,0.15,0.15,0.15,0.15
Set 16,16,base,TFTSet16,16.10,TFT16_Gwen,Gwen ,Snip Snip!,SecondaryMagicDamage,25/35/60,0,25,35,60,85,0,0
Set 16,16,base,TFTSet16,16.10,TFT16_Gwen,Gwen ,Snip Snip!,SnipCount,5,5,5,5,5,5,5,5
Set 16,16,base,TFTSet16,16.10,TFT16_Gwen,Gwen ,Snip Snip!,SnipPerSoulBreakpoint,1,1,1,1,1,1,1,1
Set 16,16,base,TFTSet16,16.10,TFT16_Gwen,Gwen ,Snip Snip!,SoulBreakpoint,80,80,80,80,80,80,80,80
Set 16,16,base,TFTSet16,16.10,TFT16_Illaoi,Illaoi,Tentacle Smash,APHeal,200/240/280,0,200,240,280,320,200,240
Set 16,16,base,TFTSet16,16.10,TFT16_Illaoi,Illaoi,Tentacle Smash,Damage,180/270/405,0,180,270,405,540,0,0
Set 16,16,base,TFTSet16,16.10,TFT16_Illaoi,Illaoi,Tentacle Smash,PercentHealthHeal,0.07,0.07,0.07,0.07,0.07,0.07,0.07,0.07
Set 16,16,base,TFTSet16,16.10,TFT16_JarvanIV,Jarvan IV,Demacian Standard,AttackSpeed,0.2/0.25/0.5,0,0.2,0.25,0.5,1,0,0
Set 16,16,base,TFTSet16,16.10,TFT16_JarvanIV,Jarvan IV,Demacian Standard,AttackSpeedDuration,4,4,4,4,4,4,4,4
Set 16,16,base,TFTSet16,16.10,TFT16_JarvanIV,Jarvan IV,Demacian Standard,Shield,350/425/500,0,350,425,500,600,0,0
Set 16,16,base,TFTSet16,16.10,TFT16_JarvanIV,Jarvan IV,Demacian Standard,ShieldDuration,4,4,4,4,4,4,4,4
Set 16,16,base,TFTSet16,16.10,TFT16_Jhin,Jhin,Curtain Call,ADDamage,155/235/350,4.44,155,235,350,465,844,4.44
Set 16,16,base,TFTSet16,16.10,TFT16_Jhin,Jhin,Curtain Call,APDamage,15/22/34,0,15,22,34,46,0,0
Set 16,16,base,TFTSet16,16.10,TFT16_Jhin,Jhin,Curtain Call,FourthShotDamageMult,1.44,1.44,1.44,1.44,1.44,1.44,1.44,1.44
Set 16,16,base,TFTSet16,16.10,TFT16_Jhin,Jhin,Curtain Call,MaxPercentIncreaseBasedOnMissingHealth,,,,,,,,
Set 16,16,base,TFTSet16,16.10,TFT16_Jhin,Jhin,Curtain Call,SpellFixedAS,1,1,1,1,1,1,1,1
Set 16,16,base,TFTSet16,16.10,TFT16_Jinx,Jinx,Switcheroo!,ADDamage,54/82/150,0.85,54,82,150,220,0.85,0.85
Set 16,16,base,TFTSet16,16.10,TFT16_Jinx,Jinx,Switcheroo!,APDamage,4/6/9,0,4,6,9,13,0,0
Set 16,16,base,TFTSet16,16.10,TFT16_Jinx,Jinx,Switcheroo!,NumAttacks,18/18/16,18,18,18,16,15,20,20
Set 16,16,base,TFTSet16,16.10,TFT16_Jinx,Jinx,Switcheroo!,NumMissiles,3,3,3,3,3,3,3,3
Set 16,16,base,TFTSet16,16.10,TFT16_Kaisa,Kai'Sa ,Icathian Rain,ADDamage,39/63/150,0,39,63,150,235,0,0
Set 16,16,base,TFTSet16,16.10,TFT16_Kaisa,Kai'Sa ,Icathian Rain,APDamage,6/9/20,0,6,9,20,25,0,0
Set 16,16,base,TFTSet16,16.10,TFT16_Kaisa,Kai'Sa ,Icathian Rain,NumMissiles,15/15/25,12,15,15,25,25,22,24
Set 16,16,base,TFTSet16,16.10,TFT16_Kaisa,Kai'Sa ,Icathian Rain,NumTargets,4,4,4,4,4,4,4,4
Set 16,16,base,TFTSet16,16.10,TFT16_Kaisa,Kai'Sa ,Icathian Rain,PercentMissilesOnCurrentTarget,0.6,0.6,0.6,0.6,0.6,0.6,0.6,0.6
Set 16,16,base,TFTSet16,16.10,TFT16_Kalista,Kalista ,Endless Rend,ADDamage,30/48/450,0,30,48,450,900,200,240
Set 16,16,base,TFTSet16,16.10,TFT16_Kalista,Kalista ,Endless Rend,APDamage,3/5/15,0,3,5,15,20,0,0
Set 16,16,base,TFTSet16,16.10,TFT16_Kalista,Kalista ,Endless Rend,ArmorReduction,1,1,1,1,1,1,1,1
Set 16,16,base,TFTSet16,16.10,TFT16_Kalista,Kalista ,Endless Rend,BaseSpears,25,25,25,25,25,25,25,25
Set 16,16,base,TFTSet16,16.10,TFT16_Kalista,Kalista ,Endless Rend,NumberOfEnemies,4,4,4,4,4,4,4,4
Set 16,16,base,TFTSet16,16.10,TFT16_Kalista,Kalista ,Endless Rend,PercentMissilesOnPrimaryTarget,0.5,0.5,0.5,0.5,0.5,0.5,0.5,0.5
Set 16,16,base,TFTSet16,16.10,TFT16_Kalista,Kalista ,Endless Rend,SoulsPerSpearBreakpoint,50,50,50,50,50,50,50,50
Set 16,16,base,TFTSet16,16.10,TFT16_Kalista,Kalista ,Endless Rend,SpearsPerBreakpoint,1,1,1,1,1,1,1,1
Set 16,16,base,TFTSet16,16.10,TFT16_Kennen,Kennen ,Slicing Maelstrom,BoltLimit,3,3,3,3,3,3,3,3
Set 16,16,base,TFTSet16,16.10,TFT16_Kennen,Kennen ,Slicing Maelstrom,Damage,120/180/290,250,120,180,290,400,0,0
Set 16,16,base,TFTSet16,16.10,TFT16_Kennen,Kennen ,Slicing Maelstrom,DuplicateStunReduction,0.5,0.5,0.5,0.5,0.5,0.5,0.5,0.5
Set 16,16,base,TFTSet16,16.10,TFT16_Kennen,Kennen ,Slicing Maelstrom,Duration,3,3,3,3,3,3,3,3
Set 16,16,base,TFTSet16,16.10,TFT16_Kennen,Kennen ,Slicing Maelstrom,HexRadius,2.5,2.5,2.5,2.5,2.5,2.5,2.5,2.5
Set 16,16,base,TFTSet16,16.10,TFT16_Kennen,Kennen ,Slicing Maelstrom,MaxStuns,3,3,3,3,3,3,3,3
Set 16,16,base,TFTSet16,16.10,TFT16_Kennen,Kennen ,Slicing Maelstrom,NumBolts,6,6,6,6,6,6,6,6
Set 16,16,base,TFTSet16,16.10,TFT16_Kennen,Kennen ,Slicing Maelstrom,Shield,600/700/900,200,600,700,900,1100,200,200
Set 16,16,base,TFTSet16,16.10,TFT16_Kennen,Kennen ,Slicing Maelstrom,StunDuration,1.5,1.5,1.5,1.5,1.5,1.5,1.5,1.5
Set 16,16,base,TFTSet16,16.10,TFT16_Kindred,Kindred,Lamb's Respite,ADDamage,25/38/999,0,25,38,999,157,0,0
Set 16,16,base,TFTSet16,16.10,TFT16_Kindred,Kindred,Lamb's Respite,Duration,2.5/2.5/99,2.5,2.5,2.5,99,99,2.5,2.5
Set 16,16,base,TFTSet16,16.10,TFT16_Kindred,Kindred,Lamb's Respite,HealPercentage,0.08,0.08,0.08,0.08,0.08,0.08,0.08,0.08
Set 16,16,base,TFTSet16,16.10,TFT16_Kindred,Kindred,Lamb's Respite,HexRadius,2,2,2,2,2,2,2,2
Set 16,16,base,TFTSet16,16.10,TFT16_Kindred,Kindred,Lamb's Respite,NumExtraArrows,1/1/10,1,1,1,10,1,1,1
Set 16,16,base,TFTSet16,16.10,TFT16_Kindred,Kindred,Lamb's Respite,ShieldAmount,350/750/10000,10,350,750,10000,10,10,10
Set 16,16,base,TFTSet16,16.10,TFT16_Kobuko,Kobuko & Yuumi,You & Me!,ASDuration,4,4,4,4,4,4,4,4
Set 16,16,base,TFTSet16,16.10,TFT16_Kobuko,Kobuko & Yuumi,You & Me!,AllyHealAP,80/160/240,80,80,160,240,320,0,0
Set 16,16,base,TFTSet16,16.10,TFT16_Kobuko,Kobuko & Yuumi,You & Me!,SelfHealAP,200/280/450,100,200,280,450,600,0,0
Set 16,16,base,TFTSet16,16.10,TFT16_Kobuko,Kobuko & Yuumi,You & Me!,SelfHealDuration,3,3,3,3,3,3,3,3
Set 16,16,base,TFTSet16,16.10,TFT16_Kobuko,Kobuko & Yuumi,You & Me!,SelfHealHealthPercent,0.12,0.12,0.12,0.12,0.12,0.12,0.12,0.12
Set 16,16,base,TFTSet16,16.10,TFT16_Kobuko,Kobuko & Yuumi,You & Me!,YuumiAS,25/33/50,25,25,33,50,66,0.5,0.5
Set 16,16,base,TFTSet16,16.10,TFT16_Kobuko,Kobuko & Yuumi,You & Me!,YuumiCadence,3,3,3,3,3,3,3,3
Set 16,16,base,TFTSet16,16.10,TFT16_Kobuko,Kobuko & Yuumi,You & Me!,YuumiHeal,140/180/240,0,140,180,240,300,0,0
Set 16,16,base,TFTSet16,16.10,TFT16_KogMaw,Kog'Maw,Caustic Spittle,ArmorReduction,8/10/15,8,8,10,15,25,8,8
Set 16,16,base,TFTSet16,16.10,TFT16_KogMaw,Kog'Maw,Caustic Spittle,Damage,140/200/300,50,140,200,300,400,300,350
Set 16,16,base,TFTSet16,16.10,TFT16_KogMaw,Kog'Maw,Caustic Spittle,PercentToSecondaryEnemies,0.5,0.5,0.5,0.5,0.5,0.5,0.5,0.5
Set 16,16,base,TFTSet16,16.10,TFT16_Leblanc,LeBlanc ,Distortions,Damage,300/450/800,0,300,450,800,1050,200,240
Set 16,16,base,TFTSet16,16.10,TFT16_Leblanc,LeBlanc ,Distortions,NearbyEnemyHexRadius,3,3,3,3,3,3,3,3
Set 16,16,base,TFTSet16,16.10,TFT16_Leblanc,LeBlanc ,Distortions,NumTargets,3,3,3,3,3,3,3,3
Set 16,16,base,TFTSet16,16.10,TFT16_Leblanc,LeBlanc ,Distortions,SecondaryDamage,180/270/500,0,180,270,500,730,0,0
Set 16,16,base,TFTSet16,16.10,TFT16_Leblanc,LeBlanc ,Distortions,StunDuration,1,1,1,1,1,1,1,1
Set 16,16,base,TFTSet16,16.10,TFT16_Leona,Leona,Solar Flare,Damage,80/120/200,0,80,120,200,280,0,0
Set 16,16,base,TFTSet16,16.10,TFT16_Leona,Leona,Solar Flare,DianaAP,3/4/5,0,3,4,5,10,0,0
Set 16,16,base,TFTSet16,16.10,TFT16_Leona,Leona,Solar Flare,FlatDR,15/30/80,0,15,30,80,100,0,0
Set 16,16,base,TFTSet16,16.10,TFT16_Leona,Leona,Solar Flare,FlatDRCooldownPerAttacker,1,1,1,1,1,1,1,1
Set 16,16,base,TFTSet16,16.10,TFT16_Leona,Leona,Solar Flare,IgniteDuration,4,4,4,4,4,4,4,4
Set 16,16,base,TFTSet16,16.10,TFT16_Leona,Leona,Solar Flare,NumEnemies,3/3/4,3,3,3,4,4,3,3
Set 16,16,base,TFTSet16,16.10,TFT16_Leona,Leona,Solar Flare,StunDuration,1,1,1,1,1,1.5,1,1
Set 16,16,base,TFTSet16,16.10,TFT16_Lissandra,Lissandra,Frozen Tomb,DamageAmpChilledTargets,0.12,0.12,0.12,0.12,0.12,0.12,0.12,0.12
Set 16,16,base,TFTSet16,16.10,TFT16_Lissandra,Lissandra,Frozen Tomb,NumOverkillEnemies,2,2,2,2,2,2,2,2
Set 16,16,base,TFTSet16,16.10,TFT16_Lissandra,Lissandra,Frozen Tomb,SecondaryDamage,415/625/2800,0,415,625,2800,4000,0,0
Set 16,16,base,TFTSet16,16.10,TFT16_Lissandra,Lissandra,Frozen Tomb,StunDuration,1,1,1,1,1,1,1,1
Set 16,16,base,TFTSet16,16.10,TFT16_Lissandra,Lissandra,Frozen Tomb,TargetDamage,315/475/2800,0,315,475,2800,3000,200,240
Set 16,16,base,TFTSet16,16.10,TFT16_Loris,Loris,Piltover Tussle,Damage,150/225/360,0,150,225,360,495,0,0
Set 16,16,base,TFTSet16,16.10,TFT16_Loris,Loris,Piltover Tussle,KnockupDuration,1.25,1.25,1.25,1.25,1.25,1.25,1.25,1.25
Set 16,16,base,TFTSet16,16.10,TFT16_Loris,Loris,Piltover Tussle,Shield,700/800/1000,0,700,800,1000,1200,0,0
Set 16,16,base,TFTSet16,16.10,TFT16_Loris,Loris,Piltover Tussle,ShieldDuration,4,4,4,4,4,4,4,4
Set 16,16,base,TFTSet16,16.10,TFT16_Lucian,Lucian & Senna,The Culling,ADDamage,75/120/800,0.25,75,120,800,1000,0.25,0.25
Set 16,16,base,TFTSet16,16.10,TFT16_Lucian,Lucian & Senna,The Culling,APDamage,8/12/100,20,8,12,100,150,20,20
Set 16,16,base,TFTSet16,16.10,TFT16_Lucian,Lucian & Senna,The Culling,AttacksPerSecondCoefficient,1,1,1,1,1,1,1,1
Set 16,16,base,TFTSet16,16.10,TFT16_Lucian,Lucian & Senna,The Culling,BonusASBreakpoint,20,20,20,20,20,20,20,20
Set 16,16,base,TFTSet16,16.10,TFT16_Lucian,Lucian & Senna,The Culling,Duration,3,3,3,3,3,3,3,3
Set 16,16,base,TFTSet16,16.10,TFT16_Lucian,Lucian & Senna,The Culling,FlatArmorReduction,3/3/15,6,3,3,15,15,5,5
Set 16,16,base,TFTSet16,16.10,TFT16_Lucian,Lucian & Senna,The Culling,NumShots,12/12/42,12,12,12,42,42,12,12
Set 16,16,base,TFTSet16,16.10,TFT16_Lulu,Lulu,Whimsy,Damage,330/500/750,0,330,500,750,1000,905,905
Set 16,16,base,TFTSet16,16.10,TFT16_Lulu,Lulu,Whimsy,SecondaryDamage,140/210/315,0,140,210,315,420,0,0
Set 16,16,base,TFTSet16,16.10,TFT16_Lulu,Lulu,Whimsy,StunDuration,1,1,1,1,1,1,1,1
Set 16,16,base,TFTSet16,16.10,TFT16_Lux,Lux,Final Spark,NumQTargets,2,2,2,2,2,2,2,2
Set 16,16,base,TFTSet16,16.10,TFT16_Lux,Lux,Final Spark,PrimaryDamage,330/500/1600,0,330,500,1600,2200,200,240
Set 16,16,base,TFTSet16,16.10,TFT16_Lux,Lux,Final Spark,QDamage,30/45/100,0,30,45,100,200,0,0
Set 16,16,base,TFTSet16,16.10,TFT16_Lux,Lux,Final Spark,SecondaryDamage,90/135/900,0,90,135,900,1050,0,0
Set 16,16,base,TFTSet16,16.10,TFT16_Lux,Lux,Final Spark,StunDuration,1,1,1,1,1,1,1,1
Set 16,16,base,TFTSet16,16.10,TFT16_Malzahar,Malzahar,Void Swarm,Damage,30/45/80,0,30,45,80,115,0,0
Set 16,16,base,TFTSet16,16.10,TFT16_Malzahar,Malzahar,Void Swarm,MinionAttacksPerSecond,0.75,0.75,0.75,0.75,0.75,0.75,0.75,0.75
Set 16,16,base,TFTSet16,16.10,TFT16_Malzahar,Malzahar,Void Swarm,MinionDuration,90,90,90,90,90,90,90,90
Set 16,16,base,TFTSet16,16.10,TFT16_Malzahar,Malzahar,Void Swarm,NumAttacks,8,8,8,8,8,8,8,8
Set 16,16,base,TFTSet16,16.10,TFT16_Malzahar,Malzahar,Void Swarm,NumMinions,2,2,2,2,2,2,2,2
Set 16,16,base,TFTSet16,16.10,TFT16_MalzaharVoidling,MalzaharVoidling,Placeholder Name,DataValue,1/2/10,0,1,2,10,160,200,240
Set 16,16,base,TFTSet16,16.10,TFT16_MalzaharVoidling,MalzaharVoidling,Placeholder Name,OtherValue,100/200/1000,0,100,200,1000,0,0,0
Set 16,16,base,TFTSet16,16.10,TFT16_Mel,Mel ,Radiant Eclipse,ExplosionDamage,400/600/10000,0,400,600,10000,10000,0,0
Set 16,16,base,TFTSet16,16.10,TFT16_Mel,Mel ,Radiant Eclipse,FinalExplosionHexRadius,3,3,3,3,3,3,3,3
Set 16,16,base,TFTSet16,16.10,TFT16_Mel,Mel ,Radiant Eclipse,ManaAmount,215/215/10,230,215,215,10,10,250,250
Set 16,16,base,TFTSet16,16.10,TFT16_Mel,Mel ,Radiant Eclipse,ManaDrainPerSecond,1,1,1,1,1,1,1,1
Set 16,16,base,TFTSet16,16.10,TFT16_Mel,Mel ,Radiant Eclipse,NumOfOrbs,2/2/9,2,2,2,9,9,9,9
Set 16,16,base,TFTSet16,16.10,TFT16_Mel,Mel ,Radiant Eclipse,PassiveDamage,65/100/150,0,65,100,150,1000,0,0
Set 16,16,base,TFTSet16,16.10,TFT16_Mel,Mel ,Radiant Eclipse,TargetDamage,1000/1500/10000,0,1000,1500,10000,10000,0,0
Set 16,16,base,TFTSet16,16.10,TFT6_MercenaryChest,Mercenary Chest,Mercenary Chest,RoundsToHatch,2,2,2,2,2,2,2,2
Set 16,16,base,TFTSet16,16.10,TFT16_Milio,Milio,Ultra Mega Fire Kick!!!,BounceSearchRange,2,2,2,2,2,2,2,2
Set 16,16,base,TFTSet16,16.10,TFT16_Milio,Milio,Ultra Mega Fire Kick!!!,HexRange,1,1,1,1,1,1,1,1
Set 16,16,base,TFTSet16,16.10,TFT16_Milio,Milio,Ultra Mega Fire Kick!!!,MagicDamage,215/325/485,0,215,325,485,645,500,500
Set 16,16,base,TFTSet16,16.10,TFT16_Milio,Milio,Ultra Mega Fire Kick!!!,MagicDamageAOE,160/240/375,0,160,240,375,495,400,400
Set 16,16,base,TFTSet16,16.10,TFT16_Milio,Milio,Ultra Mega Fire Kick!!!,NumBounces,3,3,3,3,3,3,3,3
Set 16,16,base,TFTSet16,16.10,TFT16_MissFortune,Miss Fortune,Heartbreaker,ADDamage,230/345/3000,0,230,345,3000,10000,0,0
Set 16,16,base,TFTSet16,16.10,TFT16_MissFortune,Miss Fortune,Heartbreaker,APDamage,15/25/70,0,15,25,70,115,0,0
Set 16,16,base,TFTSet16,16.10,TFT16_MissFortune,Miss Fortune,Heartbreaker,AutoRicochetMutliplier,0.5/0.5/1,0.5,0.5,0.5,1,1,0.5,0.5
Set 16,16,base,TFTSet16,16.10,TFT16_MissFortune,Miss Fortune,Heartbreaker,BaseNumWaves,2/2/6,2,2,2,6,6,2,2
Set 16,16,base,TFTSet16,16.10,TFT16_MissFortune,Miss Fortune,Heartbreaker,BulletsLandingPerEnemy,8,8,8,8,8,8,8,8
Set 16,16,base,TFTSet16,16.10,TFT16_MissFortune,Miss Fortune,Heartbreaker,HexRangeAroundTarget,8,8,8,8,8,8,8,8
Set 16,16,base,TFTSet16,16.10,TFT16_MissFortune,Miss Fortune,Heartbreaker,NumCaststoGainExtraWave,3,3,3,3,3,3,3,3
Set 16,16,base,TFTSet16,16.10,TFT16_MissFortune,Miss Fortune,Heartbreaker,PercentDamageOfSecondaryWaves,0.4/0.4/0.8,0.65,0.4,0.4,0.8,0.1,0.65,0.65
Set 16,16,base,TFTSet16,16.10,TFT16_Nasus,Nasus ,Fury of the Sands,Duration,8,8,8,8,8,8,8,8
Set 16,16,base,TFTSet16,16.10,TFT16_Nasus,Nasus ,Fury of the Sands,HealthSteal,500/685/3000,0.1,500,685,3000,3000,0.1,0.1
Set 16,16,base,TFTSet16,16.10,TFT16_Nasus,Nasus ,Fury of the Sands,NumEnemies,4/4/8,4,4,4,8,8,4,4
Set 16,16,base,TFTSet16,16.10,TFT16_Nasus,Nasus ,Fury of the Sands,PercentHealthDamagePerSecond,0.015/0.015/0.12,0.015,0.015,0.015,0.12,0.015,0.015,0.015
Set 16,16,base,TFTSet16,16.10,TFT16_Nasus,Nasus ,Fury of the Sands,Resists,30,30,30,30,30,30,30,30
Set 16,16,base,TFTSet16,16.10,TFT16_Nautilus,Nautilus,Titan's Wrath,APShield,375/400/425,100,375,400,425,450,100,100
Set 16,16,base,TFTSet16,16.10,TFT16_Nautilus,Nautilus,Titan's Wrath,MRDamageRatio,0.9/1.35/2.15,0.5,0.9,1.35,2.15,2.95,0.5,0.5
Set 16,16,base,TFTSet16,16.10,TFT16_Nautilus,Nautilus,Titan's Wrath,PassiveTimer,4,4,4,4,4,4,4,4
Set 16,16,base,TFTSet16,16.10,TFT16_Nautilus,Nautilus,Titan's Wrath,PercentHealthShield,0.1,0.1,0.1,0.1,0.1,0.1,0.1,0.1
Set 16,16,base,TFTSet16,16.10,TFT16_Nautilus,Nautilus,Titan's Wrath,ShieldDuration,4,4,4,4,4,4,4,4
Set 16,16,base,TFTSet16,16.10,TFT16_Neeko,Neeko,Pop Blossom,ChillDuration,2,2,2,2,2,2,2,2
Set 16,16,base,TFTSet16,16.10,TFT16_Neeko,Neeko,Pop Blossom,Damage,80/120/180,0,80,120,180,240,300,350
Set 16,16,base,TFTSet16,16.10,TFT16_Neeko,Neeko,Pop Blossom,Shield,400/475/600,0,400,475,600,750,0,0
Set 16,16,base,TFTSet16,16.10,TFT16_Neeko,Neeko,Pop Blossom,ShieldDuration,4,4,4,4,4,4,4,4
Set 16,16,base,TFTSet16,16.10,TFT16_Nidalee,Nidalee ,Relentless Pounce,DamageReductionPerCast,0.7,0.7,0.7,0.7,0.7,0.7,0.7,0.7
Set 16,16,base,TFTSet16,16.10,TFT16_Nidalee,Nidalee ,Relentless Pounce,FighterDamageMult,0.3,0.3,0.3,0.3,0.3,0.3,0.3,0.3
Set 16,16,base,TFTSet16,16.10,TFT16_Nidalee,Nidalee ,Relentless Pounce,SecondaryDamage,100/150/600,0,100,150,600,800,0,0
Set 16,16,base,TFTSet16,16.10,TFT16_Nidalee,Nidalee ,Relentless Pounce,TankDamageMult,0.6,0.6,0.6,0.6,0.6,0.6,0.6,0.6
Set 16,16,base,TFTSet16,16.10,TFT16_Nidalee,Nidalee ,Relentless Pounce,TargetDamage,290/470/2000,1,290,470,2000,1600,3000,3000
Set 16,16,base,TFTSet16,16.10,TFT16_Orianna,Orianna ,Command: Protect,ExplosionDamage,120/180/300,0,120,180,300,440,0,0
Set 16,16,base,TFTSet16,16.10,TFT16_Orianna,Orianna ,Command: Protect,SearchRange,8,8,8,8,8,8,8,8
Set 16,16,base,TFTSet16,16.10,TFT16_Orianna,Orianna ,Command: Protect,Shield,60/90/130,100,60,90,130,200,100,100
Set 16,16,base,TFTSet16,16.10,TFT16_Orianna,Orianna ,Command: Protect,ShieldDuration,3,3,3,3,3,3,3,3
Set 16,16,base,TFTSet16,16.10,TFT16_Orianna,Orianna ,Command: Protect,TargetDamage,200/300/550,0,200,300,550,800,0,0
Set 16,16,base,TFTSet16,16.10,TFT16_Ornn,Ornn,Call of the Forge,Damage,100/150/3000,0,100,150,3000,4000,0,0
Set 16,16,base,TFTSet16,16.10,TFT16_Ornn,Ornn,Call of the Forge,SecondaryDamage,150/225/4500,0,150,225,4500,6000,0,0
Set 16,16,base,TFTSet16,16.10,TFT16_Ornn,Ornn,Call of the Forge,SlowDuration,5,5,5,5,5,5,5,5
Set 16,16,base,TFTSet16,16.10,TFT16_Ornn,Ornn,Call of the Forge,StunDuration,,,,,,,,
Set 16,16,base,TFTSet16,16.10,TFT16_Poppy,Poppy ,Hammer Shock,AllyShieldAmount,0.3,0.3,0.3,0.3,0.3,0.3,0.3,0.3
Set 16,16,base,TFTSet16,16.10,TFT16_Poppy,Poppy ,Hammer Shock,KnockupDelay,1,1,1,1,1,1,1,1
Set 16,16,base,TFTSet16,16.10,TFT16_Poppy,Poppy ,Hammer Shock,KnockupDuration,0.5,0.5,0.5,0.5,0.5,0.5,0.5,0.5
Set 16,16,base,TFTSet16,16.10,TFT16_Poppy,Poppy ,Hammer Shock,NumShieldedAllies,2,2,2,2,2,2,2,2
Set 16,16,base,TFTSet16,16.10,TFT16_Poppy,Poppy ,Hammer Shock,PrimaryDamage,70/105/165,4,70,105,165,220,4,4
Set 16,16,base,TFTSet16,16.10,TFT16_Poppy,Poppy ,Hammer Shock,ShieldAmt,330/410/500,0,330,410,500,590,0,0
Set 16,16,base,TFTSet16,16.10,TFT16_Poppy,Poppy ,Hammer Shock,ShieldDuration,4,4,4,4,4,4,4,4
Set 16,16,base,TFTSet16,16.10,TFT16_Qiyana,Qiyana,Clear The Brush,ADDamage,160/240/400,0,160,240,400,560,0,0
Set 16,16,base,TFTSet16,16.10,TFT16_Qiyana,Qiyana,Clear The Brush,APDamage,20/30/45,0,20,30,45,60,0,0
Set 16,16,base,TFTSet16,16.10,TFT16_Qiyana,Qiyana,Clear The Brush,DashHexRange,1,1,1,1,1,1,1,1
Set 16,16,base,TFTSet16,16.10,TFT16_Qiyana,Qiyana,Clear The Brush,HexDistance,2,2,2,2,2,2,2,2
Set 16,16,base,TFTSet16,16.10,TFT16_RekSai,Rek'Sai,Burrow,ADDamage,140/210/335,0,140,210,335,420,200,240
Set 16,16,base,TFTSet16,16.10,TFT16_RekSai,Rek'Sai,Burrow,APDamage,20/30/45,0,20,30,45,60,0,0
Set 16,16,base,TFTSet16,16.10,TFT16_RekSai,Rek'Sai,Burrow,EnemySearchDistance,3,3,3,3,3,3,3,3
Set 16,16,base,TFTSet16,16.10,TFT16_RekSai,Rek'Sai,Burrow,NumAttacks,3,3,3,3,3,3,3,3
Set 16,16,base,TFTSet16,16.10,TFT16_RekSai,Rek'Sai,Burrow,SpellAttackDamage,110/165/300,0,110,165,300,435,0,0
Set 16,16,base,TFTSet16,16.10,TFT16_Renekton,Renekton ,Slice and Dice,BaseSlashTimes,4,4,4,4,4,4,4,4
Set 16,16,base,TFTSet16,16.10,TFT16_Renekton,Renekton ,Slice and Dice,CastBreakpoint,1,1,1,1,1,1,1,1
Set 16,16,base,TFTSet16,16.10,TFT16_Renekton,Renekton ,Slice and Dice,DashADDamage,80/120/360,1.5,80,120,360,750,4,4
Set 16,16,base,TFTSet16,16.10,TFT16_Renekton,Renekton ,Slice and Dice,DashRange,2,2,2,2,2,2,2,2
Set 16,16,base,TFTSet16,16.10,TFT16_Renekton,Renekton ,Slice and Dice,DefaultSlashTime,0.25,0.25,0.25,0.25,0.25,0.25,0.25,0.25
Set 16,16,base,TFTSet16,16.10,TFT16_Renekton,Renekton ,Slice and Dice,MaxSpeedIncrease,2,2,2,2,2,2,2,2
Set 16,16,base,TFTSet16,16.10,TFT16_Renekton,Renekton ,Slice and Dice,NumIncreasePerCastBreakpoint,1,1,1,1,1,1,1,1
Set 16,16,base,TFTSet16,16.10,TFT16_Renekton,Renekton ,Slice and Dice,SlashADDamage,50/75/550,2.5,50,75,550,500,2.5,2.5
Set 16,16,base,TFTSet16,16.10,TFT16_Renekton,Renekton ,Slice and Dice,SlashAPDamage,5/10/50,0,5,10,50,75,0,0
Set 16,16,base,TFTSet16,16.10,TFT16_RiftHerald,Rift Herald ,Warp Armor,APDamage,100/150/2000,0,100,150,2000,2000,2000,2000
Set 16,16,base,TFTSet16,16.10,TFT16_RiftHerald,Rift Herald ,Warp Armor,BonusDurability,0.25/0.25/0.8,0.25,0.25,0.25,0.8,0.8,0.4,0.4
Set 16,16,base,TFTSet16,16.10,TFT16_RiftHerald,Rift Herald ,Warp Armor,BonusHealth,300/425/2000,0,300,425,2000,1800,0,0
Set 16,16,base,TFTSet16,16.10,TFT16_RiftHerald,Rift Herald ,Warp Armor,DurabilityPerEnemy,0.01,0.01,0.01,0.01,0.01,0.01,0.01,0.01
Set 16,16,base,TFTSet16,16.10,TFT16_RiftHerald,Rift Herald ,Warp Armor,Duration,4,4,4,4,4,4,4,4
Set 16,16,base,TFTSet16,16.10,TFT16_RiftHerald,Rift Herald ,Warp Armor,HexRange,2,2,2,2,2,2,2,2
Set 16,16,base,TFTSet16,16.10,TFT16_RiftHerald,Rift Herald ,Warp Armor,PercentHealthDamage,0.06/0.06/0.12,0.06,0.06,0.06,0.12,0.12,0.06,0.06
Set 16,16,base,TFTSet16,16.10,TFT16_Rumble,Rumble,Junkyard Titan,APDamage,,,,,,,,
Set 16,16,base,TFTSet16,16.10,TFT16_Rumble,Rumble,Junkyard Titan,APShield,350/430/550,0,350,430,550,680,0,0
Set 16,16,base,TFTSet16,16.10,TFT16_Rumble,Rumble,Junkyard Titan,Duration,4,4,4,4,4,4,4,4
Set 16,16,base,TFTSet16,16.10,TFT16_Rumble,Rumble,Junkyard Titan,PercentArmorDamage,1.8/2.7/4.05,0,1.8,2.7,4.05,5.4,0,0
Set 16,16,base,TFTSet16,16.10,TFT16_Ryze,Ryze ,Runic Overload,BilgewaterExplosionPercent,0.18,0.18,0.18,0.18,0.18,0.18,0.18,0.18
Set 16,16,base,TFTSet16,16.10,TFT16_Ryze,Ryze ,Runic Overload,Damage,250/430/1500,300,250,430,1500,2000,300,300
Set 16,16,base,TFTSet16,16.10,TFT16_Ryze,Ryze ,Runic Overload,DemaciaArmorAndMRPerPercent,5,5,5,5,5,5,5,5
Set 16,16,base,TFTSet16,16.10,TFT16_Ryze,Ryze ,Runic Overload,DemaciaExecuteThreshold,0.12,0.12,0.12,0.12,0.12,0.12,0.12,0.12
Set 16,16,base,TFTSet16,16.10,TFT16_Ryze,Ryze ,Runic Overload,ExplorerProcRate,10,10,10,10,10,10,10,10
Set 16,16,base,TFTSet16,16.10,TFT16_Ryze,Ryze ,Runic Overload,FreljordChillDuration,2,2,2,2,2,2,2,2
Set 16,16,base,TFTSet16,16.10,TFT16_Ryze,Ryze ,Runic Overload,FreljordTrueDamagePercentHealth,0.08,0.08,0.08,0.08,0.08,0.08,0.08,0.08
Set 16,16,base,TFTSet16,16.10,TFT16_Ryze,Ryze ,Runic Overload,IoniaDamageReduction,0.5,0.5,0.5,0.5,0.5,0.5,0.5,0.5
Set 16,16,base,TFTSet16,16.10,TFT16_Ryze,Ryze ,Runic Overload,NoxusPercentDamageReduction,0.6,0.6,0.6,0.6,0.6,0.6,0.6,0.6
Set 16,16,base,TFTSet16,16.10,TFT16_Ryze,Ryze ,Runic Overload,PiltoverOverchargePercentBonus,0.4,0.4,0.4,0.4,0.4,0.4,0.4,0.4
Set 16,16,base,TFTSet16,16.10,TFT16_Ryze,Ryze ,Runic Overload,ShadowIslesBasePercentage,0.05,0.05,0.05,0.05,0.05,0.05,0.05,0.05
Set 16,16,base,TFTSet16,16.10,TFT16_Ryze,Ryze ,Runic Overload,ShadowIslesSoulsNeededForOnePercentBonusDamage,8,8,8,8,8,8,8,8
Set 16,16,base,TFTSet16,16.10,TFT16_Ryze,Ryze ,Runic Overload,ShurimaCoinChance,0.12,0.12,0.12,0.12,0.12,0.12,0.12,0.12
Set 16,16,base,TFTSet16,16.10,TFT16_Ryze,Ryze ,Runic Overload,ShurimaComponentChance,0.02,0.02,0.02,0.02,0.02,0.02,0.02,0.02
Set 16,16,base,TFTSet16,16.10,TFT16_Ryze,Ryze ,Runic Overload,ShurimaKnockUpDuration,0.5,0.5,0.5,0.5,0.5,0.5,0.5,0.5
Set 16,16,base,TFTSet16,16.10,TFT16_Ryze,Ryze ,Runic Overload,ShurimaMaxGold,2,2,2,2,2,2,2,2
Set 16,16,base,TFTSet16,16.10,TFT16_Ryze,Ryze ,Runic Overload,ShurimaStunCooldown,3,3,3,3,3,3,3,3
Set 16,16,base,TFTSet16,16.10,TFT16_Ryze,Ryze ,Runic Overload,SplitPercentDamage,0.33,0.33,0.33,0.33,0.33,0.33,0.33,0.33
Set 16,16,base,TFTSet16,16.10,TFT16_Ryze,Ryze ,Runic Overload,TargonHealPercent,0.1,0.1,0.1,0.1,0.1,0.1,0.1,0.1
Set 16,16,base,TFTSet16,16.10,TFT16_Ryze,Ryze ,Runic Overload,VoidResistIgnore,0.3,0.3,0.3,0.3,0.3,0.3,0.3,0.3
Set 16,16,base,TFTSet16,16.10,TFT16_Ryze,Ryze ,Runic Overload,YordleDamageReductionDuration,4,4,4,4,4,4,4,4
Set 16,16,base,TFTSet16,16.10,TFT16_Ryze,Ryze ,Runic Overload,YordleDamageReductionPercent,0.08,0.08,0.08,0.08,0.08,0.08,0.08,0.08
Set 16,16,base,TFTSet16,16.10,TFT16_Ryze,Ryze ,Runic Overload,ZaunASBreakpoint,40,40,40,40,40,40,40,40
Set 16,16,base,TFTSet16,16.10,TFT16_Ryze,Ryze ,Runic Overload,ZaunBaseTicks,3,3,3,3,3,3,3,3
Set 16,16,base,TFTSet16,16.10,TFT16_Ryze,Ryze ,Runic Overload,ZaunDamage,15/30/500,30,15,30,500,500,30,30
Set 16,16,base,TFTSet16,16.10,TFT16_Ryze,Ryze ,Runic Overload,ZaunPoisonDuration,4,4,4,4,4,4,4,4
Set 16,16,base,TFTSet16,16.10,TFT16_Ryze,Ryze ,Runic Overload,ZaunTicksPerBreakpoint,1/1/5,1,1,1,5,1,1,1
Set 16,16,base,TFTSet16,16.10,TFT16_AzirSoldier,Sand Soldier,Stand Guard,ExplosionDamage,1000,1000,1000,1000,1000,1000,1000,1000
Set 16,16,base,TFTSet16,16.10,TFT16_Sejuani,Sejuani,Winter's Wrath,ChillDuration,4,4,4,4,4,4,4,4
Set 16,16,base,TFTSet16,16.10,TFT16_Sejuani,Sejuani,Winter's Wrath,Damage,70/105/170,0,70,105,170,315,0,0
Set 16,16,base,TFTSet16,16.10,TFT16_Sejuani,Sejuani,Winter's Wrath,ResistMult,,,,,,,,
Set 16,16,base,TFTSet16,16.10,TFT16_Sejuani,Sejuani,Winter's Wrath,Shield,525/575/775,0,525,575,775,975,0,0
Set 16,16,base,TFTSet16,16.10,TFT16_Sejuani,Sejuani,Winter's Wrath,ShieldDuration,4,4,4,4,4,4,4,4
Set 16,16,base,TFTSet16,16.10,TFT16_Sejuani,Sejuani,Winter's Wrath,StunDuration,1,1,1,1,1,1,1,1
Set 16,16,base,TFTSet16,16.10,TFT16_Sejuani,Sejuani,Winter's Wrath,SwipeA_HalfLength,270,270,270,270,270,270,270,270
Set 16,16,base,TFTSet16,16.10,TFT16_Sejuani,Sejuani,Winter's Wrath,SwipeA_HalfWidth,280,280,280,280,280,280,280,280
Set 16,16,base,TFTSet16,16.10,TFT16_Sejuani,Sejuani,Winter's Wrath,SwipeB_HalfLength,300,300,300,300,300,300,300,300
Set 16,16,base,TFTSet16,16.10,TFT16_Sejuani,Sejuani,Winter's Wrath,SwipeB_HalfWidth,90,90,90,90,90,90,90,90
Set 16,16,base,TFTSet16,16.10,TFT16_PVE_BlueGolem,Sentinel,Regenerative Stone,HealAmount,400,400,400,400,400,400,400,400
Set 16,16,base,TFTSet16,16.10,TFT16_PVE_BlueGolem,Sentinel,Regenerative Stone,Seconds,4,4,4,4,4,4,4,4
Set 16,16,base,TFTSet16,16.10,TFT16_Seraphine,Seraphine,Grand Encore,BaseDamage,,,,,,,,
Set 16,16,base,TFTSet16,16.10,TFT16_Seraphine,Seraphine,Grand Encore,BigCastDamage,270/405/2200,0,270,405,2200,2200,0,0
Set 16,16,base,TFTSet16,16.10,TFT16_Seraphine,Seraphine,Grand Encore,BigCastDamageFalloff,0.3,0.3,0.3,0.3,0.3,0.3,0.3,0.3
Set 16,16,base,TFTSet16,16.10,TFT16_Seraphine,Seraphine,Grand Encore,BigCastHeal,40/80/400,0,40,80,400,535,0,0
Set 16,16,base,TFTSet16,16.10,TFT16_Seraphine,Seraphine,Grand Encore,CastBreakpoint,12,12,12,12,12,12,12,12
Set 16,16,base,TFTSet16,16.10,TFT16_Seraphine,Seraphine,Grand Encore,CrystalsPerCast,3,3,3,3,3,3,3,3
Set 16,16,base,TFTSet16,16.10,TFT16_Seraphine,Seraphine,Grand Encore,DamagePerCrystal,40/60/300,0,40,60,300,200,0,0
Set 16,16,base,TFTSet16,16.10,TFT16_Seraphine,Seraphine,Grand Encore,NumTargets,2,2,2,2,2,2,2,2
Set 16,16,base,TFTSet16,16.10,TFT16_Seraphine,Seraphine,Grand Encore,PrimarySpellSearchRadius,2,2,2,2,2,2,2,2
Set 16,16,base,TFTSet16,16.10,TFT16_Sett,Sett,The Show Stopper,AoERadius,3,3,3,3,3,3,3,3
Set 16,16,base,TFTSet16,16.10,TFT16_Sett,Sett,The Show Stopper,FlatAPDamage,200/350/9999,0,200,350,9999,9999,0,0
Set 16,16,base,TFTSet16,16.10,TFT16_Sett,Sett,The Show Stopper,PercentAoEDamage,0.5,0.5,0.5,0.5,0.5,0.5,0.5,0.5
Set 16,16,base,TFTSet16,16.10,TFT16_Sett,Sett,The Show Stopper,PercentOfTargetMaxHealth,0.02/0.05/9,0,0.02,0.05,9,9,200,240
Set 16,16,base,TFTSet16,16.10,TFT16_Sett,Sett,The Show Stopper,SecondDashTravelDistance,320,320,320,320,320,320,320,320
Set 16,16,base,TFTSet16,16.10,TFT16_Sett,Sett,The Show Stopper,ThirdDashTravelDistance,600,600,600,600,600,600,600,600
Set 16,16,base,TFTSet16,16.10,TFT16_Shen,Shen,Stand United,Duration,4,4,4,4,4,4,4,4
Set 16,16,base,TFTSet16,16.10,TFT16_Shen,Shen,Stand United,Shield,250/325/425,0,250,325,425,525,0,0
Set 16,16,base,TFTSet16,16.10,TFT16_Shyvana,Shyvana,Dragon's Descent / Flame Breath,DivebombADDamage,100/150/3000,0,100,150,3000,4000,0,0
Set 16,16,base,TFTSet16,16.10,TFT16_Shyvana,Shyvana,Dragon's Descent / Flame Breath,FireDamageAPPerSecond,20/30/1234,0,20,30,1234,2222,0,0
Set 16,16,base,TFTSet16,16.10,TFT16_Shyvana,Shyvana,Dragon's Descent / Flame Breath,FireDamagetADDamagePerSecond,185/275/12345,0,185,275,12345,12345,0,0
Set 16,16,base,TFTSet16,16.10,TFT16_Shyvana,Shyvana,Dragon's Descent / Flame Breath,SpellDuration,3,3,3,3,3,3,3,3
Set 16,16,base,TFTSet16,16.10,TFT16_Shyvana,Shyvana,Dragon's Descent / Flame Breath,TransformDurability,0.2/0.2/0.9,0.2,0.2,0.2,0.9,0.9,0.2,0.2
Set 16,16,base,TFTSet16,16.10,TFT16_Shyvana,Shyvana,Dragon's Descent / Flame Breath,TransformHealth,600/1000/9999,0,600,1000,9999,9999,200,240
Set 16,16,base,TFTSet16,16.10,TFT16_Singed,Singed,Poison Trail,ASToMovementSpeedRatio,0.3,0.3,0.3,0.3,0.3,0.3,0.3,0.3
Set 16,16,base,TFTSet16,16.10,TFT16_Singed,Singed,Poison Trail,ArmorMR,35/60/100,20,35,60,100,45,20,20
Set 16,16,base,TFTSet16,16.10,TFT16_Singed,Singed,Poison Trail,DamagePerSecond,13/26/160,0,13,26,160,200,0,0
Set 16,16,base,TFTSet16,16.10,TFT16_Singed,Singed,Poison Trail,HealPerSecond,15/80/500,0,15,80,500,700,0,0
Set 16,16,base,TFTSet16,16.10,TFT16_Singed,Singed,Poison Trail,ManaPercentAS,5,5,5,5,5,5,5,5
Set 16,16,base,TFTSet16,16.10,TFT16_Singed,Singed,Poison Trail,MovementSpeedMultiplier,1.4,0,1.4,1.4,1.4,1.4,0,0
Set 16,16,base,TFTSet16,16.10,TFT16_Singed,Singed,Poison Trail,PoisonCloudDuration,4,4,4,4,4,4,4,4
Set 16,16,base,TFTSet16,16.10,TFT16_Singed,Singed,Poison Trail,SpellDuration,4,4,4,4,4,4,4,4
Set 16,16,base,TFTSet16,16.10,TFT16_Sion,Sion,Soul Furnace,APShield,200/225/250,200,200,225,250,275,200,200
Set 16,16,base,TFTSet16,16.10,TFT16_Sion,Sion,Soul Furnace,DamagePercentHealth,0.04,0.04,0.04,0.04,0.04,0.04,0.04,0.04
Set 16,16,base,TFTSet16,16.10,TFT16_Sion,Sion,Soul Furnace,HealthPerTakedown,18/20/50,0,18,20,50,80,0,0
Set 16,16,base,TFTSet16,16.10,TFT16_Sion,Sion,Soul Furnace,PercentHealthShield,0.04,0.04,0.04,0.04,0.04,0.04,0.04,0.04
Set 16,16,base,TFTSet16,16.10,TFT16_Sion,Sion,Soul Furnace,ShieldDuration,4,4,4,4,4,4,4,4
Set 16,16,base,TFTSet16,16.10,TFT16_Skarner,Skarner ,Impale,ArmorForAllies,15/30/100,0,15,30,100,100,0,0
Set 16,16,base,TFTSet16,16.10,TFT16_Skarner,Skarner ,Impale,DamagePercentArmor,1.2/1.8/25,0.75,1.2,1.8,25,15,14,14
Set 16,16,base,TFTSet16,16.10,TFT16_Skarner,Skarner ,Impale,ImpaleDuration,1.5/1.75/8,2,1.5,1.75,8,8,8,8
Set 16,16,base,TFTSet16,16.10,TFT16_Skarner,Skarner ,Impale,ImpaleMaxTargets,3/3/4,3,3,3,4,5,5,5
Set 16,16,base,TFTSet16,16.10,TFT16_Skarner,Skarner ,Impale,ShieldAmount,750/950/3000,0,750,950,3000,3000,0,0
Set 16,16,base,TFTSet16,16.10,TFT16_Skarner,Skarner ,Impale,ShieldDuration,4,4,4,4,4,4,4,4
Set 16,16,base,TFTSet16,16.10,TFT16_Sona,Sona,Power Chord,Damage,130/195/300,0,130,195,300,405,200,240
Set 16,16,base,TFTSet16,16.10,TFT16_Sona,Sona,Power Chord,HealAmount,40/50/80,0,40,50,80,110,0,0
Set 16,16,base,TFTSet16,16.10,TFT16_Sona,Sona,Power Chord,NumEnemies,2,2,2,2,2,2,2,2
Set 16,16,base,TFTSet16,16.10,TFT_ArmoryKeySupport,Support item anvil,Support item anvil,RoundsToHatch,2,2,2,2,2,2,2,2
Set 16,16,base,TFTSet16,16.10,TFT16_Swain,Swain,Nevermove,APHealing,18/20/100,0,18,20,100,0,0,0
Set 16,16,base,TFTSet16,16.10,TFT16_Swain,Swain,Nevermove,ActiveDamage,100/150/1800,0,100,150,1800,2000,0,0
Set 16,16,base,TFTSet16,16.10,TFT16_Swain,Swain,Nevermove,DamageHexRange,3,3,3,3,3,3,3,3
Set 16,16,base,TFTSet16,16.10,TFT16_Swain,Swain,Nevermove,PassiveDamage,20/30/90,0,20,30,90,0,0,0
Set 16,16,base,TFTSet16,16.10,TFT16_Swain,Swain,Nevermove,PercentMaximumHealthHealing,0.015,0.015,0.015,0.015,0.015,0.015,0.015,0.015
Set 16,16,base,TFTSet16,16.10,TFT16_Swain,Swain,Nevermove,SearchHexRange,2/2/10,2,2,2,10,10,10,10
Set 16,16,base,TFTSet16,16.10,TFT16_Swain,Swain,Nevermove,StunDelay,2,2,2,2,2,2,2,2
Set 16,16,base,TFTSet16,16.10,TFT16_Swain,Swain,Nevermove,StunDuration,1.5/1.75/8,1.5,1.5,1.75,8,8,8,8
Set 16,16,base,TFTSet16,16.10,TFT16_Sylas,Sylas ,Stolen Might,GarenDamage,630/950/99999,0,630,950,99999,0,0,0
Set 16,16,base,TFTSet16,16.10,TFT16_Sylas,Sylas ,Stolen Might,GarenExecute,0.15,0.15,0.15,0.15,0.15,0.15,0.15,0.15
Set 16,16,base,TFTSet16,16.10,TFT16_Sylas,Sylas ,Stolen Might,JarvanDamage,200/350/1000,0,200,350,1000,160,200,240
Set 16,16,base,TFTSet16,16.10,TFT16_Sylas,Sylas ,Stolen Might,JarvanSearchRadius,2,2,2,2,2,2,2,2
Set 16,16,base,TFTSet16,16.10,TFT16_Sylas,Sylas ,Stolen Might,JarvanStunDuration,1.5/1.75/30,0,1.5,1.75,30,0,0,0
Set 16,16,base,TFTSet16,16.10,TFT16_Sylas,Sylas ,Stolen Might,LuxBeamWidth,270,270,270,270,270,270,270,270
Set 16,16,base,TFTSet16,16.10,TFT16_Sylas,Sylas ,Stolen Might,LuxDamage,300/475/1000,0,300,475,1000,0,0,0
Set 16,16,base,TFTSet16,16.10,TFT16_Sylas,Sylas ,Stolen Might,LuxShield,400/450/800,0,400,450,800,1000,0,0
Set 16,16,base,TFTSet16,16.10,TFT16_Sylas,Sylas ,Stolen Might,ShieldDuration,1.25,1.25,1.25,1.25,1.25,1.25,1.25,1.25
Set 16,16,base,TFTSet16,16.10,TFT16_THex,T-Hex,Hextech Arsenal,ADDamage,280/420/2000,0,280,420,2000,9000,0,0
Set 16,16,base,TFTSet16,16.10,TFT16_THex,T-Hex,Hextech Arsenal,APDamage,10/15/150,0,10,15,150,1000,0,0
Set 16,16,base,TFTSet16,16.10,TFT16_THex,T-Hex,Hextech Arsenal,ASNeededForExtraMissile,0.25,0.25,0.25,0.25,0.25,0.25,0.25,0.25
Set 16,16,base,TFTSet16,16.10,TFT16_THex,T-Hex,Hextech Arsenal,BaseShield,300/400/66666,70,300,400,66666,6666,6666,6666
Set 16,16,base,TFTSet16,16.10,TFT16_THex,T-Hex,Hextech Arsenal,LaserFalloffCap,0.9,0.9,0.9,0.9,0.9,0.9,0.9,0.9
Set 16,16,base,TFTSet16,16.10,TFT16_THex,T-Hex,Hextech Arsenal,LaserFalloffPerTarget,0.7,0.7,0.7,0.7,0.7,0.7,0.7,0.7
Set 16,16,base,TFTSet16,16.10,TFT16_THex,T-Hex,Hextech Arsenal,ManaCostPerSecond,30,30,30,30,30,30,30,30
Set 16,16,base,TFTSet16,16.10,TFT16_THex,T-Hex,Hextech Arsenal,MissileDamageMult,0.06,0.06,0.06,0.06,0.06,0.06,0.06,0.06
Set 16,16,base,TFTSet16,16.10,TFT16_THex,T-Hex,Hextech Arsenal,MissilesPerSecond,4,4,4,4,4,4,4,4
Set 16,16,base,TFTSet16,16.10,TFT16_THex,T-Hex,Hextech Arsenal,MissilesToTriggerGunslingerBonus,4,4,4,4,4,4,4,4
Set 16,16,base,TFTSet16,16.10,TFT16_THex,T-Hex,Hextech Arsenal,MissilesToTriggerSimulatedLaunchAttack,4,4,4,4,4,4,4,4
Set 16,16,base,TFTSet16,16.10,TFT16_THex,T-Hex,Hextech Arsenal,NumBullets,4,4,4,4,4,4,4,4
Set 16,16,base,TFTSet16,16.10,TFT16_THex,T-Hex,Hextech Arsenal,PercentHealthShield,0.1,0.1,0.1,0.1,0.1,0.1,0.1,0.1
Set 16,16,base,TFTSet16,16.10,TFT16_THex,T-Hex,Hextech Arsenal,RocketNumClosestEnemies,4,4,4,4,4,4,4,4
Set 16,16,base,TFTSet16,16.10,TFT16_TahmKench,Tahm Kench,Devour,BellyDuration,2.5,0,2.5,2.5,2.5,2.5,2.5,2.5
Set 16,16,base,TFTSet16,16.10,TFT16_TahmKench,Tahm Kench,Devour,Damage,1200/1800/30000,600,1200,1800,30000,9999,1300,1550
Set 16,16,base,TFTSet16,16.10,TFT16_TahmKench,Tahm Kench,Devour,DamageReduction,0.3,0.3,0.3,0.3,0.3,0.3,0.3,0.3
Set 16,16,base,TFTSet16,16.10,TFT16_TahmKench,Tahm Kench,Devour,ReducedDamageToCC,1000/1500/20000,0,1000,1500,20000,30000,0,0
Set 16,16,base,TFTSet16,16.10,TFT16_TahmKench,Tahm Kench,Devour,StunDuration,0.5,0.5,0.5,0.5,0.5,0.5,0.5,0.5
Set 16,16,base,TFTSet16,16.10,TFT16_TahmKench,Tahm Kench,Devour,TickRate,0.5,0.5,0.5,0.5,0.5,0.5,0.5,0.5
Set 16,16,base,TFTSet16,16.10,TFT16_Taric,Taric,Starlight's Touch,AllyShield,125/150/1000,0,125,150,1000,1250,0,0
Set 16,16,base,TFTSet16,16.10,TFT16_Taric,Taric,Starlight's Touch,BonusDamage,200/300/3000,0,200,300,3000,3000,0,0
Set 16,16,base,TFTSet16,16.10,TFT16_Taric,Taric,Starlight's Touch,InvunerabilityDuration,2,2,2,2,2,2,2,2
Set 16,16,base,TFTSet16,16.10,TFT16_Taric,Taric,Starlight's Touch,InvunerabilityHealthThreshold,0.35,0.35,0.35,0.35,0.35,0.35,0.35,0.35
Set 16,16,base,TFTSet16,16.10,TFT16_Taric,Taric,Starlight's Touch,MRForAllies,15/30/100,0,15,30,100,100,0,0
Set 16,16,base,TFTSet16,16.10,TFT16_Taric,Taric,Starlight's Touch,NumAlliesToShield,2,2,2,2,2,2,2,2
Set 16,16,base,TFTSet16,16.10,TFT16_Taric,Taric,Starlight's Touch,NumEmpoweredAttacks,2/2/10,0,2,2,10,10,0,0
Set 16,16,base,TFTSet16,16.10,TFT16_Taric,Taric,Starlight's Touch,PassiveDR,0.9,0.9,0.9,0.9,0.9,0.9,0.9,0.9
Set 16,16,base,TFTSet16,16.10,TFT16_Taric,Taric,Starlight's Touch,PassiveHeal,300/700/2500,0,300,700,2500,5000,0,0
Set 16,16,base,TFTSet16,16.10,TFT16_Taric,Taric,Starlight's Touch,ShieldDuration,4,4,4,4,4,4,4,4
Set 16,16,base,TFTSet16,16.10,TFT16_Taric,Taric,Starlight's Touch,TaricShield,600/700/2500,0,600,700,2500,3000,0,0
Set 16,16,base,TFTSet16,16.10,TFT16_Teemo,Teemo,Toxic Dart,DOtDuration,8,8,8,8,8,8,8,8
Set 16,16,base,TFTSet16,16.10,TFT16_Teemo,Teemo,Toxic Dart,DamagePerSecond,35/55/100,0,35,55,100,145,0,0
Set 16,16,base,TFTSet16,16.10,TFT16_Teemo,Teemo,Toxic Dart,PrimaryDamage,130/200/375,0,130,200,375,550,200,240
Set 16,16,base,TFTSet16,16.10,TFT16_Thresh,Thresh ,The Box,APPassiveDamage,30/50/400,0,30,50,400,0,0,0
Set 16,16,base,TFTSet16,16.10,TFT16_Thresh,Thresh ,The Box,HealthDrainPerSoul,1,1,1,1,1,1,1,1
Set 16,16,base,TFTSet16,16.10,TFT16_Thresh,Thresh ,The Box,HealthDrainPercentHeal,0.75,0.75,0.75,0.75,0.75,0.75,0.75,0.75
Set 16,16,base,TFTSet16,16.10,TFT16_Thresh,Thresh ,The Box,HealthDrainSoulBreakpoint,30,30,30,30,30,30,30,30
Set 16,16,base,TFTSet16,16.10,TFT16_Thresh,Thresh ,The Box,MinEnemiesInTheBox,2,2,2,2,2,2,2,2
Set 16,16,base,TFTSet16,16.10,TFT16_Thresh,Thresh ,The Box,TheBoxDamage,100/150/4000,200,100,150,4000,39000,200,200
Set 16,16,base,TFTSet16,16.10,TFT16_Thresh,Thresh ,The Box,TheBoxDuration,5/5/60,5,5,5,60,5,5,5
Set 16,16,base,TFTSet16,16.10,TFT16_AnnieTibbers,Tibbers,Rage of Embers,AttackSpeed,2/2/5,0,2,2,5,10,200,240
Set 16,16,base,TFTSet16,16.10,TFT16_AnnieTibbers,Tibbers,Rage of Embers,Duration,4,4,4,4,4,4,4,4
Set 16,16,base,TFTSet16,16.10,TFT16_AnnieTibbers,Tibbers,Rage of Embers,HealPercentHealth,0.025/0.025/1,0.015,0.025,0.025,1,1,0.015,0.015
Set 16,16,base,TFTSet16,16.10,TFT16_AnnieTibbers,Tibbers,Rage of Embers,Shield,1200/1400/9000,0,1200,1400,9000,9000,0,0
Set 16,16,base,TFTSet16,16.10,TFT5_EmblemArmoryKey,Tome of Traits,Tome of Traits,RoundsToHatch,2,2,2,2,2,2,2,2
Set 16,16,base,TFTSet16,16.10,TFT16_Tristana,Tristana,Buster Shot						,ADDamage,265/400/660,0,265,400,660,920,0,0
Set 16,16,base,TFTSet16,16.10,TFT16_Tristana,Tristana,Buster Shot						,APDamage,30/45/70,0,30,45,70,95,0,0
Set 16,16,base,TFTSet16,16.10,TFT16_Tristana,Tristana,Buster Shot						,HexKnockback,2,2,2,2,2,2,2,2
Set 16,16,base,TFTSet16,16.10,TFT16_Tristana,Tristana,Buster Shot						,KnockbackRadius,2,2,2,2,2,2,2,2
Set 16,16,base,TFTSet16,16.10,TFT16_Tristana,Tristana,Buster Shot						,StunDuration,0.75,0.75,0.75,0.75,0.75,0.75,0.75,0.75
Set 16,16,base,TFTSet16,16.10,TFT16_Tryndamere,Tryndamere ,Undying Rage,ADDamage,110/160/235,100,110,160,235,320,3.5,3.5
Set 16,16,base,TFTSet16,16.10,TFT16_Tryndamere,Tryndamere ,Undying Rage,ArmorIgnore,0.3,0.3,0.3,0.3,0.3,0.3,0.3,0.3
Set 16,16,base,TFTSet16,16.10,TFT16_Tryndamere,Tryndamere ,Undying Rage,AttackSpeed_MustMatchTFT16_Tryndamere_PassiveAS,0.1,0.1,0.1,0.1,0.1,0.1,0.1,0.1
Set 16,16,base,TFTSet16,16.10,TFT16_Tryndamere,Tryndamere ,Undying Rage,DR,0.15,0,0.15,0.15,0.15,0.25,0,0
Set 16,16,base,TFTSet16,16.10,TFT16_Tryndamere,Tryndamere ,Undying Rage,Duration,5,5,5,5,5,5,5,5
Set 16,16,base,TFTSet16,16.10,TFT16_Tryndamere,Tryndamere ,Undying Rage,TryndASBoostFromAshe,0.01,0.01,0.01,0.01,0.01,0.01,0.01,0.01
Set 16,16,base,TFTSet16,16.10,TFT16_TwistedFate,Twisted Fate,Stacked Deck,AngleOffset,17,17,17,17,17,17,17,17
Set 16,16,base,TFTSet16,16.10,TFT16_TwistedFate,Twisted Fate,Stacked Deck,BaseDamage,70/105/160,0,70,105,160,215,540,540
Set 16,16,base,TFTSet16,16.10,TFT16_TwistedFate,Twisted Fate,Stacked Deck,BonusAPDamage,50/75/115,0,50,75,115,145,0,0
Set 16,16,base,TFTSet16,16.10,TFT16_TwistedFate,Twisted Fate,Stacked Deck,FalloffDamage,0.5,0.5,0.5,0.5,0.5,0.5,0.5,0.5
Set 16,16,base,TFTSet16,16.10,TFT16_TwistedFate,Twisted Fate,Stacked Deck,LineRange,1999,1999,1999,1999,1999,1999,1999,1999
Set 16,16,base,TFTSet16,16.10,TFT16_TwistedFate,Twisted Fate,Stacked Deck,LineWidth,40,40,40,40,40,40,40,40
Set 16,16,base,TFTSet16,16.10,TFT16_TwistedFate,Twisted Fate,Stacked Deck,NumAttacks,3,3,3,3,3,3,3,3
Set 16,16,base,TFTSet16,16.10,TFT16_TwistedFate,Twisted Fate,Stacked Deck,TwistedFateGravesAP,12,12,12,12,12,12,12,12
Set 16,16,base,TFTSet16,16.10,TFT16_Vayne,Vayne,Tumble,ADDamage,110/165/285,0,110,165,285,405,0,0
Set 16,16,base,TFTSet16,16.10,TFT16_Vayne,Vayne,Tumble,APDamage,6/10/15,0,6,10,15,20,200,240
Set 16,16,base,TFTSet16,16.10,TFT16_Vayne,Vayne,Tumble,HexDashRange,3,3,3,3,3,3,3,3
Set 16,16,base,TFTSet16,16.10,TFT16_Veigar,Veigar,Dark Storm,APPerKill,1,1,1,1,1,1,1,1
Set 16,16,base,TFTSet16,16.10,TFT16_Veigar,Veigar,Dark Storm,Damage,56/84/199,0,56,84,199,199,0,0
Set 16,16,base,TFTSet16,16.10,TFT16_Veigar,Veigar,Dark Storm,IncreasedAPRatio,0.5,0.5,0.5,0.5,0.5,0.5,0.5,0.5
Set 16,16,base,TFTSet16,16.10,TFT16_Veigar,Veigar,Dark Storm,NumEnemiesToFocusFire,2,2,2,2,2,2,2,2
Set 16,16,base,TFTSet16,16.10,TFT16_Veigar,Veigar,Dark Storm,NumMeteors,12/12/24,0,12,12,24,40,0,0
Set 16,16,base,TFTSet16,16.10,TFT16_Veigar,Veigar,Dark Storm,PercentOnPrimaryTarget,0.7/0.7/0.5,0.7,0.7,0.7,0.5,0.7,0.7,0.7
Set 16,16,base,TFTSet16,16.10,TFT16_Vi,Vi,Relentless Force,ADDamage,120/180/270,0,120,180,270,360,0,0
Set 16,16,base,TFTSet16,16.10,TFT16_Vi,Vi,Relentless Force,HexRange,1,1,1,1,1,1,1,1
Set 16,16,base,TFTSet16,16.10,TFT16_Vi,Vi,Relentless Force,KnockupDuration,1,1,1,1,1,1,1,1
Set 16,16,base,TFTSet16,16.10,TFT16_Vi,Vi,Relentless Force,SecondaryADDamage,150/225/340,1.25,150,225,340,455,1.25,1.25
Set 16,16,base,TFTSet16,16.10,TFT16_Vi,Vi,Relentless Force,Shield,125/150/175,0,125,150,175,200,0,0
Set 16,16,base,TFTSet16,16.10,TFT16_Vi,Vi,Relentless Force,ShieldDuration,2,2,2,2,2,2,2,2
Set 16,16,base,TFTSet16,16.10,TFT16_Vi,Vi,Relentless Force,ThirdCastHexRange,2,2,2,2,2,2,2,2
Set 16,16,base,TFTSet16,16.10,TFT16_Viego,Viego,Blade of the Ruined King,ADDamage,55/85/125,2.5,55,85,125,165,2.5,2.5
Set 16,16,base,TFTSet16,16.10,TFT16_Viego,Viego,Blade of the Ruined King,AttackSpeedPerSoulBreakpoint,1,1,1,1,1,1,1,1
Set 16,16,base,TFTSet16,16.10,TFT16_Viego,Viego,Blade of the Ruined King,BaseAttackSpeed,10,10,10,10,10,10,10,10
Set 16,16,base,TFTSet16,16.10,TFT16_Viego,Viego,Blade of the Ruined King,SoulsForAttackSpeed,6,6,6,6,6,6,6,6
Set 16,16,base,TFTSet16,16.10,TFT16_Viego,Viego,Blade of the Ruined King,StackingDamage,18/27/42,0,18,27,42,57,0,0
Set 16,16,base,TFTSet16,16.10,TFT16_Volibear,Volibear ,The Relentless Storm,BiteDamageBase,100/150/2000,400,100,150,2000,2500,1200,1400
Set 16,16,base,TFTSet16,16.10,TFT16_Volibear,Volibear ,The Relentless Storm,BiteDamageHealth,0.03,0.03,0.03,0.03,0.03,0.03,0.03,0.03
Set 16,16,base,TFTSet16,16.10,TFT16_Volibear,Volibear ,The Relentless Storm,BoltCadence,2/2/0.3,2,2,2,0.3,2,2,2
Set 16,16,base,TFTSet16,16.10,TFT16_Volibear,Volibear ,The Relentless Storm,CastsToTransform,5/5/2,5,5,5,2,5,5,5
Set 16,16,base,TFTSet16,16.10,TFT16_Volibear,Volibear ,The Relentless Storm,PercentDamageIncrease,0.6,0.6,0.6,0.6,0.6,0.6,0.6,0.6
Set 16,16,base,TFTSet16,16.10,TFT16_Volibear,Volibear ,The Relentless Storm,SlamDamageMultiplier,2,2,2,2,2,2,2,2
Set 16,16,base,TFTSet16,16.10,TFT16_Volibear,Volibear ,The Relentless Storm,StormbringerAS,0.5/0.5/9.99,0.5,0.5,0.5,9.99,9.99,0.5,0.5
Set 16,16,base,TFTSet16,16.10,TFT16_Volibear,Volibear ,The Relentless Storm,StormbringerBoltBase,50/75/999,50,50,75,999,1250,50,50
Set 16,16,base,TFTSet16,16.10,TFT16_Volibear,Volibear ,The Relentless Storm,StormbringerBoltHealth,0.04,0.04,0.04,0.04,0.04,0.04,0.04,0.04
Set 16,16,base,TFTSet16,16.10,TFT16_Volibear,Volibear ,The Relentless Storm,StormbringerBonusHealth,400/550/9999,600,400,550,9999,9999,600,600
Set 16,16,base,TFTSet16,16.10,TFT16_Warwick,Warwick,Eternal Hunger,ADDamage,55/85/550,0,55,85,550,600,0,0
Set 16,16,base,TFTSet16,16.10,TFT16_Warwick,Warwick,Eternal Hunger,AllyAttackSpeed,0.2/0.2/0.5,0.2,0.2,0.2,0.5,0.2,0.2,0.2
Set 16,16,base,TFTSet16,16.10,TFT16_Warwick,Warwick,Eternal Hunger,AllyBuffDuration,3,3,3,3,3,3,3,3
Set 16,16,base,TFTSet16,16.10,TFT16_Warwick,Warwick,Eternal Hunger,AttackSpeed,1/1/4,0.8,1,1,4,3,0.8,0.8
Set 16,16,base,TFTSet16,16.10,TFT16_Warwick,Warwick,Eternal Hunger,Omnivamp,0.15,0.15,0.15,0.15,0.15,0.15,0.15,0.15
Set 16,16,base,TFTSet16,16.10,TFT16_Wukong,Wukong,Diverting Trickster,ADDamage,150/225/3000,0,150,225,3000,2000,0,0
Set 16,16,base,TFTSet16,16.10,TFT16_Wukong,Wukong,Diverting Trickster,Duration,4,4,4,4,4,4,4,4
Set 16,16,base,TFTSet16,16.10,TFT16_Wukong,Wukong,Diverting Trickster,Resists,100/110/400,0,100,110,400,500,0,0
Set 16,16,base,TFTSet16,16.10,TFT16_Wukong,Wukong,Diverting Trickster,SummonFlatHealth,150/200/2000,0,150,200,2000,3000,0,0
Set 16,16,base,TFTSet16,16.10,TFT16_Wukong,Wukong,Diverting Trickster,SummonMaxHealthPercent,0.4,0.4,0.4,0.4,0.4,0.4,0.4,0.4
Set 16,16,base,TFTSet16,16.10,TFT16_Xerath,Xerath ,Eye of the Ascendant,Damage,390/650/2500,0,390,650,2500,2500,0,0
Set 16,16,base,TFTSet16,16.10,TFT16_Xerath,Xerath ,Eye of the Ascendant,NumberOfBlasts,10/10/99,0,10,10,99,99,0,0
Set 16,16,base,TFTSet16,16.10,TFT16_Xerath,Xerath ,Eye of the Ascendant,SpellRangeInEnemies,4/4/10,4,4,4,10,10,4,4
Set 16,16,base,TFTSet16,16.10,TFT16_Xerath,Xerath ,Eye of the Ascendant,XerathCharmExtraBlasts,3,3,3,3,3,3,3,3
Set 16,16,base,TFTSet16,16.10,TFT16_XinZhao,Xin Zhao,Three Talon Strike,ADDamage,65/100/150,1.5,65,100,150,200,1.5,1.5
Set 16,16,base,TFTSet16,16.10,TFT16_XinZhao,Xin Zhao,Three Talon Strike,Heal,105/145/200,0,105,145,200,280,0,0
Set 16,16,base,TFTSet16,16.10,TFT16_XinZhao,Xin Zhao,Three Talon Strike,StunDuration,1.5,1.5,1.5,1.5,1.5,1.5,1.5,1.5
Set 16,16,base,TFTSet16,16.10,TFT16_Yasuo,Yasuo,Sweeping Blade,ADDamage,95/145/215,0,95,145,215,285,0,0
Set 16,16,base,TFTSet16,16.10,TFT16_Yasuo,Yasuo,Sweeping Blade,APDamage,8/12/18,0,8,12,18,24,0,0
Set 16,16,base,TFTSet16,16.10,TFT16_Yasuo,Yasuo,Sweeping Blade,AttributeBrothersDamageToYasuo,1,1,1,1,1,1,1,1
Set 16,16,base,TFTSet16,16.10,TFT16_Yasuo,Yasuo,Sweeping Blade,YasuoADPercent,1,1,1,1,1,1,1,1
Set 16,16,base,TFTSet16,16.10,TFT16_Yone,Yone,Kin of the Stained Blade,BasicAttackADDamage,55/85/800,200,55,85,800,1000,200,200
Set 16,16,base,TFTSet16,16.10,TFT16_Yone,Yone,Kin of the Stained Blade,BasicAttackAPDamage,110/165/1400,200,110,165,1400,1700,200,200
Set 16,16,base,TFTSet16,16.10,TFT16_Yone,Yone,Kin of the Stained Blade,DashHexRange,2.5/2.5/5,2.5,2.5,2.5,5,5,2.5,2.5
Set 16,16,base,TFTSet16,16.10,TFT16_Yone,Yone,Kin of the Stained Blade,DashHorizontalRange,240/240/480,240,240,240,480,480,480,480
Set 16,16,base,TFTSet16,16.10,TFT16_Yone,Yone,Kin of the Stained Blade,KnockupDuration,1.5,1.5,1.5,1.5,1.5,1.5,1.5,1.5
Set 16,16,base,TFTSet16,16.10,TFT16_Yone,Yone,Kin of the Stained Blade,PerTargetADDamage,40/60/240,0,40,60,240,320,0,0
Set 16,16,base,TFTSet16,16.10,TFT16_Yone,Yone,Kin of the Stained Blade,PerTargetAPDamage,40/60/240,0,40,60,240,320,0,0
Set 16,16,base,TFTSet16,16.10,TFT16_Yone,Yone,Kin of the Stained Blade,StrikeADDamage,140/210/1080,0,140,210,1080,1440,0,0
Set 16,16,base,TFTSet16,16.10,TFT16_Yone,Yone,Kin of the Stained Blade,StrikeAPDamage,140/210/1080,0,140,210,1080,1440,0,0
Set 16,16,base,TFTSet16,16.10,TFT16_Yone,Yone,Kin of the Stained Blade,TooltipHexRange,3,3,3,3,3,3,3,3
Set 16,16,base,TFTSet16,16.10,TFT16_Yone,Yone,Kin of the Stained Blade,YasuoADPercent,2.5,2.5,2.5,2.5,2.5,2.5,2.5,2.5
Set 16,16,base,TFTSet16,16.10,TFT16_Yorick,Yorick ,Mourning Mist,APHeal,250/350/500,0,250,350,500,600,0,0
Set 16,16,base,TFTSet16,16.10,TFT16_Yorick,Yorick ,Mourning Mist,DebuffDuration,4,4,4,4,4,4,4,4
Set 16,16,base,TFTSet16,16.10,TFT16_Yorick,Yorick ,Mourning Mist,FlatDamage,80/110/150,0,80,110,150,160,0,0
Set 16,16,base,TFTSet16,16.10,TFT16_Yorick,Yorick ,Mourning Mist,HealPerSoulBreakpoint,7,7,7,7,7,7,7,7
Set 16,16,base,TFTSet16,16.10,TFT16_Yorick,Yorick ,Mourning Mist,ManaCostRaise,20,20,20,20,20,20,20,20
Set 16,16,base,TFTSet16,16.10,TFT16_Yorick,Yorick ,Mourning Mist,MarkerDuration,60,60,60,60,60,60,60,60
Set 16,16,base,TFTSet16,16.10,TFT16_Yorick,Yorick ,Mourning Mist,PercentHealthDamage,0.05,0.05,0.05,0.05,0.05,0.05,0.05,0.05
Set 16,16,base,TFTSet16,16.10,TFT16_Yorick,Yorick ,Mourning Mist,SoulBreakpoint,10,10,10,10,10,10,10,10
Set 16,16,base,TFTSet16,16.10,TFT16_Yunara,Yunara,Transcendent State,ADDamage,80/120/425,0,80,120,425,500,0,0
Set 16,16,base,TFTSet16,16.10,TFT16_Yunara,Yunara,Transcendent State,APDamage,8/12/50,0,8,12,50,100,0,0
Set 16,16,base,TFTSet16,16.10,TFT16_Yunara,Yunara,Transcendent State,AttackSpeed,0.9/0.9/3,0,0.9,0.9,3,2,0,0
Set 16,16,base,TFTSet16,16.10,TFT16_Yunara,Yunara,Transcendent State,BonusCritDamage,0.33,0.33,0.33,0.33,0.33,0.33,0.33,0.33
Set 16,16,base,TFTSet16,16.10,TFT16_Yunara,Yunara,Transcendent State,BuffDuration,4,4,4,4,4,4,4,4
Set 16,16,base,TFTSet16,16.10,TFT16_Yunara,Yunara,Transcendent State,DamageReductionPerEnemyHit,0.75/0.75/0.3,0.4,0.75,0.75,0.3,0.33,0.4,0.4
Set 16,16,base,TFTSet16,16.10,TFT16_Zaahen,Zaahen,Divine Challenge,ADDamage,80/120/1500,0,80,120,1500,3000,1.35,1.35
Set 16,16,base,TFTSet16,16.10,TFT16_Zaahen,Zaahen,Divine Challenge,AOEDamageMultiplier,0.4,0.4,0.4,0.4,0.4,0.4,0.4,0.4
Set 16,16,base,TFTSet16,16.10,TFT16_Zaahen,Zaahen,Divine Challenge,APDamage,15/25/200,0,15,25,200,250,0,0
Set 16,16,base,TFTSet16,16.10,TFT16_Zaahen,Zaahen,Divine Challenge,BigAOEDamageMultiplier,2,2,2,2,2,2,2,2
Set 16,16,base,TFTSet16,16.10,TFT16_Zaahen,Zaahen,Divine Challenge,CastsToUlt,22,22,22,22,22,22,22,22
Set 16,16,base,TFTSet16,16.10,TFT16_Ziggs,Ziggs ,Mega Inferno Bomb,BABounceNumber,1,1,1,1,1,1,1,1
Set 16,16,base,TFTSet16,16.10,TFT16_Ziggs,Ziggs ,Mega Inferno Bomb,BAPercentAD,1,1,1,1,1,1,1,1
Set 16,16,base,TFTSet16,16.10,TFT16_Ziggs,Ziggs ,Mega Inferno Bomb,BAPercentAP,40/65/500,0,40,65,500,999,0,0
Set 16,16,base,TFTSet16,16.10,TFT16_Ziggs,Ziggs ,Mega Inferno Bomb,BombAOERange,4,4,4,4,4,4,4,4
Set 16,16,base,TFTSet16,16.10,TFT16_Ziggs,Ziggs ,Mega Inferno Bomb,MaxAOEDamage,550/875/7000,0,550,875,7000,8000,0,0
Set 16,16,base,TFTSet16,16.10,TFT16_Ziggs,Ziggs ,Mega Inferno Bomb,MinAOEDamage,70/105/3000,0,70,105,3000,1500,0,0
Set 16,16,base,TFTSet16,16.10,TFT16_Zilean,Zilean,Visions of the End,ExplosionDamage,150/225/4000,0,150,225,4000,4000,0,0
Set 16,16,base,TFTSet16,16.10,TFT16_Zilean,Zilean,Visions of the End,MagicDamage,90/135/1000,0,90,135,1000,1000,0,0
Set 16,16,base,TFTSet16,16.10,TFT16_Zilean,Zilean,Visions of the End,ManaOnKill,15,15,15,15,15,15,15,15
Set 16,16,base,TFTSet16,16.10,TFT16_Zilean,Zilean,Visions of the End,MaxDurationBeforeKill,18/16/1,12,18,16,1,1,12,12
Set 16,16,base,TFTSet16,16.10,TFT16_Zoe,Zoe,Double Trouble Bubble,Damage,330/500/1000,0,330,500,1000,1500,2,2
Set 16,16,base,TFTSet16,16.10,TFT16_Zoe,Zoe,Double Trouble Bubble,NumEnemies,2,2,2,2,2,2,2,2
Set 16,16,base,TFTSet16,16.10,TFT16_Zoe,Zoe,Double Trouble Bubble,ShredDuration,6,6,6,6,6,6,6,6
Set 16,16,base,TFTSet16,16.10,TFT16_Zoe,Zoe,Double Trouble Bubble,SlowDuration,2,2,2,2,2,2,2,2
Set 17,17,base,TFTSet17,latest,TFT17_Aatrox,Aatrox,Stellar Slash,DamageAD,80/120/180,200,80,120,180,300,600,600
Set 17,17,base,TFTSet17,latest,TFT17_Aatrox,Aatrox,Stellar Slash,DamagePercentArmor,1.8/2.7/4.05,1,1.8,2.7,4.05,6.9,3,3
Set 17,17,base,TFTSet17,latest,TFT17_Aatrox,Aatrox,Stellar Slash,HealAP,325/400/650,150,325,400,650,900,180,180
Set 17,17,base,TFTSet17,latest,TFT17_Aatrox,Aatrox,Stellar Slash,HealHP,0.1,0.1,0.1,0.1,0.1,0.1,0.1,0.1
Set 17,17,base,TFTSet17,latest,TFT17_Aatrox,Aatrox,Stellar Slash,NOVAModifier,0.65,0.65,0.65,0.65,0.65,0.65,0.65,0.65
Set 17,17,base,TFTSet17,latest,TFT17_Akali,Akali,Star Strike,ArmorShred,1,1,1,1,1,1,1,1
Set 17,17,base,TFTSet17,latest,TFT17_Akali,Akali,Star Strike,ArmorShredCrit,2,2,2,2,2,2,2,2
Set 17,17,base,TFTSet17,latest,TFT17_Akali,Akali,Star Strike,DamageAD,39/59/88,27,39,59,88,150,72,72
Set 17,17,base,TFTSet17,latest,TFT17_Akali,Akali,Star Strike,DamageAP,4/6/9,6,4,6,9,15,6,6
Set 17,17,base,TFTSet17,latest,TFT17_Akali,Akali,Star Strike,NovaDamagePerSecond,14/18/25,12,14,18,25,34,22,22
Set 17,17,base,TFTSet17,latest,TFT17_Akali,Akali,Star Strike,NovaShurikenBonusDamage,0.12,0.12,0.12,0.12,0.12,0.12,0.12,0.12
Set 17,17,base,TFTSet17,latest,TFT17_Akali,Akali,Star Strike,NumShurikens,5,5,5,5,5,5,5,5
Set 17,17,base,TFTSet17,latest,TFT17_Akali,Akali,Star Strike,SecondaryDamageModifier,0.4,0.4,0.4,0.4,0.4,0.4,0.4,0.4
Set 17,17,base,TFTSet17,latest,TFT17_Enemy_Aatrox,Apex Primordian,Harbinger of The End,Durability,0.25,0.25,0.25,0.25,0.25,0.25,0.25,0.25
Set 17,17,base,TFTSet17,latest,TFT17_Enemy_Aatrox,Apex Primordian,Harbinger of The End,GridADDamage,75,75,75,75,75,75,75,75
Set 17,17,base,TFTSet17,latest,TFT17_Enemy_Aatrox,Apex Primordian,Harbinger of The End,GridAPDamage,75,75,75,75,75,75,75,75
Set 17,17,base,TFTSet17,latest,TFT17_Enemy_Aatrox,Apex Primordian,Harbinger of The End,HexRange,1,1,1,1,1,1,1,1
Set 17,17,base,TFTSet17,latest,TFT17_Enemy_Aatrox,Apex Primordian,Harbinger of The End,NumSwords,20,20,20,20,20,20,20,20
Set 17,17,base,TFTSet17,latest,TFT17_Enemy_Aatrox,Apex Primordian,Harbinger of The End,SwordAoEADDamage,200,200,200,200,200,200,200,200
Set 17,17,base,TFTSet17,latest,TFT17_Enemy_Aatrox,Apex Primordian,Harbinger of The End,SwordAoEAPDamage,200,200,200,200,200,200,200,200
Set 17,17,base,TFTSet17,latest,TFT_ArmoryKeyOrnn,Artifact Item Anvil,Artifact Item Anvil,RoundsToHatch,2,2,2,2,2,2,2,2
Set 17,17,base,TFTSet17,latest,TFT17_AurelionSol,Aurelion Sol,Deathbeam,AugmentedDuration,4,4,4,4,4,4,4,4
Set 17,17,base,TFTSet17,latest,TFT17_AurelionSol,Aurelion Sol,Deathbeam,DamagePerSecond,335/505/2000,250,335,505,2000,2000,1650,1650
Set 17,17,base,TFTSet17,latest,TFT17_AurelionSol,Aurelion Sol,Deathbeam,DamageReductionPerTarget,0.8,0.8,0.8,0.8,0.8,0.8,0.8,0.8
Set 17,17,base,TFTSet17,latest,TFT17_AurelionSol,Aurelion Sol,Deathbeam,Duration,3,3,3,3,3,3,3,3
Set 17,17,base,TFTSet17,latest,TFT17_AurelionSol,Aurelion Sol,Deathbeam,MagicPen,0.3,0.3,0.3,0.3,0.3,0.3,0.3,0.3
Set 17,17,base,TFTSet17,latest,TFT17_Aurora,Aurora,Hopped-Up Hacks,Damage,80/120/190,2.5,80,120,190,340,2.5,2.5
Set 17,17,base,TFTSet17,latest,TFT17_Aurora,Aurora,Hopped-Up Hacks,HexDuration,4,4,4,4,4,4,4,4
Set 17,17,base,TFTSet17,latest,TFT17_Aurora,Aurora,Hopped-Up Hacks,HexPercent,0.1,0.1,0.1,0.1,0.1,0.1,0.1,0.1
Set 17,17,base,TFTSet17,latest,TFT17_Aurora,Aurora,Hopped-Up Hacks,SpellHexRadius,2,2,2,2,2,2,2,2
Set 17,17,base,TFTSet17,latest,TFT17_Aurora,Aurora,Hopped-Up Hacks,SplitDamage,400/600/960,3,400,600,960,1650,3,3
Set 17,17,base,TFTSet17,latest,TFT17_Bard,Bard,Ultra Friendly Object,AbductChance,0.15/0.2/1,0.4,0.15,0.2,1,0.4,0.4,0.4
Set 17,17,base,TFTSet17,latest,TFT17_Bard,Bard,Ultra Friendly Object,AugmentedDuration,5,5,5,5,5,5,5,5
Set 17,17,base,TFTSet17,latest,TFT17_Bard,Bard,Ultra Friendly Object,CanAbductSecondaryTargets,1,1,1,1,1,1,1,1
Set 17,17,base,TFTSet17,latest,TFT17_Bard,Bard,Ultra Friendly Object,DamagePerSecond,240/360/3000,2,240,360,3000,5000,2,2
Set 17,17,base,TFTSet17,latest,TFT17_Bard,Bard,Ultra Friendly Object,Duration,4,4,4,4,4,4,4,4
Set 17,17,base,TFTSet17,latest,TFT17_Bard,Bard,Ultra Friendly Object,MeepsPerMeep,1,1,1,1,1,1,1,1
Set 17,17,base,TFTSet17,latest,TFT17_Bard,Bard,Ultra Friendly Object,PVEAbductionChanceModifier,1,1,1,1,1,1,1,1
Set 17,17,base,TFTSet17,latest,TFT17_Bard,Bard,Ultra Friendly Object,SecondaryHexRange,1,1,1,1,1,1,1,1
Set 17,17,base,TFTSet17,latest,TFT17_Bard,Bard,Ultra Friendly Object,SplitDamagePerSecond,135/205/1500,0,135,205,1500,2500,0,0
Set 17,17,base,TFTSet17,latest,TFT17_Bard,Bard,Ultra Friendly Object,TankDamageIncrease,0.3,0.3,0.3,0.3,0.3,0.3,0.3,0.3
Set 17,17,base,TFTSet17,latest,TFT17_Belveth,Bel'Veth,Tidal Slashes,ADDamage,22/33/50,50,22,33,50,85,0,0
Set 17,17,base,TFTSet17,latest,TFT17_Belveth,Bel'Veth,Tidal Slashes,APDamage,3/5/7,0,3,5,7,12,0,0
Set 17,17,base,TFTSet17,latest,TFT17_Belveth,Bel'Veth,Tidal Slashes,BaseNumSlashes,12,12,12,12,12,12,12,12
Set 17,17,base,TFTSet17,latest,TFT17_Belveth,Bel'Veth,Tidal Slashes,BonusASBreakpoint,25,25,25,25,25,25,25,25
Set 17,17,base,TFTSet17,latest,TFT17_Belveth,Bel'Veth,Tidal Slashes,NumProcsPerSimulatedAttack,4,4,4,4,4,4,4,4
Set 17,17,base,TFTSet17,latest,TFT17_Belveth,Bel'Veth,Tidal Slashes,SlashDuration,2,2,2,2,2,2,2,2
Set 17,17,base,TFTSet17,latest,TFT17_Summon,Bia & Bayin,Screech,AADamage,50/80/140,0,50,80,140,120,0,0
Set 17,17,base,TFTSet17,latest,TFT17_Summon,Bia & Bayin,Screech,BonusAP,15,15,15,15,15,15,15,15
Set 17,17,base,TFTSet17,latest,TFT17_Summon,Bia & Bayin,Screech,Shield,100/275/460,0,100,275,460,525,0,0
Set 17,17,base,TFTSet17,latest,TFT17_Summon,Bia & Bayin,Screech,ShieldDuration,4,4,4,4,4,4,4,4
Set 17,17,base,TFTSet17,latest,TFT17_Summon,Bia & Bayin,Screech,TailSweepDamage,200/230/275,200,200,230,275,300,200,200
Set 17,17,base,TFTSet17,latest,TFT17_Summon,Bia & Bayin,Screech,UltimateDamage,220,220,220,220,220,220,220,220
Set 17,17,base,TFTSet17,latest,TFT17_Summon,Bia & Bayin,Screech,UltimateHeal,0.15,0.15,0.15,0.15,0.15,0.15,0.15,0.15
Set 17,17,base,TFTSet17,latest,TFT17_Blitzcrank,Blitzcrank,Party Crasher,BoltCooldown,2/2/0.5,2,2,2,0.5,1,1,1
Set 17,17,base,TFTSet17,latest,TFT17_Blitzcrank,Blitzcrank,Party Crasher,BoltDamage,60/90/150,90,60,90,150,150,150,150
Set 17,17,base,TFTSet17,latest,TFT17_Blitzcrank,Blitzcrank,Party Crasher,ExplosionDamage,175/265/5000,200,175,265,5000,5000,5000,5000
Set 17,17,base,TFTSet17,latest,TFT17_Blitzcrank,Blitzcrank,Party Crasher,GrooveDurationPerTarget,1,1,1,1,1,1,1,1
Set 17,17,base,TFTSet17,latest,TFT17_Blitzcrank,Blitzcrank,Party Crasher,UppercutDamage,150/225/999,170,150,225,999,2000,789,5000
Set 17,17,base,TFTSet17,latest,TFT17_Briar,Briar,Fish Frenzy,ADDamage,120/180/285,3.3,120,180,285,485,3.3,3.3
Set 17,17,base,TFTSet17,latest,TFT17_Briar,Briar,Fish Frenzy,APDamage,10/15/25,0,10,15,25,45,0,0
Set 17,17,base,TFTSet17,latest,TFT17_Briar,Briar,Fish Frenzy,AS,2/2/2.5,2,2,2,2.5,2.5,2,2
Set 17,17,base,TFTSet17,latest,TFT17_Briar,Briar,Fish Frenzy,PercentBonusDamage,0.5,0.5,0.5,0.5,0.5,0.5,0.5,0.5
Set 17,17,base,TFTSet17,latest,TFT17_Briar,Briar,Fish Frenzy,PercentMissingHealth,1,1,1,1,1,1,1,1
Set 17,17,base,TFTSet17,latest,TFT17_Caitlyn,Caitlyn,Aim For The Head,BonusDamage,20/30/45,20,20,30,45,77,60,60
Set 17,17,base,TFTSet17,latest,TFT17_Caitlyn,Caitlyn,Aim For The Head,Damage,190/285/540,145,190,285,540,925,455,455
Set 17,17,base,TFTSet17,latest,TFT17_Caitlyn,Caitlyn,Aim For The Head,NovaHeadshotModifier,0.5,0.5,0.5,0.5,0.5,0.5,0.5,0.5
Set 17,17,base,TFTSet17,latest,TFT17_Caitlyn,Caitlyn,Aim For The Head,NovaMarkDamageAmp,0.1,0.1,0.1,0.1,0.1,0.1,0.1,0.1
Set 17,17,base,TFTSet17,latest,TFT17_Caitlyn,Caitlyn,Aim For The Head,NovaMarkThreshold,0.5,0.5,0.5,0.5,0.5,0.5,0.5,0.5
Set 17,17,base,TFTSet17,latest,TFT17_Caitlyn,Caitlyn,Aim For The Head,ProcChance,15,15,15,15,15,15,15,15
Set 17,17,base,TFTSet17,latest,TFT17_Chogath,Cho'Gath,Accretion,BonusDamage,210/290/420,140,210,290,420,715,450,450
Set 17,17,base,TFTSet17,latest,TFT17_Chogath,Cho'Gath,Accretion,BonusHealthOnKill,30/40/70,35,30,40,70,115,35,35
Set 17,17,base,TFTSet17,latest,TFT17_Chogath,Cho'Gath,Accretion,BonusHealthPerCast,12/18/33,0,12,18,33,50,0,0
Set 17,17,base,TFTSet17,latest,TFT17_Chogath,Cho'Gath,Accretion,HPToTier2,1000,1000,1000,1000,1000,1000,1000,1000
Set 17,17,base,TFTSet17,latest,TFT17_Chogath,Cho'Gath,Accretion,HPToTier3,2000,2000,2000,2000,2000,2000,2000,2000
Set 17,17,base,TFTSet17,latest,TFT17_Chogath,Cho'Gath,Accretion,PercentMaximumHealthDamage,0.08,0.08,0.08,0.08,0.08,0.08,0.08,0.08
Set 17,17,base,TFTSet17,latest,TFT_ArmoryKeyCompleted,Completed Item Anvil,Completed Item Anvil,RoundsToHatch,2,2,2,2,2,2,2,2
Set 17,17,base,TFTSet17,latest,TFT_ArmoryKeyComponent,Component Anvil,Component Anvil,RoundsToHatch,2,2,2,2,2,2,2,2
Set 17,17,base,TFTSet17,latest,TFT17_Corki,Corki,Asteroid Blaster,BaseMeepCooldown,8,8,8,8,8,8,8,8
Set 17,17,base,TFTSet17,latest,TFT17_Corki,Corki,Asteroid Blaster,BaseMissiles,21,21,21,21,21,21,21,21
Set 17,17,base,TFTSet17,latest,TFT17_Corki,Corki,Asteroid Blaster,CDRPerMeep,0.1,0.1,0.1,0.1,0.1,0.1,0.1,0.1
Set 17,17,base,TFTSet17,latest,TFT17_Corki,Corki,Asteroid Blaster,CooldownReductionPerAstro,1,1,1,1,1,1,1,1
Set 17,17,base,TFTSet17,latest,TFT17_Corki,Corki,Asteroid Blaster,MeepDamage,110/165/900,150,110,165,900,1200,1200,1200
Set 17,17,base,TFTSet17,latest,TFT17_Corki,Corki,Asteroid Blaster,MissileAD,28/42/280,25,28,42,280,200,25,25
Set 17,17,base,TFTSet17,latest,TFT17_Corki,Corki,Asteroid Blaster,MissileAP,5/7/24,6,5,7,24,30,25,25
Set 17,17,base,TFTSet17,latest,TFT17_Corki,Corki,Asteroid Blaster,MissilesPerLaunchAttack,5,5,5,5,5,5,5,5
Set 17,17,base,TFTSet17,latest,TFT17_Corki,Corki,Asteroid Blaster,ProcChance,20,20,20,20,20,20,20,20
Set 17,17,base,TFTSet17,latest,TFT17_Corki,Corki,Asteroid Blaster,ProcDamageMult,3.5,3.5,3.5,3.5,3.5,3.5,3.5,3.5
Set 17,17,base,TFTSet17,latest,TFT17_Diana,Diana,Pale Cascade,ASDuration,4,4,4,4,4,4,4,4
Set 17,17,base,TFTSet17,latest,TFT17_Diana,Diana,Pale Cascade,AttackSpeed,0.5,0.5,0.5,0.5,0.5,0.5,0.5,0.5
Set 17,17,base,TFTSet17,latest,TFT17_Diana,Diana,Pale Cascade,BaseAttackDamagePercent,0.5,0.5,0.5,0.5,0.5,0.5,0.5,0.5
Set 17,17,base,TFTSet17,latest,TFT17_Diana,Diana,Pale Cascade,BaseDamage,60/90/160,50,60,90,160,270,240,330
Set 17,17,base,TFTSet17,latest,TFT17_Diana,Diana,Pale Cascade,BonusDamageToAttacks,52/78/135,0,52,78,135,230,0,0
Set 17,17,base,TFTSet17,latest,TFT17_Diana,Diana,Pale Cascade,CleaveDamage,100/150/240,100,100,150,240,330,330,330
Set 17,17,base,TFTSet17,latest,TFT17_Diana,Diana,Pale Cascade,NumAttacks,3,3,3,3,3,3,3,3
Set 17,17,base,TFTSet17,latest,TFT17_Diana,Diana,Pale Cascade,Shield,230/280/450,100,230,280,450,605,100,100
Set 17,17,base,TFTSet17,latest,TFT17_Diana,Diana,Pale Cascade,ShieldDuration,3,3,3,3,3,3,3,3
Set 17,17,base,TFTSet17,latest,TFT17_Diana,Diana,Pale Cascade,ShieldPercent,0.05/0.07/0.1,0.05,0.05,0.07,0.1,0.13,0.05,0.05
Set 17,17,base,TFTSet17,latest,TFT17_Ezreal,Ezreal,Temporal Shot,ADDamage,170/255/380,0,170,255,380,650,0,0
Set 17,17,base,TFTSet17,latest,TFT17_Ezreal,Ezreal,Temporal Shot,APDamage,14/21/32,0,14,21,32,54,0,0
Set 17,17,base,TFTSet17,latest,TFT17_Ezreal,Ezreal,Temporal Shot,DroneDamage,8/12/18,0,8,12,18,30,0,0
Set 17,17,base,TFTSet17,latest,TFT17_Ezreal,Ezreal,Temporal Shot,TakedownTimerThreshold,5,5,5,5,5,5,5,5
Set 17,17,base,TFTSet17,latest,TFT17_Ezreal,Ezreal,Temporal Shot,TakedownsToDrone,7,7,7,7,7,7,7,7
Set 17,17,base,TFTSet17,latest,TFT17_Ezreal,Ezreal,Temporal Shot,TakedownsToForm3,60,60,60,60,60,60,60,60
Set 17,17,base,TFTSet17,latest,TFT17_Fiora,Fiora,Perfect Bladework,AuraDuration,5,5,5,5,5,5,5,5
Set 17,17,base,TFTSet17,latest,TFT17_Fiora,Fiora,Perfect Bladework,AuraHealing,200/250/999,250,200,250,999,999,999,999
Set 17,17,base,TFTSet17,latest,TFT17_Fiora,Fiora,Perfect Bladework,NumAttacks,2,2,2,2,2,2,2,2
Set 17,17,base,TFTSet17,latest,TFT17_Fiora,Fiora,Perfect Bladework,NumVitals,6,6,6,6,6,6,6,6
Set 17,17,base,TFTSet17,latest,TFT17_Fiora,Fiora,Perfect Bladework,PercentHealing,0.15,0.15,0.15,0.15,0.15,0.15,0.15,0.15
Set 17,17,base,TFTSet17,latest,TFT17_Fiora,Fiora,Perfect Bladework,VitalDamage,37/56/777,50,37,56,777,777,777,777
Set 17,17,base,TFTSet17,latest,TFT17_Fizz,Fizz,Meep Bait,BiteDamageAP,185/280/445,100,185,280,445,785,660,660
Set 17,17,base,TFTSet17,latest,TFT17_Fizz,Fizz,Meep Bait,BiteDamageMeep,75/115/180,70,75,115,180,320,400,400
Set 17,17,base,TFTSet17,latest,TFT17_Fizz,Fizz,Meep Bait,DashDamage,140/210/310,80,140,210,310,470,250,250
Set 17,17,base,TFTSet17,latest,TFT17_Fizz,Fizz,Meep Bait,MeepsPerAstro,1,1,1,1,1,1,1,1
Set 17,17,base,TFTSet17,latest,TFT17_Fizz,Fizz,Meep Bait,MegaMeepStunDuration,1.25,1.25,1.25,1.25,1.25,1.25,1.25,1.25
Set 17,17,base,TFTSet17,latest,TFT17_Fizz,Fizz,Meep Bait,SecondaryDamage,0.5,0.5,0.5,0.5,0.5,0.5,0.5,0.5
Set 17,17,base,TFTSet17,latest,TFT17_Gnar,Gnar,Slingshot Maneuver,DamageAD,225/340/560,200,225,340,560,860,600,600
Set 17,17,base,TFTSet17,latest,TFT17_Gnar,Gnar,Slingshot Maneuver,DamageAP,20/30/45,30,20,30,45,75,95,95
Set 17,17,base,TFTSet17,latest,TFT17_Gnar,Gnar,Slingshot Maneuver,DamageReductionPerHit,0.75,0.75,0.75,0.75,0.75,0.75,0.75,0.75
Set 17,17,base,TFTSet17,latest,TFT17_Gnar,Gnar,Slingshot Maneuver,MeepASScaling,0.4,0.4,0.4,0.4,0.4,0.4,0.4,0.4
Set 17,17,base,TFTSet17,latest,TFT17_Gnar,Gnar,Slingshot Maneuver,MeepPercentBAD,0.23,0.23,0.23,0.23,0.23,0.23,0.23,0.23
Set 17,17,base,TFTSet17,latest,TFT17_Gnar,Gnar,Slingshot Maneuver,NumMeepsPerAstro,1,1,1,1,1,1,1,1
Set 17,17,base,TFTSet17,latest,TFT_BlueGolem,Golem,Golem Smash,Damage,300/480/750,100,300,480,750,1125,100,100
Set 17,17,base,TFTSet17,latest,TFT17_Gragas,Gragas,Chemical Rage,ASSlow,0.3,0.3,0.3,0.3,0.3,0.3,0.3,0.3
Set 17,17,base,TFTSet17,latest,TFT17_Gragas,Gragas,Chemical Rage,CCDuration,2,2,2,2,2,2,2,2
Set 17,17,base,TFTSet17,latest,TFT17_Gragas,Gragas,Chemical Rage,DURATION,2,2,2,2,2,2,2,2
Set 17,17,base,TFTSet17,latest,TFT17_Gragas,Gragas,Chemical Rage,Damage,200/300/450,0,200,300,450,765,0,0
Set 17,17,base,TFTSet17,latest,TFT17_Gragas,Gragas,Chemical Rage,HEALING,415/470/630,0,415,470,630,790,0,0
Set 17,17,base,TFTSet17,latest,TFT17_Gragas,Gragas,Chemical Rage,HealingPercentHealth,0.085,0.085,0.085,0.085,0.085,0.085,0.085,0.085
Set 17,17,base,TFTSet17,latest,TFT17_Graves,Graves,Collateral Damage,Damage,390/585/5555,400,390,585,5555,5555,5555,5555
Set 17,17,base,TFTSet17,latest,TFT17_Graves,Graves,Collateral Damage,NumProjectiles,5,5,5,5,5,5,5,5
Set 17,17,base,TFTSet17,latest,TFT17_Graves,Graves,Collateral Damage,PassivePercentBAD,0.33,0.33,0.33,0.33,0.33,0.33,0.33,0.33
Set 17,17,base,TFTSet17,latest,TFT17_Graves,Graves,Collateral Damage,SecondaryDamageAD,135/200/3333,120,135,200,3333,3333,3333,3333
Set 17,17,base,TFTSet17,latest,TFT17_Graves,Graves,Collateral Damage,SecondaryDamageAP,30/45/777,30,30,45,777,777,777,777
Set 17,17,base,TFTSet17,latest,TFT17_Gwen,Gwen,Dance n' Dice,AreaDamage,75/110/215,120,75,110,215,365,420,420
Set 17,17,base,TFTSet17,latest,TFT17_Gwen,Gwen,Dance n' Dice,BonusDashRange,,,,,,,,
Set 17,17,base,TFTSet17,latest,TFT17_Gwen,Gwen,Dance n' Dice,Damage,145/220/410,180,145,220,410,700,840,840
Set 17,17,base,TFTSet17,latest,TFT17_Gwen,Gwen,Dance n' Dice,GrooveThreshold,0.4,0.4,0.4,0.4,0.4,0.4,0.4,0.4
Set 17,17,base,TFTSet17,latest,TFT17_Gwen,Gwen,Dance n' Dice,ResetDamage,0.65,0.65,0.65,0.65,0.65,0.65,0.65,0.65
Set 17,17,base,TFTSet17,latest,TFT17_Illaoi,Illaoi,Test of Spirit,Damage,80/120/180,80,80,120,180,240,240,240
Set 17,17,base,TFTSet17,latest,TFT17_Illaoi,Illaoi,Test of Spirit,Duration,3,3,3,3,3,3,3,3
Set 17,17,base,TFTSet17,latest,TFT17_Illaoi,Illaoi,Test of Spirit,HealthDrain,55/85/130,40,55,85,130,175,240,240
Set 17,17,base,TFTSet17,latest,TFT17_Illaoi,Illaoi,Test of Spirit,NumEnemies,3,3,3,3,3,3,3,3
Set 17,17,base,TFTSet17,latest,TFT17_Illaoi,Illaoi,Test of Spirit,Shield,450/525/650,250,450,525,650,775,400,400
Set 17,17,base,TFTSet17,latest,TFT17_Jax,Jax,Counter Star-ike,ArmorMRScale,0.75/1.15/1.7,50,0.75,1.15,1.7,2.9,500,500
Set 17,17,base,TFTSet17,latest,TFT17_Jax,Jax,Counter Star-ike,AttackRadius,1,1,1,1,1,1,1,1
Set 17,17,base,TFTSet17,latest,TFT17_Jax,Jax,Counter Star-ike,Duration,3,3,3,3,3,3,3,3
Set 17,17,base,TFTSet17,latest,TFT17_Jax,Jax,Counter Star-ike,FlatDR,20/25/30,0,20,25,30,35,0,0
Set 17,17,base,TFTSet17,latest,TFT17_Jax,Jax,Counter Star-ike,ShieldAP,400/450/500,0,400,450,500,600,0,0
Set 17,17,base,TFTSet17,latest,TFT17_Jax,Jax,Counter Star-ike,StunDuration,1/1.25/1.5,1.5,1,1.25,1.5,1.75,1.5,1.5
Set 17,17,base,TFTSet17,latest,TFT17_Jhin,Jhin,Space Opera,ADConversionRate,0.75,0.75,0.75,0.75,0.75,0.75,0.75,0.75
Set 17,17,base,TFTSet17,latest,TFT17_Jhin,Jhin,Space Opera,ADDamage,41/62/644,0,41,62,644,444,0,0
Set 17,17,base,TFTSet17,latest,TFT17_Jhin,Jhin,Space Opera,APDamage,4/6/44,0,4,6,44,0,0,0
Set 17,17,base,TFTSet17,latest,TFT17_Jhin,Jhin,Space Opera,ArmorReduction,,,,,,,,
Set 17,17,base,TFTSet17,latest,TFT17_Jhin,Jhin,Space Opera,FinalShotPercentDamageIncrease,2.44,2.44,2.44,2.44,2.44,2.44,2.44,2.44
Set 17,17,base,TFTSet17,latest,TFT17_Jhin,Jhin,Space Opera,FixedAS,0.9/0.9/1.4,0,0.9,0.9,1.4,0,0,0
Set 17,17,base,TFTSet17,latest,TFT17_Jhin,Jhin,Space Opera,NumAttacks,4,4,4,4,4,4,4,4
Set 17,17,base,TFTSet17,latest,TFT17_Jhin,Jhin,Space Opera,NumHands,4,4,4,4,4,4,4,4
Set 17,17,base,TFTSet17,latest,TFT17_Jhin,Jhin,Space Opera,PercentBonusASToConvert,0.01,0.01,0.01,0.01,0.01,0.01,0.01,0.01
Set 17,17,base,TFTSet17,latest,TFT17_Jhin,Jhin,Space Opera,PercentDamageReductionPerTargetHit,0.44,0.44,0.44,0.44,0.44,0.44,0.44,0.44
Set 17,17,base,TFTSet17,latest,TFT17_Jinx,Jinx,Explosive Attitude,ADDamage,29/44/70,3,29,44,70,110,3,3
Set 17,17,base,TFTSet17,latest,TFT17_Jinx,Jinx,Explosive Attitude,APDamage,3/5/7,0,3,5,7,12,0,0
Set 17,17,base,TFTSet17,latest,TFT17_Jinx,Jinx,Explosive Attitude,ASPerBullet,0.35,0.35,0.35,0.35,0.35,0.35,0.35,0.35
Set 17,17,base,TFTSet17,latest,TFT17_Jinx,Jinx,Explosive Attitude,BaseBullets,16,16,16,16,16,16,16,16
Set 17,17,base,TFTSet17,latest,TFT17_Jinx,Jinx,Explosive Attitude,BulletTravelDistance,1500,1500,1500,1500,1500,1500,1500,1500
Set 17,17,base,TFTSet17,latest,TFT17_Jinx,Jinx,Explosive Attitude,MinimumNumTargets,2,2,2,2,2,2,2,2
Set 17,17,base,TFTSet17,latest,TFT17_Jinx,Jinx,Explosive Attitude,RocketsPerLaunchAttack,6,6,6,6,6,6,6,6
Set 17,17,base,TFTSet17,latest,TFT17_Jinx,Jinx,Explosive Attitude,TotalSpellTime,1,1,1,1,1,1,1,1
Set 17,17,base,TFTSet17,latest,TFT17_Kaisa,Kai'Sa,Bullet Cluster,ADDamage,30/45/72,0,30,45,72,136,0,0
Set 17,17,base,TFTSet17,latest,TFT17_Kaisa,Kai'Sa,Bullet Cluster,APDamage,3/5/7,0,3,5,7,13,0,0
Set 17,17,base,TFTSet17,latest,TFT17_Kaisa,Kai'Sa,Bullet Cluster,BaseNumMissiles,16,16,16,16,16,16,16,16
Set 17,17,base,TFTSet17,latest,TFT17_Kaisa,Kai'Sa,Bullet Cluster,HexRange,2,2,2,2,2,2,2,2
Set 17,17,base,TFTSet17,latest,TFT17_Kaisa,Kai'Sa,Bullet Cluster,ManaPerKill,10,10,10,10,10,10,10,10
Set 17,17,base,TFTSet17,latest,TFT17_Kaisa,Kai'Sa,Bullet Cluster,PercentTargetedMissiles,0.5,0.5,0.5,0.5,0.5,0.5,0.5,0.5
Set 17,17,base,TFTSet17,latest,TFT17_Kaisa,Kai'Sa,Bullet Cluster,SpellDuration,1,1,1,1,1,1,1,1
Set 17,17,base,TFTSet17,latest,TFT17_Karma,Karma,Singularity,BaseHexRange,1,1,1,1,1,1,1,1
Set 17,17,base,TFTSet17,latest,TFT17_Karma,Karma,Singularity,Damage,630/945/5000,0,630,945,5000,6000,0,0
Set 17,17,base,TFTSet17,latest,TFT17_Karma,Karma,Singularity,HexPerExpansion,1,1,1,1,1,1,1,1
Set 17,17,base,TFTSet17,latest,TFT17_Karma,Karma,Singularity,MaximumHexes,8,8,8,8,8,8,8,8
Set 17,17,base,TFTSet17,latest,TFT17_Karma,Karma,Singularity,NumCastsToExpand,2,2,2,2,2,2,2,2
Set 17,17,base,TFTSet17,latest,TFT17_Karma,Karma,Singularity,NumEnemies,2/2/4,2,2,2,4,4,4,4
Set 17,17,base,TFTSet17,latest,TFT17_Karma,Karma,Singularity,SecondaryDamage,180/270/1000,0,180,270,1000,1320,0,0
Set 17,17,base,TFTSet17,latest,TFT17_Kindred,Kindred,Cosmic Pursuit,ADDamage,115/175/900,0,115,175,900,1050,0,0
Set 17,17,base,TFTSet17,latest,TFT17_Kindred,Kindred,Cosmic Pursuit,APDamage,10/15/100,0,10,15,100,75,0,0
Set 17,17,base,TFTSet17,latest,TFT17_Kindred,Kindred,Cosmic Pursuit,HexDistance,1,1,1,1,1,1,1,1
Set 17,17,base,TFTSet17,latest,TFT17_Kindred,Kindred,Cosmic Pursuit,MaxMarks,3,3,3,3,3,3,3,3
Set 17,17,base,TFTSet17,latest,TFT17_Kindred,Kindred,Cosmic Pursuit,NovaDamageAmp,0.15,0.15,0.15,0.15,0.15,0.15,0.15,0.15
Set 17,17,base,TFTSet17,latest,TFT17_Kindred,Kindred,Cosmic Pursuit,NovaRepeatTimer,4.5,4.5,4.5,4.5,4.5,4.5,4.5,4.5
Set 17,17,base,TFTSet17,latest,TFT17_Kindred,Kindred,Cosmic Pursuit,NumTargets,3/3/5,3,3,3,5,5,5,5
Set 17,17,base,TFTSet17,latest,TFT17_Kindred,Kindred,Cosmic Pursuit,SpellDamage,75/115/600,0,75,115,600,810,0,0
Set 17,17,base,TFTSet17,latest,TFT17_Leblanc,LeBlanc,Fracture Reality,BasicAttackDamage,66/99/250,0,66,99,250,450,0,0
Set 17,17,base,TFTSet17,latest,TFT17_Leblanc,LeBlanc,Fracture Reality,BoltDamage,95/145/750,0,95,145,750,540,0,0
Set 17,17,base,TFTSet17,latest,TFT17_Leblanc,LeBlanc,Fracture Reality,CloneDamageMultiplier,0.25/0.25/1.5,0,0.25,0.25,1.5,1,0,0
Set 17,17,base,TFTSet17,latest,TFT17_Leblanc,LeBlanc,Fracture Reality,NumAttacks,5,5,5,5,5,5,5,5
Set 17,17,base,TFTSet17,latest,TFT17_Leblanc,LeBlanc,Fracture Reality,NumClones,5,5,5,5,5,5,5,5
Set 17,17,base,TFTSet17,latest,TFT17_Leona,Leona,Shield of Daybreak,Damage,100/150/225,0,100,150,225,385,0,0
Set 17,17,base,TFTSet17,latest,TFT17_Leona,Leona,Shield of Daybreak,DefenseToDamageRatio,1.2/1.8/2.7,0,1.2,1.8,2.7,4.6,0,0
Set 17,17,base,TFTSet17,latest,TFT17_Leona,Leona,Shield of Daybreak,ShieldAmount,420/480/620,0,420,480,620,760,0,0
Set 17,17,base,TFTSet17,latest,TFT17_Leona,Leona,Shield of Daybreak,ShieldDuration,4,4,4,4,4,4,4,4
Set 17,17,base,TFTSet17,latest,TFT17_Leona,Leona,Shield of Daybreak,StunDuration,1.75/1.75/2,0,1.75,1.75,2,2.25,0,0
Set 17,17,base,TFTSet17,latest,TFT17_Lissandra,Lissandra,Dark Matter,Damage,250/375/600,200,250,375,600,1020,660,660
Set 17,17,base,TFTSet17,latest,TFT17_Lissandra,Lissandra,Dark Matter,SecondaryDamage,50/75/115,100,50,75,115,195,300,300
Set 17,17,base,TFTSet17,latest,TFT17_Lulu,Lulu,It's Raining Stars,Damage,150/225/360,2,150,225,360,495,2,2
Set 17,17,base,TFTSet17,latest,TFT17_Lulu,Lulu,It's Raining Stars,NumEnemies,3,3,3,3,3,3,3,3
Set 17,17,base,TFTSet17,latest,TFT17_Maokai,Maokai,Grasp of Convergence,Damage,100/150/225,100,100,150,225,300,0,0
Set 17,17,base,TFTSet17,latest,TFT17_Maokai,Maokai,Grasp of Convergence,NovaHealthDamage,0.08,0.08,0.08,0.08,0.08,0.08,0.08,0.08
Set 17,17,base,TFTSet17,latest,TFT17_Maokai,Maokai,Grasp of Convergence,NovaStunDuration,1.5/1.5/1.75,1.5,1.5,1.5,1.75,2,2,2
Set 17,17,base,TFTSet17,latest,TFT17_Maokai,Maokai,Grasp of Convergence,PassiveRatio,0.5,0.5,0.5,0.5,0.5,0.5,0.5,0.5
Set 17,17,base,TFTSet17,latest,TFT17_Maokai,Maokai,Grasp of Convergence,StunDuration,1.5/1.5/1.75,1.5,1.5,1.5,1.75,2,2,0
Set 17,17,base,TFTSet17,latest,TFT17_MasterYi,Master Yi,Psi Strikes,AttackSpeed,0.7,0.7,0.7,0.7,0.7,0.7,0.7,0.7
Set 17,17,base,TFTSet17,latest,TFT17_MasterYi,Master Yi,Psi Strikes,DamageAD,55/85/600,60,55,85,600,720,450,450
Set 17,17,base,TFTSet17,latest,TFT17_MasterYi,Master Yi,Psi Strikes,DamageAP,20/30/200,30,20,30,200,360,360,360
Set 17,17,base,TFTSet17,latest,TFT17_MasterYi,Master Yi,Psi Strikes,Duration,5,5,5,5,5,5,5,5
Set 17,17,base,TFTSet17,latest,TFT17_MasterYi,Master Yi,Psi Strikes,Omnivamp,0.1,0.1,0.1,0.1,0.1,0.1,0.1,0.1
Set 17,17,base,TFTSet17,latest,TFT17_MasterYi,Master Yi,Psi Strikes,PassiveDamage,70/105/550,60,70,105,550,720,720,720
Set 17,17,base,TFTSet17,latest,TFT17_IvernMinion,Meepsie,Meep Impact,Damage,160/240/360,200,160,240,360,600,450,450
Set 17,17,base,TFTSet17,latest,TFT17_IvernMinion,Meepsie,Meep Impact,HealDuration,3,3,3,3,3,3,3,3
Set 17,17,base,TFTSet17,latest,TFT17_IvernMinion,Meepsie,Meep Impact,HealingAP,380/430/600,80,380,430,600,770,80,80
Set 17,17,base,TFTSet17,latest,TFT17_IvernMinion,Meepsie,Meep Impact,HealingAndShieldingPerAstro,0.12,0.12,0.12,0.12,0.12,0.12,0.12,0.12
Set 17,17,base,TFTSet17,latest,TFT17_IvernMinion,Meepsie,Meep Impact,HealingPercentHealth,0.08,0.08,0.08,0.08,0.08,0.08,0.08,0.08
Set 17,17,base,TFTSet17,latest,TFT17_IvernMinion,Meepsie,Meep Impact,MeepsPerAstro,1,1,1,1,1,1,1,1
Set 17,17,base,TFTSet17,latest,TFT17_IvernMinion,Meepsie,Meep Impact,PercentEffects,0.5,0.5,0.5,0.5,0.5,0.5,0.5,0.5
Set 17,17,base,TFTSet17,latest,TFT17_IvernMinion,Meepsie,Meep Impact,StunDuration,1.5/1.75/2,1.5,1.5,1.75,2,2.25,1.5,1.5
Set 17,17,base,TFTSet17,latest,TFT6_MercenaryChest,Mercenary Chest,Mercenary Chest,RoundsToHatch,2,2,2,2,2,2,2,2
Set 17,17,base,TFTSet17,latest,TFT17_Milio,Milio,Mega Time Kick,BounceDamage,85/130/190,80,85,130,190,325,330,330
Set 17,17,base,TFTSet17,latest,TFT17_Milio,Milio,Mega Time Kick,Damage,255/380/575,200,255,380,575,975,900,700
Set 17,17,base,TFTSet17,latest,TFT17_DarkStar_FakeUnit,Mini Black Hole,Gravitational Collapse,TOOLTIPDarkStarPercentHP,30,30,30,30,30,30,30,30
Set 17,17,base,TFTSet17,latest,TFT17_MissFortune,Miss Fortune,Gun Goddess Arsenal,Tier1Damage,2,2,2,2,2,2,2,2
Set 17,17,base,TFTSet17,latest,TFT17_MissFortune,Miss Fortune,Gun Goddess Arsenal,Tier2Damage,2.5,2.5,2.5,2.5,2.5,2.5,2.5,2.5
Set 17,17,base,TFTSet17,latest,TFT17_MissFortune,Miss Fortune,Gun Goddess Arsenal,Tier3Damage,3.3,3.3,3.3,3.3,3.3,3.3,3.3,3.3
Set 17,17,base,TFTSet17,latest,TFT17_MissFortune,Miss Fortune,Gun Goddess Arsenal,Tier4Damage,4.5/4.5/9,0,4.5,4.5,9,0,0,0
Set 17,17,base,TFTSet17,latest,TFT17_MissFortune,Miss Fortune,Gun Goddess Arsenal,Tier5Damage,6/6/60,0,6,6,60,0,0,0
Set 17,17,base,TFTSet17,latest,TFT17_Mordekaiser,Mordekaiser,Indestructible,AugmentedDuration,6,6,6,6,6,6,6,6
Set 17,17,base,TFTSet17,latest,TFT17_Mordekaiser,Mordekaiser,Indestructible,DamagePerProc,45/70/100,0,45,70,100,170,0,0
Set 17,17,base,TFTSet17,latest,TFT17_Mordekaiser,Mordekaiser,Indestructible,Duration,4,4,4,4,4,4,4,4
Set 17,17,base,TFTSet17,latest,TFT17_Mordekaiser,Mordekaiser,Indestructible,HealRefund,0.4,0.4,0.4,0.4,0.4,0.4,0.4,0.4
Set 17,17,base,TFTSet17,latest,TFT17_Mordekaiser,Mordekaiser,Indestructible,InitialShield,350/450/625,0,350,450,625,775,200,240
Set 17,17,base,TFTSet17,latest,TFT17_Mordekaiser,Mordekaiser,Indestructible,ShieldPerProc,75/100/115,0,75,100,115,130,0,0
Set 17,17,base,TFTSet17,latest,TFT17_Morgana,Morgana,Dark Form,APDamage,100/150/3000,0,100,150,3000,0,0,0
Set 17,17,base,TFTSet17,latest,TFT17_Morgana,Morgana,Dark Form,APHealing,125/185/3000,0,125,185,3000,0,0,0
Set 17,17,base,TFTSet17,latest,TFT17_Morgana,Morgana,Dark Form,APHealthGain,550/650/2500,0,550,650,2500,2500,2500,2500
Set 17,17,base,TFTSet17,latest,TFT17_Morgana,Morgana,Dark Form,HealthGainDuration,3,3,3,3,3,3,3,3
Set 17,17,base,TFTSet17,latest,TFT17_Morgana,Morgana,Dark Form,NumAllies,2,2,2,2,2,2,2,2
Set 17,17,base,TFTSet17,latest,TFT17_Morgana,Morgana,Dark Form,NumEnemies,3,3,3,3,3,3,3,3
Set 17,17,base,TFTSet17,latest,TFT17_Morgana,Morgana,Dark Form,PercentHPHealthGain,0.15/0.15/0.5,0,0.15,0.15,0.5,3000,0,0
Set 17,17,base,TFTSet17,latest,TFT17_Nami,Nami,Bubble Pop,Damage,460/690/5000,260,460,690,5000,3600,4000,4000
Set 17,17,base,TFTSet17,latest,TFT17_Nami,Nami,Bubble Pop,FirstBounceDamage,125/185/1000,120,125,185,1000,2000,1200,1200
Set 17,17,base,TFTSet17,latest,TFT17_Nami,Nami,Bubble Pop,GrooveDuration,3,3,3,3,3,3,3,3
Set 17,17,base,TFTSet17,latest,TFT17_Nami,Nami,Bubble Pop,NumProjectiles,3,3,3,3,3,3,3,3
Set 17,17,base,TFTSet17,latest,TFT17_Nasus,Nasus,Groovin' Susan,DamageAP,30/45/70,18,30,45,70,120,48,48
Set 17,17,base,TFTSet17,latest,TFT17_Nasus,Nasus,Groovin' Susan,DamageHealth,0.02,0.02,0.02,0.02,0.02,0.02,0.02,0.02
Set 17,17,base,TFTSet17,latest,TFT17_Nasus,Nasus,Groovin' Susan,Duration,6,6,6,6,6,6,6,6
Set 17,17,base,TFTSet17,latest,TFT17_Nasus,Nasus,Groovin' Susan,MaxHealth,300/400/600,400,300,400,600,800,700,700
Set 17,17,base,TFTSet17,latest,TFT17_Nunu,Nunu & Willump,Calamity,FollowupDamage,100/150/2000,0,100,150,2000,3000,0,0
Set 17,17,base,TFTSet17,latest,TFT17_Nunu,Nunu & Willump,Calamity,InitialDamage,120/180/2000,0,120,180,2000,4000,0,0
Set 17,17,base,TFTSet17,latest,TFT17_Nunu,Nunu & Willump,Calamity,LockoutTime,2.5,2.5,2.5,2.5,2.5,2.5,2.5,2.5
Set 17,17,base,TFTSet17,latest,TFT17_Nunu,Nunu & Willump,Calamity,Shield,475/575/2000,0,475,575,2000,4000,0,0
Set 17,17,base,TFTSet17,latest,TFT17_Nunu,Nunu & Willump,Calamity,ShieldDuration,4,4,4,4,4,4,4,4
Set 17,17,base,TFTSet17,latest,TFT17_Nunu,Nunu & Willump,Calamity,StunDuration,1.5/1.75/8,0,1.5,1.75,8,16,0,0
Set 17,17,base,TFTSet17,latest,TFT17_Ornn,Ornn,Disco Inferno,Damage,180/270/430,200,180,270,430,590,600,600
Set 17,17,base,TFTSet17,latest,TFT17_Ornn,Ornn,Disco Inferno,GrooveDuration,2.5,2.5,2.5,2.5,2.5,2.5,2.5,2.5
Set 17,17,base,TFTSet17,latest,TFT17_Ornn,Ornn,Disco Inferno,Shield,125/200/500,100,125,200,500,1050,300,300
Set 17,17,base,TFTSet17,latest,TFT17_Ornn,Ornn,Disco Inferno,ShieldDuration,3,3,3,3,3,3,3,3
Set 17,17,base,TFTSet17,latest,TFT17_Pantheon,Pantheon,Advanced Defences,APShield,275/300/500,0,275,300,500,700,0,0
Set 17,17,base,TFTSet17,latest,TFT17_Pantheon,Pantheon,Advanced Defences,Durability,0.15,0.15,0.15,0.15,0.15,0.15,0.15,0.15
Set 17,17,base,TFTSet17,latest,TFT17_Pantheon,Pantheon,Advanced Defences,Duration,4,4,4,4,4,4,4,4
Set 17,17,base,TFTSet17,latest,TFT17_Pantheon,Pantheon,Advanced Defences,PercentHealthShield,0.06,0.06,0.06,0.06,0.06,0.06,0.06,0.06
Set 17,17,base,TFTSet17,latest,TFT17_Pantheon,Pantheon,Advanced Defences,TrueDamagePerSecond,30/45/70,0,30,45,70,120,0,0
Set 17,17,base,TFTSet17,latest,TFT17_Poppy,Poppy,Huddle Up!,MeepShield,125/160/210,100,125,160,210,260,300,300
Set 17,17,base,TFTSet17,latest,TFT17_Poppy,Poppy,Huddle Up!,MeepsPerAstro,1,1,1,1,1,1,1,1
Set 17,17,base,TFTSet17,latest,TFT17_Poppy,Poppy,Huddle Up!,Resists,15/25/60,36,15,25,60,100,36,36
Set 17,17,base,TFTSet17,latest,TFT17_Poppy,Poppy,Huddle Up!,Shield,400/475/575,300,400,475,575,675,390,390
Set 17,17,base,TFTSet17,latest,TFT17_Poppy,Poppy,Huddle Up!,ShieldDuration,4,4,4,4,4,4,4,4
Set 17,17,base,TFTSet17,latest,TFT17_Pyke,Pyke,Marked for Death,AoEDamage,120/180/360,150,120,180,360,615,475,475
Set 17,17,base,TFTSet17,latest,TFT17_Pyke,Pyke,Marked for Death,SpearDamage,60/90/135,60,60,90,135,180,180,180
Set 17,17,base,TFTSet17,latest,TFT17_Pyke,Pyke,Marked for Death,TargetDamage,210/315/720,0,210,315,720,1225,0,0
Set 17,17,base,TFTSet17,latest,TFT17_Rammus,Rammus,Gravitational Spin,AttacksPerPassiveTrigger,20,20,20,20,20,20,20,20
Set 17,17,base,TFTSet17,latest,TFT17_Rammus,Rammus,Gravitational Spin,DamageAP,50/75/700,100,50,75,700,600,800,800
Set 17,17,base,TFTSet17,latest,TFT17_Rammus,Rammus,Gravitational Spin,DamageArmor,0.5/0.75/11,3,0.5,0.75,11,12,12,12
Set 17,17,base,TFTSet17,latest,TFT17_Rammus,Rammus,Gravitational Spin,FlatDRPerMeep,3,3,3,3,3,3,3,3
Set 17,17,base,TFTSet17,latest,TFT17_Rammus,Rammus,Gravitational Spin,MeepsPerAstro,1,1,1,1,1,1,1,1
Set 17,17,base,TFTSet17,latest,TFT17_Rammus,Rammus,Gravitational Spin,PassivePercentArmor,0.2/0.3/5,0.5,0.2,0.3,5,10,10,10
Set 17,17,base,TFTSet17,latest,TFT17_Rammus,Rammus,Gravitational Spin,ShieldAP,675/825/2000,300,675,825,2000,2500,300,300
Set 17,17,base,TFTSet17,latest,TFT17_Rammus,Rammus,Gravitational Spin,ShieldDuration,4,4,4,4,4,4,4,4
Set 17,17,base,TFTSet17,latest,TFT17_RekSai,Rek'Sai,Upheaval,APHealing,200/220/260,90,200,220,260,300,90,90
Set 17,17,base,TFTSet17,latest,TFT17_RekSai,Rek'Sai,Upheaval,Damage,80/120/180,0,80,120,180,315,0,0
Set 17,17,base,TFTSet17,latest,TFT17_RekSai,Rek'Sai,Upheaval,PercentMaximumHealthHealing,0.065,0.065,0.065,0.065,0.065,0.065,0.065,0.065
Set 17,17,base,TFTSet17,latest,TFT17_RekSai,Rek'Sai,Upheaval,StunDuration,1,1,1,1,1,1,1,1
Set 17,17,base,TFTSet17,latest,TFT17_Rhaast,Rhaast,Divine Scythe,Damage,120/180/300,0.2,120,180,300,510,0.2,0.2
Set 17,17,base,TFTSet17,latest,TFT17_Rhaast,Rhaast,Divine Scythe,Durability,0.2,0.2,0.2,0.2,0.2,0.2,0.2,0.2
Set 17,17,base,TFTSet17,latest,TFT17_Rhaast,Rhaast,Divine Scythe,Duration,2,2,2,2,2,2,2,2
Set 17,17,base,TFTSet17,latest,TFT17_Rhaast,Rhaast,Divine Scythe,HealAmount,500/550/650,1,500,550,650,850,0,0
Set 17,17,base,TFTSet17,latest,TFT17_Rhaast,Rhaast,Divine Scythe,KnockupDuration,1,1,1,1,1,1,1,1
Set 17,17,base,TFTSet17,latest,TFT17_Riven,Riven,Time Warp,Damage,100/150/1000,180,100,150,1000,1250,0,0
Set 17,17,base,TFTSet17,latest,TFT17_Riven,Riven,Time Warp,DashRange,1,1,1,1,1,1,1,1
Set 17,17,base,TFTSet17,latest,TFT17_Riven,Riven,Time Warp,PassiveDamage,75/115/300,50,75,115,300,400,170,170
Set 17,17,base,TFTSet17,latest,TFT17_Riven,Riven,Time Warp,Shield,100/150/1200,160,100,150,1200,900,0,0
Set 17,17,base,TFTSet17,latest,TFT17_Riven,Riven,Time Warp,ShieldDuration,2,2,2,2,2,2,2,2
Set 17,17,base,TFTSet17,latest,TFT17_Riven,Riven,Time Warp,SpecialCastCount,3,3,3,3,3,3,3,3
Set 17,17,base,TFTSet17,latest,TFT17_Riven,Riven,Time Warp,ThirdCastConeHexRange,3,3,3,3,3,3,3,3
Set 17,17,base,TFTSet17,latest,TFT17_Riven,Riven,Time Warp,WaveDamage,180/270/2000,300,180,270,2000,1350,0,0
Set 17,17,base,TFTSet17,latest,TFT17_Samira,Samira,Jump and Jive,Damage,375/560/900,260,375,560,900,1555,810,810
Set 17,17,base,TFTSet17,latest,TFT17_Samira,Samira,Jump and Jive,GrooveDuration,3,3,3,3,3,3,3,3
Set 17,17,base,TFTSet17,latest,TFT17_Samira,Samira,Jump and Jive,PassiveAD,45/68/115,60,45,68,115,200,210,210
Set 17,17,base,TFTSet17,latest,TFT17_Samira,Samira,Jump and Jive,PassiveAP,10/15/25,20,10,15,25,35,70,70
Set 17,17,base,TFTSet17,latest,TFT17_Samira,Samira,Jump and Jive,StunDuration,0.75,0.75,0.75,0.75,0.75,0.75,0.75,0.75
Set 17,17,base,TFTSet17,latest,TFT17_Shen,Shen,Reality Tear,ASSlow,0.5/0.5/0.99,0.5,0.5,0.5,0.99,0.99,0.99,0.99
Set 17,17,base,TFTSet17,latest,TFT17_Shen,Shen,Reality Tear,BonusAS,0.8/0.8/9.99,0.8,0.8,0.8,9.99,99,99,99
Set 17,17,base,TFTSet17,latest,TFT17_Shen,Shen,Reality Tear,BonusDamageOnAttack,25/40/777,50,25,40,777,777,777,777
Set 17,17,base,TFTSet17,latest,TFT17_Shen,Shen,Reality Tear,BuffDebuffDuration,3,3,3,3,3,3,3,3
Set 17,17,base,TFTSet17,latest,TFT17_Shen,Shen,Reality Tear,DamageHP,0.01,0.01,0.01,0.01,0.01,0.01,0.01,0.01
Set 17,17,base,TFTSet17,latest,TFT17_Shen,Shen,Reality Tear,ShieldAP,200/250/3456,0,200,250,3456,3456,3456,3456
Set 17,17,base,TFTSet17,latest,TFT17_Shen,Shen,Reality Tear,ShieldDuration,3,3,3,3,3,3,3,3
Set 17,17,base,TFTSet17,latest,TFT17_Shen,Shen,Reality Tear,ShieldHP,0.15,0.15,0.15,0.15,0.15,0.15,0.15,0.15
Set 17,17,base,TFTSet17,latest,TFT17_Sona,Sona,Psionic Crush,DebrisDamage,300/450/999,300,300,450,999,999,2,2
Set 17,17,base,TFTSet17,latest,TFT17_Sona,Sona,Psionic Crush,DebrisRipDamage,120/180/999,160,120,180,999,2000,0,0
Set 17,17,base,TFTSet17,latest,TFT17_Sona,Sona,Psionic Crush,NumCasts,5,5,5,5,5,5,5,5
Set 17,17,base,TFTSet17,latest,TFT17_Sona,Sona,Psionic Crush,SlamDamage,720/1100/9999,2.5,720,1100,9999,9999,2.5,2.5
Set 17,17,base,TFTSet17,latest,TFT17_Sona,Sona,Psionic Crush,StunDuration,1,1,1,1,1,1,1,1
Set 17,17,base,TFTSet17,latest,TFT_ArmoryKeySupport,Support item anvil,Support item anvil,RoundsToHatch,2,2,2,2,2,2,2,2
Set 17,17,base,TFTSet17,latest,TFT17_TahmKench,Tahm Kench,Tounge Lash,DamageAP,45/60/1500,120,45,60,1500,1500,870,870
Set 17,17,base,TFTSet17,latest,TFT17_TahmKench,Tahm Kench,Tounge Lash,DamageHP,0.02,0.02,0.02,0.02,0.02,0.02,0.02,0.02
Set 17,17,base,TFTSet17,latest,TFT17_TahmKench,Tahm Kench,Tounge Lash,HPThreshold,0.35,0.35,0.35,0.35,0.35,0.35,0.35,0.35
Set 17,17,base,TFTSet17,latest,TFT17_TahmKench,Tahm Kench,Tounge Lash,HealAP,300/360/1500,0,300,360,1500,2500,0,0
Set 17,17,base,TFTSet17,latest,TFT17_TahmKench,Tahm Kench,Tounge Lash,HealHP,0.085,0.085,0.085,0.085,0.085,0.085,0.085,0.085
Set 17,17,base,TFTSet17,latest,TFT17_TahmKench,Tahm Kench,Tounge Lash,PercentHealingToShield,0.4,0.4,0.4,0.4,0.4,0.4,0.4,0.4
Set 17,17,base,TFTSet17,latest,TFT17_TahmKench,Tahm Kench,Tounge Lash,ShieldDuration,4,4,4,4,4,4,4,4
Set 17,17,base,TFTSet17,latest,TFT17_Talon,Talon,Diviner's Judgment,ADBleedDamage,400/600/1100,2.5,400,600,1100,1850,2.5,2.5
Set 17,17,base,TFTSet17,latest,TFT17_Talon,Talon,Diviner's Judgment,APBleedDamage,60/90/135,0,60,90,135,230,0,0
Set 17,17,base,TFTSet17,latest,TFT17_Talon,Talon,Diviner's Judgment,BleedDuration,18,18,18,18,18,18,18,18
Set 17,17,base,TFTSet17,latest,TFT17_Talon,Talon,Diviner's Judgment,HexDistance,3,3,3,3,3,3,3,3
Set 17,17,base,TFTSet17,latest,TFT17_Teemo,Teemo,Double Time,ActiveAttacks,3,3,3,3,3,3,3,3
Set 17,17,base,TFTSet17,latest,TFT17_Teemo,Teemo,Double Time,AttackSpeed,1.5,1.5,1.5,1.5,1.5,1.5,1.5,1.5
Set 17,17,base,TFTSet17,latest,TFT17_Teemo,Teemo,Double Time,GrooveStacks,5,5,5,5,5,5,5,5
Set 17,17,base,TFTSet17,latest,TFT17_Teemo,Teemo,Double Time,HitDamage,30/45/100,100,30,45,100,170,95,95
Set 17,17,base,TFTSet17,latest,TFT17_Teemo,Teemo,Double Time,MagicDamage,70/105/190,60,70,105,190,325,180,180
Set 17,17,base,TFTSet17,latest,TFT17_Teemo,Teemo,Double Time,PoisonDuration,6,6,6,6,6,6,6,6
Set 17,17,base,TFTSet17,latest,TFT17_Galio,The Mighty Mech,Gravity Matrix,ARMARScaling,0.8/1.2/30,0,0.8,1.2,30,25,0,0
Set 17,17,base,TFTSet17,latest,TFT17_Galio,The Mighty Mech,Gravity Matrix,Durability,0.2/0.2/0.6,0,0.2,0.2,0.6,0.6,0,0
Set 17,17,base,TFTSet17,latest,TFT17_Galio,The Mighty Mech,Gravity Matrix,DurabilityDuration,4,4,4,4,4,4,4,4
Set 17,17,base,TFTSet17,latest,TFT17_Galio,The Mighty Mech,Gravity Matrix,Heal,900/1300/3000,0,900,1300,3000,5000,0,0
Set 17,17,base,TFTSet17,latest,TFT17_Galio,The Mighty Mech,Gravity Matrix,HexRange,2,2,2,2,2,2,2,2
Set 17,17,base,TFTSet17,latest,TFT14_EmblemArmoryKey,Tome of Traits,Tome of Traits,ProbabilityPerTrait,0.25,0.25,0.25,0.25,0.25,0.25,0.25,0.25
Set 17,17,base,TFTSet17,latest,TFT5_EmblemArmoryKey,Tome of Traits,Tome of Traits,RoundsToHatch,2,2,2,2,2,2,2,2
Set 17,17,base,TFTSet17,latest,TFT14_EmblemArmoryKey,Tome of Traits,Tome of Traits,RoundsToHatch,2,2,2,2,2,2,2,2
Set 17,17,base,TFTSet17,latest,TFT17_TwistedFate,Twisted Fate,Fate's Gambit,DamageMax,450/675/1015,330,450,675,1015,1725,1000,1000
Set 17,17,base,TFTSet17,latest,TFT17_TwistedFate,Twisted Fate,Fate's Gambit,DamageMin,205/305/460,180,205,305,460,800,500,500
Set 17,17,base,TFTSet17,latest,TFT17_Urgot,Urgot,Unstoppable Dreadnought,FalloffPerHex,0.3,0.3,0.3,0.3,0.3,0.3,0.3,0.3
Set 17,17,base,TFTSet17,latest,TFT17_Urgot,Urgot,Unstoppable Dreadnought,ShieldAmount,150/175/200,200,150,175,200,225,420,420
Set 17,17,base,TFTSet17,latest,TFT17_Urgot,Urgot,Unstoppable Dreadnought,ShieldDuration,3,3,3,3,3,3,3,3
Set 17,17,base,TFTSet17,latest,TFT17_Urgot,Urgot,Unstoppable Dreadnought,ShotgunCooldown,5,5,5,5,5,5,5,5
Set 17,17,base,TFTSet17,latest,TFT17_Urgot,Urgot,Unstoppable Dreadnought,ShotgunDamage,85/125/200,90,85,125,200,275,1.8,1.8
Set 17,17,base,TFTSet17,latest,TFT17_Veigar,Veigar,Meepteor Shower,Damage,330/495/750,250,330,495,750,1200,825,825
Set 17,17,base,TFTSet17,latest,TFT17_Veigar,Veigar,Meepteor Shower,MiniDamage,31/47/70,40,31,47,70,130,120,120
Set 17,17,base,TFTSet17,latest,TFT17_Veigar,Veigar,Meepteor Shower,MiniMeepsPerAstro,2,2,2,2,2,2,2,2
Set 17,17,base,TFTSet17,latest,TFT17_Vex,Vex,"Lend Me a Hand, Shadow!",NumActiveStrikes,3,3,3,3,3,3,3,3
Set 17,17,base,TFTSet17,latest,TFT17_Vex,Vex,"Lend Me a Hand, Shadow!",NumStrikesForPassive,5,5,5,5,5,5,5,5
Set 17,17,base,TFTSet17,latest,TFT17_Vex,Vex,"Lend Me a Hand, Shadow!",ShadowHandDamage,27/40/250,2.5,27,40,250,1000,2.5,2.5
Set 17,17,base,TFTSet17,latest,TFT17_Vex,Vex,"Lend Me a Hand, Shadow!",ShadowHandMagicDamage,130/195/1000,200,130,195,1000,9999,200,200
Set 17,17,base,TFTSet17,latest,TFT17_Viktor,Viktor,Psionic Storm,AugmentedDuration,5,5,5,5,5,5,5,5
Set 17,17,base,TFTSet17,latest,TFT17_Viktor,Viktor,Psionic Storm,Damage,200/300/530,200,200,300,530,850,505,505
Set 17,17,base,TFTSet17,latest,TFT17_Viktor,Viktor,Psionic Storm,Duration,4,4,4,4,4,4,4,4
Set 17,17,base,TFTSet17,latest,TFT17_Viktor,Viktor,Psionic Storm,FalloffPerHex,0.6,0.6,0.6,0.6,0.6,0.6,0.6,0.6
Set 17,17,base,TFTSet17,latest,TFT17_Viktor,Viktor,Psionic Storm,RadiusIncreasePerSecond,0.3,0.3,0.3,0.3,0.3,0.3,0.3,0.3
Set 17,17,base,TFTSet17,latest,TFT17_Xayah,Xayah,Stellar Ricochet,ADDamage,45/68/900,40,45,68,900,375,300,300
Set 17,17,base,TFTSet17,latest,TFT17_Xayah,Xayah,Stellar Ricochet,APDamage,6/9/60,10,6,9,60,75,75,75
Set 17,17,base,TFTSet17,latest,TFT17_Xayah,Xayah,Stellar Ricochet,ActivePercentReducedDamage,0.2,0.2,0.2,0.2,0.2,0.2,0.2,0.2
Set 17,17,base,TFTSet17,latest,TFT17_Xayah,Xayah,Stellar Ricochet,AttackNumEnemies,3/3/5,3,3,3,5,5,5,5
Set 17,17,base,TFTSet17,latest,TFT17_Xayah,Xayah,Stellar Ricochet,AttackSpeed,0.75,0.75,0.75,0.75,0.75,0.75,0.75,0.75
Set 17,17,base,TFTSet17,latest,TFT17_Xayah,Xayah,Stellar Ricochet,Duration,4,4,4,4,4,4,4,4
Set 17,17,base,TFTSet17,latest,TFT17_Xayah,Xayah,Stellar Ricochet,NumAttacks,6,6,6,6,6,6,6,6
Set 17,17,base,TFTSet17,latest,TFT17_Xayah,Xayah,Stellar Ricochet,PassivePercentReducedDamage,0.6/0.6/0.3,0.6,0.6,0.6,0.3,0.3,0.3,0.3
Set 17,17,base,TFTSet17,latest,TFT17_Xayah,Xayah,Stellar Ricochet,PrimaryTargetBonusDamage,25/40/200,10,25,40,200,10,10,10
Set 17,17,base,TFTSet17,latest,TFT17_Xayah,Xayah,Stellar Ricochet,RecallFeatherTargets,3,3,3,3,3,3,3,3
Set 17,17,base,TFTSet17,latest,TFT17_Zed,Zed,Quantum Clone,HPPenalty,0.25/0.35/0.4,0.33,0.25,0.35,0.4,0.33,0.33,0.33
Set 17,17,base,TFTSet17,latest,TFT17_Zed,Zed,Quantum Clone,ManaCostIncrease,30,30,30,30,30,30,30,30
Set 17,17,base,TFTSet17,latest,TFT17_Zoe,Zoe,Paddle Star,AugmentedNumRedirects,5,5,5,5,5,5,5,5
Set 17,17,base,TFTSet17,latest,TFT17_Zoe,Zoe,Paddle Star,BaseSpeed,1600,1600,1600,1600,1600,1600,1600,1600
Set 17,17,base,TFTSet17,latest,TFT17_Zoe,Zoe,Paddle Star,Damage,68/102/180,50,68,102,180,300,210,155
Set 17,17,base,TFTSet17,latest,TFT17_Zoe,Zoe,Paddle Star,NumRedirects,4,4,4,4,4,4,4,4
Set 17,17,base,TFTSet17,latest,TFT17_Zoe,Zoe,Paddle Star,SecondaryDamage,36/54/88,20,36,54,88,150,105,60
Set 17,17,base,TFTSet17,latest,TFT17_Zoe,Zoe,Paddle Star,SpeedPerBounce,800,800,800,800,800,800,800,800
